evidence_id,case_id,evidence_type,submitted_by,received_datetime,file_format,completeness_status,review_outcome,sensitive_data_flag,security_scan_result
EVD-00000001,PFXC-000001,Receipt,Customer,2026-03-14T19:47:11,CSV,Complete,Accepted,No,Passed
EVD-00000002,PFXC-000001,Receipt,Customer,2026-03-16T14:29:37,PNG,Incomplete,Rejected,No,Passed
EVD-00000003,PFXC-000001,Bank Statement,Customer,2026-03-15T21:38:27,PDF,Incomplete,Further Evidence Required,No,Passed
EVD-00000004,PFXC-000002,Bank Statement,Merchant,2025-07-30T17:38:25,PDF,Complete,Further Evidence Required,No,Passed
EVD-00000005,PFXC-000002,Receipt,Customer,2025-08-01T15:16:07,PDF,Incomplete,Further Evidence Required,No,Passed
EVD-00000006,PFXC-000002,Receipt,Customer,2025-07-31T05:22:03,PDF,Complete,Accepted,No,Passed
EVD-00000007,PFXC-000003,Screenshot,Customer,2025-06-26T22:56:44,PDF,Complete,Accepted,No,Passed
EVD-00000008,PFXC-000003,Other,Customer,2025-06-28T06:39:56,PDF,Complete,Accepted,No,Passed
EVD-00000009,PFXC-000004,Screenshot,Customer,2025-08-08T07:29:07,JPG,Complete,Accepted,No,Passed
EVD-00000010,PFXC-000004,Screenshot,Customer,2025-08-06T07:06:14,JPG,Complete,Accepted,No,Passed
EVD-00000011,PFXC-000005,Receipt,Customer,2025-10-10T12:09:03,JPG,Complete,Accepted,Yes,Passed
EVD-00000012,PFXC-000005,Merchant Communication,Customer,2025-10-10T22:33:22,JPG,Incomplete,Rejected,No,Passed
EVD-00000013,PFXC-000006,Screenshot,Customer,2025-08-25T06:32:48,PDF,Incomplete,Further Evidence Required,No,Passed
EVD-00000014,PFXC-000006,Merchant Communication,Customer,2025-08-26T13:54:03,PDF,Complete,Accepted,No,Passed
EVD-00000015,PFXC-000006,Receipt,Customer,2025-08-27T06:15:57,PNG,Complete,Accepted,No,Passed
EVD-00000016,PFXC-000007,Receipt,Customer,2025-09-30T14:09:08,PDF,Complete,Accepted,No,Passed
EVD-00000017,PFXC-000007,Bank Statement,Customer,2025-09-28T15:57:27,Other,Complete,Accepted,No,Passed
EVD-00000018,PFXC-000007,Receipt,Customer,2025-09-28T07:39:51,PDF,Complete,Accepted,Yes,Passed
EVD-00000019,PFXC-000008,Bank Statement,Customer,2025-11-12T04:31:01,PDF,Complete,Accepted,No,Passed
EVD-00000020,PFXC-000008,Identity Evidence,Merchant,2025-11-13T06:55:38,PDF,Unreadable,Further Evidence Required,No,Passed
EVD-00000021,PFXC-000009,Receipt,Customer,2025-09-19T16:27:43,CSV,Complete,Accepted,No,Passed
EVD-00000022,PFXC-000009,Merchant Communication,Merchant,2025-09-20T01:00:31,PDF,Complete,Accepted,No,Passed
EVD-00000023,PFXC-000009,Receipt,Customer,2025-09-18T05:47:51,PNG,Incomplete,Rejected,No,Passed
EVD-00000024,PFXC-000010,Receipt,Customer,2025-06-01T19:09:12,JPG,Complete,Accepted,Yes,Passed
EVD-00000025,PFXC-000010,Bank Statement,Customer,2025-06-02T10:52:25,JPG,Unreadable,Further Evidence Required,No,Passed
EVD-00000026,PFXC-000010,Merchant Communication,Customer,2025-06-02T18:39:18,PDF,Complete,Accepted,No,Passed
EVD-00000027,PFXC-000011,Other,Customer,2026-05-18T07:40:13,PDF,Incomplete,Further Evidence Required,No,Passed
EVD-00000028,PFXC-000011,Screenshot,Customer,2026-05-17T20:51:30,JPG,Complete,Accepted,No,Passed
EVD-00000029,PFXC-000011,Receipt,Customer,2026-05-16T20:36:26,PDF,Unreadable,Further Evidence Required,No,Passed
EVD-00000030,PFXC-000011,Screenshot,Customer,2026-05-17T13:46:41,PDF,Complete,Accepted,No,Passed
EVD-00000031,PFXC-000012,Merchant Communication,Customer,2025-08-28T17:56:06,PDF,Complete,Accepted,No,Passed
EVD-00000032,PFXC-000013,Receipt,Operations,2026-05-02T11:16:05,PDF,Complete,Accepted,No,Passed
EVD-00000033,PFXC-000013,Receipt,Operations,2026-05-03T07:40:51,JPG,Complete,Accepted,Yes,Passed
EVD-00000034,PFXC-000014,Merchant Communication,Customer,2025-05-17T01:56:05,PDF,Complete,Accepted,No,Passed
EVD-00000035,PFXC-000014,Other,Customer,2025-05-18T21:24:41,PNG,Incomplete,Rejected,No,Passed
EVD-00000036,PFXC-000014,Receipt,Customer,2025-05-17T22:13:34,PDF,Complete,Accepted,Yes,Passed
EVD-00000037,PFXC-000015,Merchant Communication,Merchant,2025-02-20T08:29:24,PDF,Complete,Accepted,Yes,Passed
EVD-00000038,PFXC-000015,Merchant Communication,Customer,2025-02-20T10:42:17,JPG,Unreadable,Further Evidence Required,No,Passed
EVD-00000039,PFXC-000016,Bank Statement,Customer,2025-08-18T17:01:01,PNG,Complete,Accepted,No,Passed
EVD-00000040,PFXC-000016,Other,Operations,2025-08-18T04:08:30,PDF,Complete,Accepted,No,Passed
EVD-00000041,PFXC-000017,Merchant Communication,Customer,2025-11-19T03:41:32,PNG,Complete,Accepted,No,Passed
EVD-00000042,PFXC-000018,Screenshot,Customer,2026-02-08T23:12:53,PDF,Complete,Accepted,No,Passed
EVD-00000043,PFXC-000018,Receipt,Merchant,2026-02-08T10:56:21,JPG,Complete,Accepted,No,Passed
EVD-00000044,PFXC-000019,Receipt,Customer,2025-01-25T04:39:06,PDF,Complete,Accepted,No,Passed
EVD-00000045,PFXC-000019,Receipt,Customer,2025-01-25T20:06:06,PDF,Complete,Accepted,No,Passed
EVD-00000046,PFXC-000019,Other,Customer,2025-01-26T07:05:16,JPG,Complete,Further Evidence Required,No,Passed
EVD-00000047,PFXC-000020,Bank Statement,Customer,2026-03-30T07:57:59,JPG,Complete,Accepted,No,Passed
EVD-00000048,PFXC-000020,Receipt,Merchant,2026-03-30T19:51:53,JPG,Incomplete,Rejected,No,Passed
EVD-00000049,PFXC-000020,Merchant Communication,Customer,2026-04-01T19:03:10,PDF,Complete,Accepted,Yes,Passed
EVD-00000050,PFXC-000021,Merchant Communication,Merchant,2025-02-03T04:30:46,Other,Complete,Accepted,No,Passed
EVD-00000051,PFXC-000021,Bank Statement,Customer,2025-02-04T12:57:14,PNG,Complete,Accepted,No,Passed
EVD-00000052,PFXC-000021,Other,Customer,2025-02-04T22:19:22,PDF,Complete,Accepted,No,Passed
EVD-00000053,PFXC-000022,Merchant Communication,Customer,2026-05-22T02:20:50,PDF,Complete,Accepted,No,Passed
EVD-00000054,PFXC-000022,Merchant Communication,Operations,2026-05-21T06:11:37,CSV,Complete,Accepted,No,Passed
EVD-00000055,PFXC-000022,Merchant Communication,Operations,2026-05-21T11:54:55,PDF,Complete,Accepted,No,Passed
EVD-00000056,PFXC-000023,Merchant Communication,Operations,2025-12-17T05:40:18,PDF,Complete,Further Evidence Required,No,Passed
EVD-00000057,PFXC-000023,Bank Statement,Customer,2025-12-18T15:45:23,JPG,Complete,Accepted,No,Passed
EVD-00000058,PFXC-000024,Identity Evidence,Customer,2025-12-23T02:24:03,JPG,Complete,Further Evidence Required,No,Passed
EVD-00000059,PFXC-000025,Receipt,Customer,2025-05-31T12:43:05,JPG,Complete,Accepted,No,Passed
EVD-00000060,PFXC-000025,Screenshot,Customer,2025-05-29T13:09:30,JPG,Complete,Accepted,Yes,Passed
EVD-00000061,PFXC-000025,Receipt,Customer,2025-05-30T10:12:27,PDF,Complete,Accepted,No,Passed
EVD-00000062,PFXC-000025,Screenshot,Customer,2025-05-29T18:37:37,JPG,Complete,Accepted,Yes,Passed
EVD-00000063,PFXC-000026,Screenshot,Customer,2025-04-17T13:38:55,PDF,Unreadable,Further Evidence Required,No,Passed
EVD-00000064,PFXC-000026,Bank Statement,Customer,2025-04-18T14:40:22,PDF,Complete,Accepted,No,Passed
EVD-00000065,PFXC-000026,Bank Statement,Customer,2025-04-16T21:32:24,PDF,Complete,Accepted,No,Passed
EVD-00000066,PFXC-000027,Bank Statement,Operations,2025-08-11T17:13:37,PDF,Complete,Accepted,Yes,Passed
EVD-00000067,PFXC-000027,Receipt,Operations,2025-08-09T22:06:11,PNG,Incomplete,Rejected,No,Passed
EVD-00000068,PFXC-000027,Bank Statement,Customer,2025-08-12T00:38:09,PNG,Complete,Further Evidence Required,No,Passed
EVD-00000069,PFXC-000028,Screenshot,Customer,2025-07-08T06:52:54,PNG,Incomplete,Rejected,No,Passed
EVD-00000070,PFXC-000028,Screenshot,Customer,2025-07-09T19:12:33,JPG,Incomplete,Further Evidence Required,No,Passed
EVD-00000071,PFXC-000028,Bank Statement,Operations,2025-07-08T08:13:33,JPG,Incomplete,Further Evidence Required,No,Passed
EVD-00000072,PFXC-000028,Receipt,Customer,2025-07-07T07:58:42,PDF,Incomplete,Further Evidence Required,No,Passed
EVD-00000073,PFXC-000029,Receipt,Customer,2025-07-29T15:06:27,PNG,Complete,Accepted,Yes,Passed
EVD-00000074,PFXC-000029,Merchant Communication,Customer,2025-07-28T19:36:13,PNG,Complete,Accepted,No,Passed
EVD-00000075,PFXC-000030,Bank Statement,Customer,2025-01-12T04:21:07,PDF,Complete,Accepted,No,Passed
EVD-00000076,PFXC-000031,Screenshot,Customer,2025-09-29T23:33:23,JPG,Complete,Accepted,No,Passed
EVD-00000077,PFXC-000031,Merchant Communication,Customer,2025-09-29T10:29:47,PNG,Complete,Accepted,No,Passed
EVD-00000078,PFXC-000031,Receipt,Customer,2025-09-30T06:18:09,PDF,Complete,Accepted,No,Passed
EVD-00000079,PFXC-000032,Screenshot,Customer,2025-03-17T13:04:22,Other,Incomplete,Rejected,No,Passed
EVD-00000080,PFXC-000032,Merchant Communication,Merchant,2025-03-15T23:23:20,PDF,Complete,Accepted,Yes,Passed
EVD-00000081,PFXC-000032,Screenshot,Customer,2025-03-17T08:44:32,PNG,Incomplete,Rejected,No,Passed
EVD-00000082,PFXC-000033,Screenshot,Merchant,2025-06-21T07:36:14,PNG,Unreadable,Rejected,No,Passed
EVD-00000083,PFXC-000033,Bank Statement,Customer,2025-06-20T22:26:10,PDF,Complete,Accepted,Yes,Passed
EVD-00000084,PFXC-000033,Other,Customer,2025-06-22T05:24:42,JPG,Incomplete,Further Evidence Required,Yes,Passed
EVD-00000085,PFXC-000034,Screenshot,Customer,2025-09-03T09:14:42,JPG,Complete,Accepted,No,Passed
EVD-00000086,PFXC-000034,Bank Statement,Merchant,2025-09-03T14:54:57,PDF,Complete,Accepted,Yes,Passed
EVD-00000087,PFXC-000034,Merchant Communication,Customer,2025-09-03T01:18:17,JPG,Complete,Accepted,No,Passed
EVD-00000088,PFXC-000034,Screenshot,Customer,2025-09-03T05:06:19,PDF,Complete,Accepted,No,Passed
EVD-00000089,PFXC-000035,Bank Statement,Customer,2025-07-13T22:15:59,PDF,Complete,Accepted,No,Passed
EVD-00000090,PFXC-000035,Merchant Communication,Customer,2025-07-13T14:08:28,CSV,Complete,Further Evidence Required,No,Passed
EVD-00000091,PFXC-000036,Receipt,Customer,2025-12-24T00:05:22,PDF,Complete,Accepted,No,Passed
EVD-00000092,PFXC-000036,Bank Statement,Customer,2025-12-24T14:12:27,PDF,Complete,Accepted,No,Passed
EVD-00000093,PFXC-000036,Bank Statement,Customer,2025-12-23T21:45:36,PDF,Complete,Accepted,No,Passed
EVD-00000094,PFXC-000036,Receipt,Merchant,2025-12-23T20:30:23,PNG,Complete,Accepted,Yes,Passed
EVD-00000095,PFXC-000037,Screenshot,Customer,2025-05-17T07:42:49,CSV,Complete,Accepted,No,Passed
EVD-00000096,PFXC-000037,Receipt,Customer,2025-05-16T11:38:56,Other,Complete,Accepted,Yes,Passed
EVD-00000097,PFXC-000038,Screenshot,Customer,2025-05-03T23:08:17,PNG,Unreadable,Further Evidence Required,No,Passed
EVD-00000098,PFXC-000038,Bank Statement,Customer,2025-05-02T19:48:59,PNG,Complete,Accepted,No,Passed
EVD-00000099,PFXC-000038,Receipt,Customer,2025-05-02T00:32:22,PNG,Complete,Accepted,No,Passed
EVD-00000100,PFXC-000040,Screenshot,Customer,2026-02-16T11:35:08,PDF,Incomplete,Rejected,No,Passed
EVD-00000101,PFXC-000041,Screenshot,Customer,2025-03-15T15:55:16,PNG,Complete,Accepted,No,Passed
EVD-00000102,PFXC-000041,Merchant Communication,Customer,2025-03-16T13:42:57,PDF,Complete,Further Evidence Required,No,Not Applicable
EVD-00000103,PFXC-000042,Identity Evidence,Merchant,2025-01-21T12:10:07,PNG,Incomplete,Further Evidence Required,Yes,Passed
EVD-00000104,PFXC-000042,Screenshot,Operations,2025-01-20T05:52:46,JPG,Complete,Further Evidence Required,Yes,Passed
EVD-00000105,PFXC-000042,Screenshot,Customer,2025-01-20T09:47:56,Other,Complete,Accepted,No,Passed
EVD-00000106,PFXC-000043,Bank Statement,Customer,2026-05-05T15:08:00,PDF,Unreadable,Rejected,No,Passed
EVD-00000107,PFXC-000043,Screenshot,Customer,2026-05-06T05:16:01,PNG,Complete,Accepted,No,Passed
EVD-00000108,PFXC-000043,Receipt,Customer,2026-05-08T07:50:31,PNG,Complete,Accepted,Yes,Passed
EVD-00000109,PFXC-000043,Other,Customer,2026-05-07T00:14:52,PDF,Complete,Accepted,No,Passed
EVD-00000110,PFXC-000044,Merchant Communication,Operations,2025-02-14T23:31:27,PDF,Complete,Accepted,Yes,Passed
EVD-00000111,PFXC-000044,Receipt,Customer,2025-02-13T10:00:16,JPG,Complete,Accepted,No,Passed
EVD-00000112,PFXC-000045,Merchant Communication,Customer,2025-11-12T05:07:22,JPG,Incomplete,Rejected,Yes,Passed
EVD-00000113,PFXC-000045,Bank Statement,Customer,2025-11-12T03:53:54,PDF,Complete,Further Evidence Required,No,Passed
EVD-00000114,PFXC-000045,Merchant Communication,Merchant,2025-11-12T11:00:07,JPG,Incomplete,Further Evidence Required,No,Passed
EVD-00000115,PFXC-000046,Receipt,Customer,2025-01-17T06:14:41,JPG,Complete,Accepted,No,Passed
EVD-00000116,PFXC-000046,Screenshot,Customer,2025-01-17T12:42:42,PDF,Incomplete,Further Evidence Required,No,Passed
EVD-00000117,PFXC-000046,Receipt,Customer,2025-01-18T02:19:28,Other,Complete,Accepted,Yes,Passed
EVD-00000118,PFXC-000046,Receipt,Customer,2025-01-19T00:19:48,PNG,Complete,Accepted,No,Failed
EVD-00000119,PFXC-000047,Screenshot,Customer,2025-08-24T01:06:33,PDF,Complete,Accepted,No,Passed
EVD-00000120,PFXC-000047,Other,Customer,2025-08-24T08:53:49,PDF,Complete,Accepted,No,Passed
EVD-00000121,PFXC-000048,Bank Statement,Customer,2025-08-27T15:19:00,JPG,Complete,Accepted,No,Passed
EVD-00000122,PFXC-000048,Screenshot,Customer,2025-08-26T14:47:02,Other,Complete,Accepted,No,Passed
EVD-00000123,PFXC-000049,Bank Statement,Customer,2026-02-04T06:03:58,PNG,Complete,Accepted,Yes,Passed
EVD-00000124,PFXC-000049,Receipt,Customer,2026-02-05T03:54:49,PDF,Complete,Accepted,No,Passed
EVD-00000125,PFXC-000049,Receipt,Customer,2026-02-03T10:54:30,JPG,Complete,Accepted,No,Passed
EVD-00000126,PFXC-000052,Screenshot,Customer,2026-03-26T20:25:31,PNG,Complete,Accepted,No,Passed
EVD-00000127,PFXC-000052,Receipt,Customer,2026-03-26T23:02:59,PNG,Incomplete,Further Evidence Required,No,Passed
EVD-00000128,PFXC-000053,Receipt,Customer,2025-10-13T04:35:13,PNG,Incomplete,Further Evidence Required,No,Passed
EVD-00000129,PFXC-000053,Identity Evidence,Customer,2025-10-12T19:36:45,PDF,Complete,Accepted,Yes,Passed
EVD-00000130,PFXC-000053,Bank Statement,Customer,2025-10-12T23:33:05,PDF,Complete,Accepted,No,Failed
EVD-00000131,PFXC-000054,Bank Statement,Customer,2026-02-06T00:58:38,PNG,Complete,Accepted,No,Passed
EVD-00000132,PFXC-000054,Receipt,Customer,2026-02-05T14:26:05,PNG,Complete,Accepted,No,Passed
EVD-00000133,PFXC-000055,Screenshot,Customer,2025-11-22T07:26:02,PNG,Complete,Accepted,No,Passed
EVD-00000134,PFXC-000055,Other,Customer,2025-11-22T15:52:18,CSV,Incomplete,Rejected,No,Passed
EVD-00000135,PFXC-000055,Receipt,Customer,2025-11-24T07:56:25,PNG,Complete,Accepted,No,Passed
EVD-00000136,PFXC-000055,Merchant Communication,Customer,2025-11-23T12:44:14,PDF,Unreadable,Rejected,No,Passed
EVD-00000137,PFXC-000056,Merchant Communication,Operations,2026-01-28T00:55:00,PDF,Complete,Accepted,No,Passed
EVD-00000138,PFXC-000057,Other,Customer,2025-12-03T07:34:19,PDF,Complete,Accepted,No,Passed
EVD-00000139,PFXC-000057,Screenshot,Customer,2025-12-03T10:49:41,PNG,Complete,Accepted,No,Passed
EVD-00000140,PFXC-000058,Bank Statement,Customer,2026-01-20T22:23:06,JPG,Incomplete,Further Evidence Required,No,Passed
EVD-00000141,PFXC-000058,Bank Statement,Customer,2026-01-21T21:42:02,PDF,Complete,Accepted,No,Passed
EVD-00000142,PFXC-000058,Merchant Communication,Customer,2026-01-20T03:48:43,PNG,Complete,Accepted,Yes,Passed
EVD-00000143,PFXC-000059,Receipt,Customer,2026-01-20T19:06:52,PDF,Incomplete,Further Evidence Required,No,Passed
EVD-00000144,PFXC-000059,Other,Operations,2026-01-21T14:27:38,JPG,Complete,Further Evidence Required,No,Passed
EVD-00000145,PFXC-000060,Receipt,Customer,2026-02-13T05:32:32,PNG,Incomplete,Further Evidence Required,No,Passed
EVD-00000146,PFXC-000060,Bank Statement,Customer,2026-02-12T05:46:54,PNG,Complete,Accepted,No,Passed
EVD-00000147,PFXC-000060,Merchant Communication,Customer,2026-02-13T15:19:17,PDF,Complete,Accepted,Yes,Passed
EVD-00000148,PFXC-000061,Merchant Communication,Merchant,2025-03-21T19:53:02,JPG,Complete,Accepted,No,Passed
EVD-00000149,PFXC-000061,Merchant Communication,Customer,2025-03-20T19:55:02,PDF,Complete,Accepted,No,Passed
EVD-00000150,PFXC-000062,Merchant Communication,Customer,2025-05-21T22:10:17,PDF,Complete,Accepted,No,Passed
EVD-00000151,PFXC-000063,Bank Statement,Customer,2025-11-01T02:02:31,PDF,Complete,Accepted,No,Passed
EVD-00000152,PFXC-000063,Receipt,Customer,2025-11-03T05:44:27,JPG,Unreadable,Further Evidence Required,No,Passed
EVD-00000153,PFXC-000064,Receipt,Customer,2025-01-26T23:34:21,PDF,Complete,Further Evidence Required,No,Failed
EVD-00000154,PFXC-000065,Bank Statement,Customer,2026-06-04T05:31:26,PDF,Complete,Accepted,No,Passed
EVD-00000155,PFXC-000065,Merchant Communication,Customer,2026-06-05T21:39:29,PDF,Complete,Accepted,Yes,Passed
EVD-00000156,PFXC-000066,Merchant Communication,Customer,2026-05-28T13:32:29,PNG,Complete,Accepted,No,Passed
EVD-00000157,PFXC-000066,Screenshot,Customer,2026-05-29T04:25:39,JPG,Complete,Accepted,Yes,Failed
EVD-00000158,PFXC-000068,Screenshot,Customer,2025-09-16T17:15:03,PDF,Complete,Accepted,No,Passed
EVD-00000159,PFXC-000068,Other,Merchant,2025-09-16T21:31:24,PDF,Complete,Accepted,No,Passed
EVD-00000160,PFXC-000068,Merchant Communication,Customer,2025-09-17T12:46:12,JPG,Complete,Accepted,Yes,Not Applicable
EVD-00000161,PFXC-000069,Other,Operations,2025-04-01T11:54:44,PNG,Complete,Accepted,No,Passed
EVD-00000162,PFXC-000073,Screenshot,Customer,2025-08-22T22:21:34,Other,Unreadable,Rejected,No,Passed
EVD-00000163,PFXC-000073,Other,Customer,2025-08-20T20:54:29,PDF,Unreadable,Further Evidence Required,Yes,Passed
EVD-00000164,PFXC-000073,Screenshot,Customer,2025-08-22T00:16:16,PDF,Incomplete,Rejected,Yes,Passed
EVD-00000165,PFXC-000074,Receipt,Customer,2026-06-16T08:10:20,JPG,Incomplete,Rejected,No,Not Applicable
EVD-00000166,PFXC-000074,Receipt,Customer,2026-06-15T17:38:24,PDF,Complete,Further Evidence Required,No,Passed
EVD-00000167,PFXC-000074,Merchant Communication,Merchant,2026-06-16T05:23:07,JPG,Complete,Further Evidence Required,No,Failed
EVD-00000168,PFXC-000074,Merchant Communication,Customer,2026-06-17T01:13:39,Other,Complete,Accepted,No,Passed
EVD-00000169,PFXC-000075,Merchant Communication,Customer,2025-03-16T05:51:54,PDF,Complete,Accepted,Yes,Passed
EVD-00000170,PFXC-000075,Other,Customer,2025-03-17T07:22:12,Other,Complete,Further Evidence Required,No,Passed
EVD-00000171,PFXC-000076,Screenshot,Customer,2026-04-23T09:26:41,JPG,Complete,Accepted,No,Failed
EVD-00000172,PFXC-000076,Receipt,Merchant,2026-04-23T05:02:51,PDF,Complete,Accepted,No,Passed
EVD-00000173,PFXC-000076,Screenshot,Customer,2026-04-23T12:25:51,PDF,Complete,Accepted,No,Passed
EVD-00000174,PFXC-000077,Receipt,Customer,2025-06-07T21:51:44,PDF,Complete,Accepted,No,Not Applicable
EVD-00000175,PFXC-000078,Other,Customer,2026-04-12T01:38:52,PDF,Complete,Accepted,No,Passed
EVD-00000176,PFXC-000078,Bank Statement,Customer,2026-04-10T07:56:21,Other,Complete,Further Evidence Required,No,Passed
EVD-00000177,PFXC-000079,Receipt,Customer,2025-10-09T11:13:45,PDF,Unreadable,Further Evidence Required,No,Passed
EVD-00000178,PFXC-000080,Bank Statement,Customer,2026-03-31T00:28:11,PDF,Complete,Accepted,No,Passed
EVD-00000179,PFXC-000080,Screenshot,Customer,2026-03-30T13:23:52,PDF,Complete,Further Evidence Required,No,Passed
EVD-00000180,PFXC-000080,Receipt,Customer,2026-03-30T09:21:13,PDF,Complete,Accepted,No,Passed
EVD-00000181,PFXC-000081,Bank Statement,Customer,2025-08-21T20:46:22,PNG,Complete,Accepted,Yes,Passed
EVD-00000182,PFXC-000081,Receipt,Merchant,2025-08-21T13:33:38,PNG,Complete,Accepted,No,Passed
EVD-00000183,PFXC-000082,Bank Statement,Customer,2026-01-31T02:20:48,PDF,Complete,Accepted,No,Passed
EVD-00000184,PFXC-000083,Merchant Communication,Merchant,2025-09-06T02:42:15,JPG,Complete,Accepted,No,Passed
EVD-00000185,PFXC-000083,Screenshot,Customer,2025-09-05T21:40:43,JPG,Complete,Accepted,Yes,Not Applicable
EVD-00000186,PFXC-000083,Merchant Communication,Customer,2025-09-04T14:49:05,PDF,Complete,Accepted,No,Passed
EVD-00000187,PFXC-000083,Identity Evidence,Customer,2025-09-06T20:14:27,PDF,Complete,Accepted,No,Passed
EVD-00000188,PFXC-000084,Screenshot,Customer,2025-10-02T19:33:04,JPG,Complete,Further Evidence Required,No,Passed
EVD-00000189,PFXC-000085,Screenshot,Merchant,2026-06-06T04:15:29,JPG,Complete,Accepted,No,Not Applicable
EVD-00000190,PFXC-000085,Receipt,Customer,2026-06-04T17:45:16,Other,Complete,Accepted,No,Not Applicable
EVD-00000191,PFXC-000085,Bank Statement,Merchant,2026-06-06T14:18:42,PDF,Incomplete,Rejected,No,Not Applicable
EVD-00000192,PFXC-000086,Receipt,Customer,2025-06-26T02:54:34,PDF,Complete,Accepted,No,Passed
EVD-00000193,PFXC-000086,Merchant Communication,Customer,2025-06-26T22:08:28,PNG,Complete,Accepted,No,Passed
EVD-00000194,PFXC-000086,Other,Customer,2025-06-25T17:34:50,PDF,Complete,Accepted,No,Passed
EVD-00000195,PFXC-000086,Receipt,Customer,2025-06-26T03:18:22,PDF,Complete,Accepted,No,Not Applicable
EVD-00000196,PFXC-000087,Merchant Communication,Customer,2025-05-02T18:00:04,PDF,Complete,Accepted,No,Passed
EVD-00000197,PFXC-000087,Receipt,Customer,2025-05-01T13:09:27,Other,Complete,Further Evidence Required,Yes,Not Applicable
EVD-00000198,PFXC-000087,Screenshot,Customer,2025-05-02T08:33:54,PNG,Unreadable,Rejected,No,Passed
EVD-00000199,PFXC-000087,Screenshot,Customer,2025-05-02T07:09:36,PDF,Complete,Accepted,No,Passed
EVD-00000200,PFXC-000088,Bank Statement,Customer,2025-04-18T20:28:32,PDF,Complete,Further Evidence Required,No,Passed
EVD-00000201,PFXC-000089,Screenshot,Customer,2026-01-10T08:13:41,PDF,Complete,Accepted,Yes,Passed
EVD-00000202,PFXC-000089,Receipt,Customer,2026-01-09T21:20:51,JPG,Unreadable,Further Evidence Required,No,Passed
EVD-00000203,PFXC-000089,Receipt,Customer,2026-01-10T19:35:50,JPG,Complete,Accepted,No,Passed
EVD-00000204,PFXC-000090,Bank Statement,Customer,2025-12-12T16:27:26,PNG,Complete,Accepted,No,Passed
EVD-00000205,PFXC-000090,Screenshot,Customer,2025-12-12T14:59:55,JPG,Incomplete,Further Evidence Required,Yes,Passed
EVD-00000206,PFXC-000091,Bank Statement,Customer,2025-04-17T12:59:10,PDF,Incomplete,Rejected,No,Not Applicable
EVD-00000207,PFXC-000091,Screenshot,Operations,2025-04-14T20:51:13,PNG,Complete,Accepted,No,Passed
EVD-00000208,PFXC-000091,Screenshot,Customer,2025-04-15T16:28:40,PDF,Complete,Accepted,Yes,Passed
EVD-00000209,PFXC-000091,Bank Statement,Merchant,2025-04-15T08:21:18,PDF,Unreadable,Rejected,No,Passed
EVD-00000210,PFXC-000092,Receipt,Customer,2026-06-06T08:01:45,PNG,Complete,Accepted,Yes,Passed
EVD-00000211,PFXC-000092,Screenshot,Customer,2026-06-06T10:20:57,PNG,Complete,Accepted,No,Passed
EVD-00000212,PFXC-000092,Screenshot,Customer,2026-06-04T22:43:41,PDF,Complete,Accepted,No,Passed
EVD-00000213,PFXC-000092,Screenshot,Customer,2026-06-05T10:55:42,JPG,Complete,Accepted,No,Passed
EVD-00000214,PFXC-000093,Identity Evidence,Customer,2025-01-08T19:33:33,PDF,Unreadable,Further Evidence Required,Yes,Passed
EVD-00000215,PFXC-000093,Screenshot,Customer,2025-01-08T14:03:38,PNG,Complete,Accepted,No,Passed
EVD-00000216,PFXC-000094,Identity Evidence,Customer,2025-09-30T12:00:07,JPG,Complete,Accepted,Yes,Passed
EVD-00000217,PFXC-000094,Receipt,Merchant,2025-09-30T16:16:42,PNG,Incomplete,Rejected,No,Passed
EVD-00000218,PFXC-000094,Receipt,Customer,2025-09-28T21:47:49,JPG,Incomplete,Further Evidence Required,No,Passed
EVD-00000219,PFXC-000094,Bank Statement,Customer,2025-09-29T09:54:25,PDF,Complete,Accepted,No,Passed
EVD-00000220,PFXC-000095,Screenshot,Customer,2025-11-06T09:57:01,Other,Complete,Accepted,No,Passed
EVD-00000221,PFXC-000095,Identity Evidence,Customer,2025-11-07T14:05:28,PNG,Complete,Accepted,No,Passed
EVD-00000222,PFXC-000095,Receipt,Customer,2025-11-06T19:04:15,PNG,Complete,Accepted,Yes,Passed
EVD-00000223,PFXC-000096,Bank Statement,Customer,2025-10-27T15:59:57,PDF,Complete,Accepted,No,Passed
EVD-00000224,PFXC-000096,Merchant Communication,Customer,2025-10-26T00:06:25,PDF,Complete,Accepted,No,Passed
EVD-00000225,PFXC-000096,Bank Statement,Customer,2025-10-27T22:19:48,Other,Complete,Accepted,No,Passed
EVD-00000226,PFXC-000097,Merchant Communication,Customer,2025-10-10T18:10:31,CSV,Complete,Accepted,Yes,Passed
EVD-00000227,PFXC-000097,Screenshot,Customer,2025-10-11T16:18:53,JPG,Complete,Accepted,No,Passed
EVD-00000228,PFXC-000097,Merchant Communication,Merchant,2025-10-09T00:02:56,PNG,Complete,Accepted,No,Passed
EVD-00000229,PFXC-000097,Receipt,Customer,2025-10-11T01:23:18,PDF,Incomplete,Further Evidence Required,No,Passed
EVD-00000230,PFXC-000098,Receipt,Operations,2026-01-04T15:34:13,PDF,Complete,Accepted,No,Passed
EVD-00000231,PFXC-000098,Receipt,Customer,2026-01-03T23:33:14,PDF,Complete,Accepted,No,Passed
EVD-00000232,PFXC-000099,Screenshot,Customer,2025-09-18T07:30:51,Other,Complete,Accepted,No,Passed
EVD-00000233,PFXC-000099,Bank Statement,Customer,2025-09-19T18:11:51,PDF,Complete,Accepted,No,Passed
EVD-00000234,PFXC-000100,Merchant Communication,Customer,2025-05-05T01:13:17,PDF,Incomplete,Rejected,Yes,Passed
EVD-00000235,PFXC-000100,Receipt,Customer,2025-05-05T09:39:05,PDF,Complete,Accepted,No,Passed
EVD-00000236,PFXC-000100,Receipt,Customer,2025-05-06T04:26:58,PNG,Complete,Accepted,No,Passed
EVD-00000237,PFXC-000100,Receipt,Merchant,2025-05-03T20:39:39,PDF,Complete,Further Evidence Required,No,Passed
EVD-00000238,PFXC-000101,Screenshot,Customer,2025-06-14T21:16:24,PNG,Complete,Accepted,No,Passed
EVD-00000239,PFXC-000101,Receipt,Customer,2025-06-14T11:39:52,JPG,Complete,Further Evidence Required,No,Not Applicable
EVD-00000240,PFXC-000102,Bank Statement,Operations,2025-10-02T14:26:28,PDF,Complete,Accepted,No,Passed
EVD-00000241,PFXC-000102,Screenshot,Customer,2025-10-03T00:18:21,PDF,Complete,Accepted,No,Passed
EVD-00000242,PFXC-000102,Other,Customer,2025-10-05T04:04:37,Other,Complete,Further Evidence Required,No,Passed
EVD-00000243,PFXC-000103,Bank Statement,Customer,2025-09-05T17:24:43,PDF,Complete,Accepted,No,Passed
EVD-00000244,PFXC-000103,Bank Statement,Customer,2025-09-07T13:58:55,PDF,Complete,Accepted,No,Passed
EVD-00000245,PFXC-000104,Screenshot,Customer,2025-02-19T20:54:19,JPG,Complete,Accepted,No,Passed
EVD-00000246,PFXC-000104,Other,Customer,2025-02-18T17:17:33,JPG,Incomplete,Further Evidence Required,No,Passed
EVD-00000247,PFXC-000104,Bank Statement,Customer,2025-02-21T03:42:48,Other,Complete,Accepted,No,Not Applicable
EVD-00000248,PFXC-000104,Receipt,Merchant,2025-02-18T15:03:15,PNG,Unreadable,Further Evidence Required,No,Passed
EVD-00000249,PFXC-000105,Screenshot,Customer,2025-10-29T00:39:38,CSV,Complete,Accepted,Yes,Passed
EVD-00000250,PFXC-000106,Screenshot,Customer,2025-08-05T02:15:27,PNG,Complete,Accepted,No,Not Applicable
EVD-00000251,PFXC-000106,Bank Statement,Customer,2025-08-05T08:15:03,JPG,Complete,Further Evidence Required,No,Not Applicable
EVD-00000252,PFXC-000106,Bank Statement,Customer,2025-08-06T19:25:46,PDF,Complete,Accepted,No,Passed
EVD-00000253,PFXC-000108,Identity Evidence,Customer,2026-05-18T01:49:19,PDF,Incomplete,Further Evidence Required,Yes,Passed
EVD-00000254,PFXC-000109,Screenshot,Customer,2025-06-23T08:55:40,PDF,Complete,Accepted,Yes,Passed
EVD-00000255,PFXC-000109,Receipt,Customer,2025-06-24T02:27:25,PDF,Complete,Accepted,No,Passed
EVD-00000256,PFXC-000109,Receipt,Merchant,2025-06-22T03:57:48,PDF,Complete,Accepted,Yes,Not Applicable
EVD-00000257,PFXC-000110,Receipt,Customer,2025-03-22T10:32:26,PDF,Complete,Accepted,No,Passed
EVD-00000258,PFXC-000110,Screenshot,Customer,2025-03-21T10:49:25,PDF,Complete,Accepted,No,Passed
EVD-00000259,PFXC-000110,Receipt,Customer,2025-03-21T15:52:24,JPG,Complete,Accepted,No,Not Applicable
EVD-00000260,PFXC-000111,Other,Customer,2025-10-31T18:25:11,PDF,Complete,Accepted,Yes,Not Applicable
EVD-00000261,PFXC-000112,Screenshot,Customer,2025-09-15T20:52:18,JPG,Complete,Accepted,No,Passed
EVD-00000262,PFXC-000112,Merchant Communication,Customer,2025-09-13T23:25:23,PDF,Incomplete,Rejected,No,Passed
EVD-00000263,PFXC-000112,Merchant Communication,Customer,2025-09-14T23:15:43,JPG,Complete,Accepted,No,Passed
EVD-00000264,PFXC-000112,Bank Statement,Customer,2025-09-16T12:18:52,PDF,Complete,Accepted,Yes,Passed
EVD-00000265,PFXC-000113,Screenshot,Customer,2025-11-12T00:14:47,Other,Complete,Accepted,No,Passed
EVD-00000266,PFXC-000113,Screenshot,Customer,2025-11-12T21:16:19,PDF,Incomplete,Further Evidence Required,No,Passed
EVD-00000267,PFXC-000113,Bank Statement,Merchant,2025-11-11T04:33:28,JPG,Complete,Further Evidence Required,No,Passed
EVD-00000268,PFXC-000113,Bank Statement,Customer,2025-11-10T19:16:42,JPG,Incomplete,Rejected,No,Passed
EVD-00000269,PFXC-000114,Receipt,Merchant,2025-01-06T20:15:11,PDF,Complete,Accepted,No,Passed
EVD-00000270,PFXC-000114,Receipt,Customer,2025-01-06T05:59:06,Other,Complete,Accepted,No,Passed
EVD-00000271,PFXC-000114,Merchant Communication,Operations,2025-01-07T16:15:15,PNG,Incomplete,Further Evidence Required,No,Passed
EVD-00000272,PFXC-000116,Receipt,Customer,2025-05-16T19:42:20,CSV,Complete,Accepted,Yes,Passed
EVD-00000273,PFXC-000116,Receipt,Customer,2025-05-17T14:58:22,PDF,Complete,Further Evidence Required,No,Passed
EVD-00000274,PFXC-000117,Merchant Communication,Operations,2026-05-24T22:43:42,PDF,Complete,Accepted,No,Passed
EVD-00000275,PFXC-000117,Other,Customer,2026-05-25T08:22:52,PDF,Complete,Further Evidence Required,No,Passed
EVD-00000276,PFXC-000117,Screenshot,Customer,2026-05-24T01:33:49,PDF,Complete,Accepted,No,Passed
EVD-00000277,PFXC-000118,Screenshot,Merchant,2025-03-17T06:07:01,JPG,Complete,Accepted,No,Passed
EVD-00000278,PFXC-000118,Bank Statement,Customer,2025-03-16T03:28:49,Other,Complete,Accepted,No,Passed
EVD-00000279,PFXC-000118,Bank Statement,Customer,2025-03-17T05:56:17,PDF,Unreadable,Rejected,No,Passed
EVD-00000280,PFXC-000118,Receipt,Operations,2025-03-16T16:28:44,PDF,Incomplete,Rejected,No,Passed
EVD-00000281,PFXC-000119,Merchant Communication,Customer,2026-03-14T02:42:36,Other,Complete,Further Evidence Required,Yes,Passed
EVD-00000282,PFXC-000119,Merchant Communication,Customer,2026-03-13T23:35:53,PDF,Unreadable,Rejected,No,Not Applicable
EVD-00000283,PFXC-000120,Merchant Communication,Customer,2025-08-24T11:02:29,PDF,Complete,Accepted,Yes,Failed
EVD-00000284,PFXC-000120,Bank Statement,Customer,2025-08-25T05:05:14,CSV,Complete,Accepted,No,Passed
EVD-00000285,PFXC-000121,Other,Customer,2026-01-11T11:38:34,JPG,Complete,Accepted,No,Passed
EVD-00000286,PFXC-000121,Other,Customer,2026-01-10T08:00:10,PDF,Incomplete,Further Evidence Required,Yes,Passed
EVD-00000287,PFXC-000121,Merchant Communication,Customer,2026-01-09T21:37:10,PNG,Complete,Accepted,No,Passed
EVD-00000288,PFXC-000121,Screenshot,Customer,2026-01-10T23:13:53,PDF,Unreadable,Rejected,No,Passed
EVD-00000289,PFXC-000122,Screenshot,Merchant,2025-11-06T20:18:11,PNG,Unreadable,Further Evidence Required,No,Passed
EVD-00000290,PFXC-000122,Merchant Communication,Customer,2025-11-06T07:39:21,CSV,Complete,Accepted,No,Failed
EVD-00000291,PFXC-000124,Receipt,Customer,2026-02-01T19:44:43,PDF,Incomplete,Rejected,No,Passed
EVD-00000292,PFXC-000124,Bank Statement,Operations,2026-02-01T10:16:19,PDF,Incomplete,Further Evidence Required,No,Passed
EVD-00000293,PFXC-000124,Screenshot,Customer,2026-02-02T07:38:16,Other,Complete,Accepted,No,Passed
EVD-00000294,PFXC-000124,Receipt,Customer,2026-01-31T22:18:39,PDF,Complete,Accepted,No,Passed
EVD-00000295,PFXC-000125,Bank Statement,Customer,2026-05-23T01:30:47,PDF,Incomplete,Rejected,Yes,Passed
EVD-00000296,PFXC-000125,Other,Customer,2026-05-22T11:50:32,PNG,Complete,Accepted,No,Passed
EVD-00000297,PFXC-000125,Other,Customer,2026-05-24T07:19:57,JPG,Complete,Accepted,No,Passed
EVD-00000298,PFXC-000125,Screenshot,Customer,2026-05-23T03:40:16,JPG,Complete,Further Evidence Required,Yes,Passed
EVD-00000299,PFXC-000127,Screenshot,Customer,2026-04-16T17:47:29,PDF,Complete,Accepted,No,Passed
EVD-00000300,PFXC-000127,Screenshot,Customer,2026-04-15T19:34:43,JPG,Complete,Accepted,No,Passed
EVD-00000301,PFXC-000127,Bank Statement,Operations,2026-04-17T10:45:09,PNG,Complete,Accepted,No,Passed
EVD-00000302,PFXC-000127,Merchant Communication,Customer,2026-04-15T15:03:05,PDF,Incomplete,Rejected,Yes,Passed
EVD-00000303,PFXC-000128,Receipt,Customer,2025-05-11T14:38:48,JPG,Complete,Accepted,No,Not Applicable
EVD-00000304,PFXC-000129,Screenshot,Customer,2026-03-16T17:05:33,PNG,Complete,Further Evidence Required,No,Passed
EVD-00000305,PFXC-000129,Receipt,Merchant,2026-03-16T20:07:58,PDF,Complete,Accepted,No,Passed
EVD-00000306,PFXC-000129,Identity Evidence,Customer,2026-03-15T09:29:34,PNG,Complete,Further Evidence Required,No,Not Applicable
EVD-00000307,PFXC-000129,Receipt,Customer,2026-03-16T14:33:02,PNG,Complete,Accepted,Yes,Passed
EVD-00000308,PFXC-000130,Bank Statement,Customer,2026-02-13T01:41:44,CSV,Complete,Accepted,No,Passed
EVD-00000309,PFXC-000130,Screenshot,Customer,2026-02-12T05:33:10,PDF,Unreadable,Further Evidence Required,No,Passed
EVD-00000310,PFXC-000130,Bank Statement,Customer,2026-02-13T09:49:12,PDF,Complete,Accepted,No,Passed
EVD-00000311,PFXC-000130,Merchant Communication,Customer,2026-02-13T07:50:02,PNG,Complete,Accepted,No,Passed
EVD-00000312,PFXC-000131,Bank Statement,Customer,2025-06-12T04:45:00,PNG,Complete,Accepted,No,Passed
EVD-00000313,PFXC-000131,Receipt,Customer,2025-06-13T01:30:55,PDF,Complete,Accepted,No,Passed
EVD-00000314,PFXC-000131,Identity Evidence,Merchant,2025-06-13T16:44:18,JPG,Complete,Accepted,No,Passed
EVD-00000315,PFXC-000131,Screenshot,Merchant,2025-06-14T06:10:34,JPG,Complete,Accepted,No,Passed
EVD-00000316,PFXC-000132,Merchant Communication,Customer,2025-07-17T20:20:35,PNG,Complete,Further Evidence Required,No,Not Applicable
EVD-00000317,PFXC-000133,Receipt,Merchant,2025-11-16T05:57:34,Other,Complete,Accepted,No,Passed
EVD-00000318,PFXC-000133,Screenshot,Customer,2025-11-15T23:13:56,Other,Complete,Accepted,No,Passed
EVD-00000319,PFXC-000133,Bank Statement,Customer,2025-11-13T21:49:51,PDF,Unreadable,Further Evidence Required,No,Passed
EVD-00000320,PFXC-000135,Receipt,Customer,2025-02-28T04:16:31,PDF,Incomplete,Rejected,No,Passed
EVD-00000321,PFXC-000135,Screenshot,Customer,2025-02-28T05:58:41,PDF,Unreadable,Rejected,Yes,Passed
EVD-00000322,PFXC-000135,Bank Statement,Customer,2025-03-01T00:32:39,Other,Complete,Accepted,No,Passed
EVD-00000323,PFXC-000136,Screenshot,Operations,2025-09-24T08:17:02,CSV,Complete,Accepted,No,Passed
EVD-00000324,PFXC-000136,Other,Customer,2025-09-22T23:03:20,JPG,Complete,Accepted,No,Passed
EVD-00000325,PFXC-000136,Bank Statement,Merchant,2025-09-23T20:11:27,PDF,Complete,Accepted,No,Passed
EVD-00000326,PFXC-000137,Receipt,Customer,2026-01-15T21:34:03,Other,Incomplete,Rejected,No,Passed
EVD-00000327,PFXC-000137,Merchant Communication,Customer,2026-01-14T23:25:12,PDF,Complete,Accepted,No,Passed
EVD-00000328,PFXC-000138,Other,Customer,2025-02-24T03:45:03,CSV,Complete,Accepted,No,Passed
EVD-00000329,PFXC-000138,Bank Statement,Customer,2025-02-25T01:31:15,PDF,Complete,Accepted,No,Passed
EVD-00000330,PFXC-000138,Screenshot,Customer,2025-02-26T03:30:43,JPG,Complete,Accepted,No,Passed
EVD-00000331,PFXC-000138,Bank Statement,Customer,2025-02-26T02:03:43,PNG,Complete,Further Evidence Required,No,Passed
EVD-00000332,PFXC-000139,Receipt,Customer,2025-05-07T12:10:26,Other,Incomplete,Rejected,No,Passed
EVD-00000333,PFXC-000139,Other,Merchant,2025-05-05T22:17:31,JPG,Complete,Accepted,Yes,Passed
EVD-00000334,PFXC-000139,Screenshot,Customer,2025-05-06T23:00:57,Other,Complete,Accepted,No,Passed
EVD-00000335,PFXC-000139,Receipt,Merchant,2025-05-05T02:02:37,PNG,Complete,Accepted,Yes,Passed
EVD-00000336,PFXC-000140,Other,Customer,2025-08-27T02:56:51,CSV,Incomplete,Further Evidence Required,Yes,Passed
EVD-00000337,PFXC-000140,Bank Statement,Operations,2025-08-26T01:08:11,JPG,Complete,Accepted,No,Passed
EVD-00000338,PFXC-000141,Bank Statement,Customer,2025-03-22T12:58:06,PDF,Complete,Accepted,No,Passed
EVD-00000339,PFXC-000141,Screenshot,Customer,2025-03-19T18:50:39,PNG,Complete,Accepted,No,Passed
EVD-00000340,PFXC-000142,Bank Statement,Merchant,2025-07-16T03:49:06,PNG,Complete,Accepted,No,Passed
EVD-00000341,PFXC-000142,Merchant Communication,Customer,2025-07-17T01:53:28,PNG,Complete,Accepted,No,Passed
EVD-00000342,PFXC-000143,Screenshot,Customer,2025-09-12T05:56:43,Other,Incomplete,Further Evidence Required,No,Passed
EVD-00000343,PFXC-000144,Screenshot,Customer,2025-07-02T12:24:04,Other,Complete,Accepted,No,Passed
EVD-00000344,PFXC-000144,Merchant Communication,Customer,2025-07-01T21:39:33,PNG,Complete,Accepted,No,Not Applicable
EVD-00000345,PFXC-000145,Merchant Communication,Customer,2026-04-25T17:54:49,Other,Incomplete,Rejected,No,Passed
EVD-00000346,PFXC-000146,Screenshot,Customer,2025-05-02T19:53:16,Other,Complete,Accepted,No,Passed
EVD-00000347,PFXC-000146,Merchant Communication,Operations,2025-05-01T12:27:14,CSV,Complete,Accepted,No,Passed
EVD-00000348,PFXC-000146,Screenshot,Customer,2025-05-02T18:06:38,PDF,Complete,Accepted,Yes,Passed
EVD-00000349,PFXC-000148,Merchant Communication,Customer,2026-04-30T23:57:55,PDF,Incomplete,Further Evidence Required,No,Passed
EVD-00000350,PFXC-000148,Screenshot,Customer,2026-05-03T08:03:42,PNG,Complete,Accepted,No,Passed
EVD-00000351,PFXC-000148,Receipt,Customer,2026-05-02T20:45:52,PNG,Incomplete,Further Evidence Required,No,Passed
EVD-00000352,PFXC-000150,Receipt,Customer,2026-02-12T23:06:15,JPG,Incomplete,Further Evidence Required,Yes,Passed
EVD-00000353,PFXC-000151,Merchant Communication,Customer,2025-11-02T20:02:33,PDF,Incomplete,Further Evidence Required,No,Passed
EVD-00000354,PFXC-000151,Bank Statement,Customer,2025-11-02T20:57:20,PDF,Complete,Further Evidence Required,No,Passed
EVD-00000355,PFXC-000151,Screenshot,Customer,2025-11-02T13:13:30,Other,Complete,Accepted,No,Passed
EVD-00000356,PFXC-000151,Receipt,Customer,2025-11-04T18:44:33,JPG,Complete,Accepted,No,Passed
EVD-00000357,PFXC-000152,Merchant Communication,Customer,2025-05-19T06:18:40,PDF,Complete,Further Evidence Required,No,Passed
EVD-00000358,PFXC-000152,Merchant Communication,Customer,2025-05-19T22:09:06,PDF,Unreadable,Further Evidence Required,Yes,Passed
EVD-00000359,PFXC-000152,Receipt,Customer,2025-05-20T13:45:11,PDF,Unreadable,Further Evidence Required,No,Passed
EVD-00000360,PFXC-000152,Screenshot,Operations,2025-05-17T19:30:06,PNG,Complete,Accepted,No,Passed
EVD-00000361,PFXC-000153,Screenshot,Customer,2025-11-27T08:10:31,Other,Complete,Further Evidence Required,No,Passed
EVD-00000362,PFXC-000153,Receipt,Customer,2025-11-27T23:41:37,JPG,Incomplete,Further Evidence Required,No,Not Applicable
EVD-00000363,PFXC-000153,Receipt,Customer,2025-11-29T18:19:25,Other,Complete,Further Evidence Required,No,Passed
EVD-00000364,PFXC-000154,Screenshot,Merchant,2026-03-05T09:50:49,PNG,Complete,Accepted,No,Passed
EVD-00000365,PFXC-000154,Screenshot,Customer,2026-03-04T03:29:23,PDF,Complete,Accepted,No,Passed
EVD-00000366,PFXC-000155,Screenshot,Customer,2026-06-20T15:20:16,PNG,Complete,Accepted,No,Not Applicable
EVD-00000367,PFXC-000155,Receipt,Operations,2026-06-19T22:31:51,Other,Complete,Accepted,No,Passed
EVD-00000368,PFXC-000155,Receipt,Customer,2026-06-20T23:44:30,PNG,Incomplete,Further Evidence Required,Yes,Passed
EVD-00000369,PFXC-000156,Merchant Communication,Merchant,2025-06-10T07:31:59,PDF,Complete,Accepted,Yes,Not Applicable
EVD-00000370,PFXC-000156,Receipt,Customer,2025-06-08T15:27:22,PDF,Complete,Accepted,No,Passed
EVD-00000371,PFXC-000156,Bank Statement,Operations,2025-06-08T09:28:56,JPG,Complete,Accepted,No,Passed
EVD-00000372,PFXC-000157,Receipt,Merchant,2026-06-24T10:09:54,JPG,Complete,Accepted,No,Passed
EVD-00000373,PFXC-000157,Merchant Communication,Operations,2026-06-25T20:26:15,JPG,Complete,Accepted,No,Failed
EVD-00000374,PFXC-000158,Receipt,Customer,2026-05-05T16:47:10,JPG,Complete,Further Evidence Required,No,Not Applicable
EVD-00000375,PFXC-000158,Screenshot,Customer,2026-05-08T06:25:51,PNG,Incomplete,Rejected,No,Passed
EVD-00000376,PFXC-000159,Bank Statement,Customer,2026-02-08T00:43:50,JPG,Complete,Accepted,No,Passed
EVD-00000377,PFXC-000159,Receipt,Customer,2026-02-06T21:56:16,Other,Complete,Further Evidence Required,Yes,Not Applicable
EVD-00000378,PFXC-000159,Merchant Communication,Customer,2026-02-07T08:19:51,Other,Complete,Accepted,No,Passed
EVD-00000379,PFXC-000161,Receipt,Customer,2025-11-05T06:51:00,JPG,Unreadable,Further Evidence Required,No,Passed
EVD-00000380,PFXC-000161,Receipt,Customer,2025-11-06T02:53:53,PDF,Complete,Accepted,Yes,Passed
EVD-00000381,PFXC-000161,Bank Statement,Customer,2025-11-04T20:24:41,PDF,Complete,Accepted,No,Passed
EVD-00000382,PFXC-000161,Screenshot,Customer,2025-11-05T00:09:20,Other,Complete,Accepted,No,Passed
EVD-00000383,PFXC-000162,Screenshot,Customer,2025-10-20T09:59:16,JPG,Complete,Accepted,Yes,Passed
EVD-00000384,PFXC-000162,Receipt,Customer,2025-10-20T12:33:28,PDF,Complete,Accepted,Yes,Passed
EVD-00000385,PFXC-000162,Screenshot,Customer,2025-10-19T18:58:15,JPG,Complete,Accepted,No,Passed
EVD-00000386,PFXC-000163,Receipt,Merchant,2025-07-12T04:38:10,Other,Incomplete,Further Evidence Required,No,Passed
EVD-00000387,PFXC-000163,Merchant Communication,Customer,2025-07-12T21:15:37,PDF,Incomplete,Rejected,No,Passed
EVD-00000388,PFXC-000163,Receipt,Customer,2025-07-12T12:13:56,JPG,Complete,Accepted,No,Passed
EVD-00000389,PFXC-000163,Bank Statement,Customer,2025-07-11T11:14:18,PDF,Complete,Accepted,No,Passed
EVD-00000390,PFXC-000164,Screenshot,Customer,2025-10-21T02:46:43,PDF,Complete,Further Evidence Required,No,Passed
EVD-00000391,PFXC-000165,Receipt,Customer,2025-11-30T10:36:59,JPG,Complete,Accepted,No,Passed
EVD-00000392,PFXC-000166,Bank Statement,Merchant,2025-03-27T20:20:49,CSV,Complete,Accepted,No,Passed
EVD-00000393,PFXC-000166,Merchant Communication,Customer,2025-03-29T18:15:00,PDF,Incomplete,Rejected,No,Passed
EVD-00000394,PFXC-000166,Bank Statement,Customer,2025-03-27T07:58:08,PNG,Complete,Accepted,No,Passed
EVD-00000395,PFXC-000166,Merchant Communication,Customer,2025-03-29T09:35:58,PNG,Complete,Accepted,No,Passed
EVD-00000396,PFXC-000167,Merchant Communication,Customer,2026-03-25T08:47:31,JPG,Incomplete,Further Evidence Required,No,Passed
EVD-00000397,PFXC-000167,Bank Statement,Customer,2026-03-23T19:25:58,PDF,Complete,Accepted,No,Passed
EVD-00000398,PFXC-000167,Screenshot,Customer,2026-03-24T03:22:49,PNG,Complete,Accepted,Yes,Passed
EVD-00000399,PFXC-000167,Receipt,Customer,2026-03-25T17:50:25,PDF,Complete,Accepted,Yes,Not Applicable
EVD-00000400,PFXC-000168,Receipt,Customer,2025-11-13T06:14:39,PDF,Complete,Accepted,No,Not Applicable
EVD-00000401,PFXC-000168,Merchant Communication,Customer,2025-11-13T17:45:44,Other,Incomplete,Rejected,Yes,Passed
EVD-00000402,PFXC-000169,Screenshot,Customer,2026-03-02T16:59:41,JPG,Complete,Further Evidence Required,No,Passed
EVD-00000403,PFXC-000169,Identity Evidence,Customer,2026-03-02T11:01:35,PDF,Complete,Accepted,No,Passed
EVD-00000404,PFXC-000169,Bank Statement,Customer,2026-03-01T03:52:17,Other,Unreadable,Rejected,No,Not Applicable
EVD-00000405,PFXC-000169,Merchant Communication,Merchant,2026-03-02T14:16:55,JPG,Complete,Accepted,No,Passed
EVD-00000406,PFXC-000170,Receipt,Customer,2026-05-06T19:11:00,PDF,Complete,Accepted,No,Passed
EVD-00000407,PFXC-000170,Bank Statement,Operations,2026-05-06T09:57:02,PDF,Complete,Accepted,No,Passed
EVD-00000408,PFXC-000170,Receipt,Customer,2026-05-06T02:30:39,PDF,Complete,Accepted,No,Passed
EVD-00000409,PFXC-000171,Identity Evidence,Operations,2025-06-29T07:32:44,PDF,Complete,Accepted,Yes,Passed
EVD-00000410,PFXC-000171,Receipt,Customer,2025-06-27T04:42:47,PDF,Complete,Accepted,Yes,Passed
EVD-00000411,PFXC-000171,Screenshot,Customer,2025-06-28T04:17:30,JPG,Incomplete,Rejected,No,Passed
EVD-00000412,PFXC-000172,Screenshot,Customer,2025-04-28T14:53:58,PNG,Complete,Further Evidence Required,No,Passed
EVD-00000413,PFXC-000172,Receipt,Customer,2025-04-29T13:28:06,PDF,Complete,Accepted,Yes,Passed
EVD-00000414,PFXC-000173,Bank Statement,Merchant,2026-01-17T16:34:22,PDF,Complete,Accepted,No,Failed
EVD-00000415,PFXC-000173,Bank Statement,Customer,2026-01-17T15:58:28,PDF,Complete,Accepted,No,Passed
EVD-00000416,PFXC-000173,Receipt,Customer,2026-01-16T08:39:30,PDF,Incomplete,Further Evidence Required,Yes,Passed
EVD-00000417,PFXC-000174,Receipt,Customer,2025-12-22T05:04:39,PDF,Incomplete,Further Evidence Required,Yes,Passed
EVD-00000418,PFXC-000174,Screenshot,Customer,2025-12-22T06:21:03,PDF,Unreadable,Further Evidence Required,No,Passed
EVD-00000419,PFXC-000174,Receipt,Customer,2025-12-21T12:33:25,PDF,Complete,Accepted,No,Failed
EVD-00000420,PFXC-000174,Merchant Communication,Customer,2025-12-21T13:28:42,Other,Incomplete,Further Evidence Required,No,Passed
EVD-00000421,PFXC-000175,Other,Customer,2026-01-23T02:03:35,PDF,Complete,Accepted,No,Passed
EVD-00000422,PFXC-000175,Screenshot,Operations,2026-01-24T17:08:32,Other,Complete,Accepted,No,Passed
EVD-00000423,PFXC-000175,Screenshot,Operations,2026-01-24T09:39:30,CSV,Complete,Accepted,No,Passed
EVD-00000424,PFXC-000175,Bank Statement,Merchant,2026-01-25T18:34:46,Other,Incomplete,Rejected,Yes,Passed
EVD-00000425,PFXC-000176,Screenshot,Merchant,2025-09-04T17:27:56,PDF,Complete,Accepted,No,Not Applicable
EVD-00000426,PFXC-000176,Bank Statement,Customer,2025-09-03T02:47:03,PDF,Complete,Accepted,No,Passed
EVD-00000427,PFXC-000177,Bank Statement,Customer,2025-02-27T12:43:16,PDF,Complete,Accepted,No,Passed
EVD-00000428,PFXC-000178,Receipt,Merchant,2025-07-09T18:27:24,PDF,Complete,Accepted,No,Passed
EVD-00000429,PFXC-000178,Receipt,Customer,2025-07-09T04:58:40,PDF,Complete,Further Evidence Required,No,Passed
EVD-00000430,PFXC-000178,Receipt,Merchant,2025-07-09T17:48:06,PNG,Incomplete,Further Evidence Required,No,Passed
EVD-00000431,PFXC-000178,Bank Statement,Customer,2025-07-08T20:41:49,PDF,Complete,Accepted,No,Passed
EVD-00000432,PFXC-000179,Screenshot,Operations,2026-05-07T10:09:12,PDF,Complete,Accepted,No,Passed
EVD-00000433,PFXC-000180,Receipt,Customer,2026-01-25T12:04:12,JPG,Incomplete,Further Evidence Required,No,Passed
EVD-00000434,PFXC-000180,Screenshot,Customer,2026-01-26T11:11:53,PDF,Complete,Accepted,No,Not Applicable
EVD-00000435,PFXC-000181,Merchant Communication,Customer,2025-12-05T22:57:03,PDF,Complete,Accepted,Yes,Passed
EVD-00000436,PFXC-000181,Other,Operations,2025-12-06T03:44:19,PDF,Complete,Accepted,No,Passed
EVD-00000437,PFXC-000182,Screenshot,Customer,2025-07-29T09:12:47,PDF,Complete,Accepted,No,Passed
EVD-00000438,PFXC-000182,Merchant Communication,Customer,2025-07-30T06:09:06,PDF,Complete,Accepted,No,Passed
EVD-00000439,PFXC-000183,Bank Statement,Customer,2026-01-03T13:03:12,PDF,Complete,Accepted,No,Passed
EVD-00000440,PFXC-000184,Screenshot,Customer,2026-06-15T08:49:01,JPG,Complete,Accepted,No,Passed
EVD-00000441,PFXC-000184,Screenshot,Operations,2026-06-15T02:03:33,JPG,Complete,Accepted,No,Passed
EVD-00000442,PFXC-000185,Receipt,Customer,2025-11-01T10:55:36,Other,Complete,Accepted,Yes,Passed
EVD-00000443,PFXC-000186,Bank Statement,Customer,2025-11-16T06:52:11,PNG,Complete,Accepted,No,Passed
EVD-00000444,PFXC-000186,Screenshot,Customer,2025-11-18T01:59:33,Other,Complete,Accepted,Yes,Passed
EVD-00000445,PFXC-000186,Screenshot,Customer,2025-11-15T12:03:06,Other,Complete,Further Evidence Required,No,Passed
EVD-00000446,PFXC-000186,Merchant Communication,Customer,2025-11-16T17:19:36,PDF,Complete,Accepted,No,Not Applicable
EVD-00000447,PFXC-000187,Other,Customer,2026-01-05T14:11:41,PDF,Complete,Accepted,No,Passed
EVD-00000448,PFXC-000188,Receipt,Customer,2026-05-17T15:54:14,Other,Complete,Accepted,No,Passed
EVD-00000449,PFXC-000188,Identity Evidence,Operations,2026-05-18T05:18:40,PDF,Complete,Accepted,No,Passed
EVD-00000450,PFXC-000189,Merchant Communication,Customer,2025-06-08T10:14:26,JPG,Complete,Accepted,No,Passed
EVD-00000451,PFXC-000189,Screenshot,Customer,2025-06-06T19:25:37,PDF,Incomplete,Rejected,Yes,Not Applicable
EVD-00000452,PFXC-000189,Bank Statement,Customer,2025-06-07T00:54:42,PDF,Incomplete,Further Evidence Required,No,Passed
EVD-00000453,PFXC-000189,Merchant Communication,Customer,2025-06-09T06:24:42,PDF,Complete,Accepted,No,Passed
EVD-00000454,PFXC-000190,Receipt,Customer,2026-03-15T11:28:09,PDF,Complete,Accepted,No,Passed
EVD-00000455,PFXC-000190,Screenshot,Customer,2026-03-14T07:26:28,PDF,Complete,Accepted,No,Not Applicable
EVD-00000456,PFXC-000191,Screenshot,Customer,2026-01-20T10:38:15,PDF,Complete,Accepted,Yes,Passed
EVD-00000457,PFXC-000191,Screenshot,Operations,2026-01-19T13:42:49,CSV,Complete,Further Evidence Required,No,Passed
EVD-00000458,PFXC-000192,Screenshot,Customer,2026-06-11T18:37:56,PDF,Complete,Accepted,No,Passed
EVD-00000459,PFXC-000192,Receipt,Customer,2026-06-12T06:11:02,PDF,Complete,Further Evidence Required,No,Passed
EVD-00000460,PFXC-000193,Merchant Communication,Operations,2025-05-17T07:30:51,CSV,Complete,Accepted,No,Passed
EVD-00000461,PFXC-000193,Receipt,Customer,2025-05-16T15:55:57,JPG,Complete,Accepted,No,Not Applicable
EVD-00000462,PFXC-000194,Merchant Communication,Merchant,2026-03-05T14:39:08,Other,Incomplete,Rejected,No,Passed
EVD-00000463,PFXC-000194,Receipt,Customer,2026-03-06T03:44:09,PDF,Complete,Accepted,No,Passed
EVD-00000464,PFXC-000195,Bank Statement,Operations,2026-05-13T04:25:01,Other,Complete,Accepted,No,Passed
EVD-00000465,PFXC-000195,Screenshot,Customer,2026-05-11T00:14:42,PDF,Complete,Accepted,No,Not Applicable
EVD-00000466,PFXC-000195,Identity Evidence,Customer,2026-05-13T13:37:54,Other,Incomplete,Rejected,Yes,Passed
EVD-00000467,PFXC-000195,Bank Statement,Customer,2026-05-11T15:16:45,PDF,Complete,Accepted,No,Passed
EVD-00000468,PFXC-000196,Receipt,Operations,2025-05-27T17:38:17,PNG,Complete,Accepted,No,Passed
EVD-00000469,PFXC-000196,Screenshot,Customer,2025-05-28T05:08:55,PDF,Incomplete,Further Evidence Required,No,Passed
EVD-00000470,PFXC-000198,Bank Statement,Customer,2025-05-05T18:46:41,PDF,Complete,Accepted,No,Passed
EVD-00000471,PFXC-000198,Merchant Communication,Customer,2025-05-04T22:20:32,PDF,Complete,Accepted,Yes,Passed
EVD-00000472,PFXC-000198,Receipt,Merchant,2025-05-04T15:14:23,PDF,Complete,Accepted,Yes,Passed
EVD-00000473,PFXC-000200,Receipt,Customer,2025-01-16T08:20:41,PDF,Complete,Accepted,No,Not Applicable
EVD-00000474,PFXC-000200,Identity Evidence,Customer,2025-01-17T05:49:44,PDF,Incomplete,Rejected,No,Failed
EVD-00000475,PFXC-000200,Other,Customer,2025-01-16T14:38:27,JPG,Complete,Accepted,No,Passed
EVD-00000476,PFXC-000201,Merchant Communication,Operations,2026-04-15T00:11:40,PDF,Incomplete,Further Evidence Required,No,Passed
EVD-00000477,PFXC-000201,Screenshot,Customer,2026-04-14T03:20:49,PDF,Unreadable,Further Evidence Required,No,Passed
EVD-00000478,PFXC-000202,Bank Statement,Customer,2025-07-07T21:31:39,Other,Complete,Accepted,No,Passed
EVD-00000479,PFXC-000202,Merchant Communication,Merchant,2025-07-07T09:22:29,PDF,Complete,Further Evidence Required,No,Passed
EVD-00000480,PFXC-000202,Merchant Communication,Merchant,2025-07-07T06:01:01,PDF,Complete,Accepted,No,Not Applicable
EVD-00000481,PFXC-000202,Other,Customer,2025-07-08T06:40:50,PNG,Complete,Further Evidence Required,No,Not Applicable
EVD-00000482,PFXC-000203,Bank Statement,Customer,2026-03-21T18:08:35,PDF,Complete,Further Evidence Required,Yes,Passed
EVD-00000483,PFXC-000204,Screenshot,Customer,2025-08-21T14:09:12,JPG,Complete,Accepted,No,Passed
EVD-00000484,PFXC-000205,Merchant Communication,Customer,2025-04-06T07:12:06,JPG,Complete,Accepted,Yes,Passed
EVD-00000485,PFXC-000205,Bank Statement,Customer,2025-04-07T07:01:50,PDF,Complete,Accepted,Yes,Passed
EVD-00000486,PFXC-000206,Screenshot,Merchant,2026-03-16T02:11:11,PDF,Incomplete,Further Evidence Required,No,Passed
EVD-00000487,PFXC-000206,Other,Customer,2026-03-18T01:40:04,PDF,Complete,Accepted,No,Passed
EVD-00000488,PFXC-000207,Merchant Communication,Customer,2026-02-04T21:11:14,PDF,Complete,Accepted,No,Passed
EVD-00000489,PFXC-000207,Receipt,Merchant,2026-02-04T23:05:19,PNG,Complete,Further Evidence Required,No,Passed
EVD-00000490,PFXC-000207,Identity Evidence,Customer,2026-02-04T07:32:40,PDF,Complete,Accepted,Yes,Passed
EVD-00000491,PFXC-000207,Bank Statement,Merchant,2026-02-05T11:03:53,JPG,Complete,Accepted,No,Passed
EVD-00000492,PFXC-000208,Receipt,Customer,2026-04-30T00:26:30,PNG,Complete,Accepted,No,Passed
EVD-00000493,PFXC-000209,Receipt,Customer,2025-11-21T19:58:39,Other,Complete,Accepted,No,Passed
EVD-00000494,PFXC-000209,Screenshot,Operations,2025-11-22T11:11:42,PNG,Complete,Accepted,No,Passed
EVD-00000495,PFXC-000209,Screenshot,Customer,2025-11-24T08:18:01,PDF,Complete,Accepted,No,Passed
EVD-00000496,PFXC-000209,Receipt,Customer,2025-11-22T01:42:15,PDF,Complete,Accepted,No,Failed
EVD-00000497,PFXC-000211,Receipt,Customer,2025-03-25T02:56:47,PDF,Incomplete,Rejected,No,Failed
EVD-00000498,PFXC-000211,Bank Statement,Customer,2025-03-25T17:05:35,Other,Incomplete,Further Evidence Required,No,Not Applicable
EVD-00000499,PFXC-000212,Bank Statement,Customer,2026-06-19T04:28:07,PDF,Complete,Accepted,Yes,Passed
EVD-00000500,PFXC-000212,Bank Statement,Customer,2026-06-18T22:27:52,PDF,Incomplete,Rejected,No,Passed
EVD-00000501,PFXC-000212,Receipt,Customer,2026-06-18T01:44:22,CSV,Complete,Accepted,No,Passed
EVD-00000502,PFXC-000213,Receipt,Customer,2025-08-23T19:34:18,JPG,Complete,Accepted,No,Passed
EVD-00000503,PFXC-000214,Merchant Communication,Customer,2025-09-25T22:23:30,JPG,Complete,Accepted,Yes,Passed
EVD-00000504,PFXC-000215,Bank Statement,Customer,2026-06-25T05:19:45,PDF,Complete,Accepted,No,Passed
EVD-00000505,PFXC-000215,Screenshot,Customer,2026-06-23T17:23:27,PNG,Incomplete,Rejected,No,Passed
EVD-00000506,PFXC-000215,Bank Statement,Customer,2026-06-24T02:56:38,PDF,Complete,Accepted,Yes,Passed
EVD-00000507,PFXC-000215,Screenshot,Customer,2026-06-23T15:56:50,Other,Incomplete,Further Evidence Required,No,Passed
EVD-00000508,PFXC-000216,Other,Merchant,2025-06-15T19:09:05,PDF,Complete,Accepted,No,Passed
EVD-00000509,PFXC-000216,Bank Statement,Customer,2025-06-15T05:05:58,PDF,Complete,Accepted,No,Not Applicable
EVD-00000510,PFXC-000216,Merchant Communication,Operations,2025-06-16T07:44:35,PDF,Complete,Further Evidence Required,Yes,Passed
EVD-00000511,PFXC-000216,Other,Operations,2025-06-16T19:13:17,PDF,Complete,Accepted,No,Not Applicable
EVD-00000512,PFXC-000217,Screenshot,Customer,2025-01-20T18:28:23,PDF,Complete,Accepted,No,Passed
EVD-00000513,PFXC-000217,Merchant Communication,Operations,2025-01-21T23:42:36,PDF,Complete,Further Evidence Required,No,Passed
EVD-00000514,PFXC-000217,Merchant Communication,Operations,2025-01-20T14:26:03,PDF,Complete,Accepted,No,Passed
EVD-00000515,PFXC-000218,Identity Evidence,Customer,2025-09-02T13:59:45,JPG,Complete,Accepted,No,Passed
EVD-00000516,PFXC-000218,Merchant Communication,Customer,2025-09-04T00:09:30,JPG,Complete,Accepted,No,Passed
EVD-00000517,PFXC-000218,Receipt,Customer,2025-09-03T01:26:16,PDF,Complete,Accepted,No,Passed
EVD-00000518,PFXC-000218,Receipt,Customer,2025-09-02T15:46:57,PDF,Complete,Accepted,No,Passed
EVD-00000519,PFXC-000219,Merchant Communication,Customer,2025-09-26T23:33:43,CSV,Unreadable,Further Evidence Required,No,Passed
EVD-00000520,PFXC-000220,Receipt,Customer,2025-04-05T08:11:19,PNG,Complete,Further Evidence Required,No,Passed
EVD-00000521,PFXC-000221,Merchant Communication,Customer,2025-05-31T14:08:21,PDF,Complete,Accepted,No,Passed
EVD-00000522,PFXC-000221,Screenshot,Operations,2025-05-29T04:47:27,Other,Complete,Accepted,No,Passed
EVD-00000523,PFXC-000222,Other,Customer,2026-03-24T01:11:51,JPG,Unreadable,Rejected,No,Passed
EVD-00000524,PFXC-000222,Receipt,Customer,2026-03-25T01:07:44,JPG,Complete,Accepted,No,Passed
EVD-00000525,PFXC-000222,Receipt,Customer,2026-03-24T02:11:49,JPG,Complete,Accepted,No,Passed
EVD-00000526,PFXC-000223,Bank Statement,Customer,2025-08-27T18:00:11,PDF,Incomplete,Further Evidence Required,No,Failed
EVD-00000527,PFXC-000223,Screenshot,Customer,2025-08-28T16:23:44,JPG,Complete,Accepted,No,Passed
EVD-00000528,PFXC-000223,Merchant Communication,Customer,2025-08-26T14:27:14,PDF,Complete,Accepted,No,Not Applicable
EVD-00000529,PFXC-000224,Merchant Communication,Customer,2025-05-05T18:59:59,PDF,Complete,Accepted,No,Passed
EVD-00000530,PFXC-000224,Bank Statement,Customer,2025-05-06T06:47:47,JPG,Unreadable,Rejected,No,Passed
EVD-00000531,PFXC-000224,Bank Statement,Customer,2025-05-07T15:43:44,PDF,Complete,Accepted,No,Passed
EVD-00000532,PFXC-000225,Screenshot,Merchant,2025-05-21T18:44:12,JPG,Complete,Accepted,Yes,Passed
EVD-00000533,PFXC-000225,Other,Customer,2025-05-20T14:57:13,PNG,Incomplete,Further Evidence Required,No,Passed
EVD-00000534,PFXC-000225,Screenshot,Operations,2025-05-20T10:52:55,PDF,Incomplete,Rejected,Yes,Passed
EVD-00000535,PFXC-000225,Screenshot,Customer,2025-05-20T12:58:17,PDF,Incomplete,Rejected,No,Not Applicable
EVD-00000536,PFXC-000226,Merchant Communication,Operations,2025-09-28T13:09:11,JPG,Complete,Accepted,No,Passed
EVD-00000537,PFXC-000226,Receipt,Customer,2025-09-29T01:15:15,PDF,Complete,Accepted,No,Passed
EVD-00000538,PFXC-000226,Receipt,Customer,2025-09-29T16:38:23,PDF,Complete,Further Evidence Required,No,Passed
EVD-00000539,PFXC-000226,Receipt,Customer,2025-09-29T02:31:25,PNG,Unreadable,Rejected,No,Passed
EVD-00000540,PFXC-000228,Other,Customer,2025-07-13T23:38:52,PDF,Complete,Accepted,No,Passed
EVD-00000541,PFXC-000228,Receipt,Customer,2025-07-13T10:13:28,PDF,Complete,Accepted,No,Passed
EVD-00000542,PFXC-000228,Screenshot,Customer,2025-07-15T09:39:43,JPG,Complete,Accepted,No,Failed
EVD-00000543,PFXC-000228,Receipt,Customer,2025-07-13T08:22:13,Other,Complete,Accepted,No,Not Applicable
EVD-00000544,PFXC-000229,Merchant Communication,Customer,2025-03-24T16:44:55,Other,Complete,Accepted,No,Passed
EVD-00000545,PFXC-000229,Screenshot,Customer,2025-03-23T23:39:05,JPG,Complete,Accepted,Yes,Passed
EVD-00000546,PFXC-000229,Merchant Communication,Customer,2025-03-23T05:13:25,PNG,Complete,Accepted,No,Passed
EVD-00000547,PFXC-000229,Screenshot,Customer,2025-03-24T12:53:51,JPG,Complete,Accepted,No,Passed
EVD-00000548,PFXC-000230,Screenshot,Merchant,2025-12-13T07:17:36,JPG,Complete,Accepted,No,Passed
EVD-00000549,PFXC-000230,Merchant Communication,Merchant,2025-12-13T19:00:31,PDF,Complete,Accepted,No,Passed
EVD-00000550,PFXC-000231,Identity Evidence,Customer,2025-01-11T00:08:13,PDF,Complete,Accepted,No,Passed
EVD-00000551,PFXC-000231,Receipt,Operations,2025-01-11T13:56:29,PDF,Complete,Accepted,No,Passed
EVD-00000552,PFXC-000232,Screenshot,Merchant,2025-05-01T00:30:52,PDF,Complete,Accepted,No,Passed
EVD-00000553,PFXC-000232,Other,Customer,2025-05-01T07:40:48,JPG,Complete,Accepted,Yes,Passed
EVD-00000554,PFXC-000232,Merchant Communication,Merchant,2025-05-01T22:42:32,PDF,Complete,Further Evidence Required,No,Passed
EVD-00000555,PFXC-000232,Receipt,Customer,2025-05-02T18:42:15,PDF,Complete,Accepted,No,Passed
EVD-00000556,PFXC-000233,Receipt,Customer,2025-10-21T15:19:46,JPG,Complete,Further Evidence Required,No,Passed
EVD-00000557,PFXC-000233,Screenshot,Customer,2025-10-21T09:17:45,PNG,Complete,Further Evidence Required,No,Passed
EVD-00000558,PFXC-000233,Receipt,Operations,2025-10-22T06:25:25,PNG,Complete,Accepted,No,Passed
EVD-00000559,PFXC-000233,Identity Evidence,Customer,2025-10-23T00:20:09,JPG,Complete,Accepted,No,Passed
EVD-00000560,PFXC-000234,Screenshot,Customer,2026-05-10T19:53:17,PDF,Complete,Accepted,No,Passed
EVD-00000561,PFXC-000234,Screenshot,Customer,2026-05-12T15:55:42,PDF,Incomplete,Rejected,Yes,Passed
EVD-00000562,PFXC-000235,Screenshot,Customer,2026-04-22T05:48:57,PNG,Complete,Accepted,No,Passed
EVD-00000563,PFXC-000235,Screenshot,Operations,2026-04-23T05:38:57,Other,Complete,Accepted,No,Passed
EVD-00000564,PFXC-000236,Receipt,Customer,2025-05-07T03:43:57,JPG,Complete,Accepted,No,Passed
EVD-00000565,PFXC-000237,Screenshot,Customer,2025-07-01T09:11:57,PNG,Complete,Further Evidence Required,Yes,Passed
EVD-00000566,PFXC-000237,Receipt,Customer,2025-07-01T22:03:33,CSV,Complete,Accepted,No,Passed
EVD-00000567,PFXC-000238,Identity Evidence,Customer,2025-02-27T03:51:42,PDF,Complete,Accepted,No,Passed
EVD-00000568,PFXC-000238,Merchant Communication,Customer,2025-02-28T16:52:56,PDF,Complete,Accepted,No,Passed
EVD-00000569,PFXC-000238,Bank Statement,Customer,2025-02-28T02:23:34,JPG,Complete,Accepted,No,Failed
EVD-00000570,PFXC-000239,Merchant Communication,Operations,2025-02-18T08:39:47,PDF,Complete,Accepted,No,Passed
EVD-00000571,PFXC-000239,Bank Statement,Customer,2025-02-17T10:58:21,Other,Complete,Accepted,No,Passed
EVD-00000572,PFXC-000240,Other,Customer,2026-04-13T10:20:20,PNG,Incomplete,Further Evidence Required,No,Passed
EVD-00000573,PFXC-000240,Identity Evidence,Merchant,2026-04-11T21:23:07,PNG,Complete,Accepted,Yes,Not Applicable
EVD-00000574,PFXC-000240,Other,Customer,2026-04-12T18:18:49,JPG,Complete,Accepted,Yes,Passed
EVD-00000575,PFXC-000240,Screenshot,Customer,2026-04-11T14:22:29,JPG,Complete,Accepted,No,Passed
EVD-00000576,PFXC-000241,Receipt,Customer,2025-04-03T19:21:25,JPG,Complete,Further Evidence Required,No,Passed
EVD-00000577,PFXC-000241,Identity Evidence,Customer,2025-04-04T04:04:49,PDF,Complete,Accepted,No,Passed
EVD-00000578,PFXC-000242,Screenshot,Customer,2025-07-30T15:24:51,PNG,Complete,Accepted,No,Passed
EVD-00000579,PFXC-000243,Other,Customer,2026-06-22T06:09:07,PNG,Complete,Accepted,No,Passed
EVD-00000580,PFXC-000243,Bank Statement,Merchant,2026-06-21T07:39:55,PNG,Complete,Accepted,No,Passed
EVD-00000581,PFXC-000243,Bank Statement,Customer,2026-06-19T19:41:50,JPG,Complete,Accepted,No,Passed
EVD-00000582,PFXC-000244,Merchant Communication,Merchant,2026-01-26T09:13:25,JPG,Complete,Accepted,Yes,Passed
EVD-00000583,PFXC-000244,Identity Evidence,Merchant,2026-01-25T03:16:32,PNG,Complete,Accepted,No,Passed
EVD-00000584,PFXC-000244,Bank Statement,Merchant,2026-01-25T16:51:47,PNG,Incomplete,Further Evidence Required,No,Passed
EVD-00000585,PFXC-000245,Receipt,Operations,2025-09-15T07:36:35,PNG,Incomplete,Rejected,Yes,Failed
EVD-00000586,PFXC-000245,Receipt,Customer,2025-09-14T23:39:28,Other,Incomplete,Further Evidence Required,No,Passed
EVD-00000587,PFXC-000245,Screenshot,Customer,2025-09-15T08:02:36,PNG,Complete,Accepted,No,Passed
EVD-00000588,PFXC-000245,Other,Customer,2025-09-16T08:33:29,PDF,Complete,Accepted,No,Passed
EVD-00000589,PFXC-000248,Screenshot,Customer,2025-07-17T15:02:11,JPG,Complete,Accepted,No,Passed
EVD-00000590,PFXC-000249,Screenshot,Operations,2025-12-21T15:12:12,PNG,Complete,Accepted,No,Not Applicable
EVD-00000591,PFXC-000249,Merchant Communication,Customer,2025-12-24T04:20:54,PDF,Complete,Accepted,Yes,Passed
EVD-00000592,PFXC-000249,Merchant Communication,Customer,2025-12-24T01:19:45,JPG,Incomplete,Rejected,No,Passed
EVD-00000593,PFXC-000249,Identity Evidence,Customer,2025-12-23T22:27:45,PDF,Complete,Accepted,Yes,Passed
EVD-00000594,PFXC-000250,Merchant Communication,Merchant,2025-10-04T03:33:59,PNG,Unreadable,Further Evidence Required,No,Not Applicable
EVD-00000595,PFXC-000250,Screenshot,Customer,2025-10-05T05:56:25,CSV,Incomplete,Further Evidence Required,No,Passed
EVD-00000596,PFXC-000250,Identity Evidence,Customer,2025-10-04T13:31:56,PDF,Complete,Accepted,Yes,Passed
EVD-00000597,PFXC-000250,Receipt,Customer,2025-10-04T12:03:20,PDF,Incomplete,Further Evidence Required,Yes,Passed
EVD-00000598,PFXC-000251,Receipt,Customer,2025-01-29T13:57:32,PDF,Complete,Accepted,No,Passed
EVD-00000599,PFXC-000251,Screenshot,Customer,2025-01-29T14:08:03,PDF,Incomplete,Further Evidence Required,No,Passed
EVD-00000600,PFXC-000251,Bank Statement,Operations,2025-01-27T07:13:11,JPG,Complete,Accepted,Yes,Passed
EVD-00000601,PFXC-000252,Bank Statement,Customer,2026-03-29T09:02:44,PDF,Complete,Accepted,No,Passed
EVD-00000602,PFXC-000252,Merchant Communication,Merchant,2026-03-27T17:43:17,Other,Complete,Accepted,No,Not Applicable
EVD-00000603,PFXC-000253,Merchant Communication,Customer,2025-02-27T05:34:21,CSV,Complete,Accepted,No,Passed
EVD-00000604,PFXC-000253,Bank Statement,Customer,2025-02-25T07:21:46,PNG,Complete,Accepted,Yes,Passed
EVD-00000605,PFXC-000253,Receipt,Customer,2025-02-26T18:33:17,PDF,Unreadable,Further Evidence Required,No,Not Applicable
EVD-00000606,PFXC-000255,Merchant Communication,Customer,2025-11-08T08:23:04,PNG,Complete,Accepted,No,Passed
EVD-00000607,PFXC-000256,Identity Evidence,Customer,2026-05-03T23:48:30,PDF,Complete,Accepted,Yes,Passed
EVD-00000608,PFXC-000256,Other,Customer,2026-05-03T17:49:20,JPG,Complete,Accepted,No,Passed
EVD-00000609,PFXC-000256,Screenshot,Customer,2026-05-05T22:42:32,PNG,Complete,Accepted,No,Passed
EVD-00000610,PFXC-000256,Bank Statement,Customer,2026-05-04T03:38:24,PNG,Incomplete,Further Evidence Required,No,Passed
EVD-00000611,PFXC-000257,Other,Customer,2025-04-11T20:58:09,PDF,Complete,Accepted,No,Passed
EVD-00000612,PFXC-000257,Merchant Communication,Customer,2025-04-13T23:28:01,JPG,Complete,Accepted,No,Passed
EVD-00000613,PFXC-000258,Bank Statement,Customer,2026-02-18T06:07:39,PDF,Incomplete,Further Evidence Required,No,Passed
EVD-00000614,PFXC-000258,Identity Evidence,Customer,2026-02-18T22:16:02,Other,Incomplete,Further Evidence Required,No,Passed
EVD-00000615,PFXC-000258,Receipt,Customer,2026-02-20T11:44:38,Other,Complete,Accepted,No,Passed
EVD-00000616,PFXC-000259,Merchant Communication,Customer,2025-10-09T17:58:09,JPG,Incomplete,Further Evidence Required,No,Passed
EVD-00000617,PFXC-000259,Receipt,Customer,2025-10-09T13:54:49,PDF,Complete,Accepted,No,Passed
EVD-00000618,PFXC-000259,Receipt,Customer,2025-10-09T05:53:52,JPG,Complete,Accepted,No,Passed
EVD-00000619,PFXC-000259,Bank Statement,Customer,2025-10-09T11:22:19,PNG,Complete,Accepted,No,Passed
EVD-00000620,PFXC-000260,Bank Statement,Customer,2026-06-29T23:18:14,PDF,Complete,Accepted,Yes,Passed
EVD-00000621,PFXC-000260,Receipt,Customer,2026-06-30T06:41:08,PDF,Complete,Accepted,No,Passed
EVD-00000622,PFXC-000260,Bank Statement,Customer,2026-07-01T00:21:55,PDF,Complete,Accepted,No,Passed
EVD-00000623,PFXC-000260,Identity Evidence,Customer,2026-06-29T12:19:00,PDF,Complete,Accepted,No,Passed
EVD-00000624,PFXC-000261,Other,Operations,2025-07-21T05:53:04,PNG,Complete,Accepted,Yes,Passed
EVD-00000625,PFXC-000261,Bank Statement,Customer,2025-07-22T23:34:11,JPG,Complete,Further Evidence Required,Yes,Passed
EVD-00000626,PFXC-000261,Receipt,Operations,2025-07-21T10:44:16,JPG,Complete,Accepted,No,Passed
EVD-00000627,PFXC-000262,Screenshot,Customer,2025-09-16T18:11:38,PDF,Complete,Accepted,No,Passed
EVD-00000628,PFXC-000262,Receipt,Merchant,2025-09-16T08:49:57,PDF,Complete,Accepted,No,Passed
EVD-00000629,PFXC-000263,Receipt,Operations,2025-11-22T23:56:59,PDF,Complete,Accepted,No,Passed
EVD-00000630,PFXC-000263,Receipt,Customer,2025-11-25T12:48:41,JPG,Complete,Further Evidence Required,No,Passed
EVD-00000631,PFXC-000264,Screenshot,Customer,2025-03-27T04:14:32,PNG,Unreadable,Rejected,No,Passed
EVD-00000632,PFXC-000264,Receipt,Operations,2025-03-25T10:21:55,PNG,Complete,Further Evidence Required,Yes,Passed
EVD-00000633,PFXC-000264,Merchant Communication,Customer,2025-03-26T03:43:28,PDF,Complete,Accepted,No,Passed
EVD-00000634,PFXC-000264,Identity Evidence,Customer,2025-03-26T20:38:20,PDF,Complete,Accepted,Yes,Passed
EVD-00000635,PFXC-000265,Merchant Communication,Customer,2025-05-07T18:23:01,PDF,Incomplete,Rejected,No,Passed
EVD-00000636,PFXC-000265,Other,Customer,2025-05-07T11:59:44,JPG,Complete,Accepted,No,Passed
EVD-00000637,PFXC-000265,Screenshot,Customer,2025-05-05T14:51:37,PDF,Complete,Accepted,No,Passed
EVD-00000638,PFXC-000265,Screenshot,Customer,2025-05-07T09:59:34,PDF,Incomplete,Further Evidence Required,No,Passed
EVD-00000639,PFXC-000266,Receipt,Operations,2025-03-18T21:12:33,PNG,Incomplete,Further Evidence Required,No,Not Applicable
EVD-00000640,PFXC-000266,Bank Statement,Customer,2025-03-18T01:35:50,PDF,Complete,Accepted,No,Not Applicable
EVD-00000641,PFXC-000266,Receipt,Operations,2025-03-16T05:48:23,CSV,Complete,Accepted,No,Passed
EVD-00000642,PFXC-000267,Other,Merchant,2025-11-18T16:18:15,Other,Complete,Accepted,Yes,Passed
EVD-00000643,PFXC-000267,Receipt,Customer,2025-11-18T23:59:59,PDF,Complete,Accepted,Yes,Passed
EVD-00000644,PFXC-000268,Merchant Communication,Customer,2025-03-14T15:50:03,JPG,Complete,Accepted,No,Passed
EVD-00000645,PFXC-000268,Receipt,Merchant,2025-03-16T11:28:46,Other,Complete,Accepted,No,Passed
EVD-00000646,PFXC-000269,Merchant Communication,Customer,2026-05-14T08:37:43,JPG,Incomplete,Rejected,No,Passed
EVD-00000647,PFXC-000269,Merchant Communication,Customer,2026-05-15T13:18:25,PDF,Complete,Accepted,No,Not Applicable
EVD-00000648,PFXC-000269,Bank Statement,Merchant,2026-05-16T07:34:24,JPG,Complete,Accepted,No,Passed
EVD-00000649,PFXC-000270,Screenshot,Customer,2025-12-05T01:47:45,PDF,Incomplete,Rejected,Yes,Passed
EVD-00000650,PFXC-000270,Receipt,Merchant,2025-12-04T20:02:32,Other,Complete,Accepted,Yes,Passed
EVD-00000651,PFXC-000271,Receipt,Customer,2025-07-13T17:35:14,PDF,Incomplete,Rejected,No,Passed
EVD-00000652,PFXC-000272,Bank Statement,Customer,2025-03-06T12:29:38,PNG,Complete,Accepted,No,Passed
EVD-00000653,PFXC-000272,Merchant Communication,Customer,2025-03-05T14:58:26,PDF,Unreadable,Rejected,No,Passed
EVD-00000654,PFXC-000272,Merchant Communication,Customer,2025-03-05T04:04:23,PNG,Complete,Accepted,No,Passed
EVD-00000655,PFXC-000272,Receipt,Customer,2025-03-07T05:33:35,JPG,Complete,Accepted,No,Passed
EVD-00000656,PFXC-000273,Receipt,Customer,2025-04-22T06:04:35,PDF,Complete,Accepted,No,Passed
EVD-00000657,PFXC-000273,Screenshot,Customer,2025-04-20T11:42:17,PDF,Complete,Accepted,No,Passed
EVD-00000658,PFXC-000273,Receipt,Customer,2025-04-20T18:27:58,Other,Complete,Accepted,No,Passed
EVD-00000659,PFXC-000273,Receipt,Customer,2025-04-20T19:26:01,PDF,Incomplete,Further Evidence Required,No,Passed
EVD-00000660,PFXC-000274,Merchant Communication,Customer,2025-08-05T03:26:21,PDF,Complete,Accepted,No,Passed
EVD-00000661,PFXC-000274,Receipt,Merchant,2025-08-03T22:12:58,PDF,Complete,Accepted,Yes,Passed
EVD-00000662,PFXC-000275,Other,Customer,2026-06-18T14:48:08,PNG,Complete,Further Evidence Required,No,Passed
EVD-00000663,PFXC-000275,Merchant Communication,Customer,2026-06-19T00:14:52,JPG,Incomplete,Further Evidence Required,No,Passed
EVD-00000664,PFXC-000275,Identity Evidence,Customer,2026-06-17T18:33:56,PDF,Complete,Accepted,No,Passed
EVD-00000665,PFXC-000275,Receipt,Customer,2026-06-18T04:38:58,PNG,Incomplete,Rejected,No,Passed
EVD-00000666,PFXC-000276,Bank Statement,Customer,2026-04-30T21:18:55,JPG,Complete,Accepted,Yes,Passed
EVD-00000667,PFXC-000276,Merchant Communication,Merchant,2026-05-03T09:47:33,PNG,Complete,Accepted,No,Passed
EVD-00000668,PFXC-000277,Receipt,Customer,2025-11-20T20:11:24,PNG,Complete,Accepted,No,Passed
EVD-00000669,PFXC-000277,Screenshot,Merchant,2025-11-21T09:30:54,Other,Complete,Accepted,No,Passed
EVD-00000670,PFXC-000277,Merchant Communication,Merchant,2025-11-18T22:20:27,PDF,Complete,Accepted,No,Passed
EVD-00000671,PFXC-000278,Bank Statement,Operations,2025-04-11T09:43:07,PNG,Complete,Accepted,Yes,Passed
EVD-00000672,PFXC-000278,Merchant Communication,Operations,2025-04-09T19:48:26,PNG,Unreadable,Further Evidence Required,No,Passed
EVD-00000673,PFXC-000278,Receipt,Operations,2025-04-11T11:57:36,PNG,Complete,Accepted,No,Passed
EVD-00000674,PFXC-000280,Screenshot,Customer,2025-11-25T09:16:36,PNG,Complete,Accepted,No,Passed
EVD-00000675,PFXC-000281,Bank Statement,Customer,2026-05-04T05:02:33,PNG,Complete,Accepted,Yes,Failed
EVD-00000676,PFXC-000281,Receipt,Customer,2026-05-06T07:57:20,PDF,Complete,Accepted,Yes,Passed
EVD-00000677,PFXC-000281,Screenshot,Customer,2026-05-05T05:57:29,PNG,Complete,Accepted,No,Passed
EVD-00000678,PFXC-000282,Identity Evidence,Customer,2025-04-23T05:54:31,PDF,Complete,Accepted,No,Passed
EVD-00000679,PFXC-000282,Identity Evidence,Operations,2025-04-22T19:50:28,PDF,Incomplete,Rejected,No,Passed
EVD-00000680,PFXC-000282,Identity Evidence,Customer,2025-04-22T12:21:44,PDF,Complete,Accepted,No,Not Applicable
EVD-00000681,PFXC-000282,Screenshot,Customer,2025-04-22T21:09:40,PNG,Unreadable,Further Evidence Required,Yes,Passed
EVD-00000682,PFXC-000283,Other,Customer,2026-03-14T18:10:27,Other,Unreadable,Further Evidence Required,No,Passed
EVD-00000683,PFXC-000284,Merchant Communication,Customer,2025-03-21T11:37:02,PDF,Complete,Accepted,No,Not Applicable
EVD-00000684,PFXC-000284,Screenshot,Customer,2025-03-21T21:09:02,PNG,Complete,Accepted,No,Passed
EVD-00000685,PFXC-000284,Screenshot,Customer,2025-03-21T05:51:32,JPG,Complete,Accepted,No,Passed
EVD-00000686,PFXC-000284,Screenshot,Customer,2025-03-20T19:09:43,PDF,Complete,Accepted,No,Not Applicable
EVD-00000687,PFXC-000285,Bank Statement,Customer,2025-09-27T22:35:15,PDF,Incomplete,Further Evidence Required,Yes,Passed
EVD-00000688,PFXC-000285,Other,Merchant,2025-09-29T14:23:58,PDF,Incomplete,Further Evidence Required,No,Passed
EVD-00000689,PFXC-000285,Receipt,Customer,2025-09-28T00:19:04,CSV,Complete,Accepted,No,Passed
EVD-00000690,PFXC-000286,Merchant Communication,Customer,2025-05-12T18:56:19,JPG,Complete,Accepted,No,Passed
EVD-00000691,PFXC-000286,Bank Statement,Customer,2025-05-13T12:45:12,JPG,Complete,Accepted,No,Passed
EVD-00000692,PFXC-000286,Bank Statement,Customer,2025-05-14T08:04:51,Other,Complete,Further Evidence Required,No,Not Applicable
EVD-00000693,PFXC-000287,Identity Evidence,Customer,2025-11-15T20:26:35,PNG,Incomplete,Further Evidence Required,No,Passed
EVD-00000694,PFXC-000287,Screenshot,Customer,2025-11-14T11:19:01,PNG,Complete,Accepted,No,Passed
EVD-00000695,PFXC-000287,Receipt,Merchant,2025-11-15T10:54:45,PNG,Complete,Accepted,No,Passed
EVD-00000696,PFXC-000287,Receipt,Customer,2025-11-15T23:43:52,PNG,Complete,Accepted,No,Failed
EVD-00000697,PFXC-000288,Bank Statement,Customer,2025-03-06T13:57:17,PDF,Complete,Further Evidence Required,No,Passed
EVD-00000698,PFXC-000288,Receipt,Customer,2025-03-07T18:55:08,PNG,Complete,Accepted,No,Passed
EVD-00000699,PFXC-000289,Screenshot,Customer,2025-10-19T14:35:15,PDF,Complete,Accepted,No,Passed
EVD-00000700,PFXC-000289,Other,Customer,2025-10-20T08:50:55,PDF,Complete,Accepted,No,Passed
EVD-00000701,PFXC-000290,Receipt,Merchant,2025-07-09T13:45:55,JPG,Incomplete,Rejected,No,Passed
EVD-00000702,PFXC-000290,Other,Customer,2025-07-09T13:49:40,PDF,Complete,Further Evidence Required,Yes,Passed
EVD-00000703,PFXC-000291,Receipt,Merchant,2026-03-29T09:14:46,PNG,Complete,Accepted,No,Passed
EVD-00000704,PFXC-000291,Merchant Communication,Customer,2026-03-28T18:33:13,JPG,Complete,Accepted,No,Passed
EVD-00000705,PFXC-000291,Receipt,Customer,2026-03-28T03:21:36,JPG,Complete,Accepted,No,Passed
EVD-00000706,PFXC-000292,Screenshot,Customer,2026-04-04T09:41:41,PDF,Unreadable,Further Evidence Required,Yes,Passed
EVD-00000707,PFXC-000292,Screenshot,Customer,2026-04-04T16:26:36,PDF,Complete,Accepted,No,Passed
EVD-00000708,PFXC-000292,Screenshot,Customer,2026-04-06T06:32:32,CSV,Complete,Further Evidence Required,Yes,Passed
EVD-00000709,PFXC-000292,Bank Statement,Customer,2026-04-04T19:53:09,PNG,Complete,Accepted,No,Passed
EVD-00000710,PFXC-000293,Screenshot,Merchant,2025-03-18T22:04:26,PDF,Incomplete,Further Evidence Required,Yes,Passed
EVD-00000711,PFXC-000293,Bank Statement,Customer,2025-03-21T04:42:59,JPG,Incomplete,Further Evidence Required,No,Passed
EVD-00000712,PFXC-000294,Screenshot,Customer,2025-08-12T09:57:28,PDF,Complete,Accepted,No,Not Applicable
EVD-00000713,PFXC-000295,Receipt,Customer,2025-05-31T14:45:54,PDF,Complete,Accepted,Yes,Failed
EVD-00000714,PFXC-000295,Screenshot,Customer,2025-05-30T19:03:13,PDF,Complete,Accepted,Yes,Passed
EVD-00000715,PFXC-000296,Bank Statement,Customer,2025-07-08T12:26:28,PDF,Complete,Further Evidence Required,Yes,Passed
EVD-00000716,PFXC-000296,Bank Statement,Customer,2025-07-09T16:36:05,Other,Complete,Accepted,Yes,Passed
EVD-00000717,PFXC-000297,Merchant Communication,Operations,2026-03-24T05:48:49,PDF,Incomplete,Rejected,No,Passed
EVD-00000718,PFXC-000297,Bank Statement,Customer,2026-03-23T14:38:43,Other,Complete,Accepted,No,Passed
EVD-00000719,PFXC-000298,Bank Statement,Customer,2026-02-07T12:24:44,PDF,Complete,Accepted,No,Passed
EVD-00000720,PFXC-000298,Receipt,Customer,2026-02-08T13:44:00,PDF,Complete,Accepted,No,Passed
EVD-00000721,PFXC-000298,Receipt,Customer,2026-02-09T07:33:09,JPG,Complete,Accepted,No,Failed
EVD-00000722,PFXC-000299,Screenshot,Operations,2025-08-03T03:36:36,JPG,Complete,Accepted,Yes,Not Applicable
EVD-00000723,PFXC-000299,Screenshot,Operations,2025-08-03T02:29:55,PNG,Complete,Accepted,No,Passed
EVD-00000724,PFXC-000299,Merchant Communication,Customer,2025-08-01T02:59:50,JPG,Unreadable,Further Evidence Required,No,Passed
EVD-00000725,PFXC-000299,Bank Statement,Customer,2025-08-01T02:13:38,PDF,Complete,Accepted,No,Passed
EVD-00000726,PFXC-000300,Receipt,Customer,2026-04-20T07:19:10,PNG,Incomplete,Further Evidence Required,No,Passed
EVD-00000727,PFXC-000300,Merchant Communication,Customer,2026-04-18T15:01:43,PNG,Complete,Accepted,Yes,Passed
EVD-00000728,PFXC-000302,Screenshot,Customer,2026-02-20T21:41:33,PNG,Complete,Accepted,No,Passed
EVD-00000729,PFXC-000302,Merchant Communication,Customer,2026-02-18T09:45:42,PDF,Complete,Further Evidence Required,No,Passed
EVD-00000730,PFXC-000302,Bank Statement,Customer,2026-02-20T18:38:03,PNG,Complete,Accepted,No,Passed
EVD-00000731,PFXC-000303,Receipt,Customer,2025-01-08T22:01:19,PDF,Unreadable,Further Evidence Required,No,Not Applicable
EVD-00000732,PFXC-000303,Bank Statement,Merchant,2025-01-07T20:10:53,JPG,Complete,Accepted,No,Passed
EVD-00000733,PFXC-000303,Merchant Communication,Customer,2025-01-09T01:26:21,Other,Complete,Accepted,No,Passed
EVD-00000734,PFXC-000303,Bank Statement,Customer,2025-01-08T08:20:21,CSV,Unreadable,Further Evidence Required,Yes,Passed
EVD-00000735,PFXC-000304,Bank Statement,Merchant,2025-12-24T22:57:47,JPG,Complete,Accepted,No,Passed
EVD-00000736,PFXC-000304,Screenshot,Customer,2025-12-25T17:39:02,CSV,Complete,Accepted,No,Passed
EVD-00000737,PFXC-000304,Screenshot,Customer,2025-12-26T14:21:50,PDF,Incomplete,Further Evidence Required,No,Passed
EVD-00000738,PFXC-000305,Receipt,Merchant,2025-04-02T09:16:43,PDF,Unreadable,Further Evidence Required,No,Passed
EVD-00000739,PFXC-000305,Bank Statement,Customer,2025-04-03T07:44:20,PNG,Complete,Accepted,No,Passed
EVD-00000740,PFXC-000306,Bank Statement,Operations,2025-06-28T16:50:06,PDF,Unreadable,Further Evidence Required,Yes,Passed
EVD-00000741,PFXC-000306,Receipt,Merchant,2025-06-28T11:20:12,JPG,Complete,Accepted,No,Not Applicable
EVD-00000742,PFXC-000306,Other,Customer,2025-06-30T23:37:39,PDF,Incomplete,Rejected,Yes,Passed
EVD-00000743,PFXC-000306,Receipt,Customer,2025-06-28T18:44:24,PNG,Complete,Accepted,No,Passed
EVD-00000744,PFXC-000307,Bank Statement,Customer,2025-12-19T20:17:24,CSV,Complete,Accepted,No,Passed
EVD-00000745,PFXC-000307,Bank Statement,Customer,2025-12-20T23:01:49,PDF,Complete,Accepted,No,Passed
EVD-00000746,PFXC-000307,Merchant Communication,Customer,2025-12-20T22:24:23,PNG,Incomplete,Further Evidence Required,No,Passed
EVD-00000747,PFXC-000307,Merchant Communication,Customer,2025-12-19T11:15:04,PDF,Complete,Accepted,No,Passed
EVD-00000748,PFXC-000308,Bank Statement,Merchant,2025-08-13T05:11:03,PDF,Complete,Accepted,No,Passed
EVD-00000749,PFXC-000308,Merchant Communication,Customer,2025-08-11T00:18:07,JPG,Incomplete,Further Evidence Required,No,Passed
EVD-00000750,PFXC-000308,Receipt,Operations,2025-08-12T18:55:06,PDF,Complete,Accepted,No,Passed
EVD-00000751,PFXC-000309,Receipt,Customer,2025-07-12T11:50:07,PDF,Complete,Accepted,No,Passed
EVD-00000752,PFXC-000309,Screenshot,Customer,2025-07-12T02:07:54,JPG,Complete,Accepted,No,Passed
EVD-00000753,PFXC-000309,Merchant Communication,Customer,2025-07-12T22:09:43,CSV,Complete,Accepted,No,Passed
EVD-00000754,PFXC-000310,Merchant Communication,Customer,2026-01-31T14:46:47,PNG,Complete,Further Evidence Required,No,Passed
EVD-00000755,PFXC-000310,Receipt,Customer,2026-01-31T01:33:43,JPG,Complete,Accepted,Yes,Passed
EVD-00000756,PFXC-000310,Other,Customer,2026-02-01T21:38:28,PNG,Complete,Accepted,No,Passed
EVD-00000757,PFXC-000311,Bank Statement,Customer,2025-10-19T12:04:57,PDF,Complete,Accepted,No,Passed
EVD-00000758,PFXC-000311,Bank Statement,Customer,2025-10-19T17:26:28,PNG,Complete,Further Evidence Required,No,Passed
EVD-00000759,PFXC-000311,Screenshot,Customer,2025-10-21T04:21:50,PNG,Complete,Accepted,No,Not Applicable
EVD-00000760,PFXC-000312,Merchant Communication,Customer,2025-01-12T08:21:39,PNG,Complete,Accepted,No,Passed
EVD-00000761,PFXC-000312,Merchant Communication,Merchant,2025-01-12T13:56:35,PDF,Complete,Accepted,No,Passed
EVD-00000762,PFXC-000312,Merchant Communication,Operations,2025-01-12T18:07:05,PDF,Complete,Further Evidence Required,No,Passed
EVD-00000763,PFXC-000312,Receipt,Customer,2025-01-12T03:17:19,JPG,Complete,Accepted,No,Passed
EVD-00000764,PFXC-000313,Screenshot,Customer,2026-03-03T03:05:43,CSV,Complete,Further Evidence Required,No,Passed
EVD-00000765,PFXC-000313,Receipt,Customer,2026-03-01T09:31:31,JPG,Complete,Accepted,No,Passed
EVD-00000766,PFXC-000315,Receipt,Customer,2026-01-21T04:09:51,PNG,Complete,Accepted,No,Passed
EVD-00000767,PFXC-000315,Merchant Communication,Customer,2026-01-22T19:04:28,PNG,Complete,Accepted,No,Passed
EVD-00000768,PFXC-000316,Bank Statement,Customer,2026-02-02T07:00:18,PDF,Incomplete,Further Evidence Required,Yes,Passed
EVD-00000769,PFXC-000316,Receipt,Merchant,2026-02-03T01:13:45,JPG,Complete,Further Evidence Required,No,Passed
EVD-00000770,PFXC-000317,Bank Statement,Merchant,2025-08-23T02:26:02,Other,Complete,Further Evidence Required,No,Passed
EVD-00000771,PFXC-000317,Screenshot,Customer,2025-08-25T22:38:32,PNG,Complete,Accepted,No,Passed
EVD-00000772,PFXC-000318,Receipt,Customer,2025-08-18T12:35:59,JPG,Complete,Accepted,No,Passed
EVD-00000773,PFXC-000319,Receipt,Customer,2025-03-23T13:57:13,Other,Unreadable,Further Evidence Required,No,Passed
EVD-00000774,PFXC-000319,Screenshot,Merchant,2025-03-25T13:00:22,Other,Complete,Accepted,No,Passed
EVD-00000775,PFXC-000320,Receipt,Customer,2025-03-16T08:55:08,CSV,Complete,Further Evidence Required,No,Not Applicable
EVD-00000776,PFXC-000320,Receipt,Customer,2025-03-16T14:53:39,PDF,Complete,Accepted,No,Passed
EVD-00000777,PFXC-000320,Identity Evidence,Customer,2025-03-14T13:07:00,Other,Complete,Accepted,No,Failed
EVD-00000778,PFXC-000320,Screenshot,Customer,2025-03-16T03:54:15,CSV,Complete,Accepted,No,Passed
EVD-00000779,PFXC-000321,Merchant Communication,Customer,2026-01-15T21:26:41,PDF,Incomplete,Further Evidence Required,Yes,Passed
EVD-00000780,PFXC-000322,Receipt,Merchant,2025-06-21T05:00:07,PDF,Complete,Accepted,Yes,Passed
EVD-00000781,PFXC-000322,Screenshot,Merchant,2025-06-22T14:25:16,PDF,Complete,Further Evidence Required,Yes,Passed
EVD-00000782,PFXC-000322,Merchant Communication,Customer,2025-06-22T05:15:46,PNG,Incomplete,Rejected,Yes,Not Applicable
EVD-00000783,PFXC-000324,Other,Customer,2026-04-01T14:48:44,Other,Complete,Accepted,Yes,Passed
EVD-00000784,PFXC-000324,Bank Statement,Customer,2026-04-01T07:05:39,PDF,Complete,Accepted,No,Passed
EVD-00000785,PFXC-000324,Bank Statement,Customer,2026-03-31T01:40:38,PDF,Complete,Accepted,No,Passed
EVD-00000786,PFXC-000326,Screenshot,Operations,2025-01-20T03:11:04,PNG,Incomplete,Further Evidence Required,No,Not Applicable
EVD-00000787,PFXC-000328,Screenshot,Merchant,2026-02-04T23:09:12,JPG,Complete,Accepted,No,Passed
EVD-00000788,PFXC-000328,Bank Statement,Customer,2026-02-03T23:31:19,JPG,Complete,Accepted,No,Passed
EVD-00000789,PFXC-000328,Receipt,Customer,2026-02-03T20:17:01,PNG,Complete,Accepted,No,Passed
EVD-00000790,PFXC-000329,Bank Statement,Customer,2025-02-09T18:43:03,PNG,Complete,Accepted,No,Passed
EVD-00000791,PFXC-000330,Merchant Communication,Customer,2026-03-29T08:01:09,PDF,Complete,Accepted,No,Passed
EVD-00000792,PFXC-000330,Receipt,Customer,2026-03-28T19:44:53,PDF,Complete,Accepted,No,Passed
EVD-00000793,PFXC-000330,Receipt,Customer,2026-03-28T16:31:09,JPG,Complete,Accepted,No,Passed
EVD-00000794,PFXC-000331,Screenshot,Customer,2026-06-17T11:25:55,PDF,Complete,Further Evidence Required,No,Passed
EVD-00000795,PFXC-000331,Receipt,Customer,2026-06-17T09:03:30,JPG,Incomplete,Further Evidence Required,No,Passed
EVD-00000796,PFXC-000331,Merchant Communication,Customer,2026-06-15T13:02:49,JPG,Complete,Accepted,Yes,Passed
EVD-00000797,PFXC-000332,Merchant Communication,Customer,2025-11-24T13:43:43,JPG,Complete,Accepted,No,Passed
EVD-00000798,PFXC-000332,Bank Statement,Customer,2025-11-25T22:54:58,Other,Incomplete,Further Evidence Required,Yes,Not Applicable
EVD-00000799,PFXC-000332,Receipt,Customer,2025-11-24T22:55:03,PDF,Complete,Accepted,No,Passed
EVD-00000800,PFXC-000333,Merchant Communication,Customer,2025-06-19T23:11:44,PDF,Complete,Further Evidence Required,No,Passed
EVD-00000801,PFXC-000333,Merchant Communication,Customer,2025-06-19T07:32:35,JPG,Complete,Accepted,No,Passed
EVD-00000802,PFXC-000334,Receipt,Merchant,2025-02-21T08:35:23,PNG,Complete,Accepted,No,Passed
EVD-00000803,PFXC-000334,Bank Statement,Merchant,2025-02-23T01:02:34,PNG,Complete,Further Evidence Required,No,Passed
EVD-00000804,PFXC-000334,Bank Statement,Merchant,2025-02-22T16:13:06,PDF,Complete,Accepted,No,Passed
EVD-00000805,PFXC-000334,Other,Customer,2025-02-21T03:15:41,JPG,Complete,Accepted,No,Passed
EVD-00000806,PFXC-000335,Merchant Communication,Merchant,2025-04-08T14:13:27,PDF,Complete,Accepted,No,Passed
EVD-00000807,PFXC-000335,Screenshot,Operations,2025-04-09T02:57:12,Other,Complete,Accepted,Yes,Passed
EVD-00000808,PFXC-000336,Screenshot,Customer,2026-06-22T22:52:52,JPG,Complete,Accepted,No,Passed
EVD-00000809,PFXC-000336,Merchant Communication,Customer,2026-06-23T00:37:44,Other,Complete,Accepted,No,Passed
EVD-00000810,PFXC-000336,Screenshot,Customer,2026-06-22T10:28:11,JPG,Incomplete,Rejected,Yes,Passed
EVD-00000811,PFXC-000337,Receipt,Customer,2026-02-21T11:49:52,Other,Complete,Accepted,No,Not Applicable
EVD-00000812,PFXC-000337,Bank Statement,Customer,2026-02-22T07:11:47,PNG,Unreadable,Rejected,No,Passed
EVD-00000813,PFXC-000337,Receipt,Customer,2026-02-23T15:15:43,PDF,Complete,Further Evidence Required,No,Passed
EVD-00000814,PFXC-000338,Identity Evidence,Customer,2025-02-23T00:06:26,PDF,Unreadable,Further Evidence Required,No,Passed
EVD-00000815,PFXC-000338,Receipt,Operations,2025-02-22T17:01:02,JPG,Complete,Accepted,No,Passed
EVD-00000816,PFXC-000339,Merchant Communication,Customer,2026-06-09T04:56:09,PNG,Complete,Accepted,No,Passed
EVD-00000817,PFXC-000339,Receipt,Customer,2026-06-08T21:35:18,JPG,Complete,Accepted,No,Passed
EVD-00000818,PFXC-000339,Bank Statement,Customer,2026-06-07T17:41:01,JPG,Complete,Further Evidence Required,No,Passed
EVD-00000819,PFXC-000340,Merchant Communication,Merchant,2025-01-20T07:16:35,JPG,Complete,Further Evidence Required,No,Passed
EVD-00000820,PFXC-000340,Screenshot,Customer,2025-01-20T18:38:37,JPG,Incomplete,Further Evidence Required,No,Passed
EVD-00000821,PFXC-000341,Screenshot,Customer,2026-01-10T21:15:21,PNG,Complete,Accepted,No,Passed
EVD-00000822,PFXC-000341,Screenshot,Customer,2026-01-10T16:09:46,PDF,Incomplete,Rejected,Yes,Passed
EVD-00000823,PFXC-000341,Receipt,Customer,2026-01-11T12:18:09,PDF,Complete,Accepted,No,Passed
EVD-00000824,PFXC-000342,Merchant Communication,Customer,2025-12-11T12:09:43,JPG,Complete,Accepted,Yes,Passed
EVD-00000825,PFXC-000342,Screenshot,Customer,2025-12-12T04:34:48,PNG,Complete,Accepted,No,Passed
EVD-00000826,PFXC-000342,Other,Merchant,2025-12-11T05:45:11,PDF,Complete,Accepted,Yes,Passed
EVD-00000827,PFXC-000342,Receipt,Customer,2025-12-11T04:51:54,PNG,Complete,Further Evidence Required,No,Passed
EVD-00000828,PFXC-000343,Identity Evidence,Customer,2025-01-25T12:27:11,PDF,Unreadable,Rejected,No,Passed
EVD-00000829,PFXC-000343,Screenshot,Operations,2025-01-27T02:10:35,JPG,Complete,Accepted,Yes,Failed
EVD-00000830,PFXC-000343,Screenshot,Operations,2025-01-25T04:26:53,CSV,Incomplete,Rejected,No,Passed
EVD-00000831,PFXC-000343,Identity Evidence,Customer,2025-01-25T03:06:50,PDF,Incomplete,Rejected,No,Passed
EVD-00000832,PFXC-000344,Receipt,Customer,2026-03-23T09:28:27,PDF,Complete,Accepted,No,Passed
EVD-00000833,PFXC-000344,Merchant Communication,Customer,2026-03-21T16:23:30,PNG,Complete,Accepted,No,Passed
EVD-00000834,PFXC-000344,Other,Customer,2026-03-22T13:54:18,PNG,Complete,Accepted,No,Passed
EVD-00000835,PFXC-000345,Receipt,Customer,2025-05-01T12:02:00,PDF,Complete,Further Evidence Required,No,Passed
EVD-00000836,PFXC-000345,Merchant Communication,Customer,2025-04-29T18:24:45,Other,Complete,Accepted,No,Passed
EVD-00000837,PFXC-000345,Receipt,Customer,2025-04-29T19:59:20,PDF,Complete,Accepted,No,Passed
EVD-00000838,PFXC-000345,Bank Statement,Operations,2025-05-02T00:17:01,JPG,Complete,Accepted,No,Passed
EVD-00000839,PFXC-000346,Receipt,Customer,2026-06-10T21:58:04,PDF,Complete,Further Evidence Required,No,Passed
EVD-00000840,PFXC-000347,Screenshot,Customer,2026-02-13T08:09:15,Other,Complete,Accepted,No,Passed
EVD-00000841,PFXC-000347,Merchant Communication,Operations,2026-02-15T15:06:56,PNG,Complete,Accepted,No,Passed
EVD-00000842,PFXC-000347,Merchant Communication,Customer,2026-02-14T03:38:49,PNG,Incomplete,Rejected,No,Passed
EVD-00000843,PFXC-000347,Bank Statement,Customer,2026-02-14T01:03:29,PNG,Complete,Accepted,No,Passed
EVD-00000844,PFXC-000349,Merchant Communication,Customer,2026-03-10T09:33:24,PNG,Incomplete,Further Evidence Required,No,Passed
EVD-00000845,PFXC-000350,Bank Statement,Customer,2025-05-18T12:08:05,PDF,Complete,Accepted,No,Passed
EVD-00000846,PFXC-000351,Receipt,Customer,2026-05-07T09:16:06,PNG,Incomplete,Further Evidence Required,No,Passed
EVD-00000847,PFXC-000352,Receipt,Customer,2025-01-14T03:02:09,PDF,Complete,Accepted,No,Passed
EVD-00000848,PFXC-000352,Receipt,Customer,2025-01-13T01:19:38,PDF,Complete,Accepted,No,Passed
EVD-00000849,PFXC-000352,Other,Customer,2025-01-11T19:30:43,Other,Complete,Accepted,Yes,Passed
EVD-00000850,PFXC-000353,Bank Statement,Merchant,2026-06-07T14:25:17,PNG,Complete,Further Evidence Required,No,Passed
EVD-00000851,PFXC-000353,Identity Evidence,Customer,2026-06-06T19:05:22,PDF,Incomplete,Rejected,No,Not Applicable
EVD-00000852,PFXC-000354,Merchant Communication,Customer,2025-11-09T23:30:34,JPG,Complete,Accepted,No,Passed
EVD-00000853,PFXC-000355,Other,Operations,2025-12-17T22:09:35,PDF,Incomplete,Further Evidence Required,No,Passed
EVD-00000854,PFXC-000355,Screenshot,Customer,2025-12-17T14:54:54,PDF,Complete,Accepted,No,Passed
EVD-00000855,PFXC-000355,Merchant Communication,Customer,2025-12-18T01:42:32,PNG,Complete,Accepted,No,Passed
EVD-00000856,PFXC-000356,Screenshot,Customer,2025-09-23T21:47:29,JPG,Complete,Accepted,No,Passed
EVD-00000857,PFXC-000356,Identity Evidence,Customer,2025-09-24T03:32:32,PDF,Complete,Accepted,Yes,Passed
EVD-00000858,PFXC-000356,Receipt,Merchant,2025-09-24T08:37:44,JPG,Complete,Accepted,No,Passed
EVD-00000859,PFXC-000356,Receipt,Customer,2025-09-23T18:47:59,PNG,Complete,Accepted,No,Passed
EVD-00000860,PFXC-000358,Merchant Communication,Customer,2025-11-27T13:06:49,Other,Complete,Accepted,Yes,Passed
EVD-00000861,PFXC-000359,Bank Statement,Customer,2025-12-30T16:46:27,PDF,Complete,Accepted,No,Failed
EVD-00000862,PFXC-000359,Bank Statement,Operations,2025-12-31T14:22:41,Other,Complete,Accepted,No,Passed
EVD-00000863,PFXC-000359,Screenshot,Operations,2025-12-31T12:18:07,PDF,Incomplete,Rejected,No,Not Applicable
EVD-00000864,PFXC-000360,Bank Statement,Customer,2025-02-15T06:20:04,PDF,Incomplete,Further Evidence Required,No,Passed
EVD-00000865,PFXC-000361,Merchant Communication,Customer,2026-01-17T09:10:34,JPG,Incomplete,Further Evidence Required,No,Not Applicable
EVD-00000866,PFXC-000361,Receipt,Customer,2026-01-17T20:17:20,Other,Complete,Accepted,No,Passed
EVD-00000867,PFXC-000362,Screenshot,Customer,2026-06-07T23:28:20,PNG,Complete,Accepted,Yes,Passed
EVD-00000868,PFXC-000362,Receipt,Customer,2026-06-06T18:05:53,PDF,Complete,Further Evidence Required,No,Passed
EVD-00000869,PFXC-000362,Screenshot,Customer,2026-06-06T18:48:07,JPG,Unreadable,Rejected,No,Passed
EVD-00000870,PFXC-000364,Receipt,Customer,2025-08-25T07:19:52,PDF,Complete,Accepted,Yes,Passed
EVD-00000871,PFXC-000365,Receipt,Customer,2026-03-26T17:56:22,PDF,Complete,Accepted,No,Not Applicable
EVD-00000872,PFXC-000365,Screenshot,Customer,2026-03-26T11:17:32,PDF,Complete,Accepted,No,Passed
EVD-00000873,PFXC-000366,Receipt,Customer,2025-08-05T19:25:42,PNG,Complete,Further Evidence Required,No,Not Applicable
EVD-00000874,PFXC-000366,Bank Statement,Operations,2025-08-07T01:18:33,PDF,Complete,Accepted,No,Passed
EVD-00000875,PFXC-000366,Receipt,Merchant,2025-08-06T22:14:26,JPG,Complete,Accepted,No,Passed
EVD-00000876,PFXC-000368,Receipt,Merchant,2025-12-23T06:56:41,JPG,Complete,Accepted,No,Passed
EVD-00000877,PFXC-000368,Receipt,Customer,2025-12-22T23:23:19,PDF,Complete,Accepted,No,Passed
EVD-00000878,PFXC-000368,Other,Customer,2025-12-23T18:44:21,PDF,Complete,Accepted,No,Passed
EVD-00000879,PFXC-000369,Receipt,Customer,2025-05-15T20:11:32,PNG,Incomplete,Further Evidence Required,No,Passed
EVD-00000880,PFXC-000370,Screenshot,Customer,2026-03-30T18:09:40,Other,Complete,Accepted,No,Passed
EVD-00000881,PFXC-000370,Other,Customer,2026-03-31T17:58:23,PDF,Complete,Further Evidence Required,No,Passed
EVD-00000882,PFXC-000370,Receipt,Customer,2026-03-31T05:50:57,PNG,Complete,Accepted,Yes,Passed
EVD-00000883,PFXC-000370,Screenshot,Customer,2026-03-30T11:14:53,PDF,Complete,Accepted,No,Passed
EVD-00000884,PFXC-000371,Identity Evidence,Customer,2026-01-27T21:32:02,PDF,Complete,Accepted,Yes,Passed
EVD-00000885,PFXC-000371,Receipt,Customer,2026-01-26T04:02:01,PNG,Incomplete,Further Evidence Required,No,Passed
EVD-00000886,PFXC-000372,Other,Customer,2026-06-04T13:10:14,PDF,Complete,Accepted,Yes,Passed
EVD-00000887,PFXC-000372,Receipt,Customer,2026-06-04T10:12:25,JPG,Complete,Further Evidence Required,No,Passed
EVD-00000888,PFXC-000372,Receipt,Customer,2026-06-05T03:08:25,Other,Incomplete,Further Evidence Required,Yes,Passed
EVD-00000889,PFXC-000372,Screenshot,Customer,2026-06-05T03:29:19,JPG,Complete,Accepted,No,Passed
EVD-00000890,PFXC-000373,Merchant Communication,Customer,2026-04-11T21:27:50,PDF,Complete,Accepted,No,Passed
EVD-00000891,PFXC-000373,Other,Customer,2026-04-10T12:41:56,PDF,Complete,Accepted,No,Passed
EVD-00000892,PFXC-000374,Receipt,Customer,2025-09-28T19:34:29,PNG,Complete,Accepted,Yes,Passed
EVD-00000893,PFXC-000374,Bank Statement,Customer,2025-09-30T22:48:58,PDF,Complete,Accepted,Yes,Passed
EVD-00000894,PFXC-000375,Bank Statement,Customer,2025-04-24T13:28:23,JPG,Complete,Further Evidence Required,No,Passed
EVD-00000895,PFXC-000375,Merchant Communication,Customer,2025-04-25T09:50:34,CSV,Incomplete,Rejected,No,Passed
EVD-00000896,PFXC-000376,Screenshot,Customer,2025-01-06T14:03:29,JPG,Complete,Accepted,No,Passed
EVD-00000897,PFXC-000376,Merchant Communication,Customer,2025-01-05T20:45:52,PDF,Complete,Accepted,Yes,Passed
EVD-00000898,PFXC-000377,Bank Statement,Customer,2026-02-19T01:12:12,PNG,Complete,Accepted,No,Passed
EVD-00000899,PFXC-000377,Bank Statement,Customer,2026-02-18T10:24:32,PDF,Complete,Further Evidence Required,No,Passed
EVD-00000900,PFXC-000378,Merchant Communication,Customer,2025-01-23T00:52:30,Other,Incomplete,Rejected,Yes,Passed
EVD-00000901,PFXC-000378,Receipt,Customer,2025-01-22T04:50:51,PDF,Complete,Accepted,No,Passed
EVD-00000902,PFXC-000379,Screenshot,Operations,2025-02-09T07:26:40,PDF,Incomplete,Rejected,Yes,Passed
EVD-00000903,PFXC-000380,Screenshot,Customer,2026-06-18T06:58:46,CSV,Complete,Accepted,No,Passed
EVD-00000904,PFXC-000380,Bank Statement,Customer,2026-06-18T20:14:58,PDF,Incomplete,Further Evidence Required,No,Passed
EVD-00000905,PFXC-000380,Merchant Communication,Customer,2026-06-20T09:43:35,PNG,Complete,Accepted,No,Passed
EVD-00000906,PFXC-000381,Merchant Communication,Operations,2025-07-14T05:38:15,PDF,Unreadable,Rejected,No,Passed
EVD-00000907,PFXC-000382,Identity Evidence,Customer,2025-10-30T10:41:18,PDF,Complete,Accepted,No,Passed
EVD-00000908,PFXC-000382,Identity Evidence,Customer,2025-10-31T02:56:56,JPG,Complete,Accepted,No,Passed
EVD-00000909,PFXC-000384,Bank Statement,Merchant,2025-05-15T08:12:19,PNG,Complete,Further Evidence Required,No,Passed
EVD-00000910,PFXC-000384,Merchant Communication,Customer,2025-05-16T02:21:46,PNG,Complete,Accepted,No,Passed
EVD-00000911,PFXC-000384,Bank Statement,Customer,2025-05-14T23:08:29,PNG,Complete,Accepted,No,Passed
EVD-00000912,PFXC-000385,Receipt,Operations,2026-06-27T06:30:40,PDF,Complete,Accepted,No,Passed
EVD-00000913,PFXC-000386,Screenshot,Customer,2026-06-04T15:20:00,Other,Complete,Accepted,No,Passed
EVD-00000914,PFXC-000386,Receipt,Operations,2026-06-04T11:57:27,Other,Complete,Accepted,No,Passed
EVD-00000915,PFXC-000387,Receipt,Customer,2026-03-14T00:08:13,PNG,Unreadable,Further Evidence Required,No,Passed
EVD-00000916,PFXC-000387,Screenshot,Operations,2026-03-12T07:59:44,JPG,Unreadable,Rejected,No,Passed
EVD-00000917,PFXC-000387,Receipt,Customer,2026-03-14T01:40:50,PDF,Complete,Accepted,No,Passed
EVD-00000918,PFXC-000388,Bank Statement,Merchant,2026-04-17T17:21:44,PDF,Complete,Accepted,No,Passed
EVD-00000919,PFXC-000388,Other,Operations,2026-04-19T10:22:55,PNG,Complete,Accepted,No,Passed
EVD-00000920,PFXC-000389,Receipt,Customer,2026-01-06T02:25:34,JPG,Complete,Accepted,No,Passed
EVD-00000921,PFXC-000389,Merchant Communication,Customer,2026-01-03T21:56:43,PDF,Complete,Accepted,No,Passed
EVD-00000922,PFXC-000389,Receipt,Customer,2026-01-03T19:22:35,Other,Complete,Accepted,No,Passed
EVD-00000923,PFXC-000389,Receipt,Customer,2026-01-06T01:36:40,PDF,Incomplete,Further Evidence Required,Yes,Passed
EVD-00000924,PFXC-000390,Receipt,Customer,2026-04-22T17:23:38,PDF,Complete,Further Evidence Required,Yes,Passed
EVD-00000925,PFXC-000390,Merchant Communication,Customer,2026-04-22T09:28:37,JPG,Complete,Accepted,No,Passed
EVD-00000926,PFXC-000391,Screenshot,Merchant,2026-04-06T11:11:22,PDF,Complete,Accepted,No,Passed
EVD-00000927,PFXC-000392,Bank Statement,Operations,2026-06-13T01:16:54,PNG,Complete,Accepted,No,Passed
EVD-00000928,PFXC-000392,Merchant Communication,Customer,2026-06-14T14:38:36,Other,Complete,Accepted,No,Passed
EVD-00000929,PFXC-000392,Merchant Communication,Customer,2026-06-15T00:54:19,PDF,Complete,Accepted,No,Passed
EVD-00000930,PFXC-000392,Screenshot,Customer,2026-06-15T02:34:45,JPG,Complete,Accepted,No,Not Applicable
EVD-00000931,PFXC-000393,Merchant Communication,Merchant,2025-12-04T07:07:38,PDF,Complete,Accepted,No,Passed
EVD-00000932,PFXC-000393,Receipt,Customer,2025-12-04T08:48:37,PDF,Complete,Further Evidence Required,No,Passed
EVD-00000933,PFXC-000393,Receipt,Customer,2025-12-05T00:04:41,Other,Complete,Accepted,No,Passed
EVD-00000934,PFXC-000393,Other,Customer,2025-12-04T18:17:03,PNG,Complete,Accepted,No,Passed
EVD-00000935,PFXC-000394,Bank Statement,Customer,2026-05-29T11:00:23,JPG,Complete,Accepted,No,Passed
EVD-00000936,PFXC-000394,Receipt,Customer,2026-05-28T20:44:12,PNG,Complete,Accepted,No,Passed
EVD-00000937,PFXC-000395,Receipt,Customer,2025-02-24T16:36:56,PDF,Incomplete,Rejected,No,Passed
EVD-00000938,PFXC-000395,Receipt,Merchant,2025-02-22T18:19:13,PNG,Complete,Further Evidence Required,No,Passed
EVD-00000939,PFXC-000395,Receipt,Customer,2025-02-25T04:44:02,PDF,Complete,Accepted,No,Passed
EVD-00000940,PFXC-000396,Receipt,Customer,2026-01-12T14:32:18,PNG,Complete,Accepted,No,Passed
EVD-00000941,PFXC-000396,Other,Merchant,2026-01-13T01:37:13,JPG,Complete,Accepted,No,Passed
EVD-00000942,PFXC-000397,Merchant Communication,Customer,2026-06-29T13:05:07,PNG,Complete,Accepted,No,Passed
EVD-00000943,PFXC-000397,Receipt,Customer,2026-06-27T10:44:46,PDF,Complete,Accepted,Yes,Passed
EVD-00000944,PFXC-000397,Bank Statement,Customer,2026-06-27T01:06:56,CSV,Complete,Accepted,No,Passed
EVD-00000945,PFXC-000399,Screenshot,Merchant,2025-02-19T16:29:29,PNG,Complete,Accepted,No,Passed
EVD-00000946,PFXC-000399,Screenshot,Customer,2025-02-21T13:24:46,JPG,Incomplete,Further Evidence Required,No,Passed
EVD-00000947,PFXC-000399,Bank Statement,Customer,2025-02-19T13:08:18,PNG,Complete,Accepted,No,Passed
EVD-00000948,PFXC-000400,Receipt,Operations,2026-05-16T00:35:50,Other,Complete,Accepted,No,Passed
EVD-00000949,PFXC-000400,Merchant Communication,Customer,2026-05-16T21:09:23,JPG,Complete,Accepted,No,Passed
EVD-00000950,PFXC-000402,Merchant Communication,Customer,2026-06-30T02:42:19,Other,Complete,Accepted,No,Passed
EVD-00000951,PFXC-000402,Receipt,Operations,2026-07-01T16:56:08,Other,Complete,Accepted,Yes,Passed
EVD-00000952,PFXC-000402,Identity Evidence,Customer,2026-06-30T08:06:58,PNG,Complete,Further Evidence Required,No,Passed
EVD-00000953,PFXC-000403,Receipt,Customer,2026-05-19T17:19:04,PNG,Complete,Accepted,No,Passed
EVD-00000954,PFXC-000403,Identity Evidence,Customer,2026-05-21T12:12:29,Other,Incomplete,Further Evidence Required,No,Passed
EVD-00000955,PFXC-000403,Screenshot,Customer,2026-05-21T07:28:51,JPG,Complete,Further Evidence Required,No,Passed
EVD-00000956,PFXC-000403,Other,Merchant,2026-05-19T20:46:49,JPG,Complete,Accepted,No,Not Applicable
EVD-00000957,PFXC-000405,Screenshot,Customer,2025-10-20T04:10:45,PDF,Complete,Accepted,No,Passed
EVD-00000958,PFXC-000405,Screenshot,Customer,2025-10-18T08:33:31,PNG,Unreadable,Rejected,Yes,Passed
EVD-00000959,PFXC-000405,Screenshot,Merchant,2025-10-20T03:22:21,PDF,Incomplete,Further Evidence Required,No,Passed
EVD-00000960,PFXC-000406,Identity Evidence,Customer,2026-01-27T11:37:34,PNG,Complete,Accepted,No,Passed
EVD-00000961,PFXC-000406,Other,Customer,2026-01-25T07:04:50,PDF,Complete,Accepted,No,Passed
EVD-00000962,PFXC-000406,Merchant Communication,Merchant,2026-01-26T08:27:22,PNG,Complete,Accepted,No,Passed
EVD-00000963,PFXC-000407,Other,Customer,2025-05-11T22:51:09,PDF,Complete,Accepted,No,Passed
EVD-00000964,PFXC-000407,Screenshot,Customer,2025-05-13T04:35:42,JPG,Complete,Accepted,No,Passed
EVD-00000965,PFXC-000407,Bank Statement,Customer,2025-05-12T13:36:49,PNG,Complete,Accepted,No,Passed
EVD-00000966,PFXC-000407,Merchant Communication,Merchant,2025-05-12T15:44:34,JPG,Complete,Accepted,No,Passed
EVD-00000967,PFXC-000408,Bank Statement,Customer,2025-04-14T16:39:55,Other,Complete,Accepted,No,Passed
EVD-00000968,PFXC-000408,Screenshot,Customer,2025-04-15T02:40:59,JPG,Incomplete,Further Evidence Required,No,Passed
EVD-00000969,PFXC-000408,Identity Evidence,Customer,2025-04-16T09:39:34,Other,Complete,Accepted,No,Passed
EVD-00000970,PFXC-000408,Bank Statement,Customer,2025-04-14T15:04:20,JPG,Complete,Accepted,No,Passed
EVD-00000971,PFXC-000409,Receipt,Customer,2026-03-20T12:32:23,PNG,Complete,Further Evidence Required,No,Passed
EVD-00000972,PFXC-000409,Bank Statement,Customer,2026-03-22T14:50:22,PDF,Incomplete,Further Evidence Required,No,Passed
EVD-00000973,PFXC-000409,Screenshot,Customer,2026-03-21T10:52:43,PDF,Complete,Accepted,No,Passed
EVD-00000974,PFXC-000409,Receipt,Merchant,2026-03-21T18:05:06,PDF,Complete,Accepted,Yes,Failed
EVD-00000975,PFXC-000410,Bank Statement,Customer,2026-06-11T15:18:08,PDF,Complete,Accepted,Yes,Failed
EVD-00000976,PFXC-000410,Receipt,Customer,2026-06-14T03:07:25,JPG,Complete,Accepted,No,Passed
EVD-00000977,PFXC-000410,Receipt,Operations,2026-06-13T20:12:22,PNG,Complete,Accepted,No,Passed
EVD-00000978,PFXC-000410,Other,Customer,2026-06-13T07:47:01,Other,Complete,Accepted,No,Passed
EVD-00000979,PFXC-000411,Receipt,Customer,2025-05-30T22:18:43,PDF,Complete,Accepted,No,Passed
EVD-00000980,PFXC-000411,Merchant Communication,Customer,2025-05-29T19:44:01,PDF,Complete,Accepted,No,Passed
EVD-00000981,PFXC-000412,Receipt,Merchant,2025-07-21T12:15:31,PNG,Complete,Accepted,Yes,Passed
EVD-00000982,PFXC-000412,Receipt,Customer,2025-07-21T13:04:32,PDF,Complete,Accepted,No,Passed
EVD-00000983,PFXC-000413,Bank Statement,Customer,2026-01-25T03:54:54,JPG,Complete,Accepted,No,Passed
EVD-00000984,PFXC-000413,Receipt,Customer,2026-01-25T08:58:45,Other,Complete,Accepted,Yes,Passed
EVD-00000985,PFXC-000413,Merchant Communication,Customer,2026-01-27T10:31:07,Other,Complete,Further Evidence Required,Yes,Not Applicable
EVD-00000986,PFXC-000413,Bank Statement,Customer,2026-01-26T05:43:59,JPG,Complete,Further Evidence Required,No,Not Applicable
EVD-00000987,PFXC-000414,Screenshot,Customer,2026-01-12T06:32:57,PDF,Incomplete,Further Evidence Required,Yes,Passed
EVD-00000988,PFXC-000414,Screenshot,Customer,2026-01-12T22:50:20,JPG,Complete,Accepted,No,Passed
EVD-00000989,PFXC-000414,Screenshot,Customer,2026-01-10T18:06:15,Other,Incomplete,Rejected,No,Passed
EVD-00000990,PFXC-000415,Identity Evidence,Customer,2025-10-21T15:33:19,PDF,Complete,Accepted,No,Passed
EVD-00000991,PFXC-000415,Merchant Communication,Customer,2025-10-21T17:14:26,PDF,Incomplete,Further Evidence Required,No,Passed
EVD-00000992,PFXC-000416,Receipt,Customer,2025-05-10T20:48:06,PDF,Incomplete,Rejected,No,Passed
EVD-00000993,PFXC-000416,Merchant Communication,Operations,2025-05-10T15:32:56,PNG,Complete,Accepted,No,Passed
EVD-00000994,PFXC-000417,Receipt,Customer,2025-12-17T15:15:33,PDF,Complete,Accepted,No,Passed
EVD-00000995,PFXC-000417,Other,Customer,2025-12-17T05:37:10,CSV,Complete,Accepted,No,Passed
EVD-00000996,PFXC-000418,Bank Statement,Merchant,2026-05-08T06:23:53,PNG,Complete,Accepted,No,Passed
EVD-00000997,PFXC-000418,Receipt,Customer,2026-05-08T02:45:21,PNG,Complete,Accepted,Yes,Passed
EVD-00000998,PFXC-000418,Receipt,Customer,2026-05-08T10:05:30,JPG,Complete,Accepted,No,Passed
EVD-00000999,PFXC-000418,Screenshot,Customer,2026-05-08T19:03:51,JPG,Complete,Accepted,No,Passed
EVD-00001000,PFXC-000419,Merchant Communication,Customer,2025-03-03T19:43:32,PNG,Complete,Accepted,No,Passed
EVD-00001001,PFXC-000419,Identity Evidence,Customer,2025-03-01T21:06:37,Other,Complete,Accepted,Yes,Passed
EVD-00001002,PFXC-000419,Bank Statement,Merchant,2025-03-02T10:16:51,Other,Complete,Accepted,No,Passed
EVD-00001003,PFXC-000419,Receipt,Customer,2025-03-02T07:02:38,PDF,Complete,Accepted,Yes,Passed
EVD-00001004,PFXC-000420,Receipt,Customer,2025-07-25T06:29:17,PDF,Complete,Accepted,Yes,Passed
EVD-00001005,PFXC-000420,Receipt,Customer,2025-07-26T14:01:01,PNG,Complete,Accepted,No,Passed
EVD-00001006,PFXC-000421,Merchant Communication,Customer,2025-03-07T14:17:11,JPG,Complete,Accepted,Yes,Passed
EVD-00001007,PFXC-000421,Bank Statement,Customer,2025-03-08T06:19:23,Other,Complete,Accepted,No,Passed
EVD-00001008,PFXC-000421,Receipt,Customer,2025-03-07T09:55:56,PNG,Complete,Accepted,No,Passed
EVD-00001009,PFXC-000421,Merchant Communication,Operations,2025-03-07T21:49:13,JPG,Complete,Accepted,No,Passed
EVD-00001010,PFXC-000422,Receipt,Customer,2026-03-13T01:03:44,PNG,Complete,Accepted,No,Passed
EVD-00001011,PFXC-000422,Bank Statement,Customer,2026-03-14T22:54:41,PDF,Complete,Accepted,No,Passed
EVD-00001012,PFXC-000422,Screenshot,Customer,2026-03-14T09:45:45,CSV,Complete,Accepted,No,Passed
EVD-00001013,PFXC-000423,Screenshot,Merchant,2025-11-19T16:48:58,PNG,Complete,Accepted,No,Passed
EVD-00001014,PFXC-000423,Screenshot,Customer,2025-11-20T00:27:36,CSV,Complete,Accepted,No,Passed
EVD-00001015,PFXC-000425,Screenshot,Customer,2025-07-22T01:38:12,CSV,Complete,Accepted,No,Passed
EVD-00001016,PFXC-000425,Screenshot,Operations,2025-07-22T07:44:26,PDF,Incomplete,Rejected,Yes,Passed
EVD-00001017,PFXC-000426,Other,Customer,2025-04-30T06:23:52,JPG,Incomplete,Further Evidence Required,No,Passed
EVD-00001018,PFXC-000426,Receipt,Customer,2025-05-01T08:12:30,PDF,Complete,Accepted,No,Passed
EVD-00001019,PFXC-000426,Merchant Communication,Merchant,2025-04-30T21:06:13,PDF,Complete,Accepted,Yes,Passed
EVD-00001020,PFXC-000426,Bank Statement,Customer,2025-04-30T04:25:28,PNG,Complete,Accepted,No,Passed
EVD-00001021,PFXC-000427,Receipt,Customer,2025-08-03T16:28:59,PDF,Complete,Accepted,No,Passed
EVD-00001022,PFXC-000427,Bank Statement,Customer,2025-08-04T07:51:52,PDF,Complete,Further Evidence Required,No,Passed
EVD-00001023,PFXC-000427,Screenshot,Customer,2025-08-02T22:08:59,JPG,Incomplete,Rejected,No,Passed
EVD-00001024,PFXC-000428,Bank Statement,Merchant,2025-09-16T17:45:02,PDF,Complete,Accepted,No,Passed
EVD-00001025,PFXC-000428,Merchant Communication,Customer,2025-09-18T20:01:35,JPG,Complete,Further Evidence Required,No,Passed
EVD-00001026,PFXC-000428,Merchant Communication,Operations,2025-09-16T20:10:44,JPG,Complete,Accepted,Yes,Passed
EVD-00001027,PFXC-000429,Screenshot,Customer,2026-05-26T10:20:16,PNG,Complete,Accepted,No,Not Applicable
EVD-00001028,PFXC-000429,Screenshot,Customer,2026-05-28T14:46:35,JPG,Incomplete,Rejected,No,Passed
EVD-00001029,PFXC-000429,Merchant Communication,Customer,2026-05-27T23:55:00,PDF,Complete,Accepted,No,Passed
EVD-00001030,PFXC-000430,Receipt,Customer,2025-05-27T17:54:39,PDF,Incomplete,Rejected,No,Passed
EVD-00001031,PFXC-000430,Merchant Communication,Customer,2025-05-25T19:35:14,PDF,Incomplete,Rejected,No,Passed
EVD-00001032,PFXC-000431,Receipt,Customer,2025-02-08T20:53:22,JPG,Incomplete,Rejected,No,Passed
EVD-00001033,PFXC-000431,Screenshot,Customer,2025-02-08T15:50:30,PDF,Complete,Further Evidence Required,No,Passed
EVD-00001034,PFXC-000432,Receipt,Customer,2026-03-23T06:05:24,JPG,Incomplete,Further Evidence Required,Yes,Passed
EVD-00001035,PFXC-000432,Bank Statement,Customer,2026-03-23T12:23:35,PNG,Complete,Accepted,No,Passed
EVD-00001036,PFXC-000432,Receipt,Customer,2026-03-23T06:49:02,PNG,Complete,Further Evidence Required,No,Not Applicable
EVD-00001037,PFXC-000432,Receipt,Operations,2026-03-23T20:32:15,JPG,Complete,Accepted,No,Passed
EVD-00001038,PFXC-000433,Receipt,Operations,2026-01-03T05:13:25,PDF,Complete,Accepted,No,Passed
EVD-00001039,PFXC-000433,Receipt,Customer,2026-01-02T06:19:27,PNG,Complete,Accepted,No,Passed
EVD-00001040,PFXC-000433,Receipt,Customer,2025-12-31T10:57:38,PDF,Incomplete,Rejected,No,Passed
EVD-00001041,PFXC-000433,Receipt,Customer,2025-12-31T17:01:19,PDF,Complete,Further Evidence Required,Yes,Passed
EVD-00001042,PFXC-000434,Other,Customer,2026-03-25T03:29:06,PDF,Complete,Accepted,No,Passed
EVD-00001043,PFXC-000434,Screenshot,Customer,2026-03-25T21:19:07,PDF,Complete,Further Evidence Required,No,Passed
EVD-00001044,PFXC-000435,Screenshot,Customer,2025-04-20T15:10:58,JPG,Incomplete,Further Evidence Required,No,Passed
EVD-00001045,PFXC-000436,Screenshot,Customer,2025-03-18T11:58:36,PDF,Complete,Accepted,No,Not Applicable
EVD-00001046,PFXC-000436,Bank Statement,Operations,2025-03-19T08:31:16,PDF,Complete,Accepted,No,Passed
EVD-00001047,PFXC-000437,Bank Statement,Customer,2025-06-19T07:38:55,PDF,Complete,Accepted,No,Passed
EVD-00001048,PFXC-000437,Receipt,Customer,2025-06-17T21:54:14,JPG,Complete,Accepted,No,Passed
EVD-00001049,PFXC-000437,Screenshot,Merchant,2025-06-20T05:07:37,JPG,Complete,Accepted,Yes,Passed
EVD-00001050,PFXC-000437,Screenshot,Customer,2025-06-18T03:01:00,CSV,Complete,Accepted,No,Not Applicable
EVD-00001051,PFXC-000438,Screenshot,Customer,2025-05-27T15:49:24,CSV,Complete,Accepted,No,Passed
EVD-00001052,PFXC-000438,Receipt,Merchant,2025-05-27T06:17:19,PDF,Complete,Further Evidence Required,No,Passed
EVD-00001053,PFXC-000438,Receipt,Customer,2025-05-26T22:37:25,Other,Complete,Accepted,No,Passed
EVD-00001054,PFXC-000439,Receipt,Customer,2025-06-27T00:55:26,PNG,Incomplete,Further Evidence Required,Yes,Passed
EVD-00001055,PFXC-000439,Screenshot,Merchant,2025-06-27T04:54:50,PDF,Complete,Accepted,No,Passed
EVD-00001056,PFXC-000439,Receipt,Customer,2025-06-27T16:39:02,JPG,Complete,Accepted,Yes,Passed
EVD-00001057,PFXC-000439,Bank Statement,Customer,2025-06-25T14:44:23,JPG,Complete,Accepted,No,Passed
EVD-00001058,PFXC-000440,Bank Statement,Operations,2025-01-15T06:14:52,JPG,Complete,Accepted,No,Passed
EVD-00001059,PFXC-000440,Bank Statement,Customer,2025-01-14T21:48:29,CSV,Complete,Accepted,No,Not Applicable
EVD-00001060,PFXC-000441,Receipt,Customer,2026-04-21T06:36:04,JPG,Incomplete,Further Evidence Required,No,Passed
EVD-00001061,PFXC-000441,Bank Statement,Customer,2026-04-21T10:05:10,PNG,Incomplete,Rejected,Yes,Passed
EVD-00001062,PFXC-000441,Identity Evidence,Customer,2026-04-19T11:23:21,PDF,Incomplete,Further Evidence Required,No,Passed
EVD-00001063,PFXC-000442,Merchant Communication,Merchant,2025-08-16T12:17:47,PDF,Complete,Accepted,No,Passed
EVD-00001064,PFXC-000442,Bank Statement,Customer,2025-08-17T02:35:48,PNG,Unreadable,Further Evidence Required,No,Not Applicable
EVD-00001065,PFXC-000443,Bank Statement,Operations,2025-04-21T12:37:18,PDF,Complete,Accepted,No,Passed
EVD-00001066,PFXC-000443,Bank Statement,Customer,2025-04-21T10:25:03,JPG,Complete,Accepted,Yes,Passed
EVD-00001067,PFXC-000443,Merchant Communication,Merchant,2025-04-20T03:16:05,PDF,Complete,Accepted,No,Not Applicable
EVD-00001068,PFXC-000443,Receipt,Customer,2025-04-19T11:46:46,Other,Complete,Accepted,No,Passed
EVD-00001069,PFXC-000444,Screenshot,Customer,2025-01-12T09:54:30,CSV,Incomplete,Further Evidence Required,No,Passed
EVD-00001070,PFXC-000444,Bank Statement,Customer,2025-01-14T08:35:47,PNG,Complete,Accepted,No,Passed
EVD-00001071,PFXC-000445,Receipt,Customer,2025-06-13T01:46:57,JPG,Incomplete,Rejected,Yes,Passed
EVD-00001072,PFXC-000445,Bank Statement,Customer,2025-06-11T03:50:16,JPG,Incomplete,Rejected,No,Passed
EVD-00001073,PFXC-000445,Receipt,Customer,2025-06-11T13:37:19,CSV,Complete,Accepted,No,Passed
EVD-00001074,PFXC-000446,Screenshot,Customer,2025-08-10T02:41:27,PDF,Complete,Accepted,No,Passed
EVD-00001075,PFXC-000447,Receipt,Customer,2026-07-02T07:05:53,PDF,Complete,Accepted,No,Passed
EVD-00001076,PFXC-000447,Merchant Communication,Customer,2026-06-29T17:41:45,PNG,Complete,Accepted,No,Passed
EVD-00001077,PFXC-000447,Screenshot,Merchant,2026-06-30T20:20:25,PDF,Complete,Accepted,No,Passed
EVD-00001078,PFXC-000448,Merchant Communication,Customer,2025-06-23T12:43:23,PDF,Complete,Accepted,No,Passed
EVD-00001079,PFXC-000448,Merchant Communication,Customer,2025-06-23T07:54:51,PDF,Complete,Accepted,No,Passed
EVD-00001080,PFXC-000449,Other,Customer,2025-01-06T00:52:22,PNG,Complete,Accepted,No,Passed
EVD-00001081,PFXC-000449,Merchant Communication,Customer,2025-01-07T09:09:57,PDF,Complete,Further Evidence Required,No,Passed
EVD-00001082,PFXC-000449,Screenshot,Customer,2025-01-07T16:25:50,JPG,Unreadable,Rejected,No,Passed
EVD-00001083,PFXC-000450,Bank Statement,Customer,2025-03-16T14:41:48,PDF,Complete,Accepted,No,Passed
EVD-00001084,PFXC-000450,Receipt,Customer,2025-03-14T17:07:41,Other,Complete,Accepted,No,Passed
EVD-00001085,PFXC-000450,Screenshot,Customer,2025-03-15T23:26:52,Other,Complete,Accepted,No,Passed
EVD-00001086,PFXC-000450,Receipt,Customer,2025-03-15T18:02:25,PDF,Complete,Accepted,Yes,Passed
EVD-00001087,PFXC-000451,Bank Statement,Customer,2025-09-11T09:33:20,PNG,Complete,Accepted,No,Passed
EVD-00001088,PFXC-000451,Receipt,Customer,2025-09-10T16:24:25,Other,Complete,Accepted,No,Passed
EVD-00001089,PFXC-000452,Other,Merchant,2025-09-28T13:18:32,PDF,Complete,Accepted,Yes,Passed
EVD-00001090,PFXC-000452,Other,Customer,2025-09-28T11:33:58,PDF,Complete,Further Evidence Required,No,Passed
EVD-00001091,PFXC-000453,Receipt,Merchant,2025-01-29T08:19:22,PDF,Complete,Accepted,No,Passed
EVD-00001092,PFXC-000454,Receipt,Operations,2025-12-16T17:33:30,JPG,Complete,Accepted,Yes,Passed
EVD-00001093,PFXC-000454,Merchant Communication,Customer,2025-12-16T05:30:24,PDF,Complete,Accepted,No,Passed
EVD-00001094,PFXC-000454,Screenshot,Operations,2025-12-16T08:22:46,CSV,Incomplete,Rejected,No,Passed
EVD-00001095,PFXC-000455,Bank Statement,Customer,2025-03-02T08:59:31,PDF,Complete,Accepted,No,Failed
EVD-00001096,PFXC-000455,Bank Statement,Customer,2025-03-03T00:08:39,Other,Complete,Accepted,Yes,Passed
EVD-00001097,PFXC-000455,Bank Statement,Customer,2025-03-01T15:22:41,PDF,Complete,Accepted,No,Passed
EVD-00001098,PFXC-000455,Screenshot,Customer,2025-03-02T04:07:11,Other,Incomplete,Further Evidence Required,No,Not Applicable
EVD-00001099,PFXC-000456,Bank Statement,Customer,2026-06-06T19:52:36,PDF,Complete,Accepted,No,Passed
EVD-00001100,PFXC-000456,Bank Statement,Customer,2026-06-08T17:32:14,PDF,Complete,Accepted,No,Passed
EVD-00001101,PFXC-000456,Identity Evidence,Merchant,2026-06-06T23:10:24,PDF,Complete,Further Evidence Required,No,Passed
EVD-00001102,PFXC-000456,Receipt,Customer,2026-06-07T02:51:10,JPG,Complete,Accepted,No,Passed
EVD-00001103,PFXC-000457,Other,Customer,2026-03-17T13:04:19,PDF,Incomplete,Rejected,No,Passed
EVD-00001104,PFXC-000457,Merchant Communication,Customer,2026-03-17T15:59:20,PNG,Complete,Accepted,No,Passed
EVD-00001105,PFXC-000457,Bank Statement,Merchant,2026-03-15T09:41:01,PNG,Complete,Accepted,No,Passed
EVD-00001106,PFXC-000458,Receipt,Customer,2025-12-05T09:23:12,Other,Complete,Accepted,No,Passed
EVD-00001107,PFXC-000458,Bank Statement,Operations,2025-12-05T07:54:53,PDF,Unreadable,Rejected,Yes,Passed
EVD-00001108,PFXC-000458,Screenshot,Customer,2025-12-06T11:27:05,PDF,Complete,Accepted,No,Passed
EVD-00001109,PFXC-000460,Screenshot,Customer,2025-12-14T15:35:23,JPG,Complete,Accepted,No,Passed
EVD-00001110,PFXC-000460,Merchant Communication,Customer,2025-12-14T18:45:18,PDF,Complete,Accepted,No,Passed
EVD-00001111,PFXC-000461,Receipt,Customer,2026-03-20T11:10:10,PDF,Unreadable,Rejected,Yes,Passed
EVD-00001112,PFXC-000461,Screenshot,Customer,2026-03-19T12:36:43,PNG,Complete,Accepted,No,Passed
EVD-00001113,PFXC-000462,Screenshot,Customer,2025-11-21T15:50:01,PDF,Complete,Further Evidence Required,No,Passed
EVD-00001114,PFXC-000462,Receipt,Customer,2025-11-20T22:13:01,JPG,Complete,Accepted,No,Passed
EVD-00001115,PFXC-000463,Receipt,Operations,2025-09-22T21:59:53,PDF,Complete,Accepted,No,Passed
EVD-00001116,PFXC-000463,Receipt,Customer,2025-09-25T10:01:34,Other,Complete,Accepted,No,Passed
EVD-00001117,PFXC-000463,Screenshot,Customer,2025-09-24T15:16:34,JPG,Complete,Accepted,No,Passed
EVD-00001118,PFXC-000464,Bank Statement,Customer,2025-09-21T20:52:49,PNG,Complete,Accepted,No,Passed
EVD-00001119,PFXC-000464,Bank Statement,Customer,2025-09-20T00:55:44,Other,Complete,Further Evidence Required,Yes,Passed
EVD-00001120,PFXC-000465,Identity Evidence,Merchant,2025-11-14T21:33:41,PDF,Complete,Accepted,No,Passed
EVD-00001121,PFXC-000465,Screenshot,Customer,2025-11-16T06:50:52,PDF,Complete,Accepted,No,Passed
EVD-00001122,PFXC-000465,Bank Statement,Customer,2025-11-16T05:43:09,PDF,Incomplete,Further Evidence Required,No,Passed
EVD-00001123,PFXC-000465,Screenshot,Customer,2025-11-16T09:25:44,PDF,Complete,Accepted,Yes,Passed
EVD-00001124,PFXC-000466,Merchant Communication,Operations,2026-03-04T00:50:48,PDF,Complete,Accepted,Yes,Passed
EVD-00001125,PFXC-000466,Bank Statement,Operations,2026-03-05T09:14:58,Other,Complete,Accepted,No,Passed
EVD-00001126,PFXC-000467,Receipt,Operations,2025-02-11T17:32:12,CSV,Complete,Further Evidence Required,No,Passed
EVD-00001127,PFXC-000467,Other,Customer,2025-02-10T22:10:45,PDF,Complete,Accepted,Yes,Passed
EVD-00001128,PFXC-000468,Merchant Communication,Customer,2025-03-15T12:41:54,PDF,Incomplete,Rejected,Yes,Not Applicable
EVD-00001129,PFXC-000468,Receipt,Customer,2025-03-15T13:51:34,Other,Complete,Accepted,No,Passed
EVD-00001130,PFXC-000468,Screenshot,Operations,2025-03-15T17:32:19,PDF,Complete,Accepted,Yes,Passed
EVD-00001131,PFXC-000469,Screenshot,Merchant,2025-01-04T13:51:42,PDF,Complete,Accepted,No,Passed
EVD-00001132,PFXC-000470,Merchant Communication,Customer,2025-03-30T11:01:24,PDF,Complete,Further Evidence Required,No,Passed
EVD-00001133,PFXC-000471,Other,Customer,2026-02-03T13:27:20,PDF,Incomplete,Further Evidence Required,No,Passed
EVD-00001134,PFXC-000471,Receipt,Customer,2026-02-03T06:43:19,PDF,Complete,Accepted,No,Passed
EVD-00001135,PFXC-000472,Screenshot,Customer,2025-05-10T01:06:41,PDF,Complete,Accepted,No,Passed
EVD-00001136,PFXC-000472,Bank Statement,Customer,2025-05-10T15:47:06,PDF,Complete,Further Evidence Required,No,Passed
EVD-00001137,PFXC-000472,Merchant Communication,Customer,2025-05-11T03:44:10,JPG,Complete,Accepted,No,Passed
EVD-00001138,PFXC-000472,Screenshot,Customer,2025-05-10T12:54:20,PDF,Incomplete,Further Evidence Required,No,Passed
EVD-00001139,PFXC-000473,Receipt,Customer,2025-11-18T02:16:18,JPG,Complete,Accepted,No,Passed
EVD-00001140,PFXC-000473,Merchant Communication,Customer,2025-11-20T02:15:16,PDF,Complete,Further Evidence Required,No,Passed
EVD-00001141,PFXC-000473,Merchant Communication,Customer,2025-11-19T22:41:59,PNG,Complete,Accepted,Yes,Not Applicable
EVD-00001142,PFXC-000474,Other,Customer,2026-06-07T06:39:00,PDF,Complete,Accepted,No,Passed
EVD-00001143,PFXC-000474,Merchant Communication,Customer,2026-06-05T07:36:45,PDF,Complete,Accepted,No,Passed
EVD-00001144,PFXC-000475,Merchant Communication,Merchant,2026-04-12T17:32:58,PDF,Incomplete,Rejected,No,Failed
EVD-00001145,PFXC-000476,Merchant Communication,Customer,2025-11-04T20:44:13,PDF,Complete,Accepted,No,Passed
EVD-00001146,PFXC-000478,Receipt,Customer,2026-02-23T14:14:11,PDF,Complete,Accepted,No,Passed
EVD-00001147,PFXC-000478,Other,Customer,2026-02-22T08:58:58,PDF,Complete,Accepted,No,Passed
EVD-00001148,PFXC-000478,Other,Merchant,2026-02-23T16:22:27,JPG,Complete,Accepted,No,Passed
EVD-00001149,PFXC-000479,Receipt,Customer,2025-10-21T04:30:22,PDF,Incomplete,Further Evidence Required,No,Passed
EVD-00001150,PFXC-000479,Other,Customer,2025-10-23T13:59:48,PNG,Complete,Accepted,No,Passed
EVD-00001151,PFXC-000480,Screenshot,Customer,2025-05-24T02:04:40,JPG,Complete,Accepted,No,Failed
EVD-00001152,PFXC-000481,Receipt,Customer,2025-06-15T04:00:48,PNG,Complete,Accepted,No,Passed
EVD-00001153,PFXC-000481,Receipt,Operations,2025-06-14T19:56:09,JPG,Incomplete,Further Evidence Required,No,Passed
EVD-00001154,PFXC-000481,Screenshot,Customer,2025-06-14T02:19:00,Other,Incomplete,Rejected,No,Passed
EVD-00001155,PFXC-000481,Screenshot,Customer,2025-06-15T03:21:27,PDF,Incomplete,Rejected,No,Failed
EVD-00001156,PFXC-000482,Receipt,Operations,2025-10-24T11:06:16,CSV,Complete,Further Evidence Required,No,Not Applicable
EVD-00001157,PFXC-000482,Merchant Communication,Customer,2025-10-24T16:51:51,PDF,Complete,Accepted,No,Passed
EVD-00001158,PFXC-000482,Merchant Communication,Customer,2025-10-24T07:10:20,PDF,Incomplete,Rejected,Yes,Passed
EVD-00001159,PFXC-000482,Receipt,Customer,2025-10-22T21:34:41,PNG,Complete,Accepted,No,Passed
EVD-00001160,PFXC-000483,Receipt,Customer,2025-01-16T05:01:03,PDF,Complete,Accepted,Yes,Passed
EVD-00001161,PFXC-000483,Receipt,Customer,2025-01-16T17:23:02,JPG,Complete,Accepted,No,Passed
EVD-00001162,PFXC-000484,Other,Customer,2026-04-20T03:35:26,PDF,Incomplete,Rejected,No,Passed
EVD-00001163,PFXC-000484,Screenshot,Customer,2026-04-21T00:26:07,JPG,Complete,Accepted,No,Passed
EVD-00001164,PFXC-000484,Receipt,Customer,2026-04-20T20:41:16,Other,Complete,Accepted,No,Passed
EVD-00001165,PFXC-000485,Other,Customer,2025-02-06T15:18:18,PNG,Complete,Accepted,No,Passed
EVD-00001166,PFXC-000485,Other,Customer,2025-02-08T10:46:14,PDF,Complete,Accepted,Yes,Passed
EVD-00001167,PFXC-000486,Receipt,Customer,2025-07-21T19:36:37,Other,Complete,Accepted,No,Passed
EVD-00001168,PFXC-000486,Screenshot,Customer,2025-07-20T14:51:45,JPG,Complete,Accepted,No,Passed
EVD-00001169,PFXC-000487,Receipt,Customer,2025-07-27T01:30:15,PDF,Incomplete,Rejected,No,Passed
EVD-00001170,PFXC-000487,Bank Statement,Merchant,2025-07-26T03:54:21,PDF,Complete,Accepted,No,Passed
EVD-00001171,PFXC-000488,Merchant Communication,Customer,2026-01-14T10:43:36,CSV,Complete,Accepted,No,Passed
EVD-00001172,PFXC-000489,Receipt,Customer,2025-12-12T21:38:14,PDF,Incomplete,Rejected,No,Passed
EVD-00001173,PFXC-000490,Receipt,Customer,2025-05-18T16:05:42,PDF,Complete,Accepted,No,Passed
EVD-00001174,PFXC-000491,Receipt,Customer,2025-08-03T21:18:54,PNG,Incomplete,Rejected,No,Passed
EVD-00001175,PFXC-000491,Screenshot,Operations,2025-08-01T19:26:47,PDF,Complete,Accepted,No,Passed
EVD-00001176,PFXC-000491,Receipt,Customer,2025-08-03T00:27:55,PDF,Complete,Accepted,No,Passed
EVD-00001177,PFXC-000492,Merchant Communication,Customer,2025-07-01T03:59:46,PNG,Complete,Accepted,No,Passed
EVD-00001178,PFXC-000492,Receipt,Customer,2025-06-30T08:09:28,PDF,Complete,Accepted,Yes,Passed
EVD-00001179,PFXC-000492,Merchant Communication,Customer,2025-07-02T16:50:15,CSV,Complete,Accepted,No,Passed
EVD-00001180,PFXC-000492,Receipt,Customer,2025-07-01T04:10:52,PNG,Complete,Accepted,Yes,Passed
EVD-00001181,PFXC-000494,Receipt,Operations,2025-04-02T17:06:02,PNG,Complete,Accepted,Yes,Passed
EVD-00001182,PFXC-000494,Receipt,Customer,2025-03-31T14:56:51,PDF,Unreadable,Rejected,No,Passed
EVD-00001183,PFXC-000495,Merchant Communication,Merchant,2025-02-09T10:01:57,PDF,Complete,Accepted,No,Passed
EVD-00001184,PFXC-000495,Other,Customer,2025-02-10T11:27:30,PNG,Complete,Accepted,No,Passed
EVD-00001185,PFXC-000495,Bank Statement,Customer,2025-02-08T19:40:58,PDF,Complete,Accepted,No,Passed
EVD-00001186,PFXC-000496,Receipt,Merchant,2025-05-09T13:49:13,PNG,Complete,Accepted,No,Passed
EVD-00001187,PFXC-000496,Receipt,Customer,2025-05-10T07:17:20,PNG,Complete,Accepted,No,Passed
EVD-00001188,PFXC-000497,Receipt,Merchant,2025-10-23T19:44:58,PNG,Complete,Further Evidence Required,No,Passed
EVD-00001189,PFXC-000497,Screenshot,Customer,2025-10-21T20:47:34,PDF,Complete,Accepted,No,Passed
EVD-00001190,PFXC-000497,Identity Evidence,Operations,2025-10-23T11:33:58,PDF,Complete,Accepted,No,Passed
EVD-00001191,PFXC-000498,Bank Statement,Customer,2025-04-24T20:48:37,PNG,Complete,Accepted,Yes,Passed
EVD-00001192,PFXC-000499,Receipt,Operations,2025-12-22T16:15:11,PDF,Complete,Accepted,Yes,Passed
EVD-00001193,PFXC-000499,Identity Evidence,Customer,2025-12-23T15:42:29,PDF,Complete,Accepted,No,Passed
EVD-00001194,PFXC-000499,Bank Statement,Customer,2025-12-23T00:21:02,PDF,Incomplete,Further Evidence Required,No,Passed
EVD-00001195,PFXC-000499,Other,Merchant,2025-12-24T02:10:27,PDF,Complete,Accepted,No,Passed
EVD-00001196,PFXC-000500,Screenshot,Customer,2026-01-09T09:37:50,Other,Complete,Accepted,Yes,Passed
EVD-00001197,PFXC-000500,Merchant Communication,Customer,2026-01-08T08:21:32,PDF,Complete,Accepted,No,Passed
EVD-00001198,PFXC-000500,Receipt,Merchant,2026-01-07T04:31:35,JPG,Complete,Accepted,Yes,Passed
EVD-00001199,PFXC-000501,Screenshot,Merchant,2025-08-03T02:06:37,PNG,Incomplete,Further Evidence Required,No,Passed
EVD-00001200,PFXC-000501,Screenshot,Merchant,2025-08-04T04:23:53,PNG,Complete,Accepted,No,Passed
EVD-00001201,PFXC-000501,Bank Statement,Operations,2025-08-02T18:17:08,JPG,Complete,Accepted,No,Passed
EVD-00001202,PFXC-000503,Bank Statement,Customer,2025-03-22T16:30:43,JPG,Complete,Accepted,No,Passed
EVD-00001203,PFXC-000503,Merchant Communication,Customer,2025-03-22T16:35:51,PDF,Complete,Accepted,No,Passed
EVD-00001204,PFXC-000504,Other,Operations,2026-02-16T21:56:18,JPG,Complete,Accepted,No,Passed
EVD-00001205,PFXC-000504,Merchant Communication,Operations,2026-02-18T03:24:39,PNG,Complete,Accepted,No,Passed
EVD-00001206,PFXC-000504,Receipt,Operations,2026-02-16T04:29:51,JPG,Complete,Accepted,No,Passed
EVD-00001207,PFXC-000505,Receipt,Merchant,2025-09-08T17:23:44,PDF,Complete,Accepted,No,Passed
EVD-00001208,PFXC-000506,Screenshot,Customer,2026-01-24T23:02:16,Other,Complete,Accepted,No,Passed
EVD-00001209,PFXC-000506,Bank Statement,Customer,2026-01-26T01:42:54,PDF,Complete,Accepted,Yes,Passed
EVD-00001210,PFXC-000508,Bank Statement,Merchant,2025-08-16T15:35:04,PNG,Complete,Further Evidence Required,No,Not Applicable
EVD-00001211,PFXC-000508,Screenshot,Customer,2025-08-18T04:47:15,Other,Complete,Accepted,No,Passed
EVD-00001212,PFXC-000508,Merchant Communication,Customer,2025-08-17T17:16:19,PDF,Complete,Further Evidence Required,Yes,Passed
EVD-00001213,PFXC-000508,Bank Statement,Merchant,2025-08-18T17:00:08,PDF,Complete,Accepted,No,Passed
EVD-00001214,PFXC-000509,Identity Evidence,Merchant,2026-01-30T04:44:50,JPG,Complete,Accepted,No,Passed
EVD-00001215,PFXC-000509,Merchant Communication,Customer,2026-01-31T00:38:46,Other,Complete,Accepted,No,Passed
EVD-00001216,PFXC-000510,Merchant Communication,Customer,2025-12-12T04:12:14,CSV,Complete,Accepted,No,Passed
EVD-00001217,PFXC-000510,Merchant Communication,Merchant,2025-12-13T00:17:37,JPG,Complete,Accepted,No,Passed
EVD-00001218,PFXC-000510,Screenshot,Customer,2025-12-12T23:42:36,JPG,Complete,Accepted,No,Passed
EVD-00001219,PFXC-000511,Bank Statement,Customer,2025-06-09T12:14:11,CSV,Incomplete,Rejected,No,Passed
EVD-00001220,PFXC-000511,Bank Statement,Customer,2025-06-08T21:20:27,JPG,Complete,Accepted,Yes,Passed
EVD-00001221,PFXC-000511,Identity Evidence,Merchant,2025-06-09T16:39:44,PDF,Complete,Accepted,No,Passed
EVD-00001222,PFXC-000513,Screenshot,Customer,2026-06-10T23:11:54,PDF,Complete,Accepted,No,Passed
EVD-00001223,PFXC-000513,Bank Statement,Customer,2026-06-09T03:36:35,PDF,Complete,Accepted,No,Passed
EVD-00001224,PFXC-000514,Other,Customer,2025-12-17T16:18:53,PDF,Incomplete,Further Evidence Required,No,Passed
EVD-00001225,PFXC-000514,Receipt,Customer,2025-12-16T13:00:05,PDF,Incomplete,Rejected,No,Passed
EVD-00001226,PFXC-000514,Receipt,Customer,2025-12-18T13:22:21,Other,Complete,Accepted,No,Passed
EVD-00001227,PFXC-000514,Receipt,Customer,2025-12-16T02:21:27,Other,Incomplete,Further Evidence Required,No,Passed
EVD-00001228,PFXC-000515,Receipt,Customer,2025-08-06T19:10:10,PDF,Complete,Accepted,Yes,Passed
EVD-00001229,PFXC-000515,Bank Statement,Customer,2025-08-08T21:32:32,CSV,Complete,Further Evidence Required,No,Passed
EVD-00001230,PFXC-000515,Identity Evidence,Customer,2025-08-06T21:24:41,Other,Complete,Accepted,No,Passed
EVD-00001231,PFXC-000515,Receipt,Customer,2025-08-08T11:10:46,PDF,Incomplete,Rejected,No,Passed
EVD-00001232,PFXC-000516,Screenshot,Customer,2025-02-08T13:24:26,PDF,Complete,Accepted,Yes,Passed
EVD-00001233,PFXC-000516,Merchant Communication,Customer,2025-02-09T17:22:53,PDF,Complete,Accepted,No,Passed
EVD-00001234,PFXC-000516,Screenshot,Customer,2025-02-10T06:23:25,PNG,Complete,Accepted,Yes,Passed
EVD-00001235,PFXC-000516,Merchant Communication,Customer,2025-02-10T11:23:44,JPG,Complete,Accepted,No,Passed
EVD-00001236,PFXC-000518,Receipt,Customer,2025-08-06T20:17:54,PDF,Incomplete,Further Evidence Required,Yes,Passed
EVD-00001237,PFXC-000519,Merchant Communication,Customer,2025-02-24T14:34:49,JPG,Complete,Accepted,No,Passed
EVD-00001238,PFXC-000519,Other,Customer,2025-02-24T11:45:01,PNG,Complete,Further Evidence Required,No,Passed
EVD-00001239,PFXC-000519,Receipt,Customer,2025-02-25T04:31:22,PNG,Complete,Further Evidence Required,No,Passed
EVD-00001240,PFXC-000520,Merchant Communication,Customer,2026-01-22T14:35:26,Other,Complete,Accepted,No,Passed
EVD-00001241,PFXC-000520,Identity Evidence,Customer,2026-01-22T18:30:37,Other,Complete,Accepted,No,Passed
EVD-00001242,PFXC-000520,Screenshot,Operations,2026-01-22T20:51:54,PDF,Complete,Accepted,Yes,Passed
EVD-00001243,PFXC-000521,Screenshot,Merchant,2026-02-02T13:10:42,JPG,Complete,Accepted,No,Passed
EVD-00001244,PFXC-000521,Receipt,Customer,2026-02-04T00:38:08,PDF,Complete,Accepted,No,Passed
EVD-00001245,PFXC-000521,Receipt,Customer,2026-02-04T06:54:37,JPG,Incomplete,Rejected,No,Passed
EVD-00001246,PFXC-000522,Merchant Communication,Customer,2026-04-13T00:49:59,PDF,Complete,Accepted,No,Passed
EVD-00001247,PFXC-000522,Identity Evidence,Customer,2026-04-11T18:23:27,PNG,Complete,Accepted,No,Passed
EVD-00001248,PFXC-000523,Screenshot,Customer,2026-04-27T03:58:47,JPG,Complete,Accepted,No,Failed
EVD-00001249,PFXC-000523,Merchant Communication,Customer,2026-04-24T19:42:56,PDF,Complete,Accepted,No,Passed
EVD-00001250,PFXC-000523,Screenshot,Operations,2026-04-26T14:46:13,PNG,Complete,Accepted,No,Passed
EVD-00001251,PFXC-000523,Bank Statement,Merchant,2026-04-25T16:35:26,PNG,Incomplete,Rejected,No,Passed
EVD-00001252,PFXC-000524,Screenshot,Customer,2025-05-15T01:22:51,JPG,Complete,Accepted,Yes,Passed
EVD-00001253,PFXC-000524,Bank Statement,Customer,2025-05-15T04:10:01,PDF,Complete,Accepted,Yes,Passed
EVD-00001254,PFXC-000524,Receipt,Customer,2025-05-15T03:39:32,PDF,Complete,Accepted,No,Passed
EVD-00001255,PFXC-000525,Bank Statement,Customer,2026-02-13T08:44:59,CSV,Complete,Accepted,No,Passed
EVD-00001256,PFXC-000525,Bank Statement,Customer,2026-02-13T10:24:38,PDF,Complete,Accepted,No,Passed
EVD-00001257,PFXC-000526,Merchant Communication,Customer,2026-01-08T10:36:51,Other,Complete,Further Evidence Required,No,Passed
EVD-00001258,PFXC-000527,Bank Statement,Merchant,2026-03-08T06:09:31,PDF,Complete,Accepted,Yes,Passed
EVD-00001259,PFXC-000527,Screenshot,Customer,2026-03-06T18:48:33,JPG,Complete,Accepted,No,Passed
EVD-00001260,PFXC-000527,Merchant Communication,Operations,2026-03-07T07:31:32,JPG,Complete,Accepted,No,Passed
EVD-00001261,PFXC-000527,Screenshot,Customer,2026-03-06T18:56:07,JPG,Incomplete,Further Evidence Required,No,Passed
EVD-00001262,PFXC-000528,Merchant Communication,Customer,2025-02-22T09:50:53,PDF,Complete,Accepted,Yes,Passed
EVD-00001263,PFXC-000528,Screenshot,Customer,2025-02-23T21:42:15,PDF,Complete,Accepted,Yes,Passed
EVD-00001264,PFXC-000528,Merchant Communication,Customer,2025-02-23T09:56:07,JPG,Incomplete,Further Evidence Required,Yes,Passed
EVD-00001265,PFXC-000528,Merchant Communication,Customer,2025-02-23T21:02:22,JPG,Complete,Accepted,No,Passed
EVD-00001266,PFXC-000529,Receipt,Customer,2025-06-19T14:58:49,PNG,Complete,Accepted,No,Not Applicable
EVD-00001267,PFXC-000529,Receipt,Customer,2025-06-18T03:34:52,PDF,Complete,Accepted,No,Passed
EVD-00001268,PFXC-000529,Merchant Communication,Customer,2025-06-20T12:44:19,PDF,Complete,Accepted,No,Passed
EVD-00001269,PFXC-000530,Merchant Communication,Customer,2026-05-26T00:49:31,PDF,Complete,Further Evidence Required,Yes,Passed
EVD-00001270,PFXC-000530,Other,Customer,2026-05-24T02:53:03,PNG,Complete,Accepted,No,Passed
EVD-00001271,PFXC-000531,Merchant Communication,Operations,2025-04-12T05:13:49,PDF,Complete,Accepted,No,Passed
EVD-00001272,PFXC-000531,Screenshot,Operations,2025-04-11T15:36:55,PDF,Unreadable,Rejected,No,Passed
EVD-00001273,PFXC-000532,Merchant Communication,Customer,2025-01-27T10:55:54,PDF,Incomplete,Further Evidence Required,No,Passed
EVD-00001274,PFXC-000534,Screenshot,Customer,2025-01-18T00:54:34,PDF,Complete,Accepted,No,Passed
EVD-00001275,PFXC-000534,Identity Evidence,Customer,2025-01-18T04:31:09,PDF,Complete,Accepted,Yes,Passed
EVD-00001276,PFXC-000534,Receipt,Customer,2025-01-17T04:23:54,CSV,Complete,Accepted,No,Passed
EVD-00001277,PFXC-000534,Merchant Communication,Customer,2025-01-19T00:22:19,PNG,Complete,Accepted,No,Passed
EVD-00001278,PFXC-000535,Other,Operations,2026-06-30T03:09:19,JPG,Unreadable,Further Evidence Required,No,Passed
EVD-00001279,PFXC-000535,Receipt,Customer,2026-06-28T17:38:22,Other,Unreadable,Rejected,No,Passed
EVD-00001280,PFXC-000535,Receipt,Customer,2026-06-28T06:21:48,PNG,Complete,Accepted,No,Not Applicable
EVD-00001281,PFXC-000535,Other,Customer,2026-06-29T04:27:38,PNG,Complete,Accepted,No,Passed
EVD-00001282,PFXC-000536,Bank Statement,Customer,2025-12-31T20:41:55,JPG,Complete,Accepted,No,Passed
EVD-00001283,PFXC-000536,Screenshot,Customer,2025-12-30T01:36:02,JPG,Unreadable,Rejected,No,Passed
EVD-00001284,PFXC-000536,Screenshot,Merchant,2025-12-31T08:14:39,PNG,Unreadable,Further Evidence Required,No,Passed
EVD-00001285,PFXC-000536,Bank Statement,Customer,2025-12-31T05:15:04,PNG,Complete,Accepted,No,Passed
EVD-00001286,PFXC-000537,Merchant Communication,Customer,2025-07-20T00:32:02,JPG,Complete,Accepted,No,Passed
EVD-00001287,PFXC-000537,Receipt,Customer,2025-07-20T05:41:21,PNG,Complete,Further Evidence Required,No,Passed
EVD-00001288,PFXC-000537,Identity Evidence,Customer,2025-07-21T01:13:29,JPG,Complete,Accepted,No,Passed
EVD-00001289,PFXC-000537,Identity Evidence,Customer,2025-07-19T11:37:56,JPG,Complete,Accepted,Yes,Passed
EVD-00001290,PFXC-000539,Receipt,Merchant,2025-07-28T16:02:20,JPG,Incomplete,Further Evidence Required,No,Passed
EVD-00001291,PFXC-000539,Screenshot,Customer,2025-07-28T07:03:40,Other,Complete,Accepted,No,Passed
EVD-00001292,PFXC-000539,Screenshot,Customer,2025-07-28T19:53:03,PNG,Complete,Accepted,No,Passed
EVD-00001293,PFXC-000539,Merchant Communication,Customer,2025-07-30T00:27:58,PDF,Incomplete,Rejected,No,Passed
EVD-00001294,PFXC-000540,Other,Customer,2025-11-15T19:52:24,PNG,Complete,Accepted,No,Passed
EVD-00001295,PFXC-000540,Identity Evidence,Operations,2025-11-13T18:39:12,PDF,Incomplete,Rejected,No,Not Applicable
EVD-00001296,PFXC-000540,Receipt,Customer,2025-11-16T00:05:11,JPG,Complete,Accepted,No,Passed
EVD-00001297,PFXC-000541,Receipt,Customer,2025-05-04T06:27:29,PDF,Incomplete,Rejected,No,Passed
EVD-00001298,PFXC-000541,Screenshot,Customer,2025-05-04T18:04:04,JPG,Unreadable,Further Evidence Required,No,Passed
EVD-00001299,PFXC-000541,Merchant Communication,Customer,2025-05-05T16:35:22,Other,Complete,Accepted,Yes,Passed
EVD-00001300,PFXC-000541,Merchant Communication,Customer,2025-05-05T12:28:12,PDF,Complete,Further Evidence Required,No,Not Applicable
EVD-00001301,PFXC-000542,Screenshot,Customer,2026-03-31T11:19:04,PDF,Complete,Further Evidence Required,No,Not Applicable
EVD-00001302,PFXC-000542,Merchant Communication,Customer,2026-03-31T17:30:12,Other,Complete,Accepted,No,Passed
EVD-00001303,PFXC-000543,Receipt,Operations,2025-06-08T21:12:17,PDF,Incomplete,Rejected,No,Passed
EVD-00001304,PFXC-000543,Merchant Communication,Customer,2025-06-08T20:17:56,PNG,Unreadable,Further Evidence Required,Yes,Passed
EVD-00001305,PFXC-000543,Screenshot,Customer,2025-06-09T13:59:03,PDF,Complete,Accepted,No,Passed
EVD-00001306,PFXC-000544,Receipt,Customer,2026-03-27T11:24:21,PNG,Complete,Further Evidence Required,No,Passed
EVD-00001307,PFXC-000544,Merchant Communication,Customer,2026-03-25T13:36:07,Other,Complete,Accepted,Yes,Passed
EVD-00001308,PFXC-000544,Bank Statement,Customer,2026-03-27T13:54:28,PDF,Incomplete,Rejected,No,Passed
EVD-00001309,PFXC-000544,Receipt,Customer,2026-03-26T10:25:21,PDF,Complete,Accepted,Yes,Passed
EVD-00001310,PFXC-000545,Identity Evidence,Customer,2025-07-03T08:04:58,PNG,Complete,Accepted,No,Not Applicable
EVD-00001311,PFXC-000545,Receipt,Operations,2025-07-02T21:40:58,JPG,Complete,Accepted,No,Passed
EVD-00001312,PFXC-000546,Screenshot,Customer,2026-03-29T08:47:57,PDF,Complete,Accepted,No,Passed
EVD-00001313,PFXC-000546,Receipt,Customer,2026-03-28T18:23:37,PDF,Complete,Accepted,No,Passed
EVD-00001314,PFXC-000546,Bank Statement,Customer,2026-03-28T16:23:03,JPG,Complete,Accepted,No,Passed
EVD-00001315,PFXC-000547,Receipt,Customer,2025-11-17T09:55:57,PDF,Complete,Accepted,No,Passed
EVD-00001316,PFXC-000547,Other,Customer,2025-11-17T13:18:22,PDF,Complete,Accepted,No,Passed
EVD-00001317,PFXC-000548,Merchant Communication,Operations,2026-05-29T22:23:42,Other,Complete,Accepted,No,Passed
EVD-00001318,PFXC-000549,Receipt,Customer,2025-01-25T04:12:25,PDF,Complete,Accepted,No,Passed
EVD-00001319,PFXC-000549,Bank Statement,Customer,2025-01-25T21:06:08,PNG,Complete,Accepted,No,Passed
EVD-00001320,PFXC-000550,Receipt,Merchant,2026-04-08T07:25:59,PNG,Complete,Accepted,Yes,Passed
EVD-00001321,PFXC-000550,Merchant Communication,Customer,2026-04-09T17:49:14,PDF,Complete,Accepted,No,Passed
EVD-00001322,PFXC-000551,Identity Evidence,Operations,2025-09-15T16:28:00,PDF,Complete,Accepted,Yes,Passed
EVD-00001323,PFXC-000551,Bank Statement,Customer,2025-09-14T18:29:35,PDF,Complete,Accepted,No,Passed
EVD-00001324,PFXC-000551,Bank Statement,Customer,2025-09-16T21:07:01,PDF,Complete,Accepted,No,Passed
EVD-00001325,PFXC-000554,Merchant Communication,Customer,2025-05-01T14:45:00,JPG,Unreadable,Further Evidence Required,No,Passed
EVD-00001326,PFXC-000554,Screenshot,Customer,2025-05-01T22:44:33,JPG,Complete,Accepted,No,Passed
EVD-00001327,PFXC-000554,Receipt,Merchant,2025-04-30T11:27:52,JPG,Complete,Accepted,No,Passed
EVD-00001328,PFXC-000554,Bank Statement,Customer,2025-05-01T04:36:06,JPG,Complete,Further Evidence Required,Yes,Passed
EVD-00001329,PFXC-000555,Receipt,Customer,2025-03-15T05:38:24,PNG,Incomplete,Further Evidence Required,No,Passed
EVD-00001330,PFXC-000555,Screenshot,Customer,2025-03-14T21:33:48,PNG,Unreadable,Rejected,No,Passed
EVD-00001331,PFXC-000556,Receipt,Customer,2025-08-19T16:43:16,PDF,Complete,Accepted,No,Not Applicable
EVD-00001332,PFXC-000556,Screenshot,Customer,2025-08-20T08:16:41,PDF,Complete,Accepted,No,Passed
EVD-00001333,PFXC-000557,Bank Statement,Merchant,2026-01-05T01:36:10,PDF,Unreadable,Further Evidence Required,No,Passed
EVD-00001334,PFXC-000557,Receipt,Merchant,2026-01-03T18:42:34,PDF,Complete,Accepted,No,Passed
EVD-00001335,PFXC-000557,Receipt,Operations,2026-01-02T10:45:43,PDF,Complete,Accepted,No,Passed
EVD-00001336,PFXC-000558,Receipt,Operations,2026-03-25T18:09:21,PDF,Complete,Accepted,No,Passed
EVD-00001337,PFXC-000558,Screenshot,Merchant,2026-03-24T03:10:29,PDF,Complete,Accepted,No,Passed
EVD-00001338,PFXC-000558,Merchant Communication,Customer,2026-03-24T00:43:20,Other,Complete,Accepted,No,Passed
EVD-00001339,PFXC-000559,Identity Evidence,Merchant,2025-10-01T12:00:27,JPG,Complete,Accepted,No,Passed
EVD-00001340,PFXC-000559,Other,Merchant,2025-10-03T05:21:22,PDF,Complete,Accepted,No,Not Applicable
EVD-00001341,PFXC-000560,Bank Statement,Customer,2026-01-20T18:53:36,JPG,Complete,Accepted,No,Passed
EVD-00001342,PFXC-000560,Receipt,Customer,2026-01-18T10:43:48,JPG,Complete,Accepted,No,Passed
EVD-00001343,PFXC-000561,Merchant Communication,Customer,2025-12-23T20:05:48,PDF,Complete,Accepted,No,Failed
EVD-00001344,PFXC-000562,Bank Statement,Customer,2026-04-07T02:24:00,PNG,Complete,Accepted,No,Passed
EVD-00001345,PFXC-000562,Receipt,Customer,2026-04-06T22:32:32,PDF,Complete,Accepted,No,Passed
EVD-00001346,PFXC-000562,Screenshot,Customer,2026-04-05T07:33:27,PDF,Complete,Accepted,No,Passed
EVD-00001347,PFXC-000563,Merchant Communication,Customer,2025-05-22T15:22:31,JPG,Complete,Further Evidence Required,No,Passed
EVD-00001348,PFXC-000564,Bank Statement,Customer,2025-09-13T23:19:34,PNG,Incomplete,Further Evidence Required,No,Passed
EVD-00001349,PFXC-000564,Other,Merchant,2025-09-15T04:17:07,PNG,Complete,Accepted,No,Failed
EVD-00001350,PFXC-000564,Identity Evidence,Customer,2025-09-15T03:32:49,PDF,Complete,Accepted,No,Passed
EVD-00001351,PFXC-000564,Receipt,Customer,2025-09-14T01:29:34,Other,Complete,Accepted,No,Passed
EVD-00001352,PFXC-000565,Bank Statement,Customer,2025-07-29T05:32:14,PDF,Complete,Accepted,No,Passed
EVD-00001353,PFXC-000565,Receipt,Customer,2025-07-27T10:32:07,JPG,Incomplete,Further Evidence Required,No,Passed
EVD-00001354,PFXC-000565,Receipt,Operations,2025-07-28T21:59:39,Other,Complete,Accepted,No,Passed
EVD-00001355,PFXC-000565,Merchant Communication,Customer,2025-07-28T01:17:29,PDF,Complete,Accepted,No,Passed
EVD-00001356,PFXC-000566,Receipt,Customer,2025-01-21T03:02:45,PDF,Complete,Accepted,Yes,Passed
EVD-00001357,PFXC-000566,Receipt,Customer,2025-01-20T06:04:49,JPG,Incomplete,Rejected,No,Passed
EVD-00001358,PFXC-000567,Receipt,Customer,2025-06-20T22:52:46,PDF,Complete,Accepted,No,Passed
EVD-00001359,PFXC-000567,Merchant Communication,Customer,2025-06-19T14:07:26,Other,Complete,Accepted,No,Passed
EVD-00001360,PFXC-000568,Merchant Communication,Customer,2025-03-17T18:37:46,Other,Complete,Accepted,Yes,Passed
EVD-00001361,PFXC-000568,Screenshot,Customer,2025-03-16T05:04:20,PDF,Complete,Accepted,No,Passed
EVD-00001362,PFXC-000569,Screenshot,Customer,2026-01-20T20:50:04,PNG,Complete,Accepted,Yes,Passed
EVD-00001363,PFXC-000569,Receipt,Customer,2026-01-22T13:38:47,PDF,Complete,Accepted,No,Passed
EVD-00001364,PFXC-000570,Merchant Communication,Customer,2026-02-15T16:12:36,PNG,Complete,Further Evidence Required,No,Passed
EVD-00001365,PFXC-000571,Bank Statement,Customer,2025-12-05T23:02:46,PNG,Complete,Accepted,No,Passed
EVD-00001366,PFXC-000571,Screenshot,Customer,2025-12-05T01:21:29,PDF,Complete,Accepted,No,Passed
EVD-00001367,PFXC-000572,Receipt,Customer,2025-06-30T16:28:04,JPG,Complete,Accepted,No,Passed
EVD-00001368,PFXC-000572,Screenshot,Customer,2025-07-01T01:59:33,PDF,Complete,Accepted,No,Passed
EVD-00001369,PFXC-000573,Screenshot,Customer,2025-08-23T16:35:26,PDF,Complete,Accepted,No,Passed
EVD-00001370,PFXC-000575,Receipt,Customer,2025-05-25T20:37:44,PNG,Complete,Further Evidence Required,No,Passed
EVD-00001371,PFXC-000575,Merchant Communication,Customer,2025-05-25T16:08:39,PDF,Complete,Accepted,No,Passed
EVD-00001372,PFXC-000575,Bank Statement,Customer,2025-05-27T05:00:05,PDF,Complete,Accepted,No,Passed
EVD-00001373,PFXC-000576,Screenshot,Operations,2025-10-24T16:07:24,JPG,Incomplete,Further Evidence Required,No,Passed
EVD-00001374,PFXC-000576,Other,Merchant,2025-10-25T16:18:03,Other,Complete,Accepted,No,Passed
EVD-00001375,PFXC-000577,Bank Statement,Customer,2026-01-28T12:38:47,JPG,Complete,Accepted,No,Passed
EVD-00001376,PFXC-000577,Identity Evidence,Customer,2026-01-28T03:34:23,JPG,Complete,Accepted,No,Passed
EVD-00001377,PFXC-000577,Receipt,Customer,2026-01-27T19:17:26,PDF,Complete,Accepted,No,Passed
EVD-00001378,PFXC-000578,Receipt,Customer,2025-12-09T12:47:11,PDF,Complete,Further Evidence Required,No,Passed
EVD-00001379,PFXC-000578,Screenshot,Customer,2025-12-10T04:57:31,PNG,Complete,Accepted,No,Passed
EVD-00001380,PFXC-000578,Bank Statement,Merchant,2025-12-08T22:33:00,PDF,Unreadable,Further Evidence Required,No,Passed
EVD-00001381,PFXC-000578,Merchant Communication,Customer,2025-12-08T06:19:38,PNG,Unreadable,Rejected,No,Failed
EVD-00001382,PFXC-000579,Merchant Communication,Customer,2025-01-27T14:39:22,PDF,Incomplete,Further Evidence Required,No,Passed
EVD-00001383,PFXC-000579,Screenshot,Customer,2025-01-26T01:55:05,Other,Complete,Accepted,No,Passed
EVD-00001384,PFXC-000579,Screenshot,Customer,2025-01-27T14:21:08,JPG,Complete,Accepted,No,Passed
EVD-00001385,PFXC-000580,Merchant Communication,Customer,2025-07-23T12:01:39,JPG,Incomplete,Further Evidence Required,No,Passed
EVD-00001386,PFXC-000580,Receipt,Customer,2025-07-22T01:00:21,PNG,Unreadable,Rejected,No,Passed
EVD-00001387,PFXC-000581,Receipt,Customer,2025-10-27T10:44:25,PNG,Complete,Accepted,No,Passed
EVD-00001388,PFXC-000582,Receipt,Customer,2025-10-12T10:57:33,CSV,Complete,Accepted,No,Passed
EVD-00001389,PFXC-000582,Screenshot,Customer,2025-10-12T09:48:56,PNG,Complete,Accepted,No,Passed
EVD-00001390,PFXC-000582,Merchant Communication,Operations,2025-10-12T12:05:53,JPG,Complete,Further Evidence Required,Yes,Passed
EVD-00001391,PFXC-000582,Other,Merchant,2025-10-11T22:39:39,PDF,Incomplete,Further Evidence Required,No,Passed
EVD-00001392,PFXC-000583,Receipt,Customer,2025-03-06T09:49:18,PNG,Incomplete,Rejected,No,Passed
EVD-00001393,PFXC-000583,Screenshot,Customer,2025-03-07T00:48:25,PDF,Complete,Accepted,Yes,Passed
EVD-00001394,PFXC-000584,Receipt,Customer,2025-02-13T01:50:17,PDF,Complete,Accepted,No,Passed
EVD-00001395,PFXC-000584,Receipt,Merchant,2025-02-13T16:18:15,JPG,Complete,Accepted,No,Passed
EVD-00001396,PFXC-000586,Receipt,Customer,2026-01-10T03:38:43,Other,Complete,Accepted,No,Passed
EVD-00001397,PFXC-000586,Merchant Communication,Customer,2026-01-09T23:31:20,PDF,Complete,Further Evidence Required,No,Passed
EVD-00001398,PFXC-000586,Receipt,Customer,2026-01-10T11:32:09,Other,Complete,Accepted,Yes,Passed
EVD-00001399,PFXC-000587,Bank Statement,Customer,2026-06-17T01:09:02,PDF,Complete,Accepted,Yes,Passed
EVD-00001400,PFXC-000587,Bank Statement,Merchant,2026-06-14T19:24:21,JPG,Incomplete,Rejected,No,Passed
EVD-00001401,PFXC-000587,Receipt,Customer,2026-06-15T20:27:40,PDF,Complete,Accepted,No,Passed
EVD-00001402,PFXC-000587,Receipt,Operations,2026-06-16T16:32:17,PDF,Complete,Accepted,No,Passed
EVD-00001403,PFXC-000588,Receipt,Customer,2026-03-12T09:01:54,PDF,Incomplete,Further Evidence Required,No,Passed
EVD-00001404,PFXC-000588,Receipt,Customer,2026-03-11T00:23:19,PNG,Complete,Accepted,No,Not Applicable
EVD-00001405,PFXC-000588,Receipt,Customer,2026-03-11T16:39:27,PDF,Complete,Accepted,No,Not Applicable
EVD-00001406,PFXC-000589,Screenshot,Merchant,2026-05-26T06:53:55,PDF,Complete,Accepted,No,Passed
EVD-00001407,PFXC-000589,Bank Statement,Customer,2026-05-24T22:51:43,JPG,Complete,Accepted,No,Passed
EVD-00001408,PFXC-000590,Screenshot,Customer,2025-09-18T05:30:06,PDF,Incomplete,Rejected,No,Passed
EVD-00001409,PFXC-000590,Receipt,Customer,2025-09-19T14:40:30,Other,Complete,Accepted,No,Passed
EVD-00001410,PFXC-000591,Other,Operations,2025-12-25T10:52:21,PDF,Complete,Accepted,No,Passed
EVD-00001411,PFXC-000591,Screenshot,Customer,2025-12-26T02:43:21,PDF,Complete,Accepted,No,Not Applicable
EVD-00001412,PFXC-000591,Bank Statement,Customer,2025-12-25T18:14:30,PDF,Complete,Accepted,No,Passed
EVD-00001413,PFXC-000592,Bank Statement,Customer,2026-01-02T16:35:16,JPG,Complete,Accepted,No,Not Applicable
EVD-00001414,PFXC-000593,Bank Statement,Customer,2025-12-03T02:36:07,PDF,Complete,Accepted,No,Passed
EVD-00001415,PFXC-000593,Receipt,Customer,2025-12-01T12:28:11,PDF,Complete,Accepted,No,Passed
EVD-00001416,PFXC-000594,Identity Evidence,Merchant,2025-06-10T20:57:08,PDF,Complete,Accepted,No,Passed
EVD-00001417,PFXC-000594,Receipt,Customer,2025-06-12T08:55:01,PDF,Incomplete,Further Evidence Required,No,Passed
EVD-00001418,PFXC-000594,Merchant Communication,Customer,2025-06-12T03:23:12,PNG,Complete,Further Evidence Required,No,Passed
EVD-00001419,PFXC-000594,Other,Customer,2025-06-13T07:22:31,JPG,Incomplete,Rejected,Yes,Passed
EVD-00001420,PFXC-000595,Identity Evidence,Customer,2026-05-21T08:38:32,PDF,Complete,Accepted,Yes,Passed
EVD-00001421,PFXC-000596,Screenshot,Customer,2025-03-11T14:06:15,Other,Complete,Accepted,No,Passed
EVD-00001422,PFXC-000596,Receipt,Customer,2025-03-14T01:36:07,Other,Incomplete,Further Evidence Required,No,Passed
EVD-00001423,PFXC-000597,Receipt,Customer,2026-01-17T14:22:29,Other,Complete,Accepted,No,Passed
EVD-00001424,PFXC-000597,Receipt,Customer,2026-01-19T11:38:09,PDF,Complete,Accepted,No,Passed
EVD-00001425,PFXC-000597,Merchant Communication,Merchant,2026-01-18T01:04:03,PNG,Complete,Accepted,No,Passed
EVD-00001426,PFXC-000598,Receipt,Customer,2025-06-22T07:59:28,PNG,Complete,Further Evidence Required,No,Passed
EVD-00001427,PFXC-000599,Merchant Communication,Operations,2026-02-19T16:14:49,JPG,Complete,Accepted,No,Failed
EVD-00001428,PFXC-000599,Receipt,Customer,2026-02-19T04:12:36,PDF,Unreadable,Rejected,No,Passed
EVD-00001429,PFXC-000600,Receipt,Customer,2025-08-21T13:33:05,PNG,Incomplete,Further Evidence Required,No,Passed
EVD-00001430,PFXC-000600,Screenshot,Merchant,2025-08-21T16:40:58,PDF,Complete,Accepted,No,Failed
EVD-00001431,PFXC-000602,Receipt,Customer,2025-06-29T19:13:01,PDF,Complete,Accepted,No,Not Applicable
EVD-00001432,PFXC-000602,Receipt,Merchant,2025-06-30T14:43:53,Other,Complete,Accepted,No,Passed
EVD-00001433,PFXC-000602,Receipt,Customer,2025-07-01T11:19:12,PDF,Complete,Accepted,No,Passed
EVD-00001434,PFXC-000603,Screenshot,Customer,2025-06-03T09:26:55,JPG,Complete,Accepted,No,Passed
EVD-00001435,PFXC-000603,Other,Customer,2025-06-02T11:02:59,JPG,Complete,Accepted,No,Passed
EVD-00001436,PFXC-000603,Merchant Communication,Customer,2025-06-01T09:04:26,PDF,Incomplete,Further Evidence Required,No,Passed
EVD-00001437,PFXC-000604,Receipt,Customer,2025-06-15T10:11:13,PDF,Complete,Accepted,No,Passed
EVD-00001438,PFXC-000604,Receipt,Customer,2025-06-15T01:08:13,JPG,Complete,Accepted,No,Passed
EVD-00001439,PFXC-000604,Screenshot,Customer,2025-06-13T10:52:49,PDF,Complete,Accepted,No,Passed
EVD-00001440,PFXC-000604,Other,Operations,2025-06-14T09:49:30,Other,Complete,Accepted,No,Passed
EVD-00001441,PFXC-000605,Other,Customer,2025-12-18T20:28:10,JPG,Complete,Accepted,No,Passed
EVD-00001442,PFXC-000605,Screenshot,Customer,2025-12-19T06:50:55,Other,Complete,Accepted,No,Passed
EVD-00001443,PFXC-000605,Merchant Communication,Customer,2025-12-19T18:08:52,PNG,Incomplete,Rejected,No,Passed
EVD-00001444,PFXC-000606,Bank Statement,Merchant,2025-07-03T03:19:33,PDF,Incomplete,Further Evidence Required,No,Passed
EVD-00001445,PFXC-000606,Screenshot,Customer,2025-07-03T17:56:51,PNG,Incomplete,Rejected,No,Passed
EVD-00001446,PFXC-000606,Other,Customer,2025-07-02T08:45:17,PDF,Incomplete,Rejected,No,Passed
EVD-00001447,PFXC-000607,Bank Statement,Customer,2026-05-28T05:03:57,PNG,Complete,Accepted,No,Passed
EVD-00001448,PFXC-000607,Screenshot,Customer,2026-05-29T14:45:06,PDF,Complete,Accepted,No,Passed
EVD-00001449,PFXC-000608,Receipt,Customer,2025-08-02T15:25:11,PDF,Complete,Accepted,No,Passed
EVD-00001450,PFXC-000608,Receipt,Customer,2025-07-30T23:38:58,PDF,Complete,Accepted,No,Passed
EVD-00001451,PFXC-000608,Other,Customer,2025-08-02T14:29:11,PNG,Complete,Further Evidence Required,No,Passed
EVD-00001452,PFXC-000609,Merchant Communication,Merchant,2025-12-01T05:07:04,PDF,Complete,Further Evidence Required,No,Passed
EVD-00001453,PFXC-000609,Receipt,Customer,2025-11-29T17:25:09,PNG,Complete,Accepted,Yes,Passed
EVD-00001454,PFXC-000610,Merchant Communication,Customer,2025-10-10T12:19:31,Other,Complete,Accepted,No,Passed
EVD-00001455,PFXC-000610,Merchant Communication,Merchant,2025-10-10T12:17:09,PDF,Incomplete,Rejected,Yes,Passed
EVD-00001456,PFXC-000611,Screenshot,Customer,2026-01-28T21:54:57,PDF,Complete,Accepted,No,Passed
EVD-00001457,PFXC-000611,Merchant Communication,Customer,2026-01-29T02:16:40,CSV,Complete,Accepted,No,Passed
EVD-00001458,PFXC-000611,Receipt,Customer,2026-01-27T05:00:27,PDF,Complete,Accepted,No,Not Applicable
EVD-00001459,PFXC-000612,Merchant Communication,Merchant,2025-08-22T18:58:40,PNG,Complete,Accepted,Yes,Passed
EVD-00001460,PFXC-000613,Receipt,Customer,2025-11-24T15:32:35,PDF,Incomplete,Rejected,No,Not Applicable
EVD-00001461,PFXC-000613,Receipt,Customer,2025-11-23T16:25:29,JPG,Complete,Accepted,No,Passed
EVD-00001462,PFXC-000614,Receipt,Customer,2025-03-21T23:03:51,PDF,Complete,Accepted,No,Passed
EVD-00001463,PFXC-000614,Screenshot,Customer,2025-03-22T11:32:58,PDF,Complete,Accepted,No,Passed
EVD-00001464,PFXC-000615,Bank Statement,Operations,2025-12-30T05:43:26,JPG,Complete,Further Evidence Required,No,Passed
EVD-00001465,PFXC-000615,Receipt,Merchant,2025-12-28T06:36:29,JPG,Complete,Accepted,No,Passed
EVD-00001466,PFXC-000615,Receipt,Customer,2025-12-29T19:26:55,PDF,Complete,Accepted,Yes,Passed
EVD-00001467,PFXC-000617,Bank Statement,Customer,2025-01-26T00:33:36,PDF,Incomplete,Further Evidence Required,Yes,Passed
EVD-00001468,PFXC-000617,Screenshot,Customer,2025-01-24T23:32:04,PDF,Complete,Accepted,No,Passed
EVD-00001469,PFXC-000618,Screenshot,Merchant,2025-09-19T16:16:27,PNG,Complete,Accepted,No,Passed
EVD-00001470,PFXC-000618,Screenshot,Operations,2025-09-18T05:51:41,JPG,Incomplete,Rejected,No,Passed
EVD-00001471,PFXC-000618,Screenshot,Customer,2025-09-18T10:44:31,JPG,Complete,Accepted,Yes,Passed
EVD-00001472,PFXC-000619,Screenshot,Customer,2026-04-22T17:55:29,PDF,Incomplete,Further Evidence Required,No,Passed
EVD-00001473,PFXC-000619,Bank Statement,Operations,2026-04-23T14:40:14,PDF,Complete,Accepted,No,Passed
EVD-00001474,PFXC-000619,Screenshot,Customer,2026-04-24T08:24:51,JPG,Unreadable,Rejected,No,Passed
EVD-00001475,PFXC-000619,Screenshot,Operations,2026-04-24T10:15:01,Other,Unreadable,Further Evidence Required,Yes,Passed
EVD-00001476,PFXC-000620,Other,Customer,2025-08-18T03:31:49,PNG,Complete,Accepted,No,Not Applicable
EVD-00001477,PFXC-000620,Screenshot,Customer,2025-08-18T01:59:37,PNG,Incomplete,Further Evidence Required,No,Passed
EVD-00001478,PFXC-000620,Bank Statement,Customer,2025-08-16T00:29:26,PDF,Complete,Accepted,No,Passed
EVD-00001479,PFXC-000621,Merchant Communication,Customer,2025-06-25T15:26:32,JPG,Complete,Accepted,No,Passed
EVD-00001480,PFXC-000621,Receipt,Customer,2025-06-26T03:38:16,PDF,Incomplete,Rejected,No,Passed
EVD-00001481,PFXC-000621,Receipt,Customer,2025-06-24T19:51:08,PDF,Complete,Accepted,Yes,Passed
EVD-00001482,PFXC-000622,Other,Customer,2025-08-12T18:25:28,PDF,Complete,Accepted,No,Passed
EVD-00001483,PFXC-000622,Screenshot,Customer,2025-08-13T13:07:52,JPG,Complete,Accepted,No,Passed
EVD-00001484,PFXC-000622,Bank Statement,Customer,2025-08-12T09:48:13,PDF,Complete,Accepted,No,Passed
EVD-00001485,PFXC-000623,Screenshot,Customer,2025-12-21T11:55:10,PNG,Complete,Further Evidence Required,No,Passed
EVD-00001486,PFXC-000623,Bank Statement,Customer,2025-12-21T08:22:12,PNG,Incomplete,Further Evidence Required,No,Passed
EVD-00001487,PFXC-000623,Bank Statement,Customer,2025-12-21T07:25:28,PDF,Complete,Accepted,No,Passed
EVD-00001488,PFXC-000623,Screenshot,Customer,2025-12-21T05:38:17,JPG,Incomplete,Further Evidence Required,Yes,Passed
EVD-00001489,PFXC-000624,Merchant Communication,Customer,2026-06-13T13:53:48,CSV,Complete,Accepted,No,Passed
EVD-00001490,PFXC-000624,Screenshot,Customer,2026-06-15T18:05:38,PNG,Complete,Further Evidence Required,No,Passed
EVD-00001491,PFXC-000624,Receipt,Customer,2026-06-13T22:28:19,PNG,Incomplete,Further Evidence Required,No,Passed
EVD-00001492,PFXC-000625,Identity Evidence,Customer,2025-02-25T14:11:20,PDF,Complete,Accepted,Yes,Not Applicable
EVD-00001493,PFXC-000625,Screenshot,Customer,2025-02-23T00:37:16,PDF,Complete,Accepted,No,Passed
EVD-00001494,PFXC-000625,Bank Statement,Customer,2025-02-24T12:29:32,PNG,Complete,Accepted,No,Passed
EVD-00001495,PFXC-000625,Other,Customer,2025-02-23T15:04:45,Other,Incomplete,Rejected,No,Passed
EVD-00001496,PFXC-000626,Receipt,Customer,2026-06-09T09:59:40,Other,Complete,Accepted,No,Passed
EVD-00001497,PFXC-000626,Screenshot,Operations,2026-06-09T03:09:08,PDF,Incomplete,Rejected,No,Passed
EVD-00001498,PFXC-000627,Receipt,Customer,2026-03-03T09:41:38,PDF,Complete,Accepted,No,Passed
EVD-00001499,PFXC-000627,Receipt,Customer,2026-03-03T04:00:28,PDF,Complete,Accepted,No,Passed
EVD-00001500,PFXC-000627,Screenshot,Customer,2026-03-04T09:19:40,PDF,Complete,Accepted,No,Passed
EVD-00001501,PFXC-000627,Bank Statement,Operations,2026-03-04T22:46:31,JPG,Complete,Accepted,No,Passed
EVD-00001502,PFXC-000628,Receipt,Merchant,2025-10-31T03:37:34,JPG,Incomplete,Rejected,No,Passed
EVD-00001503,PFXC-000628,Merchant Communication,Customer,2025-10-30T02:54:04,JPG,Complete,Accepted,Yes,Passed
EVD-00001504,PFXC-000628,Identity Evidence,Customer,2025-10-31T02:17:38,PDF,Complete,Accepted,No,Passed
EVD-00001505,PFXC-000628,Screenshot,Merchant,2025-10-30T03:22:51,JPG,Complete,Accepted,Yes,Passed
EVD-00001506,PFXC-000629,Screenshot,Customer,2025-08-31T22:54:43,PNG,Incomplete,Further Evidence Required,No,Not Applicable
EVD-00001507,PFXC-000629,Receipt,Customer,2025-08-30T00:34:46,PDF,Complete,Accepted,No,Passed
EVD-00001508,PFXC-000629,Merchant Communication,Customer,2025-09-01T20:18:54,PNG,Complete,Accepted,No,Passed
EVD-00001509,PFXC-000630,Screenshot,Customer,2026-02-18T23:56:49,PDF,Unreadable,Further Evidence Required,No,Passed
EVD-00001510,PFXC-000631,Screenshot,Customer,2025-07-31T20:35:01,Other,Complete,Accepted,No,Passed
EVD-00001511,PFXC-000631,Merchant Communication,Customer,2025-07-30T02:11:46,PDF,Unreadable,Further Evidence Required,Yes,Passed
EVD-00001512,PFXC-000631,Other,Customer,2025-07-30T02:49:09,PNG,Complete,Accepted,Yes,Passed
EVD-00001513,PFXC-000631,Receipt,Customer,2025-07-31T20:57:50,Other,Complete,Accepted,Yes,Passed
EVD-00001514,PFXC-000632,Screenshot,Merchant,2025-03-04T04:46:45,PDF,Complete,Accepted,Yes,Passed
EVD-00001515,PFXC-000632,Bank Statement,Customer,2025-03-04T03:17:30,PDF,Complete,Accepted,No,Passed
EVD-00001516,PFXC-000632,Bank Statement,Customer,2025-03-02T13:28:02,PDF,Incomplete,Rejected,No,Passed
EVD-00001517,PFXC-000632,Receipt,Operations,2025-03-03T01:29:11,JPG,Complete,Accepted,No,Passed
EVD-00001518,PFXC-000633,Receipt,Merchant,2025-01-21T08:24:36,PDF,Complete,Accepted,No,Passed
EVD-00001519,PFXC-000633,Merchant Communication,Customer,2025-01-22T08:09:38,PDF,Complete,Accepted,No,Passed
EVD-00001520,PFXC-000633,Receipt,Merchant,2025-01-22T06:32:38,PNG,Complete,Accepted,Yes,Passed
EVD-00001521,PFXC-000633,Receipt,Merchant,2025-01-22T21:53:52,PDF,Complete,Further Evidence Required,Yes,Not Applicable
EVD-00001522,PFXC-000634,Receipt,Operations,2025-12-27T10:14:20,PDF,Complete,Accepted,No,Passed
EVD-00001523,PFXC-000635,Identity Evidence,Customer,2026-05-08T14:47:19,PDF,Incomplete,Further Evidence Required,No,Passed
EVD-00001524,PFXC-000636,Receipt,Customer,2026-05-14T11:47:35,Other,Complete,Accepted,No,Passed
EVD-00001525,PFXC-000636,Screenshot,Customer,2026-05-15T02:35:56,PNG,Complete,Accepted,Yes,Passed
EVD-00001526,PFXC-000636,Screenshot,Customer,2026-05-14T22:24:04,PDF,Complete,Accepted,No,Passed
EVD-00001527,PFXC-000637,Merchant Communication,Customer,2026-02-21T01:42:40,JPG,Complete,Accepted,No,Passed
EVD-00001528,PFXC-000637,Receipt,Customer,2026-02-22T14:32:46,Other,Complete,Accepted,No,Passed
EVD-00001529,PFXC-000637,Screenshot,Customer,2026-02-22T10:20:39,JPG,Complete,Accepted,No,Passed
EVD-00001530,PFXC-000637,Bank Statement,Customer,2026-02-21T19:48:03,PNG,Incomplete,Rejected,Yes,Passed
EVD-00001531,PFXC-000638,Other,Operations,2026-06-02T15:06:35,PDF,Complete,Further Evidence Required,No,Passed
EVD-00001532,PFXC-000638,Bank Statement,Operations,2026-06-03T10:32:43,PNG,Complete,Accepted,No,Passed
EVD-00001533,PFXC-000638,Screenshot,Customer,2026-06-02T22:57:24,PDF,Complete,Accepted,No,Passed
EVD-00001534,PFXC-000638,Identity Evidence,Merchant,2026-06-02T11:14:19,PNG,Incomplete,Further Evidence Required,No,Passed
EVD-00001535,PFXC-000639,Other,Customer,2025-12-20T06:14:13,PDF,Incomplete,Rejected,No,Passed
EVD-00001536,PFXC-000639,Bank Statement,Operations,2025-12-20T05:10:01,Other,Incomplete,Rejected,No,Passed
EVD-00001537,PFXC-000639,Merchant Communication,Customer,2025-12-21T10:06:12,JPG,Complete,Further Evidence Required,No,Passed
EVD-00001538,PFXC-000640,Screenshot,Customer,2025-01-12T21:09:50,PDF,Complete,Accepted,No,Passed
EVD-00001539,PFXC-000640,Receipt,Merchant,2025-01-13T00:53:41,JPG,Complete,Accepted,No,Passed
EVD-00001540,PFXC-000640,Screenshot,Customer,2025-01-12T02:09:10,Other,Complete,Accepted,No,Not Applicable
EVD-00001541,PFXC-000641,Screenshot,Operations,2025-04-29T13:43:11,PDF,Complete,Accepted,No,Passed
EVD-00001542,PFXC-000641,Receipt,Customer,2025-04-29T10:42:07,PDF,Complete,Accepted,No,Passed
EVD-00001543,PFXC-000641,Screenshot,Operations,2025-05-01T02:55:43,JPG,Complete,Accepted,No,Passed
EVD-00001544,PFXC-000641,Receipt,Customer,2025-05-01T16:31:54,CSV,Complete,Accepted,No,Passed
EVD-00001545,PFXC-000642,Bank Statement,Customer,2026-04-15T23:58:55,PDF,Complete,Accepted,No,Passed
EVD-00001546,PFXC-000642,Screenshot,Customer,2026-04-16T14:00:51,PDF,Complete,Accepted,No,Passed
EVD-00001547,PFXC-000643,Other,Merchant,2025-11-26T20:09:06,PNG,Complete,Accepted,No,Passed
EVD-00001548,PFXC-000643,Screenshot,Customer,2025-11-26T09:53:23,Other,Complete,Accepted,No,Not Applicable
EVD-00001549,PFXC-000644,Screenshot,Operations,2025-09-06T21:01:04,CSV,Complete,Accepted,Yes,Passed
EVD-00001550,PFXC-000644,Merchant Communication,Customer,2025-09-08T17:14:33,JPG,Complete,Accepted,No,Passed
EVD-00001551,PFXC-000645,Merchant Communication,Merchant,2025-07-28T13:15:05,PDF,Complete,Accepted,No,Passed
EVD-00001552,PFXC-000645,Receipt,Customer,2025-07-29T21:18:55,Other,Incomplete,Further Evidence Required,Yes,Passed
EVD-00001553,PFXC-000646,Merchant Communication,Customer,2025-12-26T18:57:23,PDF,Complete,Further Evidence Required,No,Passed
EVD-00001554,PFXC-000646,Merchant Communication,Customer,2025-12-25T05:37:19,PDF,Complete,Further Evidence Required,Yes,Passed
EVD-00001555,PFXC-000647,Other,Customer,2025-12-31T20:50:54,PNG,Complete,Accepted,No,Passed
EVD-00001556,PFXC-000647,Receipt,Customer,2026-01-02T05:17:44,JPG,Complete,Accepted,No,Passed
EVD-00001557,PFXC-000648,Merchant Communication,Customer,2025-07-21T14:26:45,JPG,Incomplete,Further Evidence Required,Yes,Passed
EVD-00001558,PFXC-000648,Receipt,Customer,2025-07-20T01:00:42,PDF,Complete,Accepted,Yes,Passed
EVD-00001559,PFXC-000648,Screenshot,Customer,2025-07-20T18:16:19,PDF,Complete,Accepted,No,Passed
EVD-00001560,PFXC-000649,Bank Statement,Customer,2026-02-13T12:29:23,JPG,Incomplete,Further Evidence Required,No,Passed
EVD-00001561,PFXC-000649,Merchant Communication,Customer,2026-02-14T06:21:55,PDF,Complete,Accepted,No,Passed
EVD-00001562,PFXC-000649,Screenshot,Merchant,2026-02-14T01:33:39,CSV,Incomplete,Rejected,No,Passed
EVD-00001563,PFXC-000651,Other,Customer,2026-01-14T06:03:28,JPG,Complete,Accepted,No,Passed
EVD-00001564,PFXC-000651,Identity Evidence,Customer,2026-01-14T22:00:16,JPG,Complete,Accepted,No,Passed
EVD-00001565,PFXC-000652,Merchant Communication,Customer,2025-06-16T09:09:46,PDF,Complete,Accepted,No,Passed
EVD-00001566,PFXC-000652,Receipt,Customer,2025-06-18T06:52:10,PNG,Complete,Accepted,No,Passed
EVD-00001567,PFXC-000652,Other,Customer,2025-06-17T06:02:48,PNG,Complete,Accepted,Yes,Passed
EVD-00001568,PFXC-000653,Receipt,Customer,2025-01-20T19:26:23,PDF,Incomplete,Rejected,No,Passed
EVD-00001569,PFXC-000653,Receipt,Operations,2025-01-19T19:44:54,PDF,Complete,Accepted,No,Passed
EVD-00001570,PFXC-000653,Receipt,Customer,2025-01-20T08:49:58,PNG,Complete,Further Evidence Required,No,Passed
EVD-00001571,PFXC-000653,Receipt,Customer,2025-01-18T22:49:48,PNG,Complete,Accepted,No,Passed
EVD-00001572,PFXC-000654,Receipt,Merchant,2025-08-06T12:14:18,CSV,Complete,Accepted,No,Passed
EVD-00001573,PFXC-000654,Receipt,Customer,2025-08-06T05:27:03,JPG,Complete,Accepted,No,Passed
EVD-00001574,PFXC-000655,Screenshot,Customer,2025-11-25T06:11:24,JPG,Complete,Accepted,No,Passed
EVD-00001575,PFXC-000655,Receipt,Operations,2025-11-24T00:09:21,PNG,Complete,Accepted,Yes,Passed
EVD-00001576,PFXC-000655,Merchant Communication,Customer,2025-11-23T19:19:50,PDF,Complete,Accepted,No,Passed
EVD-00001577,PFXC-000655,Receipt,Merchant,2025-11-25T14:46:11,JPG,Complete,Accepted,No,Passed
EVD-00001578,PFXC-000656,Receipt,Customer,2025-11-18T05:50:30,PDF,Complete,Accepted,No,Passed
EVD-00001579,PFXC-000657,Other,Customer,2025-09-02T08:37:44,PNG,Complete,Accepted,No,Passed
EVD-00001580,PFXC-000658,Receipt,Merchant,2026-06-10T06:09:36,JPG,Incomplete,Rejected,No,Passed
EVD-00001581,PFXC-000658,Receipt,Customer,2026-06-08T19:18:47,JPG,Complete,Accepted,No,Passed
EVD-00001582,PFXC-000658,Bank Statement,Customer,2026-06-08T07:19:29,PNG,Complete,Further Evidence Required,No,Passed
EVD-00001583,PFXC-000658,Merchant Communication,Customer,2026-06-09T05:53:46,PNG,Complete,Accepted,No,Failed
EVD-00001584,PFXC-000659,Receipt,Customer,2025-12-27T13:47:25,JPG,Complete,Accepted,No,Passed
EVD-00001585,PFXC-000660,Screenshot,Operations,2025-09-12T16:21:55,JPG,Complete,Accepted,Yes,Passed
EVD-00001586,PFXC-000660,Receipt,Customer,2025-09-15T07:51:53,Other,Complete,Accepted,No,Passed
EVD-00001587,PFXC-000660,Merchant Communication,Customer,2025-09-14T00:05:11,PDF,Complete,Accepted,No,Passed
EVD-00001588,PFXC-000660,Merchant Communication,Customer,2025-09-13T05:42:17,PNG,Complete,Further Evidence Required,No,Passed
EVD-00001589,PFXC-000661,Bank Statement,Merchant,2025-01-13T09:56:45,PDF,Incomplete,Further Evidence Required,No,Not Applicable
EVD-00001590,PFXC-000661,Receipt,Customer,2025-01-12T03:02:54,PNG,Incomplete,Rejected,Yes,Passed
EVD-00001591,PFXC-000662,Bank Statement,Customer,2025-07-02T08:37:47,PDF,Complete,Accepted,No,Passed
EVD-00001592,PFXC-000662,Screenshot,Customer,2025-07-03T04:07:55,CSV,Complete,Accepted,Yes,Passed
EVD-00001593,PFXC-000663,Identity Evidence,Customer,2025-05-28T05:06:20,PDF,Complete,Accepted,No,Passed
EVD-00001594,PFXC-000663,Receipt,Operations,2025-05-28T12:20:21,Other,Complete,Accepted,No,Passed
EVD-00001595,PFXC-000663,Merchant Communication,Customer,2025-05-28T23:46:17,PDF,Complete,Accepted,No,Passed
EVD-00001596,PFXC-000664,Screenshot,Customer,2025-12-18T12:58:51,PNG,Complete,Accepted,No,Passed
EVD-00001597,PFXC-000664,Other,Customer,2025-12-18T13:56:39,PDF,Complete,Accepted,No,Passed
EVD-00001598,PFXC-000664,Receipt,Merchant,2025-12-18T06:02:56,PDF,Complete,Accepted,No,Passed
EVD-00001599,PFXC-000664,Screenshot,Customer,2025-12-17T23:16:30,PNG,Complete,Accepted,No,Passed
EVD-00001600,PFXC-000665,Bank Statement,Customer,2025-10-21T02:46:23,JPG,Complete,Accepted,No,Passed
EVD-00001601,PFXC-000666,Identity Evidence,Customer,2026-04-29T20:52:10,JPG,Complete,Accepted,No,Passed
EVD-00001602,PFXC-000667,Screenshot,Customer,2025-08-03T00:35:05,Other,Complete,Accepted,No,Passed
EVD-00001603,PFXC-000668,Receipt,Merchant,2025-09-01T21:17:16,PNG,Complete,Accepted,No,Passed
EVD-00001604,PFXC-000668,Screenshot,Customer,2025-09-02T15:25:39,PDF,Complete,Accepted,No,Passed
EVD-00001605,PFXC-000668,Screenshot,Operations,2025-08-31T08:25:50,PDF,Unreadable,Rejected,No,Not Applicable
EVD-00001606,PFXC-000668,Merchant Communication,Customer,2025-08-31T03:58:48,PDF,Complete,Accepted,Yes,Passed
EVD-00001607,PFXC-000669,Bank Statement,Customer,2025-04-09T19:33:08,PDF,Complete,Accepted,No,Passed
EVD-00001608,PFXC-000669,Bank Statement,Merchant,2025-04-07T17:58:52,PDF,Complete,Accepted,No,Passed
EVD-00001609,PFXC-000671,Receipt,Customer,2025-03-10T16:49:26,JPG,Complete,Accepted,Yes,Not Applicable
EVD-00001610,PFXC-000671,Receipt,Operations,2025-03-09T05:47:01,CSV,Complete,Accepted,No,Passed
EVD-00001611,PFXC-000671,Merchant Communication,Operations,2025-03-08T14:13:12,PNG,Incomplete,Further Evidence Required,No,Passed
EVD-00001612,PFXC-000671,Receipt,Customer,2025-03-09T22:34:41,Other,Complete,Accepted,No,Passed
EVD-00001613,PFXC-000672,Merchant Communication,Customer,2026-01-09T15:22:26,PDF,Incomplete,Further Evidence Required,No,Passed
EVD-00001614,PFXC-000672,Merchant Communication,Merchant,2026-01-09T18:27:01,PNG,Unreadable,Further Evidence Required,No,Passed
EVD-00001615,PFXC-000672,Screenshot,Merchant,2026-01-07T08:58:11,PDF,Complete,Accepted,No,Passed
EVD-00001616,PFXC-000672,Merchant Communication,Customer,2026-01-09T01:58:23,PDF,Complete,Accepted,No,Passed
EVD-00001617,PFXC-000673,Screenshot,Customer,2025-08-04T12:40:14,JPG,Complete,Accepted,No,Not Applicable
EVD-00001618,PFXC-000673,Merchant Communication,Customer,2025-08-05T11:18:26,JPG,Complete,Accepted,No,Passed
EVD-00001619,PFXC-000673,Receipt,Customer,2025-08-04T15:15:58,PDF,Complete,Accepted,No,Passed
EVD-00001620,PFXC-000674,Receipt,Customer,2026-04-12T18:11:30,PDF,Complete,Accepted,No,Passed
EVD-00001621,PFXC-000674,Screenshot,Operations,2026-04-11T08:41:54,PDF,Incomplete,Rejected,No,Not Applicable
EVD-00001622,PFXC-000675,Receipt,Customer,2026-03-10T02:16:00,Other,Complete,Accepted,No,Passed
EVD-00001623,PFXC-000675,Receipt,Customer,2026-03-11T13:19:46,PNG,Incomplete,Further Evidence Required,No,Passed
EVD-00001624,PFXC-000676,Bank Statement,Customer,2026-05-16T03:09:58,PNG,Complete,Accepted,Yes,Passed
EVD-00001625,PFXC-000676,Receipt,Operations,2026-05-17T21:50:57,PDF,Complete,Accepted,Yes,Passed
EVD-00001626,PFXC-000677,Receipt,Merchant,2026-01-03T13:33:57,PDF,Complete,Accepted,No,Passed
EVD-00001627,PFXC-000677,Other,Customer,2026-01-03T05:25:51,PNG,Unreadable,Further Evidence Required,No,Passed
EVD-00001628,PFXC-000678,Screenshot,Customer,2025-07-06T00:33:19,PNG,Complete,Accepted,No,Passed
EVD-00001629,PFXC-000678,Screenshot,Operations,2025-07-05T14:54:02,JPG,Complete,Accepted,Yes,Passed
EVD-00001630,PFXC-000679,Screenshot,Customer,2026-05-30T04:24:47,JPG,Complete,Further Evidence Required,No,Passed
EVD-00001631,PFXC-000680,Identity Evidence,Merchant,2025-10-18T20:12:19,PDF,Incomplete,Rejected,No,Passed
EVD-00001632,PFXC-000680,Bank Statement,Customer,2025-10-17T20:33:19,JPG,Complete,Accepted,No,Passed
EVD-00001633,PFXC-000680,Merchant Communication,Customer,2025-10-18T14:14:03,PNG,Complete,Accepted,No,Passed
EVD-00001634,PFXC-000681,Bank Statement,Customer,2025-05-18T15:49:17,PNG,Complete,Further Evidence Required,No,Passed
EVD-00001635,PFXC-000682,Bank Statement,Customer,2025-12-31T12:28:02,PNG,Complete,Accepted,No,Passed
EVD-00001636,PFXC-000682,Receipt,Customer,2025-12-31T16:23:07,PDF,Complete,Accepted,Yes,Passed
EVD-00001637,PFXC-000683,Receipt,Customer,2025-11-12T15:39:13,JPG,Complete,Accepted,No,Passed
EVD-00001638,PFXC-000683,Receipt,Customer,2025-11-12T17:24:50,PNG,Complete,Accepted,No,Passed
EVD-00001639,PFXC-000684,Screenshot,Customer,2025-05-13T07:11:30,PDF,Complete,Accepted,No,Passed
EVD-00001640,PFXC-000684,Other,Merchant,2025-05-13T06:54:14,Other,Complete,Further Evidence Required,No,Passed
EVD-00001641,PFXC-000684,Bank Statement,Customer,2025-05-13T05:16:40,Other,Complete,Accepted,Yes,Passed
EVD-00001642,PFXC-000685,Other,Customer,2026-05-21T12:25:30,JPG,Complete,Accepted,No,Passed
EVD-00001643,PFXC-000686,Merchant Communication,Customer,2025-02-27T07:35:19,PNG,Complete,Accepted,No,Passed
EVD-00001644,PFXC-000686,Receipt,Customer,2025-02-25T23:50:57,PDF,Complete,Accepted,No,Passed
EVD-00001645,PFXC-000686,Screenshot,Operations,2025-02-25T22:57:57,JPG,Complete,Accepted,Yes,Passed
EVD-00001646,PFXC-000686,Receipt,Customer,2025-02-27T18:46:52,JPG,Complete,Accepted,Yes,Passed
EVD-00001647,PFXC-000688,Receipt,Operations,2026-04-20T10:57:01,JPG,Complete,Accepted,No,Passed
EVD-00001648,PFXC-000688,Receipt,Customer,2026-04-21T03:10:08,CSV,Complete,Accepted,No,Passed
EVD-00001649,PFXC-000688,Screenshot,Customer,2026-04-21T09:34:54,PDF,Complete,Accepted,No,Passed
EVD-00001650,PFXC-000689,Bank Statement,Customer,2025-09-28T16:37:42,JPG,Complete,Accepted,Yes,Passed
EVD-00001651,PFXC-000689,Bank Statement,Customer,2025-09-29T01:59:27,PNG,Complete,Accepted,No,Passed
EVD-00001652,PFXC-000690,Merchant Communication,Customer,2026-06-11T17:29:52,PDF,Complete,Accepted,No,Passed
EVD-00001653,PFXC-000691,Merchant Communication,Customer,2025-11-26T11:59:55,PDF,Complete,Accepted,No,Passed
EVD-00001654,PFXC-000691,Receipt,Customer,2025-11-25T19:05:44,PNG,Unreadable,Further Evidence Required,No,Passed
EVD-00001655,PFXC-000691,Merchant Communication,Customer,2025-11-24T05:11:57,PDF,Complete,Accepted,No,Passed
EVD-00001656,PFXC-000691,Screenshot,Customer,2025-11-24T04:59:34,JPG,Complete,Accepted,Yes,Passed
EVD-00001657,PFXC-000692,Bank Statement,Customer,2025-03-13T14:17:10,PDF,Incomplete,Rejected,No,Passed
EVD-00001658,PFXC-000692,Merchant Communication,Operations,2025-03-13T14:43:55,PDF,Complete,Accepted,Yes,Passed
EVD-00001659,PFXC-000693,Receipt,Customer,2026-04-27T22:45:00,PDF,Complete,Accepted,No,Passed
EVD-00001660,PFXC-000693,Receipt,Operations,2026-04-28T20:26:22,PNG,Complete,Accepted,No,Passed
EVD-00001661,PFXC-000694,Receipt,Customer,2026-04-21T02:13:32,PDF,Unreadable,Further Evidence Required,No,Passed
EVD-00001662,PFXC-000694,Other,Customer,2026-04-21T11:09:39,Other,Complete,Accepted,No,Passed
EVD-00001663,PFXC-000695,Receipt,Merchant,2025-11-03T21:01:34,PDF,Complete,Accepted,No,Passed
EVD-00001664,PFXC-000695,Merchant Communication,Customer,2025-11-02T12:01:00,PDF,Unreadable,Further Evidence Required,No,Passed
EVD-00001665,PFXC-000695,Merchant Communication,Customer,2025-11-04T08:40:27,PDF,Complete,Further Evidence Required,No,Passed
EVD-00001666,PFXC-000696,Receipt,Customer,2026-03-14T13:43:54,PDF,Complete,Accepted,No,Not Applicable
EVD-00001667,PFXC-000696,Merchant Communication,Customer,2026-03-12T17:20:11,PDF,Complete,Accepted,No,Passed
EVD-00001668,PFXC-000696,Receipt,Customer,2026-03-14T02:34:09,PDF,Complete,Further Evidence Required,No,Not Applicable
EVD-00001669,PFXC-000696,Receipt,Customer,2026-03-12T23:26:30,JPG,Complete,Accepted,Yes,Passed
EVD-00001670,PFXC-000697,Bank Statement,Merchant,2026-02-25T10:14:34,PDF,Complete,Accepted,No,Passed
EVD-00001671,PFXC-000697,Merchant Communication,Customer,2026-02-26T00:40:48,PNG,Complete,Accepted,No,Passed
EVD-00001672,PFXC-000697,Identity Evidence,Customer,2026-02-24T13:27:59,PDF,Incomplete,Further Evidence Required,No,Passed
EVD-00001673,PFXC-000697,Screenshot,Merchant,2026-02-25T12:07:51,PDF,Complete,Accepted,No,Passed
EVD-00001674,PFXC-000698,Receipt,Merchant,2025-07-19T00:25:55,PNG,Incomplete,Further Evidence Required,No,Passed
EVD-00001675,PFXC-000698,Bank Statement,Operations,2025-07-18T07:47:48,PDF,Complete,Further Evidence Required,No,Passed
EVD-00001676,PFXC-000699,Identity Evidence,Customer,2026-06-02T11:34:05,PDF,Complete,Accepted,No,Passed
EVD-00001677,PFXC-000699,Other,Customer,2026-06-03T02:31:40,JPG,Complete,Further Evidence Required,No,Passed
EVD-00001678,PFXC-000700,Receipt,Customer,2026-03-14T08:42:01,PNG,Complete,Accepted,No,Passed
EVD-00001679,PFXC-000700,Screenshot,Customer,2026-03-13T15:02:31,PDF,Complete,Accepted,No,Passed
EVD-00001680,PFXC-000700,Merchant Communication,Customer,2026-03-15T13:15:08,Other,Incomplete,Rejected,No,Passed
EVD-00001681,PFXC-000701,Bank Statement,Operations,2025-09-01T18:57:32,JPG,Complete,Accepted,No,Passed
EVD-00001682,PFXC-000701,Screenshot,Operations,2025-09-01T09:13:18,Other,Complete,Accepted,No,Passed
EVD-00001683,PFXC-000701,Receipt,Merchant,2025-08-31T14:48:48,PDF,Incomplete,Further Evidence Required,No,Passed
EVD-00001684,PFXC-000702,Bank Statement,Customer,2026-02-08T16:33:18,PDF,Complete,Accepted,No,Passed
EVD-00001685,PFXC-000702,Screenshot,Customer,2026-02-08T06:54:06,PDF,Complete,Accepted,No,Passed
EVD-00001686,PFXC-000703,Screenshot,Customer,2025-11-06T11:22:44,PNG,Complete,Accepted,No,Passed
EVD-00001687,PFXC-000703,Screenshot,Customer,2025-11-07T09:50:45,PDF,Complete,Accepted,No,Not Applicable
EVD-00001688,PFXC-000703,Bank Statement,Customer,2025-11-07T04:43:20,PDF,Complete,Accepted,No,Passed
EVD-00001689,PFXC-000704,Screenshot,Merchant,2026-01-28T07:57:39,PNG,Complete,Accepted,No,Passed
EVD-00001690,PFXC-000704,Other,Customer,2026-01-27T23:00:57,PNG,Complete,Further Evidence Required,Yes,Passed
EVD-00001691,PFXC-000704,Receipt,Merchant,2026-01-26T21:35:17,JPG,Complete,Accepted,No,Passed
EVD-00001692,PFXC-000704,Identity Evidence,Customer,2026-01-27T21:51:01,PDF,Complete,Accepted,No,Passed
EVD-00001693,PFXC-000705,Receipt,Operations,2026-05-19T16:40:15,PDF,Complete,Accepted,No,Passed
EVD-00001694,PFXC-000705,Bank Statement,Operations,2026-05-18T15:40:57,CSV,Complete,Accepted,No,Passed
EVD-00001695,PFXC-000705,Receipt,Customer,2026-05-20T15:56:34,PDF,Complete,Accepted,Yes,Passed
EVD-00001696,PFXC-000706,Bank Statement,Merchant,2025-06-03T23:31:07,PDF,Complete,Accepted,No,Passed
EVD-00001697,PFXC-000706,Identity Evidence,Customer,2025-06-03T17:52:43,PDF,Unreadable,Further Evidence Required,No,Passed
EVD-00001698,PFXC-000706,Bank Statement,Customer,2025-06-03T13:33:21,PDF,Complete,Accepted,No,Passed
EVD-00001699,PFXC-000707,Screenshot,Customer,2025-04-11T10:56:03,PDF,Complete,Accepted,No,Passed
EVD-00001700,PFXC-000707,Screenshot,Customer,2025-04-11T07:32:43,PDF,Complete,Accepted,No,Passed
EVD-00001701,PFXC-000708,Screenshot,Customer,2025-02-01T05:23:32,PDF,Complete,Accepted,No,Passed
EVD-00001702,PFXC-000708,Receipt,Customer,2025-01-30T02:46:54,PDF,Complete,Accepted,No,Passed
EVD-00001703,PFXC-000708,Bank Statement,Customer,2025-02-01T11:10:50,Other,Complete,Accepted,No,Failed
EVD-00001704,PFXC-000708,Receipt,Merchant,2025-02-01T04:25:02,PDF,Incomplete,Further Evidence Required,Yes,Passed
EVD-00001705,PFXC-000709,Identity Evidence,Customer,2026-05-02T16:59:14,PNG,Complete,Accepted,No,Passed
EVD-00001706,PFXC-000709,Merchant Communication,Customer,2026-05-02T07:28:29,Other,Incomplete,Rejected,No,Passed
EVD-00001707,PFXC-000709,Screenshot,Customer,2026-05-03T20:15:49,CSV,Complete,Accepted,No,Passed
EVD-00001708,PFXC-000710,Screenshot,Merchant,2026-01-16T21:33:45,Other,Incomplete,Further Evidence Required,No,Passed
EVD-00001709,PFXC-000710,Screenshot,Merchant,2026-01-17T15:28:28,PDF,Complete,Accepted,No,Passed
EVD-00001710,PFXC-000710,Receipt,Merchant,2026-01-17T14:11:31,Other,Complete,Further Evidence Required,No,Passed
EVD-00001711,PFXC-000711,Receipt,Customer,2025-06-04T05:53:42,JPG,Complete,Accepted,No,Passed
EVD-00001712,PFXC-000711,Bank Statement,Customer,2025-06-03T06:08:29,Other,Complete,Accepted,No,Failed
EVD-00001713,PFXC-000711,Receipt,Merchant,2025-06-03T06:51:47,PDF,Complete,Accepted,No,Passed
EVD-00001714,PFXC-000712,Other,Customer,2026-04-13T15:49:04,PDF,Complete,Accepted,Yes,Passed
EVD-00001715,PFXC-000712,Merchant Communication,Customer,2026-04-13T03:42:31,PDF,Complete,Accepted,No,Passed
EVD-00001716,PFXC-000713,Receipt,Customer,2026-02-23T10:06:36,PDF,Complete,Further Evidence Required,No,Passed
EVD-00001717,PFXC-000713,Screenshot,Operations,2026-02-24T04:05:27,PDF,Complete,Accepted,Yes,Passed
EVD-00001718,PFXC-000714,Merchant Communication,Customer,2025-03-06T14:25:30,JPG,Complete,Accepted,Yes,Passed
EVD-00001719,PFXC-000714,Receipt,Customer,2025-03-06T09:25:36,PDF,Complete,Accepted,No,Passed
EVD-00001720,PFXC-000714,Other,Merchant,2025-03-08T02:55:48,Other,Complete,Accepted,No,Passed
EVD-00001721,PFXC-000714,Receipt,Customer,2025-03-07T23:58:30,PDF,Complete,Further Evidence Required,Yes,Passed
EVD-00001722,PFXC-000715,Bank Statement,Customer,2025-10-08T20:46:17,PDF,Complete,Accepted,No,Passed
EVD-00001723,PFXC-000715,Merchant Communication,Merchant,2025-10-08T05:38:20,PDF,Complete,Accepted,No,Passed
EVD-00001724,PFXC-000716,Receipt,Customer,2025-12-20T10:45:45,PNG,Complete,Accepted,No,Passed
EVD-00001725,PFXC-000716,Other,Customer,2025-12-20T16:22:41,PNG,Complete,Accepted,No,Passed
EVD-00001726,PFXC-000716,Receipt,Operations,2025-12-22T15:21:21,JPG,Complete,Further Evidence Required,No,Passed
EVD-00001727,PFXC-000716,Receipt,Operations,2025-12-21T03:31:58,Other,Complete,Accepted,No,Passed
EVD-00001728,PFXC-000717,Receipt,Customer,2025-06-26T12:46:54,PDF,Complete,Accepted,No,Passed
EVD-00001729,PFXC-000717,Merchant Communication,Customer,2025-06-24T20:56:26,PDF,Complete,Accepted,Yes,Passed
EVD-00001730,PFXC-000718,Bank Statement,Operations,2025-02-24T07:25:04,PNG,Complete,Accepted,No,Not Applicable
EVD-00001731,PFXC-000718,Screenshot,Customer,2025-02-25T20:35:22,PNG,Incomplete,Rejected,No,Passed
EVD-00001732,PFXC-000719,Bank Statement,Operations,2025-09-22T05:06:40,JPG,Complete,Further Evidence Required,Yes,Passed
EVD-00001733,PFXC-000719,Merchant Communication,Customer,2025-09-23T05:35:02,PNG,Complete,Accepted,No,Passed
EVD-00001734,PFXC-000720,Identity Evidence,Customer,2025-06-08T22:25:42,PNG,Incomplete,Further Evidence Required,No,Failed
EVD-00001735,PFXC-000720,Screenshot,Customer,2025-06-06T04:32:26,PDF,Complete,Accepted,No,Passed
EVD-00001736,PFXC-000720,Receipt,Customer,2025-06-08T13:37:08,PDF,Complete,Accepted,No,Passed
EVD-00001737,PFXC-000720,Screenshot,Customer,2025-06-09T01:47:00,JPG,Complete,Accepted,Yes,Passed
EVD-00001738,PFXC-000721,Receipt,Customer,2026-03-19T04:33:36,PDF,Complete,Accepted,No,Passed
EVD-00001739,PFXC-000721,Screenshot,Operations,2026-03-21T18:14:57,PDF,Unreadable,Rejected,No,Passed
EVD-00001740,PFXC-000722,Screenshot,Customer,2025-01-25T21:10:14,Other,Unreadable,Further Evidence Required,No,Passed
EVD-00001741,PFXC-000722,Receipt,Customer,2025-01-25T00:48:46,PDF,Incomplete,Rejected,No,Passed
EVD-00001742,PFXC-000723,Bank Statement,Merchant,2026-05-27T18:58:43,PNG,Complete,Accepted,Yes,Passed
EVD-00001743,PFXC-000723,Screenshot,Customer,2026-05-28T11:11:59,JPG,Incomplete,Further Evidence Required,No,Passed
EVD-00001744,PFXC-000724,Screenshot,Customer,2025-01-07T12:12:41,Other,Incomplete,Further Evidence Required,No,Passed
EVD-00001745,PFXC-000724,Bank Statement,Customer,2025-01-08T18:09:04,JPG,Complete,Accepted,No,Passed
EVD-00001746,PFXC-000724,Screenshot,Operations,2025-01-09T15:17:35,JPG,Incomplete,Rejected,No,Passed
EVD-00001747,PFXC-000725,Screenshot,Customer,2025-02-18T16:40:06,CSV,Complete,Accepted,No,Passed
EVD-00001748,PFXC-000725,Merchant Communication,Customer,2025-02-18T22:43:18,JPG,Incomplete,Further Evidence Required,No,Passed
EVD-00001749,PFXC-000725,Screenshot,Customer,2025-02-19T07:30:44,PDF,Complete,Accepted,No,Passed
EVD-00001750,PFXC-000725,Receipt,Customer,2025-02-17T16:18:08,PDF,Complete,Accepted,No,Not Applicable
EVD-00001751,PFXC-000726,Screenshot,Customer,2025-09-23T13:20:16,PDF,Complete,Accepted,Yes,Passed
EVD-00001752,PFXC-000726,Receipt,Customer,2025-09-23T13:04:40,PDF,Incomplete,Further Evidence Required,No,Passed
EVD-00001753,PFXC-000726,Bank Statement,Customer,2025-09-24T00:44:03,JPG,Complete,Accepted,No,Passed
EVD-00001754,PFXC-000726,Receipt,Customer,2025-09-23T04:09:44,JPG,Complete,Accepted,No,Passed
EVD-00001755,PFXC-000727,Other,Merchant,2025-05-19T15:01:26,PNG,Complete,Accepted,No,Passed
EVD-00001756,PFXC-000727,Merchant Communication,Merchant,2025-05-19T13:50:03,PDF,Complete,Accepted,No,Passed
EVD-00001757,PFXC-000727,Screenshot,Customer,2025-05-21T00:15:22,JPG,Complete,Accepted,Yes,Passed
EVD-00001758,PFXC-000728,Other,Merchant,2025-08-28T05:45:49,Other,Complete,Accepted,Yes,Not Applicable
EVD-00001759,PFXC-000728,Receipt,Customer,2025-08-29T04:32:41,PDF,Complete,Accepted,No,Passed
EVD-00001760,PFXC-000728,Receipt,Customer,2025-08-28T12:15:58,PDF,Complete,Accepted,No,Passed
EVD-00001761,PFXC-000729,Merchant Communication,Merchant,2026-01-03T15:16:51,PDF,Complete,Accepted,Yes,Failed
EVD-00001762,PFXC-000729,Receipt,Customer,2026-01-03T09:39:14,PNG,Complete,Accepted,Yes,Passed
EVD-00001763,PFXC-000729,Bank Statement,Customer,2026-01-04T03:16:32,Other,Complete,Accepted,No,Passed
EVD-00001764,PFXC-000730,Screenshot,Customer,2026-01-02T14:10:30,PNG,Complete,Accepted,No,Passed
EVD-00001765,PFXC-000731,Other,Customer,2026-03-19T01:54:11,JPG,Incomplete,Rejected,No,Passed
EVD-00001766,PFXC-000731,Screenshot,Merchant,2026-03-19T10:24:49,PNG,Complete,Accepted,No,Passed
EVD-00001767,PFXC-000732,Merchant Communication,Customer,2026-06-05T12:41:02,PDF,Incomplete,Rejected,Yes,Passed
EVD-00001768,PFXC-000732,Merchant Communication,Customer,2026-06-06T17:26:56,PDF,Complete,Accepted,Yes,Passed
EVD-00001769,PFXC-000732,Bank Statement,Customer,2026-06-06T13:44:03,JPG,Complete,Accepted,No,Passed
EVD-00001770,PFXC-000733,Bank Statement,Operations,2025-05-17T05:08:39,JPG,Complete,Accepted,No,Passed
EVD-00001771,PFXC-000733,Merchant Communication,Customer,2025-05-14T17:56:26,Other,Incomplete,Further Evidence Required,No,Passed
EVD-00001772,PFXC-000733,Bank Statement,Customer,2025-05-16T10:59:28,PNG,Incomplete,Further Evidence Required,No,Passed
EVD-00001773,PFXC-000734,Merchant Communication,Customer,2025-06-21T20:25:55,PDF,Incomplete,Further Evidence Required,No,Failed
EVD-00001774,PFXC-000734,Receipt,Customer,2025-06-22T17:20:56,JPG,Complete,Accepted,No,Passed
EVD-00001775,PFXC-000735,Receipt,Customer,2025-07-27T20:17:28,CSV,Complete,Accepted,No,Passed
EVD-00001776,PFXC-000735,Screenshot,Merchant,2025-07-27T22:39:05,PNG,Complete,Accepted,No,Passed
EVD-00001777,PFXC-000735,Other,Customer,2025-07-27T14:27:41,PDF,Complete,Accepted,No,Passed
EVD-00001778,PFXC-000736,Identity Evidence,Customer,2025-12-24T07:46:53,PDF,Complete,Accepted,No,Passed
EVD-00001779,PFXC-000737,Merchant Communication,Merchant,2025-08-28T17:04:00,CSV,Complete,Accepted,No,Passed
EVD-00001780,PFXC-000737,Receipt,Operations,2025-08-27T08:24:04,PDF,Complete,Accepted,No,Failed
EVD-00001781,PFXC-000738,Bank Statement,Customer,2025-05-26T03:36:02,PNG,Complete,Accepted,No,Passed
EVD-00001782,PFXC-000738,Screenshot,Customer,2025-05-27T04:31:16,PNG,Complete,Accepted,No,Passed
EVD-00001783,PFXC-000739,Bank Statement,Customer,2025-04-30T09:07:57,PDF,Unreadable,Rejected,No,Passed
EVD-00001784,PFXC-000739,Screenshot,Customer,2025-05-02T16:43:56,CSV,Complete,Accepted,No,Passed
EVD-00001785,PFXC-000739,Merchant Communication,Customer,2025-05-02T18:53:57,PNG,Complete,Accepted,No,Passed
EVD-00001786,PFXC-000740,Receipt,Customer,2025-04-17T19:39:21,Other,Unreadable,Further Evidence Required,Yes,Passed
EVD-00001787,PFXC-000741,Identity Evidence,Customer,2025-10-07T16:28:53,PNG,Complete,Accepted,No,Failed
EVD-00001788,PFXC-000741,Receipt,Customer,2025-10-07T02:24:48,PNG,Incomplete,Rejected,No,Passed
EVD-00001789,PFXC-000742,Bank Statement,Operations,2025-09-30T08:23:08,JPG,Complete,Accepted,No,Passed
EVD-00001790,PFXC-000742,Identity Evidence,Customer,2025-09-29T13:00:29,PDF,Complete,Further Evidence Required,No,Passed
EVD-00001791,PFXC-000744,Bank Statement,Customer,2025-05-12T20:30:55,PDF,Complete,Accepted,No,Passed
EVD-00001792,PFXC-000745,Merchant Communication,Customer,2025-12-18T22:04:45,PNG,Complete,Accepted,No,Passed
EVD-00001793,PFXC-000745,Receipt,Customer,2025-12-16T07:39:11,PNG,Complete,Accepted,No,Passed
EVD-00001794,PFXC-000745,Screenshot,Customer,2025-12-16T12:58:17,PNG,Complete,Accepted,No,Passed
EVD-00001795,PFXC-000745,Screenshot,Customer,2025-12-19T03:27:20,PNG,Incomplete,Rejected,No,Not Applicable
EVD-00001796,PFXC-000746,Receipt,Operations,2025-09-26T16:11:18,CSV,Complete,Accepted,No,Passed
EVD-00001797,PFXC-000746,Merchant Communication,Customer,2025-09-27T11:21:22,PDF,Complete,Accepted,No,Passed
EVD-00001798,PFXC-000746,Merchant Communication,Customer,2025-09-27T21:12:15,PNG,Complete,Accepted,No,Passed
EVD-00001799,PFXC-000747,Bank Statement,Customer,2025-11-09T19:40:04,JPG,Complete,Accepted,No,Passed
EVD-00001800,PFXC-000748,Bank Statement,Customer,2025-08-15T19:02:47,JPG,Complete,Accepted,No,Passed
EVD-00001801,PFXC-000748,Screenshot,Customer,2025-08-15T14:06:15,Other,Complete,Accepted,No,Not Applicable
EVD-00001802,PFXC-000750,Receipt,Customer,2025-01-04T07:16:27,PNG,Complete,Further Evidence Required,No,Passed
EVD-00001803,PFXC-000750,Bank Statement,Customer,2025-01-03T12:08:49,PNG,Complete,Further Evidence Required,No,Passed
EVD-00001804,PFXC-000751,Other,Customer,2025-12-19T20:17:47,Other,Complete,Further Evidence Required,No,Passed
EVD-00001805,PFXC-000751,Screenshot,Merchant,2025-12-20T05:18:29,PDF,Complete,Accepted,No,Passed
EVD-00001806,PFXC-000752,Other,Customer,2025-06-21T06:32:10,PDF,Incomplete,Rejected,No,Passed
EVD-00001807,PFXC-000754,Receipt,Operations,2026-01-13T02:59:01,PDF,Complete,Further Evidence Required,No,Passed
EVD-00001808,PFXC-000754,Screenshot,Customer,2026-01-14T06:45:46,PDF,Complete,Accepted,No,Passed
EVD-00001809,PFXC-000754,Receipt,Merchant,2026-01-15T12:28:54,PDF,Incomplete,Rejected,No,Not Applicable
EVD-00001810,PFXC-000755,Screenshot,Customer,2026-04-08T05:07:10,PDF,Complete,Accepted,No,Passed
EVD-00001811,PFXC-000755,Other,Merchant,2026-04-08T08:38:27,JPG,Incomplete,Further Evidence Required,No,Passed
EVD-00001812,PFXC-000756,Bank Statement,Customer,2025-01-23T14:26:27,PDF,Complete,Accepted,No,Passed
EVD-00001813,PFXC-000757,Merchant Communication,Customer,2025-09-02T07:48:08,PDF,Complete,Accepted,Yes,Passed
EVD-00001814,PFXC-000757,Receipt,Customer,2025-09-02T17:02:50,PNG,Complete,Accepted,No,Passed
EVD-00001815,PFXC-000758,Other,Customer,2025-10-07T16:37:15,JPG,Complete,Accepted,No,Passed
EVD-00001816,PFXC-000760,Screenshot,Customer,2025-03-28T08:26:41,PNG,Complete,Accepted,No,Passed
EVD-00001817,PFXC-000761,Screenshot,Customer,2025-07-17T23:05:42,PDF,Incomplete,Further Evidence Required,No,Passed
EVD-00001818,PFXC-000761,Merchant Communication,Customer,2025-07-19T21:09:02,PDF,Incomplete,Further Evidence Required,No,Passed
EVD-00001819,PFXC-000762,Receipt,Customer,2026-03-04T02:11:53,PDF,Complete,Accepted,Yes,Passed
EVD-00001820,PFXC-000762,Identity Evidence,Customer,2026-03-04T01:58:43,JPG,Complete,Accepted,No,Passed
EVD-00001821,PFXC-000763,Receipt,Customer,2025-02-18T18:38:01,PNG,Complete,Accepted,No,Not Applicable
EVD-00001822,PFXC-000763,Screenshot,Merchant,2025-02-19T19:56:26,PNG,Complete,Accepted,No,Passed
EVD-00001823,PFXC-000764,Merchant Communication,Customer,2026-05-10T11:01:21,PDF,Incomplete,Further Evidence Required,No,Passed
EVD-00001824,PFXC-000764,Screenshot,Customer,2026-05-10T08:13:39,JPG,Complete,Accepted,No,Passed
EVD-00001825,PFXC-000765,Receipt,Operations,2026-03-12T13:06:01,PDF,Complete,Accepted,No,Passed
EVD-00001826,PFXC-000765,Receipt,Customer,2026-03-14T13:21:54,PNG,Incomplete,Further Evidence Required,No,Passed
EVD-00001827,PFXC-000766,Screenshot,Customer,2025-05-19T08:50:47,JPG,Complete,Accepted,No,Passed
EVD-00001828,PFXC-000767,Other,Customer,2025-09-12T11:05:15,JPG,Incomplete,Further Evidence Required,No,Passed
EVD-00001829,PFXC-000767,Merchant Communication,Operations,2025-09-11T03:50:52,Other,Complete,Accepted,No,Passed
EVD-00001830,PFXC-000768,Receipt,Merchant,2025-06-14T08:12:00,JPG,Complete,Accepted,No,Passed
EVD-00001831,PFXC-000768,Merchant Communication,Customer,2025-06-15T22:44:52,PDF,Complete,Accepted,No,Passed
EVD-00001832,PFXC-000768,Receipt,Customer,2025-06-16T00:06:45,PNG,Complete,Accepted,No,Passed
EVD-00001833,PFXC-000768,Screenshot,Customer,2025-06-15T01:01:18,JPG,Incomplete,Further Evidence Required,No,Passed
EVD-00001834,PFXC-000770,Merchant Communication,Customer,2026-04-10T13:02:21,PDF,Unreadable,Further Evidence Required,No,Not Applicable
EVD-00001835,PFXC-000770,Merchant Communication,Customer,2026-04-08T03:26:46,PDF,Unreadable,Further Evidence Required,No,Passed
EVD-00001836,PFXC-000771,Bank Statement,Customer,2025-05-04T06:41:52,Other,Complete,Accepted,No,Not Applicable
EVD-00001837,PFXC-000771,Other,Customer,2025-05-03T23:58:33,JPG,Complete,Further Evidence Required,No,Passed
EVD-00001838,PFXC-000771,Screenshot,Customer,2025-05-04T14:33:19,JPG,Complete,Accepted,No,Passed
EVD-00001839,PFXC-000771,Bank Statement,Customer,2025-05-03T11:37:01,PDF,Incomplete,Rejected,No,Passed
EVD-00001840,PFXC-000772,Identity Evidence,Merchant,2025-08-04T13:26:48,Other,Complete,Accepted,No,Passed
EVD-00001841,PFXC-000772,Bank Statement,Customer,2025-08-04T20:22:44,JPG,Complete,Accepted,No,Passed
EVD-00001842,PFXC-000772,Other,Customer,2025-08-06T08:52:11,PNG,Complete,Accepted,No,Passed
EVD-00001843,PFXC-000773,Receipt,Customer,2025-08-08T00:34:04,Other,Complete,Accepted,No,Passed
EVD-00001844,PFXC-000774,Screenshot,Customer,2025-08-06T02:52:26,PNG,Complete,Accepted,No,Passed
EVD-00001845,PFXC-000774,Screenshot,Customer,2025-08-04T22:14:57,CSV,Complete,Accepted,No,Passed
EVD-00001846,PFXC-000775,Receipt,Customer,2026-03-27T02:37:50,Other,Complete,Further Evidence Required,No,Passed
EVD-00001847,PFXC-000775,Screenshot,Customer,2026-03-28T17:07:40,JPG,Complete,Accepted,Yes,Passed
EVD-00001848,PFXC-000775,Other,Customer,2026-03-28T20:33:31,PDF,Complete,Further Evidence Required,No,Passed
EVD-00001849,PFXC-000775,Receipt,Customer,2026-03-28T15:21:51,JPG,Complete,Accepted,Yes,Passed
EVD-00001850,PFXC-000776,Other,Customer,2025-06-13T20:36:37,PNG,Complete,Accepted,No,Passed
EVD-00001851,PFXC-000776,Merchant Communication,Customer,2025-06-12T22:20:09,PNG,Complete,Accepted,No,Passed
EVD-00001852,PFXC-000776,Receipt,Customer,2025-06-14T14:14:52,Other,Unreadable,Further Evidence Required,No,Passed
EVD-00001853,PFXC-000776,Merchant Communication,Customer,2025-06-13T05:10:33,PDF,Incomplete,Rejected,No,Not Applicable
EVD-00001854,PFXC-000777,Merchant Communication,Customer,2025-06-27T12:54:40,JPG,Complete,Accepted,Yes,Passed
EVD-00001855,PFXC-000777,Receipt,Customer,2025-06-26T05:50:48,PNG,Complete,Accepted,No,Passed
EVD-00001856,PFXC-000777,Other,Customer,2025-06-28T02:52:35,PNG,Complete,Accepted,No,Passed
EVD-00001857,PFXC-000777,Other,Customer,2025-06-27T22:05:21,PNG,Complete,Further Evidence Required,No,Passed
EVD-00001858,PFXC-000778,Screenshot,Customer,2026-03-20T12:14:11,Other,Complete,Accepted,No,Passed
EVD-00001859,PFXC-000778,Merchant Communication,Operations,2026-03-20T13:58:27,PDF,Complete,Accepted,No,Passed
EVD-00001860,PFXC-000779,Receipt,Operations,2026-03-28T17:16:06,CSV,Complete,Accepted,No,Passed
EVD-00001861,PFXC-000779,Bank Statement,Customer,2026-03-28T18:23:12,PDF,Complete,Accepted,No,Passed
EVD-00001862,PFXC-000780,Other,Customer,2025-01-28T01:26:25,PNG,Complete,Accepted,No,Passed
EVD-00001863,PFXC-000780,Merchant Communication,Operations,2025-01-29T06:31:50,PDF,Incomplete,Rejected,No,Passed
EVD-00001864,PFXC-000781,Receipt,Customer,2026-06-26T07:32:27,PDF,Complete,Accepted,No,Passed
EVD-00001865,PFXC-000781,Merchant Communication,Merchant,2026-06-25T17:52:13,PDF,Incomplete,Rejected,No,Passed
EVD-00001866,PFXC-000782,Screenshot,Customer,2026-04-07T19:05:33,PDF,Complete,Accepted,No,Not Applicable
EVD-00001867,PFXC-000782,Bank Statement,Customer,2026-04-06T11:02:24,PDF,Incomplete,Rejected,No,Passed
EVD-00001868,PFXC-000782,Screenshot,Customer,2026-04-05T06:26:55,JPG,Complete,Accepted,No,Passed
EVD-00001869,PFXC-000782,Screenshot,Customer,2026-04-07T03:45:12,PDF,Complete,Further Evidence Required,No,Passed
EVD-00001870,PFXC-000783,Bank Statement,Customer,2026-03-03T02:40:46,PDF,Incomplete,Further Evidence Required,No,Passed
EVD-00001871,PFXC-000783,Screenshot,Customer,2026-03-03T05:44:15,PDF,Incomplete,Further Evidence Required,No,Failed
EVD-00001872,PFXC-000783,Screenshot,Customer,2026-03-02T09:18:08,CSV,Complete,Accepted,No,Passed
EVD-00001873,PFXC-000783,Merchant Communication,Customer,2026-03-04T14:48:51,PNG,Complete,Accepted,Yes,Passed
EVD-00001874,PFXC-000784,Screenshot,Customer,2025-10-12T10:09:03,PNG,Complete,Accepted,No,Passed
EVD-00001875,PFXC-000784,Receipt,Customer,2025-10-13T02:33:19,PNG,Complete,Accepted,No,Passed
EVD-00001876,PFXC-000785,Receipt,Customer,2026-01-10T04:27:42,JPG,Incomplete,Rejected,No,Passed
EVD-00001877,PFXC-000785,Screenshot,Customer,2026-01-09T11:50:19,CSV,Complete,Accepted,No,Passed
EVD-00001878,PFXC-000786,Other,Customer,2026-05-01T17:05:02,PDF,Complete,Accepted,No,Passed
EVD-00001879,PFXC-000786,Screenshot,Customer,2026-05-02T15:35:00,PDF,Complete,Accepted,No,Passed
EVD-00001880,PFXC-000786,Bank Statement,Customer,2026-05-02T10:03:42,PDF,Unreadable,Further Evidence Required,Yes,Passed
EVD-00001881,PFXC-000786,Merchant Communication,Customer,2026-05-01T19:08:43,PDF,Complete,Accepted,No,Passed
EVD-00001882,PFXC-000787,Bank Statement,Customer,2026-03-29T09:04:29,PDF,Complete,Accepted,No,Passed
EVD-00001883,PFXC-000787,Identity Evidence,Customer,2026-03-28T18:34:45,Other,Complete,Accepted,No,Not Applicable
EVD-00001884,PFXC-000787,Screenshot,Customer,2026-03-29T12:59:38,JPG,Complete,Accepted,No,Passed
EVD-00001885,PFXC-000787,Bank Statement,Customer,2026-03-28T20:37:26,PNG,Complete,Accepted,No,Passed
EVD-00001886,PFXC-000788,Receipt,Customer,2026-04-30T11:27:20,PNG,Incomplete,Further Evidence Required,Yes,Passed
EVD-00001887,PFXC-000788,Receipt,Customer,2026-04-28T00:34:19,PNG,Complete,Accepted,No,Passed
EVD-00001888,PFXC-000790,Merchant Communication,Customer,2025-12-20T16:58:06,PNG,Complete,Accepted,No,Passed
EVD-00001889,PFXC-000791,Other,Customer,2026-06-09T04:50:45,PDF,Incomplete,Rejected,No,Passed
EVD-00001890,PFXC-000791,Screenshot,Customer,2026-06-11T20:33:28,PNG,Unreadable,Rejected,No,Not Applicable
EVD-00001891,PFXC-000791,Screenshot,Customer,2026-06-09T22:22:56,JPG,Complete,Accepted,No,Passed
EVD-00001892,PFXC-000792,Merchant Communication,Customer,2025-04-04T10:03:21,PDF,Incomplete,Further Evidence Required,No,Passed
EVD-00001893,PFXC-000792,Bank Statement,Customer,2025-04-03T15:23:12,PDF,Complete,Accepted,No,Passed
EVD-00001894,PFXC-000792,Identity Evidence,Operations,2025-04-03T21:40:37,Other,Complete,Accepted,No,Passed
EVD-00001895,PFXC-000792,Other,Customer,2025-04-02T09:54:25,JPG,Complete,Accepted,Yes,Passed
EVD-00001896,PFXC-000793,Receipt,Operations,2025-10-03T20:49:20,PDF,Unreadable,Rejected,No,Passed
EVD-00001897,PFXC-000793,Receipt,Customer,2025-10-05T17:49:15,PDF,Complete,Accepted,No,Passed
EVD-00001898,PFXC-000794,Identity Evidence,Customer,2026-04-03T17:15:03,PDF,Complete,Accepted,No,Passed
EVD-00001899,PFXC-000794,Merchant Communication,Customer,2026-04-05T02:44:33,Other,Complete,Accepted,Yes,Passed
EVD-00001900,PFXC-000795,Identity Evidence,Merchant,2025-09-29T20:07:53,Other,Complete,Accepted,No,Passed
EVD-00001901,PFXC-000795,Screenshot,Customer,2025-09-29T04:43:35,PDF,Complete,Accepted,Yes,Passed
EVD-00001902,PFXC-000796,Bank Statement,Operations,2026-01-03T21:54:17,PDF,Complete,Accepted,No,Passed
EVD-00001903,PFXC-000796,Receipt,Customer,2026-01-02T05:01:10,JPG,Complete,Accepted,Yes,Passed
EVD-00001904,PFXC-000797,Merchant Communication,Merchant,2025-05-29T19:36:14,PDF,Complete,Accepted,No,Passed
EVD-00001905,PFXC-000797,Receipt,Customer,2025-05-29T11:33:15,PDF,Complete,Accepted,No,Passed
EVD-00001906,PFXC-000797,Screenshot,Merchant,2025-05-29T17:19:11,PDF,Complete,Accepted,Yes,Failed
EVD-00001907,PFXC-000798,Receipt,Customer,2025-12-01T11:31:06,JPG,Complete,Accepted,No,Passed
EVD-00001908,PFXC-000798,Screenshot,Merchant,2025-11-30T20:03:40,PDF,Complete,Accepted,No,Passed
EVD-00001909,PFXC-000798,Bank Statement,Customer,2025-11-30T14:00:44,PDF,Complete,Accepted,No,Passed
EVD-00001910,PFXC-000799,Merchant Communication,Customer,2026-04-30T11:53:50,PDF,Complete,Accepted,No,Passed
EVD-00001911,PFXC-000799,Bank Statement,Operations,2026-04-30T23:57:53,PDF,Unreadable,Further Evidence Required,No,Passed
EVD-00001912,PFXC-000799,Screenshot,Customer,2026-05-01T11:19:35,PNG,Incomplete,Rejected,Yes,Passed
EVD-00001913,PFXC-000800,Bank Statement,Customer,2025-02-19T18:35:08,PNG,Complete,Accepted,No,Passed
EVD-00001914,PFXC-000800,Identity Evidence,Customer,2025-02-19T17:41:10,Other,Complete,Accepted,No,Passed
EVD-00001915,PFXC-000801,Merchant Communication,Customer,2025-06-02T04:34:05,JPG,Incomplete,Rejected,No,Passed
EVD-00001916,PFXC-000801,Identity Evidence,Operations,2025-05-31T21:49:49,JPG,Incomplete,Further Evidence Required,Yes,Passed
EVD-00001917,PFXC-000801,Other,Customer,2025-06-01T15:02:16,PDF,Complete,Accepted,No,Passed
EVD-00001918,PFXC-000802,Screenshot,Customer,2026-05-25T09:58:50,PNG,Complete,Accepted,No,Passed
EVD-00001919,PFXC-000803,Bank Statement,Customer,2025-01-19T09:01:58,PDF,Complete,Accepted,No,Passed
EVD-00001920,PFXC-000803,Receipt,Customer,2025-01-19T05:19:47,PDF,Complete,Accepted,Yes,Passed
EVD-00001921,PFXC-000803,Merchant Communication,Customer,2025-01-16T18:57:52,PDF,Complete,Accepted,No,Passed
EVD-00001922,PFXC-000804,Screenshot,Customer,2025-07-15T17:45:46,PDF,Complete,Accepted,No,Passed
EVD-00001923,PFXC-000805,Merchant Communication,Customer,2026-04-03T21:26:10,PNG,Complete,Further Evidence Required,No,Passed
EVD-00001924,PFXC-000805,Identity Evidence,Customer,2026-04-04T01:52:52,JPG,Incomplete,Rejected,No,Passed
EVD-00001925,PFXC-000805,Receipt,Customer,2026-04-04T17:31:36,PDF,Complete,Accepted,Yes,Not Applicable
EVD-00001926,PFXC-000805,Bank Statement,Customer,2026-04-03T04:56:33,Other,Complete,Accepted,No,Passed
EVD-00001927,PFXC-000806,Receipt,Customer,2026-02-07T23:49:29,Other,Complete,Accepted,No,Passed
EVD-00001928,PFXC-000806,Screenshot,Customer,2026-02-06T23:57:52,PDF,Complete,Accepted,No,Not Applicable
EVD-00001929,PFXC-000806,Merchant Communication,Customer,2026-02-07T00:02:17,PDF,Complete,Accepted,No,Passed
EVD-00001930,PFXC-000806,Identity Evidence,Customer,2026-02-09T08:19:42,PDF,Complete,Accepted,Yes,Passed
EVD-00001931,PFXC-000807,Bank Statement,Customer,2026-04-13T06:08:42,PDF,Unreadable,Rejected,No,Passed
EVD-00001932,PFXC-000807,Screenshot,Customer,2026-04-14T06:41:04,PDF,Complete,Accepted,Yes,Passed
EVD-00001933,PFXC-000808,Receipt,Customer,2026-06-14T05:29:08,Other,Complete,Accepted,No,Passed
EVD-00001934,PFXC-000808,Screenshot,Customer,2026-06-14T00:50:55,PDF,Complete,Accepted,No,Passed
EVD-00001935,PFXC-000808,Receipt,Customer,2026-06-14T14:04:04,JPG,Complete,Accepted,No,Passed
EVD-00001936,PFXC-000809,Bank Statement,Customer,2026-05-05T08:04:56,PDF,Complete,Further Evidence Required,No,Passed
EVD-00001937,PFXC-000809,Other,Operations,2026-05-03T22:19:19,Other,Complete,Accepted,No,Passed
EVD-00001938,PFXC-000809,Merchant Communication,Customer,2026-05-04T23:11:09,Other,Complete,Accepted,No,Passed
EVD-00001939,PFXC-000809,Receipt,Customer,2026-05-03T16:14:24,PNG,Complete,Accepted,No,Passed
EVD-00001940,PFXC-000811,Merchant Communication,Customer,2025-05-03T16:25:41,PDF,Incomplete,Further Evidence Required,No,Passed
EVD-00001941,PFXC-000812,Bank Statement,Customer,2026-05-13T01:24:32,PDF,Incomplete,Further Evidence Required,No,Passed
EVD-00001942,PFXC-000812,Other,Customer,2026-05-13T07:02:57,JPG,Complete,Accepted,No,Passed
EVD-00001943,PFXC-000812,Receipt,Customer,2026-05-12T20:43:05,PNG,Complete,Accepted,No,Not Applicable
EVD-00001944,PFXC-000813,Receipt,Customer,2025-05-18T22:21:17,JPG,Complete,Accepted,No,Passed
EVD-00001945,PFXC-000813,Other,Customer,2025-05-17T04:24:50,PDF,Complete,Accepted,Yes,Passed
EVD-00001946,PFXC-000813,Merchant Communication,Customer,2025-05-16T23:17:52,PNG,Complete,Accepted,No,Not Applicable
EVD-00001947,PFXC-000813,Receipt,Customer,2025-05-17T02:45:13,Other,Unreadable,Rejected,No,Passed
EVD-00001948,PFXC-000814,Identity Evidence,Customer,2026-03-13T10:42:36,PDF,Incomplete,Further Evidence Required,No,Passed
EVD-00001949,PFXC-000814,Merchant Communication,Customer,2026-03-14T00:56:04,Other,Complete,Accepted,No,Passed
EVD-00001950,PFXC-000815,Other,Customer,2025-09-22T17:51:27,PDF,Complete,Accepted,No,Passed
EVD-00001951,PFXC-000815,Screenshot,Operations,2025-09-23T08:02:38,PDF,Complete,Accepted,No,Passed
EVD-00001952,PFXC-000815,Receipt,Customer,2025-09-20T23:55:37,PDF,Complete,Further Evidence Required,No,Passed
EVD-00001953,PFXC-000815,Bank Statement,Customer,2025-09-22T16:08:39,JPG,Complete,Accepted,No,Passed
EVD-00001954,PFXC-000816,Bank Statement,Customer,2025-01-09T08:18:43,PNG,Complete,Accepted,No,Passed
EVD-00001955,PFXC-000816,Receipt,Customer,2025-01-08T20:55:21,JPG,Complete,Accepted,No,Passed
EVD-00001956,PFXC-000816,Receipt,Merchant,2025-01-07T22:03:36,PDF,Complete,Accepted,No,Passed
EVD-00001957,PFXC-000817,Bank Statement,Merchant,2026-01-27T02:18:33,JPG,Unreadable,Rejected,No,Passed
EVD-00001958,PFXC-000817,Receipt,Customer,2026-01-26T02:00:58,Other,Complete,Accepted,Yes,Passed
EVD-00001959,PFXC-000817,Bank Statement,Customer,2026-01-25T16:17:54,PDF,Complete,Accepted,No,Passed
EVD-00001960,PFXC-000819,Identity Evidence,Merchant,2025-11-05T08:43:03,PDF,Incomplete,Rejected,No,Passed
EVD-00001961,PFXC-000819,Merchant Communication,Customer,2025-11-05T07:12:54,PDF,Complete,Accepted,No,Passed
EVD-00001962,PFXC-000820,Other,Customer,2025-11-15T17:03:35,PDF,Incomplete,Rejected,No,Passed
EVD-00001963,PFXC-000820,Merchant Communication,Customer,2025-11-15T07:35:20,PDF,Incomplete,Rejected,No,Passed
EVD-00001964,PFXC-000821,Bank Statement,Customer,2025-05-20T18:23:22,PDF,Complete,Accepted,Yes,Passed
EVD-00001965,PFXC-000821,Bank Statement,Merchant,2025-05-20T01:18:28,PDF,Complete,Accepted,Yes,Passed
EVD-00001966,PFXC-000821,Merchant Communication,Merchant,2025-05-22T13:42:29,PDF,Complete,Accepted,No,Passed
EVD-00001967,PFXC-000821,Screenshot,Customer,2025-05-21T22:38:54,PDF,Complete,Accepted,No,Passed
EVD-00001968,PFXC-000822,Bank Statement,Customer,2025-11-11T15:39:56,PDF,Complete,Accepted,No,Passed
EVD-00001969,PFXC-000822,Receipt,Operations,2025-11-12T15:38:26,PDF,Complete,Accepted,No,Passed
EVD-00001970,PFXC-000823,Bank Statement,Customer,2025-11-07T20:38:00,PDF,Complete,Accepted,No,Passed
EVD-00001971,PFXC-000824,Merchant Communication,Customer,2025-06-11T14:23:46,PDF,Complete,Accepted,No,Passed
EVD-00001972,PFXC-000824,Merchant Communication,Customer,2025-06-12T11:02:51,Other,Complete,Accepted,No,Passed
EVD-00001973,PFXC-000825,Screenshot,Customer,2025-06-25T10:03:29,PDF,Complete,Accepted,No,Passed
EVD-00001974,PFXC-000825,Other,Customer,2025-06-27T02:05:27,Other,Complete,Accepted,No,Passed
EVD-00001975,PFXC-000825,Screenshot,Customer,2025-06-27T15:28:10,PDF,Complete,Accepted,Yes,Not Applicable
EVD-00001976,PFXC-000825,Merchant Communication,Customer,2025-06-25T02:44:18,PDF,Complete,Accepted,No,Passed
EVD-00001977,PFXC-000826,Merchant Communication,Customer,2026-02-09T10:17:09,PDF,Complete,Accepted,No,Passed
EVD-00001978,PFXC-000826,Receipt,Customer,2026-02-08T15:53:20,PNG,Complete,Accepted,No,Passed
EVD-00001979,PFXC-000826,Merchant Communication,Customer,2026-02-09T12:02:35,PDF,Complete,Accepted,No,Not Applicable
EVD-00001980,PFXC-000827,Receipt,Customer,2025-10-22T11:11:08,PDF,Complete,Further Evidence Required,No,Passed
EVD-00001981,PFXC-000828,Receipt,Customer,2025-12-26T01:21:42,PDF,Unreadable,Rejected,No,Passed
EVD-00001982,PFXC-000828,Screenshot,Customer,2025-12-26T17:38:12,PDF,Unreadable,Further Evidence Required,No,Passed
EVD-00001983,PFXC-000829,Screenshot,Customer,2025-09-20T22:36:04,PDF,Complete,Accepted,No,Passed
EVD-00001984,PFXC-000829,Receipt,Customer,2025-09-19T19:28:33,JPG,Complete,Accepted,No,Passed
EVD-00001985,PFXC-000830,Receipt,Operations,2026-02-02T05:38:47,PDF,Complete,Accepted,No,Passed
EVD-00001986,PFXC-000830,Screenshot,Operations,2026-02-01T15:08:03,Other,Incomplete,Further Evidence Required,No,Passed
EVD-00001987,PFXC-000831,Identity Evidence,Customer,2026-04-01T07:07:23,Other,Incomplete,Further Evidence Required,No,Passed
EVD-00001988,PFXC-000831,Identity Evidence,Merchant,2026-04-01T00:35:06,PDF,Unreadable,Rejected,No,Passed
EVD-00001989,PFXC-000832,Screenshot,Merchant,2025-11-02T12:15:37,Other,Complete,Accepted,No,Passed
EVD-00001990,PFXC-000832,Screenshot,Customer,2025-11-01T20:32:41,Other,Incomplete,Further Evidence Required,No,Failed
EVD-00001991,PFXC-000833,Receipt,Customer,2025-11-12T22:36:26,PNG,Unreadable,Further Evidence Required,No,Passed
EVD-00001992,PFXC-000833,Receipt,Customer,2025-11-15T02:10:07,PDF,Complete,Further Evidence Required,No,Passed
EVD-00001993,PFXC-000834,Bank Statement,Customer,2025-06-10T07:36:57,PDF,Complete,Accepted,No,Passed
EVD-00001994,PFXC-000834,Screenshot,Customer,2025-06-09T10:56:58,JPG,Complete,Accepted,Yes,Passed
EVD-00001995,PFXC-000834,Receipt,Merchant,2025-06-10T12:07:59,CSV,Complete,Accepted,No,Passed
EVD-00001996,PFXC-000834,Identity Evidence,Customer,2025-06-09T13:04:38,Other,Complete,Accepted,No,Passed
EVD-00001997,PFXC-000835,Merchant Communication,Operations,2026-02-19T13:16:51,PDF,Complete,Accepted,No,Passed
EVD-00001998,PFXC-000835,Bank Statement,Customer,2026-02-18T00:38:10,Other,Complete,Accepted,No,Passed
EVD-00001999,PFXC-000836,Screenshot,Customer,2026-01-26T09:39:51,PNG,Complete,Accepted,No,Passed
EVD-00002000,PFXC-000836,Receipt,Operations,2026-01-26T14:32:16,PDF,Complete,Accepted,No,Passed
EVD-00002001,PFXC-000837,Screenshot,Customer,2025-12-23T23:54:56,PDF,Complete,Accepted,No,Passed
EVD-00002002,PFXC-000837,Receipt,Customer,2025-12-25T04:57:28,JPG,Complete,Accepted,No,Passed
EVD-00002003,PFXC-000837,Receipt,Customer,2025-12-24T04:27:13,PDF,Complete,Accepted,No,Passed
EVD-00002004,PFXC-000837,Identity Evidence,Customer,2025-12-26T09:08:25,JPG,Complete,Accepted,No,Passed
EVD-00002005,PFXC-000838,Merchant Communication,Customer,2025-02-09T19:13:38,JPG,Complete,Accepted,No,Passed
EVD-00002006,PFXC-000838,Screenshot,Merchant,2025-02-09T22:20:55,PDF,Complete,Accepted,No,Passed
EVD-00002007,PFXC-000839,Receipt,Operations,2025-12-23T03:34:07,PDF,Complete,Accepted,No,Not Applicable
EVD-00002008,PFXC-000840,Receipt,Customer,2025-03-27T21:46:23,JPG,Complete,Accepted,No,Passed
EVD-00002009,PFXC-000840,Screenshot,Operations,2025-03-28T11:55:02,PDF,Complete,Accepted,Yes,Passed
EVD-00002010,PFXC-000840,Merchant Communication,Customer,2025-03-28T14:42:58,PDF,Complete,Accepted,No,Passed
EVD-00002011,PFXC-000840,Merchant Communication,Operations,2025-03-28T17:18:10,PDF,Complete,Accepted,Yes,Passed
EVD-00002012,PFXC-000841,Identity Evidence,Merchant,2026-03-03T07:01:39,PNG,Complete,Accepted,No,Passed
EVD-00002013,PFXC-000841,Screenshot,Customer,2026-03-01T16:16:20,JPG,Complete,Accepted,Yes,Passed
EVD-00002014,PFXC-000843,Identity Evidence,Customer,2025-08-04T02:42:07,PDF,Complete,Accepted,No,Passed
EVD-00002015,PFXC-000843,Merchant Communication,Customer,2025-08-04T21:37:15,JPG,Incomplete,Rejected,No,Passed
EVD-00002016,PFXC-000843,Receipt,Customer,2025-08-04T13:33:42,Other,Complete,Further Evidence Required,Yes,Passed
EVD-00002017,PFXC-000844,Identity Evidence,Customer,2026-02-05T12:58:08,Other,Complete,Further Evidence Required,No,Passed
EVD-00002018,PFXC-000844,Bank Statement,Customer,2026-02-06T07:03:57,JPG,Incomplete,Further Evidence Required,No,Passed
EVD-00002019,PFXC-000845,Screenshot,Customer,2026-01-03T18:18:16,JPG,Incomplete,Further Evidence Required,Yes,Passed
EVD-00002020,PFXC-000846,Other,Customer,2025-09-24T02:50:20,PDF,Complete,Accepted,Yes,Passed
EVD-00002021,PFXC-000846,Screenshot,Customer,2025-09-24T11:22:53,CSV,Complete,Accepted,No,Passed
EVD-00002022,PFXC-000847,Receipt,Customer,2025-12-17T19:08:51,PDF,Complete,Accepted,Yes,Passed
EVD-00002023,PFXC-000847,Identity Evidence,Operations,2025-12-17T23:10:30,PNG,Complete,Accepted,Yes,Passed
EVD-00002024,PFXC-000847,Merchant Communication,Customer,2025-12-18T20:08:51,PDF,Complete,Accepted,No,Passed
EVD-00002025,PFXC-000848,Other,Customer,2026-03-14T18:11:16,PDF,Unreadable,Further Evidence Required,No,Passed
EVD-00002026,PFXC-000848,Receipt,Operations,2026-03-16T18:38:19,PDF,Complete,Accepted,No,Passed
EVD-00002027,PFXC-000848,Bank Statement,Customer,2026-03-16T20:31:43,PNG,Complete,Further Evidence Required,No,Passed
EVD-00002028,PFXC-000848,Receipt,Customer,2026-03-15T07:55:37,JPG,Complete,Accepted,No,Not Applicable
EVD-00002029,PFXC-000849,Receipt,Operations,2026-04-15T10:31:08,PDF,Complete,Accepted,No,Not Applicable
EVD-00002030,PFXC-000849,Bank Statement,Customer,2026-04-16T01:04:39,Other,Complete,Accepted,No,Passed
EVD-00002031,PFXC-000849,Bank Statement,Merchant,2026-04-16T08:31:21,PNG,Complete,Accepted,No,Passed
EVD-00002032,PFXC-000849,Other,Customer,2026-04-16T06:48:47,PNG,Incomplete,Rejected,No,Passed
EVD-00002033,PFXC-000850,Receipt,Customer,2025-01-22T08:03:26,Other,Complete,Accepted,No,Not Applicable
EVD-00002034,PFXC-000850,Screenshot,Customer,2025-01-19T17:41:59,PDF,Complete,Accepted,No,Passed
EVD-00002035,PFXC-000850,Other,Customer,2025-01-20T01:24:45,PDF,Complete,Accepted,Yes,Passed
EVD-00002036,PFXC-000850,Receipt,Customer,2025-01-20T18:50:37,PNG,Complete,Accepted,No,Passed
EVD-00002037,PFXC-000851,Receipt,Customer,2025-02-25T10:15:10,JPG,Complete,Accepted,No,Passed
EVD-00002038,PFXC-000851,Screenshot,Customer,2025-02-24T17:17:25,Other,Complete,Accepted,No,Passed
EVD-00002039,PFXC-000851,Receipt,Customer,2025-02-23T09:12:44,JPG,Incomplete,Further Evidence Required,No,Passed
EVD-00002040,PFXC-000851,Bank Statement,Customer,2025-02-23T04:49:31,Other,Incomplete,Rejected,Yes,Passed
EVD-00002041,PFXC-000852,Bank Statement,Merchant,2025-12-13T17:15:06,Other,Complete,Accepted,No,Passed
EVD-00002042,PFXC-000852,Bank Statement,Customer,2025-12-14T09:35:53,PDF,Complete,Accepted,No,Passed
EVD-00002043,PFXC-000853,Receipt,Customer,2026-01-27T00:09:39,PDF,Incomplete,Rejected,Yes,Passed
EVD-00002044,PFXC-000853,Screenshot,Customer,2026-01-27T17:57:21,PDF,Complete,Accepted,No,Passed
EVD-00002045,PFXC-000853,Screenshot,Customer,2026-01-26T20:26:29,PDF,Complete,Accepted,No,Passed
EVD-00002046,PFXC-000853,Bank Statement,Merchant,2026-01-28T21:42:29,PDF,Complete,Accepted,No,Not Applicable
EVD-00002047,PFXC-000854,Receipt,Operations,2026-02-04T19:13:35,JPG,Complete,Accepted,No,Passed
EVD-00002048,PFXC-000854,Screenshot,Customer,2026-02-03T14:34:50,PDF,Incomplete,Further Evidence Required,No,Passed
EVD-00002049,PFXC-000854,Screenshot,Customer,2026-02-03T21:54:32,PDF,Complete,Accepted,Yes,Passed
EVD-00002050,PFXC-000854,Receipt,Customer,2026-02-02T17:47:29,PDF,Complete,Further Evidence Required,No,Passed
EVD-00002051,PFXC-000855,Receipt,Customer,2025-09-08T09:34:33,PDF,Complete,Accepted,Yes,Passed
EVD-00002052,PFXC-000856,Screenshot,Customer,2025-07-15T14:29:54,PNG,Complete,Accepted,No,Not Applicable
EVD-00002053,PFXC-000856,Screenshot,Customer,2025-07-15T20:29:10,PNG,Complete,Accepted,No,Passed
EVD-00002054,PFXC-000857,Screenshot,Operations,2025-04-02T19:08:46,PDF,Complete,Accepted,No,Passed
EVD-00002055,PFXC-000857,Screenshot,Merchant,2025-04-01T23:28:51,PDF,Complete,Accepted,No,Passed
EVD-00002056,PFXC-000857,Screenshot,Customer,2025-04-02T18:29:41,PDF,Complete,Accepted,Yes,Passed
EVD-00002057,PFXC-000859,Screenshot,Customer,2025-01-21T02:59:23,PDF,Unreadable,Further Evidence Required,No,Passed
EVD-00002058,PFXC-000859,Merchant Communication,Customer,2025-01-20T15:49:31,PNG,Complete,Accepted,No,Failed
EVD-00002059,PFXC-000860,Merchant Communication,Customer,2026-06-26T06:30:25,PNG,Complete,Accepted,No,Passed
EVD-00002060,PFXC-000860,Merchant Communication,Customer,2026-06-26T06:38:11,PDF,Complete,Accepted,Yes,Not Applicable
EVD-00002061,PFXC-000860,Screenshot,Customer,2026-06-27T17:26:24,Other,Complete,Accepted,No,Passed
EVD-00002062,PFXC-000861,Screenshot,Customer,2026-03-07T04:52:13,PDF,Complete,Accepted,No,Passed
EVD-00002063,PFXC-000861,Merchant Communication,Customer,2026-03-05T11:00:24,Other,Complete,Accepted,No,Passed
EVD-00002064,PFXC-000861,Screenshot,Merchant,2026-03-07T06:49:40,PDF,Complete,Accepted,No,Not Applicable
EVD-00002065,PFXC-000862,Screenshot,Customer,2026-03-05T13:04:21,Other,Incomplete,Further Evidence Required,No,Passed
EVD-00002066,PFXC-000862,Bank Statement,Operations,2026-03-04T17:23:46,PDF,Complete,Accepted,No,Passed
EVD-00002067,PFXC-000863,Receipt,Customer,2025-07-25T21:12:23,PDF,Complete,Accepted,No,Passed
EVD-00002068,PFXC-000864,Receipt,Customer,2025-08-27T19:31:28,CSV,Complete,Accepted,No,Passed
EVD-00002069,PFXC-000864,Bank Statement,Customer,2025-08-29T10:34:18,PNG,Complete,Accepted,No,Passed
EVD-00002070,PFXC-000865,Merchant Communication,Customer,2026-04-14T11:30:42,PDF,Complete,Accepted,No,Passed
EVD-00002071,PFXC-000866,Other,Customer,2025-03-30T17:30:12,PNG,Complete,Accepted,No,Passed
EVD-00002072,PFXC-000866,Receipt,Customer,2025-03-29T10:21:51,PNG,Complete,Accepted,No,Passed
EVD-00002073,PFXC-000866,Receipt,Customer,2025-03-29T07:11:51,PNG,Complete,Accepted,No,Passed
EVD-00002074,PFXC-000867,Other,Customer,2025-10-25T16:43:22,Other,Complete,Accepted,Yes,Passed
EVD-00002075,PFXC-000867,Screenshot,Merchant,2025-10-25T15:03:25,PDF,Complete,Accepted,Yes,Passed
EVD-00002076,PFXC-000867,Bank Statement,Customer,2025-10-26T17:38:44,PDF,Incomplete,Rejected,No,Passed
EVD-00002077,PFXC-000867,Bank Statement,Customer,2025-10-26T17:27:12,PDF,Unreadable,Further Evidence Required,No,Passed
EVD-00002078,PFXC-000868,Bank Statement,Customer,2025-06-06T19:44:22,PNG,Complete,Accepted,No,Passed
EVD-00002079,PFXC-000868,Receipt,Customer,2025-06-08T15:59:39,PNG,Complete,Accepted,Yes,Passed
EVD-00002080,PFXC-000868,Identity Evidence,Customer,2025-06-06T10:52:05,PDF,Complete,Accepted,Yes,Passed
EVD-00002081,PFXC-000868,Screenshot,Customer,2025-06-06T16:32:48,PDF,Unreadable,Rejected,No,Passed
EVD-00002082,PFXC-000869,Receipt,Customer,2025-07-22T13:09:28,PDF,Complete,Accepted,No,Passed
EVD-00002083,PFXC-000869,Receipt,Customer,2025-07-23T11:20:37,PNG,Incomplete,Further Evidence Required,Yes,Not Applicable
EVD-00002084,PFXC-000870,Merchant Communication,Customer,2026-06-28T14:29:50,PDF,Complete,Accepted,No,Passed
EVD-00002085,PFXC-000870,Receipt,Operations,2026-06-29T18:36:40,JPG,Complete,Accepted,No,Passed
EVD-00002086,PFXC-000870,Bank Statement,Operations,2026-06-28T13:13:21,PDF,Complete,Accepted,No,Passed
EVD-00002087,PFXC-000870,Screenshot,Customer,2026-06-27T19:30:46,Other,Complete,Accepted,No,Passed
EVD-00002088,PFXC-000871,Screenshot,Customer,2026-04-14T23:16:28,JPG,Incomplete,Further Evidence Required,Yes,Passed
EVD-00002089,PFXC-000871,Bank Statement,Customer,2026-04-15T19:39:42,PDF,Complete,Accepted,No,Passed
EVD-00002090,PFXC-000872,Screenshot,Customer,2025-03-04T19:36:08,PDF,Complete,Accepted,No,Passed
EVD-00002091,PFXC-000872,Merchant Communication,Operations,2025-03-02T00:11:29,PDF,Complete,Accepted,No,Passed
EVD-00002092,PFXC-000873,Screenshot,Customer,2025-05-16T05:04:19,JPG,Complete,Accepted,No,Passed
EVD-00002093,PFXC-000873,Receipt,Customer,2025-05-15T11:46:15,PNG,Complete,Accepted,No,Passed
EVD-00002094,PFXC-000874,Bank Statement,Customer,2026-02-04T08:58:06,PNG,Complete,Accepted,No,Passed
EVD-00002095,PFXC-000874,Merchant Communication,Customer,2026-02-06T19:34:03,PDF,Complete,Accepted,No,Passed
EVD-00002096,PFXC-000874,Receipt,Operations,2026-02-04T23:23:54,JPG,Incomplete,Further Evidence Required,No,Passed
EVD-00002097,PFXC-000874,Receipt,Customer,2026-02-06T13:40:31,Other,Complete,Accepted,No,Passed
EVD-00002098,PFXC-000875,Bank Statement,Customer,2026-06-07T18:59:14,PNG,Complete,Accepted,No,Passed
EVD-00002099,PFXC-000875,Bank Statement,Merchant,2026-06-07T04:02:41,PDF,Complete,Accepted,No,Passed
EVD-00002100,PFXC-000875,Receipt,Customer,2026-06-09T19:06:33,PDF,Incomplete,Further Evidence Required,No,Passed
EVD-00002101,PFXC-000876,Screenshot,Customer,2025-02-17T07:56:32,JPG,Complete,Accepted,No,Failed
EVD-00002102,PFXC-000876,Screenshot,Customer,2025-02-18T08:44:20,PDF,Complete,Accepted,Yes,Passed
EVD-00002103,PFXC-000876,Identity Evidence,Customer,2025-02-17T02:10:36,Other,Complete,Accepted,No,Not Applicable
EVD-00002104,PFXC-000876,Screenshot,Merchant,2025-02-17T18:19:55,PNG,Complete,Accepted,Yes,Passed
EVD-00002105,PFXC-000877,Bank Statement,Customer,2025-08-30T11:15:01,PNG,Complete,Further Evidence Required,No,Not Applicable
EVD-00002106,PFXC-000877,Screenshot,Operations,2025-09-01T17:45:59,PDF,Complete,Further Evidence Required,Yes,Passed
EVD-00002107,PFXC-000877,Receipt,Customer,2025-08-31T04:55:05,PDF,Complete,Accepted,No,Passed
EVD-00002108,PFXC-000877,Receipt,Operations,2025-09-01T10:45:56,PDF,Incomplete,Further Evidence Required,No,Passed
EVD-00002109,PFXC-000878,Bank Statement,Merchant,2025-05-13T13:27:28,PDF,Complete,Accepted,No,Failed
EVD-00002110,PFXC-000878,Receipt,Customer,2025-05-13T02:38:44,PDF,Complete,Accepted,No,Passed
EVD-00002111,PFXC-000879,Identity Evidence,Customer,2025-07-23T23:25:11,PNG,Complete,Accepted,No,Passed
EVD-00002112,PFXC-000879,Identity Evidence,Customer,2025-07-25T22:33:34,Other,Complete,Accepted,No,Passed
EVD-00002113,PFXC-000879,Screenshot,Customer,2025-07-24T01:24:54,PDF,Complete,Accepted,Yes,Passed
EVD-00002114,PFXC-000879,Bank Statement,Customer,2025-07-25T05:08:22,PDF,Complete,Accepted,No,Passed
EVD-00002115,PFXC-000880,Merchant Communication,Customer,2025-06-20T11:18:02,PDF,Complete,Further Evidence Required,Yes,Passed
EVD-00002116,PFXC-000880,Screenshot,Customer,2025-06-20T01:58:51,Other,Complete,Accepted,Yes,Passed
EVD-00002117,PFXC-000880,Receipt,Customer,2025-06-20T12:34:22,PDF,Incomplete,Rejected,Yes,Passed
EVD-00002118,PFXC-000881,Merchant Communication,Customer,2025-09-23T17:25:59,PNG,Complete,Accepted,No,Passed
EVD-00002119,PFXC-000881,Receipt,Customer,2025-09-23T04:48:09,PDF,Incomplete,Further Evidence Required,No,Passed
EVD-00002120,PFXC-000881,Other,Operations,2025-09-22T05:53:57,PDF,Complete,Accepted,Yes,Passed
EVD-00002121,PFXC-000882,Screenshot,Operations,2026-06-29T16:18:28,PDF,Incomplete,Rejected,No,Passed
EVD-00002122,PFXC-000882,Receipt,Customer,2026-06-30T17:13:02,Other,Complete,Accepted,No,Passed
EVD-00002123,PFXC-000883,Receipt,Merchant,2026-03-09T07:27:07,CSV,Complete,Further Evidence Required,No,Passed
EVD-00002124,PFXC-000883,Receipt,Customer,2026-03-10T10:27:51,PNG,Complete,Accepted,No,Passed
EVD-00002125,PFXC-000883,Receipt,Customer,2026-03-07T17:55:18,JPG,Incomplete,Further Evidence Required,No,Passed
EVD-00002126,PFXC-000884,Screenshot,Customer,2025-12-04T07:09:49,JPG,Complete,Accepted,No,Passed
EVD-00002127,PFXC-000884,Screenshot,Customer,2025-12-05T14:12:52,JPG,Complete,Further Evidence Required,No,Passed
EVD-00002128,PFXC-000884,Receipt,Customer,2025-12-03T09:12:35,Other,Complete,Accepted,Yes,Passed
EVD-00002129,PFXC-000884,Bank Statement,Customer,2025-12-04T05:05:49,PNG,Complete,Accepted,No,Passed
EVD-00002130,PFXC-000885,Bank Statement,Merchant,2025-09-28T19:11:59,PDF,Complete,Further Evidence Required,No,Passed
EVD-00002131,PFXC-000885,Screenshot,Customer,2025-09-28T07:00:53,PDF,Complete,Accepted,No,Passed
EVD-00002132,PFXC-000885,Merchant Communication,Customer,2025-09-27T00:17:47,PDF,Complete,Accepted,No,Passed
EVD-00002133,PFXC-000885,Receipt,Customer,2025-09-29T18:05:18,PDF,Incomplete,Rejected,Yes,Passed
EVD-00002134,PFXC-000886,Merchant Communication,Customer,2026-06-12T11:31:22,JPG,Complete,Accepted,Yes,Passed
EVD-00002135,PFXC-000886,Screenshot,Customer,2026-06-10T21:35:42,JPG,Incomplete,Further Evidence Required,No,Passed
EVD-00002136,PFXC-000886,Receipt,Operations,2026-06-13T04:42:18,PNG,Complete,Accepted,No,Passed
EVD-00002137,PFXC-000887,Merchant Communication,Operations,2025-08-08T21:34:09,PDF,Complete,Accepted,No,Passed
EVD-00002138,PFXC-000887,Merchant Communication,Merchant,2025-08-10T09:21:00,PDF,Complete,Further Evidence Required,No,Passed
EVD-00002139,PFXC-000887,Screenshot,Customer,2025-08-09T08:30:21,PDF,Unreadable,Further Evidence Required,No,Passed
EVD-00002140,PFXC-000887,Bank Statement,Customer,2025-08-09T17:20:47,Other,Complete,Accepted,No,Passed
EVD-00002141,PFXC-000888,Receipt,Operations,2026-03-13T15:51:17,PDF,Complete,Accepted,No,Passed
EVD-00002142,PFXC-000888,Screenshot,Customer,2026-03-14T15:34:39,Other,Complete,Accepted,No,Passed
EVD-00002143,PFXC-000889,Screenshot,Merchant,2025-03-23T05:37:27,JPG,Complete,Further Evidence Required,No,Passed
EVD-00002144,PFXC-000889,Screenshot,Customer,2025-03-24T09:48:14,Other,Complete,Accepted,No,Passed
EVD-00002145,PFXC-000890,Bank Statement,Customer,2025-11-07T23:13:50,PNG,Complete,Accepted,No,Passed
EVD-00002146,PFXC-000890,Merchant Communication,Customer,2025-11-07T21:21:55,PDF,Complete,Accepted,No,Passed
EVD-00002147,PFXC-000890,Merchant Communication,Customer,2025-11-07T07:09:50,PDF,Complete,Accepted,No,Passed
EVD-00002148,PFXC-000891,Receipt,Operations,2025-04-10T02:11:52,PDF,Complete,Accepted,Yes,Passed
EVD-00002149,PFXC-000891,Identity Evidence,Merchant,2025-04-10T14:18:29,PNG,Unreadable,Rejected,No,Passed
EVD-00002150,PFXC-000891,Screenshot,Customer,2025-04-09T05:14:26,JPG,Complete,Accepted,No,Passed
EVD-00002151,PFXC-000892,Receipt,Customer,2025-03-18T02:46:05,JPG,Complete,Accepted,No,Passed
EVD-00002152,PFXC-000892,Bank Statement,Customer,2025-03-19T14:45:47,PDF,Complete,Accepted,No,Passed
EVD-00002153,PFXC-000892,Receipt,Customer,2025-03-17T16:25:19,PNG,Complete,Accepted,No,Passed
EVD-00002154,PFXC-000893,Screenshot,Customer,2026-02-14T20:38:44,PDF,Complete,Accepted,No,Passed
EVD-00002155,PFXC-000893,Merchant Communication,Customer,2026-02-14T08:57:27,JPG,Complete,Accepted,No,Passed
EVD-00002156,PFXC-000893,Screenshot,Customer,2026-02-16T03:09:19,PDF,Complete,Accepted,No,Not Applicable
EVD-00002157,PFXC-000894,Screenshot,Customer,2025-03-15T10:15:26,CSV,Incomplete,Rejected,Yes,Passed
EVD-00002158,PFXC-000895,Other,Customer,2026-02-10T09:43:36,Other,Complete,Accepted,Yes,Passed
EVD-00002159,PFXC-000895,Screenshot,Customer,2026-02-11T18:09:58,PDF,Complete,Accepted,No,Passed
EVD-00002160,PFXC-000897,Bank Statement,Customer,2025-05-03T18:47:05,PNG,Complete,Accepted,No,Passed
EVD-00002161,PFXC-000897,Screenshot,Customer,2025-05-02T03:25:07,PDF,Incomplete,Rejected,No,Passed
EVD-00002162,PFXC-000897,Receipt,Operations,2025-05-01T19:48:29,PDF,Complete,Accepted,No,Passed
EVD-00002163,PFXC-000897,Screenshot,Customer,2025-05-01T07:39:44,PDF,Incomplete,Rejected,No,Passed
EVD-00002164,PFXC-000898,Screenshot,Customer,2025-09-06T08:20:10,JPG,Complete,Accepted,Yes,Passed
EVD-00002165,PFXC-000899,Receipt,Customer,2025-11-11T08:41:15,PDF,Complete,Accepted,No,Passed
EVD-00002166,PFXC-000899,Receipt,Customer,2025-11-11T13:44:12,PNG,Complete,Accepted,Yes,Passed
EVD-00002167,PFXC-000900,Merchant Communication,Customer,2025-11-15T23:04:26,PNG,Complete,Accepted,No,Passed
EVD-00002168,PFXC-000900,Screenshot,Customer,2025-11-17T01:32:23,PDF,Complete,Accepted,Yes,Passed
EVD-00002169,PFXC-000900,Merchant Communication,Customer,2025-11-16T22:41:02,PNG,Incomplete,Further Evidence Required,No,Passed
EVD-00002170,PFXC-000901,Screenshot,Operations,2025-10-06T08:22:58,PDF,Complete,Accepted,No,Passed
EVD-00002171,PFXC-000901,Merchant Communication,Customer,2025-10-05T10:45:03,JPG,Complete,Accepted,No,Passed
EVD-00002172,PFXC-000902,Merchant Communication,Merchant,2026-02-06T04:50:35,PDF,Complete,Accepted,No,Passed
EVD-00002173,PFXC-000902,Other,Customer,2026-02-04T09:22:17,PDF,Incomplete,Further Evidence Required,No,Passed
EVD-00002174,PFXC-000902,Receipt,Customer,2026-02-05T11:22:55,PDF,Incomplete,Rejected,No,Passed
EVD-00002175,PFXC-000902,Merchant Communication,Customer,2026-02-04T22:55:20,JPG,Complete,Accepted,No,Passed
EVD-00002176,PFXC-000903,Bank Statement,Customer,2026-02-09T15:09:27,PDF,Complete,Accepted,No,Passed
EVD-00002177,PFXC-000903,Screenshot,Customer,2026-02-10T13:36:58,PNG,Complete,Accepted,No,Passed
EVD-00002178,PFXC-000904,Merchant Communication,Operations,2025-05-10T19:19:10,Other,Complete,Accepted,No,Passed
EVD-00002179,PFXC-000904,Merchant Communication,Customer,2025-05-12T04:09:41,Other,Complete,Accepted,Yes,Failed
EVD-00002180,PFXC-000904,Identity Evidence,Customer,2025-05-12T07:55:16,PNG,Complete,Accepted,No,Passed
EVD-00002181,PFXC-000904,Merchant Communication,Customer,2025-05-13T01:38:45,PDF,Complete,Accepted,No,Passed
EVD-00002182,PFXC-000905,Screenshot,Customer,2025-01-18T20:34:08,PDF,Complete,Accepted,Yes,Passed
EVD-00002183,PFXC-000905,Bank Statement,Customer,2025-01-19T14:07:38,PDF,Incomplete,Further Evidence Required,No,Not Applicable
EVD-00002184,PFXC-000906,Screenshot,Merchant,2025-01-25T18:59:50,PDF,Incomplete,Rejected,No,Passed
EVD-00002185,PFXC-000906,Receipt,Customer,2025-01-26T04:53:52,JPG,Complete,Accepted,No,Passed
EVD-00002186,PFXC-000906,Bank Statement,Merchant,2025-01-27T10:10:56,JPG,Complete,Accepted,No,Passed
EVD-00002187,PFXC-000906,Merchant Communication,Customer,2025-01-25T17:00:02,PDF,Incomplete,Further Evidence Required,No,Passed
EVD-00002188,PFXC-000907,Merchant Communication,Customer,2025-07-30T15:45:24,PNG,Complete,Accepted,Yes,Passed
EVD-00002189,PFXC-000907,Merchant Communication,Customer,2025-07-31T11:07:36,PDF,Incomplete,Further Evidence Required,Yes,Passed
EVD-00002190,PFXC-000908,Merchant Communication,Customer,2025-11-16T12:17:24,PDF,Complete,Accepted,No,Passed
EVD-00002191,PFXC-000908,Screenshot,Merchant,2025-11-16T13:19:57,PDF,Complete,Accepted,No,Passed
EVD-00002192,PFXC-000909,Receipt,Customer,2026-01-20T00:43:07,Other,Complete,Accepted,No,Passed
EVD-00002193,PFXC-000909,Screenshot,Customer,2026-01-17T21:36:33,PNG,Complete,Accepted,No,Passed
EVD-00002194,PFXC-000910,Merchant Communication,Merchant,2026-06-06T00:54:33,JPG,Complete,Accepted,No,Failed
EVD-00002195,PFXC-000910,Bank Statement,Customer,2026-06-05T00:58:33,CSV,Complete,Accepted,No,Passed
EVD-00002196,PFXC-000911,Merchant Communication,Customer,2025-10-14T12:06:18,PDF,Complete,Accepted,No,Passed
EVD-00002197,PFXC-000911,Merchant Communication,Customer,2025-10-15T03:26:03,Other,Complete,Accepted,Yes,Passed
EVD-00002198,PFXC-000911,Other,Customer,2025-10-14T02:57:21,PNG,Complete,Accepted,No,Passed
EVD-00002199,PFXC-000911,Other,Merchant,2025-10-14T21:35:35,PDF,Complete,Accepted,Yes,Passed
EVD-00002200,PFXC-000912,Bank Statement,Customer,2025-06-29T06:37:48,PDF,Complete,Accepted,Yes,Passed
EVD-00002201,PFXC-000913,Receipt,Customer,2025-11-13T09:27:54,PDF,Incomplete,Rejected,No,Passed
EVD-00002202,PFXC-000915,Bank Statement,Customer,2025-09-30T07:23:49,PNG,Incomplete,Further Evidence Required,No,Not Applicable
EVD-00002203,PFXC-000915,Bank Statement,Customer,2025-09-29T17:28:20,PDF,Complete,Accepted,No,Passed
EVD-00002204,PFXC-000916,Screenshot,Customer,2026-06-17T10:19:09,PDF,Complete,Accepted,No,Passed
EVD-00002205,PFXC-000916,Receipt,Merchant,2026-06-16T20:37:07,PDF,Incomplete,Rejected,No,Passed
EVD-00002206,PFXC-000916,Other,Customer,2026-06-17T03:34:13,PDF,Complete,Accepted,No,Passed
EVD-00002207,PFXC-000917,Merchant Communication,Customer,2025-01-18T14:03:07,Other,Incomplete,Further Evidence Required,Yes,Passed
EVD-00002208,PFXC-000917,Other,Customer,2025-01-18T03:14:43,PDF,Complete,Accepted,No,Failed
EVD-00002209,PFXC-000917,Bank Statement,Customer,2025-01-17T12:13:41,PDF,Incomplete,Further Evidence Required,Yes,Not Applicable
EVD-00002210,PFXC-000917,Merchant Communication,Customer,2025-01-18T23:48:11,CSV,Complete,Accepted,Yes,Passed
EVD-00002211,PFXC-000918,Screenshot,Merchant,2025-12-05T16:52:57,PNG,Complete,Accepted,No,Passed
EVD-00002212,PFXC-000918,Screenshot,Operations,2025-12-05T15:42:32,JPG,Complete,Accepted,Yes,Passed
EVD-00002213,PFXC-000918,Merchant Communication,Operations,2025-12-06T06:37:39,PDF,Unreadable,Further Evidence Required,No,Passed
EVD-00002214,PFXC-000918,Receipt,Customer,2025-12-06T18:48:37,PDF,Complete,Accepted,No,Passed
EVD-00002215,PFXC-000920,Identity Evidence,Customer,2026-04-19T02:06:26,Other,Unreadable,Rejected,No,Passed
EVD-00002216,PFXC-000920,Bank Statement,Merchant,2026-04-20T12:41:10,PDF,Complete,Accepted,No,Passed
EVD-00002217,PFXC-000921,Receipt,Customer,2025-11-09T20:33:21,Other,Complete,Accepted,Yes,Passed
EVD-00002218,PFXC-000921,Identity Evidence,Customer,2025-11-08T14:44:41,PDF,Complete,Accepted,No,Passed
EVD-00002219,PFXC-000922,Merchant Communication,Customer,2026-04-28T23:06:00,PDF,Complete,Accepted,No,Passed
EVD-00002220,PFXC-000923,Bank Statement,Customer,2025-10-19T02:04:04,PNG,Complete,Accepted,No,Passed
EVD-00002221,PFXC-000923,Identity Evidence,Customer,2025-10-19T12:49:32,PDF,Incomplete,Rejected,No,Passed
EVD-00002222,PFXC-000924,Merchant Communication,Operations,2025-03-12T07:55:47,Other,Complete,Further Evidence Required,Yes,Passed
EVD-00002223,PFXC-000924,Bank Statement,Merchant,2025-03-14T13:17:04,PDF,Complete,Accepted,No,Passed
EVD-00002224,PFXC-000924,Receipt,Customer,2025-03-12T11:24:57,PDF,Incomplete,Further Evidence Required,No,Passed
EVD-00002225,PFXC-000925,Receipt,Customer,2025-01-25T05:40:45,PDF,Incomplete,Further Evidence Required,No,Passed
EVD-00002226,PFXC-000925,Screenshot,Customer,2025-01-23T22:29:26,PNG,Complete,Accepted,No,Passed
EVD-00002227,PFXC-000925,Screenshot,Customer,2025-01-24T11:53:20,PNG,Complete,Accepted,No,Passed
EVD-00002228,PFXC-000926,Merchant Communication,Operations,2025-02-09T05:10:01,PNG,Complete,Accepted,No,Passed
EVD-00002229,PFXC-000926,Bank Statement,Customer,2025-02-09T08:49:19,PDF,Incomplete,Further Evidence Required,No,Passed
EVD-00002230,PFXC-000926,Receipt,Operations,2025-02-07T19:47:40,PNG,Complete,Accepted,No,Passed
EVD-00002231,PFXC-000927,Receipt,Customer,2025-11-21T17:02:54,JPG,Complete,Accepted,Yes,Passed
EVD-00002232,PFXC-000927,Identity Evidence,Customer,2025-11-21T10:05:32,PNG,Incomplete,Rejected,No,Passed
EVD-00002233,PFXC-000927,Bank Statement,Customer,2025-11-21T10:27:10,PDF,Unreadable,Further Evidence Required,No,Passed
EVD-00002234,PFXC-000928,Merchant Communication,Customer,2025-04-30T23:05:16,PDF,Complete,Accepted,No,Passed
EVD-00002235,PFXC-000928,Screenshot,Customer,2025-04-29T23:58:05,PNG,Complete,Accepted,No,Passed
EVD-00002236,PFXC-000928,Bank Statement,Customer,2025-04-29T10:02:42,PDF,Complete,Accepted,No,Not Applicable
EVD-00002237,PFXC-000928,Bank Statement,Customer,2025-04-29T07:53:14,PNG,Complete,Accepted,No,Passed
EVD-00002238,PFXC-000929,Identity Evidence,Customer,2025-04-29T06:24:29,PDF,Complete,Accepted,No,Passed
EVD-00002239,PFXC-000929,Screenshot,Customer,2025-04-28T17:48:11,PDF,Complete,Accepted,No,Passed
EVD-00002240,PFXC-000929,Receipt,Customer,2025-04-28T08:51:02,JPG,Complete,Accepted,No,Passed
EVD-00002241,PFXC-000929,Receipt,Customer,2025-04-28T16:40:16,PDF,Complete,Accepted,No,Passed
EVD-00002242,PFXC-000930,Other,Customer,2026-04-24T22:40:53,JPG,Incomplete,Further Evidence Required,No,Passed
EVD-00002243,PFXC-000930,Receipt,Customer,2026-04-25T18:19:30,Other,Complete,Accepted,No,Passed
EVD-00002244,PFXC-000930,Merchant Communication,Customer,2026-04-26T00:45:29,PDF,Complete,Accepted,Yes,Passed
EVD-00002245,PFXC-000931,Bank Statement,Customer,2025-09-18T03:22:53,PNG,Complete,Accepted,No,Passed
EVD-00002246,PFXC-000931,Bank Statement,Customer,2025-09-19T06:15:18,PDF,Complete,Accepted,No,Passed
EVD-00002247,PFXC-000931,Receipt,Customer,2025-09-16T22:24:01,JPG,Complete,Accepted,No,Passed
EVD-00002248,PFXC-000931,Receipt,Customer,2025-09-18T15:16:19,JPG,Complete,Accepted,No,Passed
EVD-00002249,PFXC-000932,Bank Statement,Customer,2025-06-04T00:50:14,PNG,Complete,Accepted,No,Not Applicable
EVD-00002250,PFXC-000932,Screenshot,Customer,2025-06-04T09:24:11,PNG,Unreadable,Rejected,No,Passed
EVD-00002251,PFXC-000932,Screenshot,Customer,2025-06-03T00:54:01,JPG,Complete,Accepted,No,Passed
EVD-00002252,PFXC-000932,Receipt,Customer,2025-06-04T11:25:49,PNG,Complete,Accepted,No,Passed
EVD-00002253,PFXC-000933,Merchant Communication,Customer,2025-02-05T05:26:21,PDF,Incomplete,Further Evidence Required,No,Passed
EVD-00002254,PFXC-000933,Screenshot,Customer,2025-02-03T10:00:14,JPG,Complete,Accepted,No,Passed
EVD-00002255,PFXC-000933,Identity Evidence,Customer,2025-02-04T01:52:36,PDF,Complete,Accepted,No,Passed
EVD-00002256,PFXC-000934,Screenshot,Customer,2025-09-29T20:25:55,PNG,Complete,Accepted,No,Passed
EVD-00002257,PFXC-000935,Merchant Communication,Operations,2026-05-05T12:37:13,JPG,Complete,Accepted,No,Passed
EVD-00002258,PFXC-000936,Receipt,Customer,2026-02-21T20:44:45,Other,Complete,Accepted,No,Passed
EVD-00002259,PFXC-000936,Merchant Communication,Customer,2026-02-23T18:07:02,PNG,Complete,Further Evidence Required,No,Passed
EVD-00002260,PFXC-000936,Receipt,Operations,2026-02-21T19:15:25,PDF,Complete,Accepted,No,Passed
EVD-00002261,PFXC-000936,Screenshot,Customer,2026-02-21T12:57:59,PDF,Incomplete,Rejected,Yes,Passed
EVD-00002262,PFXC-000937,Receipt,Customer,2026-01-04T12:53:49,PDF,Complete,Further Evidence Required,No,Passed
EVD-00002263,PFXC-000937,Other,Merchant,2026-01-03T19:43:40,PDF,Complete,Accepted,No,Failed
EVD-00002264,PFXC-000937,Receipt,Customer,2026-01-02T15:08:53,PDF,Complete,Accepted,No,Passed
EVD-00002265,PFXC-000937,Receipt,Customer,2026-01-02T20:38:14,PDF,Complete,Accepted,No,Passed
EVD-00002266,PFXC-000938,Screenshot,Customer,2026-05-31T00:57:43,JPG,Incomplete,Further Evidence Required,No,Passed
EVD-00002267,PFXC-000938,Receipt,Customer,2026-05-30T21:53:43,PDF,Complete,Accepted,No,Passed
EVD-00002268,PFXC-000938,Identity Evidence,Customer,2026-05-31T21:04:23,PDF,Complete,Accepted,No,Passed
EVD-00002269,PFXC-000938,Receipt,Customer,2026-05-31T16:03:32,PDF,Complete,Accepted,No,Passed
EVD-00002270,PFXC-000939,Other,Customer,2025-02-02T12:53:30,PDF,Complete,Accepted,No,Passed
EVD-00002271,PFXC-000939,Other,Customer,2025-02-02T19:08:21,CSV,Incomplete,Rejected,No,Passed
EVD-00002272,PFXC-000940,Screenshot,Operations,2026-05-31T12:57:30,PDF,Complete,Accepted,No,Passed
EVD-00002273,PFXC-000940,Bank Statement,Customer,2026-05-31T23:25:41,Other,Complete,Accepted,No,Passed
EVD-00002274,PFXC-000940,Screenshot,Customer,2026-05-30T05:42:32,PNG,Complete,Accepted,No,Passed
EVD-00002275,PFXC-000941,Merchant Communication,Merchant,2025-04-11T18:04:26,PDF,Complete,Accepted,No,Passed
EVD-00002276,PFXC-000941,Screenshot,Customer,2025-04-10T07:41:55,PNG,Complete,Further Evidence Required,No,Passed
EVD-00002277,PFXC-000941,Bank Statement,Customer,2025-04-11T23:43:17,CSV,Complete,Accepted,No,Passed
EVD-00002278,PFXC-000941,Bank Statement,Customer,2025-04-10T00:00:57,PDF,Complete,Accepted,No,Passed
EVD-00002279,PFXC-000942,Bank Statement,Operations,2025-03-29T06:59:26,PDF,Unreadable,Rejected,No,Passed
EVD-00002280,PFXC-000942,Screenshot,Customer,2025-03-31T20:17:27,PDF,Complete,Further Evidence Required,No,Not Applicable
EVD-00002281,PFXC-000943,Merchant Communication,Customer,2025-05-01T01:45:37,JPG,Complete,Further Evidence Required,No,Passed
EVD-00002282,PFXC-000943,Screenshot,Customer,2025-04-30T05:00:09,PNG,Complete,Accepted,Yes,Passed
EVD-00002283,PFXC-000943,Bank Statement,Merchant,2025-04-30T22:40:18,JPG,Incomplete,Further Evidence Required,No,Passed
EVD-00002284,PFXC-000944,Screenshot,Operations,2026-02-27T23:26:00,PDF,Complete,Accepted,No,Passed
EVD-00002285,PFXC-000944,Screenshot,Customer,2026-03-01T08:34:26,Other,Complete,Accepted,No,Passed
EVD-00002286,PFXC-000945,Merchant Communication,Operations,2025-11-16T21:01:45,PDF,Complete,Accepted,No,Passed
EVD-00002287,PFXC-000945,Other,Merchant,2025-11-17T20:56:50,PDF,Complete,Accepted,Yes,Passed
EVD-00002288,PFXC-000945,Bank Statement,Customer,2025-11-17T02:42:30,Other,Complete,Accepted,No,Not Applicable
EVD-00002289,PFXC-000946,Receipt,Customer,2025-05-13T04:05:03,PDF,Complete,Accepted,No,Passed
EVD-00002290,PFXC-000946,Other,Operations,2025-05-12T10:26:28,JPG,Complete,Accepted,No,Passed
EVD-00002291,PFXC-000947,Other,Operations,2025-02-14T19:20:03,JPG,Incomplete,Rejected,No,Passed
EVD-00002292,PFXC-000948,Merchant Communication,Customer,2025-12-30T23:27:23,PDF,Complete,Accepted,No,Passed
EVD-00002293,PFXC-000949,Screenshot,Merchant,2026-06-01T20:36:12,PNG,Incomplete,Further Evidence Required,No,Passed
EVD-00002294,PFXC-000950,Screenshot,Customer,2025-06-19T06:50:25,CSV,Complete,Accepted,No,Passed
EVD-00002295,PFXC-000950,Receipt,Customer,2025-06-19T20:57:02,PNG,Unreadable,Further Evidence Required,No,Passed
EVD-00002296,PFXC-000950,Screenshot,Merchant,2025-06-19T10:54:22,Other,Complete,Accepted,No,Passed
EVD-00002297,PFXC-000950,Merchant Communication,Customer,2025-06-20T01:48:43,PDF,Incomplete,Further Evidence Required,No,Passed
EVD-00002298,PFXC-000951,Bank Statement,Customer,2025-01-15T09:25:17,PDF,Complete,Accepted,No,Passed
EVD-00002299,PFXC-000951,Identity Evidence,Customer,2025-01-16T23:53:21,PNG,Complete,Accepted,No,Passed
EVD-00002300,PFXC-000952,Receipt,Customer,2025-09-06T06:17:18,JPG,Incomplete,Rejected,No,Passed
EVD-00002301,PFXC-000952,Bank Statement,Customer,2025-09-05T04:39:26,PDF,Complete,Accepted,No,Passed
EVD-00002302,PFXC-000952,Bank Statement,Merchant,2025-09-06T12:18:31,PNG,Incomplete,Further Evidence Required,No,Passed
EVD-00002303,PFXC-000952,Receipt,Customer,2025-09-04T13:53:18,JPG,Complete,Accepted,No,Passed
EVD-00002304,PFXC-000954,Receipt,Customer,2025-08-12T10:04:35,PDF,Complete,Accepted,No,Passed
EVD-00002305,PFXC-000954,Merchant Communication,Customer,2025-08-10T21:57:57,JPG,Complete,Accepted,No,Failed
EVD-00002306,PFXC-000954,Receipt,Merchant,2025-08-13T05:25:39,PDF,Complete,Further Evidence Required,No,Passed
EVD-00002307,PFXC-000956,Merchant Communication,Customer,2026-03-05T12:15:54,Other,Incomplete,Further Evidence Required,Yes,Passed
EVD-00002308,PFXC-000956,Receipt,Customer,2026-03-04T02:02:37,PDF,Incomplete,Rejected,No,Passed
EVD-00002309,PFXC-000956,Merchant Communication,Customer,2026-03-04T17:09:11,PNG,Complete,Accepted,No,Passed
EVD-00002310,PFXC-000956,Merchant Communication,Customer,2026-03-04T11:24:32,PDF,Complete,Further Evidence Required,No,Passed
EVD-00002311,PFXC-000957,Merchant Communication,Customer,2025-02-23T13:08:55,Other,Complete,Accepted,No,Passed
EVD-00002312,PFXC-000957,Receipt,Merchant,2025-02-24T21:29:05,PDF,Complete,Accepted,No,Passed
EVD-00002313,PFXC-000957,Screenshot,Merchant,2025-02-23T09:40:22,Other,Incomplete,Further Evidence Required,No,Passed
EVD-00002314,PFXC-000958,Receipt,Customer,2025-12-01T16:56:58,Other,Complete,Accepted,No,Passed
EVD-00002315,PFXC-000958,Screenshot,Customer,2025-11-30T08:41:36,PDF,Complete,Accepted,No,Passed
EVD-00002316,PFXC-000958,Screenshot,Customer,2025-12-03T03:28:28,Other,Complete,Accepted,Yes,Passed
EVD-00002317,PFXC-000959,Receipt,Customer,2025-04-27T03:47:41,PDF,Complete,Accepted,No,Passed
EVD-00002318,PFXC-000959,Receipt,Operations,2025-04-25T11:56:46,PDF,Complete,Accepted,No,Passed
EVD-00002319,PFXC-000959,Identity Evidence,Merchant,2025-04-27T00:43:46,PDF,Incomplete,Rejected,No,Passed
EVD-00002320,PFXC-000960,Merchant Communication,Operations,2025-08-04T10:57:50,PDF,Incomplete,Further Evidence Required,No,Passed
EVD-00002321,PFXC-000960,Receipt,Customer,2025-08-06T16:25:03,PDF,Complete,Accepted,Yes,Passed
EVD-00002322,PFXC-000960,Screenshot,Customer,2025-08-04T14:41:05,PDF,Complete,Accepted,No,Passed
EVD-00002323,PFXC-000961,Screenshot,Merchant,2025-10-25T06:53:38,PNG,Complete,Accepted,No,Passed
EVD-00002324,PFXC-000961,Merchant Communication,Customer,2025-10-22T21:37:44,PNG,Complete,Accepted,No,Passed
EVD-00002325,PFXC-000961,Screenshot,Customer,2025-10-23T13:15:15,PDF,Complete,Further Evidence Required,No,Passed
EVD-00002326,PFXC-000961,Receipt,Customer,2025-10-23T17:38:29,PDF,Incomplete,Rejected,No,Passed
EVD-00002327,PFXC-000962,Screenshot,Customer,2026-02-12T15:03:48,PDF,Incomplete,Further Evidence Required,No,Passed
EVD-00002328,PFXC-000962,Receipt,Customer,2026-02-13T21:02:28,CSV,Incomplete,Further Evidence Required,No,Passed
EVD-00002329,PFXC-000962,Screenshot,Customer,2026-02-14T05:04:56,PDF,Complete,Accepted,No,Passed
EVD-00002330,PFXC-000962,Merchant Communication,Customer,2026-02-14T14:47:37,PNG,Complete,Accepted,No,Passed
EVD-00002331,PFXC-000963,Bank Statement,Operations,2026-04-21T00:56:51,PDF,Complete,Accepted,No,Passed
EVD-00002332,PFXC-000964,Receipt,Customer,2026-05-17T09:59:24,PDF,Incomplete,Rejected,No,Passed
EVD-00002333,PFXC-000964,Screenshot,Customer,2026-05-17T10:50:38,PDF,Complete,Accepted,No,Not Applicable
EVD-00002334,PFXC-000965,Other,Customer,2026-01-30T11:48:57,PDF,Complete,Accepted,No,Passed
EVD-00002335,PFXC-000965,Receipt,Operations,2026-01-28T04:01:34,Other,Incomplete,Further Evidence Required,No,Passed
EVD-00002336,PFXC-000965,Bank Statement,Customer,2026-01-29T01:41:08,JPG,Complete,Accepted,No,Passed
EVD-00002337,PFXC-000966,Receipt,Merchant,2025-10-15T15:58:43,JPG,Incomplete,Rejected,No,Passed
EVD-00002338,PFXC-000966,Bank Statement,Customer,2025-10-15T16:49:01,Other,Complete,Accepted,No,Passed
EVD-00002339,PFXC-000966,Receipt,Customer,2025-10-15T02:14:08,PNG,Complete,Accepted,No,Passed
EVD-00002340,PFXC-000967,Bank Statement,Customer,2025-05-26T07:40:55,PDF,Complete,Further Evidence Required,Yes,Passed
EVD-00002341,PFXC-000967,Screenshot,Customer,2025-05-25T16:45:31,CSV,Complete,Accepted,No,Passed
EVD-00002342,PFXC-000967,Screenshot,Customer,2025-05-26T00:53:58,JPG,Complete,Accepted,Yes,Passed
EVD-00002343,PFXC-000968,Bank Statement,Customer,2025-05-20T23:27:22,JPG,Complete,Accepted,No,Passed
EVD-00002344,PFXC-000969,Receipt,Customer,2025-07-26T11:23:27,PNG,Complete,Accepted,No,Passed
EVD-00002345,PFXC-000970,Merchant Communication,Customer,2025-11-23T01:21:45,PNG,Complete,Accepted,No,Passed
EVD-00002346,PFXC-000970,Receipt,Customer,2025-11-22T03:06:01,Other,Complete,Further Evidence Required,No,Passed
EVD-00002347,PFXC-000971,Receipt,Customer,2026-01-26T05:00:43,CSV,Complete,Accepted,No,Passed
EVD-00002348,PFXC-000971,Screenshot,Customer,2026-01-27T02:45:48,JPG,Complete,Accepted,Yes,Not Applicable
EVD-00002349,PFXC-000972,Screenshot,Customer,2025-09-11T21:00:01,PDF,Complete,Further Evidence Required,No,Passed
EVD-00002350,PFXC-000973,Merchant Communication,Customer,2025-11-22T03:15:38,Other,Complete,Accepted,Yes,Passed
EVD-00002351,PFXC-000974,Receipt,Customer,2025-02-23T22:11:14,Other,Complete,Accepted,No,Passed
EVD-00002352,PFXC-000974,Bank Statement,Operations,2025-02-25T10:02:44,PNG,Complete,Accepted,Yes,Passed
EVD-00002353,PFXC-000975,Other,Customer,2025-08-13T04:23:18,CSV,Complete,Accepted,No,Passed
EVD-00002354,PFXC-000975,Merchant Communication,Customer,2025-08-12T14:21:41,PNG,Unreadable,Further Evidence Required,No,Passed
EVD-00002355,PFXC-000976,Receipt,Customer,2025-11-15T07:33:26,CSV,Complete,Accepted,No,Passed
EVD-00002356,PFXC-000976,Screenshot,Customer,2025-11-15T09:10:21,PDF,Complete,Further Evidence Required,No,Passed
EVD-00002357,PFXC-000977,Receipt,Operations,2025-04-14T15:49:57,PDF,Complete,Further Evidence Required,No,Passed
EVD-00002358,PFXC-000977,Screenshot,Merchant,2025-04-15T18:30:07,PDF,Complete,Accepted,Yes,Not Applicable
EVD-00002359,PFXC-000978,Screenshot,Customer,2025-09-10T15:58:41,PDF,Incomplete,Rejected,No,Passed
EVD-00002360,PFXC-000978,Identity Evidence,Merchant,2025-09-09T10:08:43,PDF,Complete,Accepted,No,Passed
EVD-00002361,PFXC-000978,Receipt,Customer,2025-09-10T21:57:15,PDF,Complete,Accepted,Yes,Passed
EVD-00002362,PFXC-000978,Bank Statement,Customer,2025-09-08T16:27:31,PDF,Incomplete,Further Evidence Required,No,Not Applicable
EVD-00002363,PFXC-000979,Receipt,Customer,2026-04-06T02:51:07,PNG,Incomplete,Rejected,No,Passed
EVD-00002364,PFXC-000980,Screenshot,Customer,2026-06-14T22:47:23,PNG,Complete,Accepted,No,Passed
EVD-00002365,PFXC-000980,Merchant Communication,Customer,2026-06-15T06:13:51,JPG,Complete,Accepted,Yes,Passed
EVD-00002366,PFXC-000980,Receipt,Customer,2026-06-14T17:41:27,PDF,Complete,Further Evidence Required,No,Not Applicable
EVD-00002367,PFXC-000981,Other,Operations,2026-04-18T07:19:07,PDF,Complete,Accepted,No,Passed
EVD-00002368,PFXC-000981,Merchant Communication,Customer,2026-04-16T04:59:31,PDF,Complete,Further Evidence Required,No,Passed
EVD-00002369,PFXC-000981,Receipt,Merchant,2026-04-17T19:49:00,PNG,Complete,Accepted,No,Passed
EVD-00002370,PFXC-000981,Merchant Communication,Merchant,2026-04-17T09:52:47,PDF,Complete,Accepted,No,Passed
EVD-00002371,PFXC-000982,Screenshot,Customer,2025-05-09T22:14:15,PNG,Complete,Further Evidence Required,No,Passed
EVD-00002372,PFXC-000982,Merchant Communication,Operations,2025-05-10T16:21:38,PDF,Complete,Accepted,No,Passed
EVD-00002373,PFXC-000982,Screenshot,Customer,2025-05-08T23:57:54,JPG,Complete,Accepted,No,Passed
EVD-00002374,PFXC-000984,Screenshot,Customer,2026-04-19T05:34:46,PNG,Complete,Accepted,No,Passed
EVD-00002375,PFXC-000984,Bank Statement,Customer,2026-04-18T04:26:28,PNG,Complete,Accepted,No,Passed
EVD-00002376,PFXC-000984,Receipt,Operations,2026-04-19T17:36:00,PNG,Complete,Accepted,No,Passed
EVD-00002377,PFXC-000984,Bank Statement,Merchant,2026-04-17T11:35:52,PNG,Complete,Accepted,Yes,Passed
EVD-00002378,PFXC-000985,Bank Statement,Customer,2025-07-04T19:18:13,PNG,Unreadable,Further Evidence Required,Yes,Passed
EVD-00002379,PFXC-000985,Screenshot,Merchant,2025-07-06T10:46:24,PNG,Complete,Accepted,No,Passed
EVD-00002380,PFXC-000985,Merchant Communication,Merchant,2025-07-05T18:18:49,PNG,Complete,Accepted,No,Passed
EVD-00002381,PFXC-000987,Merchant Communication,Customer,2025-06-02T08:22:23,PDF,Complete,Accepted,No,Passed
EVD-00002382,PFXC-000987,Screenshot,Customer,2025-06-04T13:56:23,PDF,Complete,Accepted,Yes,Passed
EVD-00002383,PFXC-000988,Merchant Communication,Customer,2025-02-10T07:28:25,PDF,Complete,Accepted,No,Passed
EVD-00002384,PFXC-000988,Screenshot,Customer,2025-02-08T11:39:53,PDF,Unreadable,Rejected,No,Passed
EVD-00002385,PFXC-000989,Merchant Communication,Customer,2026-07-01T22:40:05,PDF,Complete,Accepted,No,Passed
EVD-00002386,PFXC-000989,Screenshot,Customer,2026-06-30T10:39:27,JPG,Unreadable,Rejected,No,Not Applicable
EVD-00002387,PFXC-000989,Merchant Communication,Customer,2026-07-01T11:15:00,PDF,Complete,Accepted,No,Passed
EVD-00002388,PFXC-000989,Receipt,Customer,2026-07-02T12:13:01,PDF,Complete,Accepted,No,Passed
EVD-00002389,PFXC-000990,Receipt,Customer,2025-08-31T23:37:53,PDF,Complete,Accepted,No,Passed
EVD-00002390,PFXC-000990,Screenshot,Customer,2025-09-01T12:16:03,PDF,Complete,Accepted,No,Passed
EVD-00002391,PFXC-000992,Bank Statement,Merchant,2025-08-25T12:48:57,PDF,Incomplete,Further Evidence Required,No,Passed
EVD-00002392,PFXC-000992,Bank Statement,Customer,2025-08-24T20:50:12,PDF,Complete,Accepted,No,Passed
EVD-00002393,PFXC-000992,Bank Statement,Customer,2025-08-23T02:14:03,PDF,Complete,Accepted,No,Passed
EVD-00002394,PFXC-000992,Screenshot,Customer,2025-08-24T07:46:43,JPG,Complete,Accepted,Yes,Passed
EVD-00002395,PFXC-000993,Receipt,Customer,2025-07-04T21:23:53,Other,Complete,Accepted,No,Passed
EVD-00002396,PFXC-000993,Merchant Communication,Merchant,2025-07-07T09:28:50,PDF,Complete,Accepted,No,Passed
EVD-00002397,PFXC-000993,Merchant Communication,Merchant,2025-07-05T00:23:50,PDF,Complete,Accepted,No,Passed
EVD-00002398,PFXC-000994,Screenshot,Customer,2025-06-30T11:47:49,PDF,Incomplete,Rejected,No,Passed
EVD-00002399,PFXC-000995,Receipt,Customer,2026-03-26T07:08:51,PDF,Complete,Accepted,No,Not Applicable
EVD-00002400,PFXC-000995,Merchant Communication,Merchant,2026-03-25T02:28:44,PDF,Complete,Accepted,No,Passed
EVD-00002401,PFXC-000995,Screenshot,Merchant,2026-03-26T01:08:02,PDF,Complete,Accepted,No,Passed
EVD-00002402,PFXC-000996,Screenshot,Operations,2026-04-09T19:39:14,PDF,Unreadable,Further Evidence Required,No,Passed
EVD-00002403,PFXC-000996,Screenshot,Customer,2026-04-09T18:11:21,PNG,Incomplete,Rejected,Yes,Passed
EVD-00002404,PFXC-000996,Receipt,Customer,2026-04-10T19:59:29,PDF,Complete,Accepted,Yes,Passed
EVD-00002405,PFXC-000996,Merchant Communication,Customer,2026-04-12T01:12:03,PNG,Complete,Accepted,Yes,Passed
EVD-00002406,PFXC-000997,Receipt,Customer,2025-07-23T05:51:03,JPG,Complete,Further Evidence Required,No,Passed
EVD-00002407,PFXC-000997,Screenshot,Customer,2025-07-24T05:13:45,JPG,Complete,Accepted,Yes,Passed
EVD-00002408,PFXC-000998,Screenshot,Customer,2025-08-17T19:49:59,PDF,Complete,Accepted,Yes,Passed
EVD-00002409,PFXC-000998,Receipt,Customer,2025-08-16T21:32:09,PNG,Complete,Accepted,No,Passed
EVD-00002410,PFXC-000998,Merchant Communication,Customer,2025-08-15T23:49:57,PNG,Complete,Accepted,No,Passed
EVD-00002411,PFXC-000998,Screenshot,Customer,2025-08-15T12:59:43,JPG,Complete,Accepted,No,Not Applicable
EVD-00002412,PFXC-000999,Receipt,Merchant,2025-02-25T16:25:29,PNG,Complete,Further Evidence Required,No,Passed
EVD-00002413,PFXC-000999,Identity Evidence,Customer,2025-02-26T07:56:46,PDF,Complete,Accepted,Yes,Passed
EVD-00002414,PFXC-001000,Bank Statement,Customer,2025-07-31T21:55:07,PDF,Complete,Accepted,Yes,Passed
EVD-00002415,PFXC-001000,Screenshot,Customer,2025-08-01T17:51:18,PNG,Complete,Accepted,No,Passed
EVD-00002416,PFXC-001000,Receipt,Customer,2025-07-31T20:53:30,PDF,Complete,Accepted,Yes,Passed
EVD-00002417,PFXC-001001,Merchant Communication,Customer,2025-08-05T07:09:00,Other,Unreadable,Rejected,No,Passed
EVD-00002418,PFXC-001001,Receipt,Customer,2025-08-04T20:49:23,PDF,Complete,Further Evidence Required,Yes,Failed
EVD-00002419,PFXC-001001,Other,Customer,2025-08-04T06:17:52,JPG,Complete,Accepted,No,Passed
EVD-00002420,PFXC-001002,Receipt,Merchant,2025-10-18T06:26:03,PNG,Complete,Accepted,No,Passed
EVD-00002421,PFXC-001002,Receipt,Customer,2025-10-18T08:04:24,PDF,Complete,Further Evidence Required,No,Passed
EVD-00002422,PFXC-001003,Identity Evidence,Customer,2026-06-18T03:29:01,PDF,Complete,Accepted,No,Passed
EVD-00002423,PFXC-001003,Screenshot,Customer,2026-06-17T07:05:55,Other,Complete,Accepted,No,Passed
EVD-00002424,PFXC-001003,Bank Statement,Customer,2026-06-17T07:01:58,PNG,Complete,Accepted,No,Passed
EVD-00002425,PFXC-001004,Bank Statement,Customer,2026-04-17T05:45:20,PDF,Complete,Further Evidence Required,Yes,Passed
EVD-00002426,PFXC-001004,Merchant Communication,Customer,2026-04-15T20:18:06,PDF,Complete,Accepted,No,Passed
EVD-00002427,PFXC-001005,Receipt,Operations,2025-09-20T19:05:59,PDF,Complete,Accepted,No,Passed
EVD-00002428,PFXC-001005,Receipt,Customer,2025-09-21T18:10:36,JPG,Incomplete,Further Evidence Required,No,Passed
EVD-00002429,PFXC-001005,Bank Statement,Customer,2025-09-22T05:39:00,PNG,Complete,Accepted,No,Passed
EVD-00002430,PFXC-001006,Merchant Communication,Operations,2025-11-04T21:10:19,Other,Incomplete,Rejected,No,Passed
EVD-00002431,PFXC-001006,Receipt,Customer,2025-11-03T06:25:29,PNG,Complete,Accepted,No,Passed
EVD-00002432,PFXC-001006,Receipt,Customer,2025-11-04T17:37:27,PDF,Complete,Accepted,No,Passed
EVD-00002433,PFXC-001006,Screenshot,Customer,2025-11-02T17:45:12,Other,Complete,Accepted,No,Passed
EVD-00002434,PFXC-001007,Screenshot,Customer,2025-05-20T01:19:45,PDF,Complete,Further Evidence Required,No,Passed
EVD-00002435,PFXC-001007,Bank Statement,Operations,2025-05-20T08:46:27,PDF,Complete,Accepted,No,Passed
EVD-00002436,PFXC-001007,Screenshot,Customer,2025-05-19T23:49:26,PDF,Complete,Accepted,No,Passed
EVD-00002437,PFXC-001008,Receipt,Customer,2025-10-02T05:55:14,PDF,Complete,Accepted,No,Passed
EVD-00002438,PFXC-001008,Merchant Communication,Customer,2025-10-01T09:30:13,PDF,Complete,Accepted,No,Passed
EVD-00002439,PFXC-001008,Receipt,Customer,2025-10-02T23:06:22,Other,Unreadable,Further Evidence Required,No,Passed
EVD-00002440,PFXC-001008,Bank Statement,Merchant,2025-10-02T04:23:34,PDF,Complete,Accepted,No,Passed
EVD-00002441,PFXC-001009,Merchant Communication,Merchant,2026-05-14T00:09:38,PNG,Complete,Accepted,No,Passed
EVD-00002442,PFXC-001009,Other,Customer,2026-05-13T22:48:32,PDF,Complete,Accepted,No,Passed
EVD-00002443,PFXC-001010,Identity Evidence,Customer,2025-06-05T19:08:34,JPG,Complete,Accepted,No,Passed
EVD-00002444,PFXC-001010,Screenshot,Operations,2025-06-08T05:43:04,PDF,Complete,Accepted,No,Passed
EVD-00002445,PFXC-001010,Bank Statement,Customer,2025-06-07T18:18:54,PDF,Complete,Accepted,No,Passed
EVD-00002446,PFXC-001011,Bank Statement,Customer,2025-10-28T14:56:23,PDF,Complete,Accepted,No,Passed
EVD-00002447,PFXC-001011,Bank Statement,Customer,2025-10-28T08:32:52,CSV,Complete,Accepted,No,Passed
EVD-00002448,PFXC-001011,Merchant Communication,Customer,2025-10-27T10:30:34,PNG,Complete,Accepted,No,Passed
EVD-00002449,PFXC-001012,Receipt,Customer,2025-08-05T02:52:19,PDF,Complete,Accepted,No,Passed
EVD-00002450,PFXC-001012,Merchant Communication,Customer,2025-08-05T23:41:26,JPG,Incomplete,Rejected,No,Passed
EVD-00002451,PFXC-001013,Screenshot,Merchant,2026-02-14T07:30:58,Other,Complete,Accepted,No,Not Applicable
EVD-00002452,PFXC-001013,Receipt,Customer,2026-02-14T07:23:55,CSV,Complete,Accepted,No,Not Applicable
EVD-00002453,PFXC-001014,Bank Statement,Customer,2025-10-30T21:14:41,JPG,Complete,Accepted,No,Passed
EVD-00002454,PFXC-001014,Bank Statement,Customer,2025-10-30T15:31:23,Other,Incomplete,Further Evidence Required,No,Passed
EVD-00002455,PFXC-001014,Identity Evidence,Customer,2025-11-01T00:57:37,JPG,Complete,Accepted,No,Passed
EVD-00002456,PFXC-001015,Receipt,Customer,2025-07-30T14:14:48,PDF,Complete,Further Evidence Required,No,Passed
EVD-00002457,PFXC-001015,Merchant Communication,Customer,2025-08-01T13:58:05,Other,Complete,Accepted,No,Passed
EVD-00002458,PFXC-001015,Receipt,Customer,2025-07-31T23:11:00,JPG,Complete,Accepted,No,Passed
EVD-00002459,PFXC-001015,Identity Evidence,Customer,2025-07-31T01:59:46,PDF,Incomplete,Further Evidence Required,Yes,Not Applicable
EVD-00002460,PFXC-001016,Receipt,Customer,2025-06-17T05:36:11,PDF,Complete,Accepted,No,Passed
EVD-00002461,PFXC-001016,Bank Statement,Operations,2025-06-15T07:27:33,PDF,Complete,Accepted,No,Passed
EVD-00002462,PFXC-001016,Screenshot,Customer,2025-06-17T00:32:58,CSV,Complete,Accepted,No,Passed
EVD-00002463,PFXC-001017,Merchant Communication,Customer,2026-04-08T01:49:46,PDF,Complete,Accepted,No,Passed
EVD-00002464,PFXC-001017,Screenshot,Operations,2026-04-06T11:56:45,Other,Incomplete,Rejected,No,Passed
EVD-00002465,PFXC-001018,Receipt,Customer,2025-01-18T06:40:33,PDF,Incomplete,Further Evidence Required,Yes,Not Applicable
EVD-00002466,PFXC-001018,Merchant Communication,Customer,2025-01-17T18:51:23,PDF,Complete,Accepted,No,Passed
EVD-00002467,PFXC-001018,Receipt,Customer,2025-01-16T03:30:00,JPG,Complete,Accepted,No,Passed
EVD-00002468,PFXC-001019,Screenshot,Customer,2026-02-24T05:50:02,PNG,Complete,Accepted,No,Passed
EVD-00002469,PFXC-001019,Screenshot,Customer,2026-02-25T20:54:22,PDF,Complete,Accepted,No,Passed
EVD-00002470,PFXC-001020,Bank Statement,Customer,2026-01-15T21:17:24,PDF,Complete,Accepted,No,Passed
EVD-00002471,PFXC-001020,Screenshot,Merchant,2026-01-16T15:32:59,JPG,Complete,Accepted,No,Passed
EVD-00002472,PFXC-001020,Receipt,Customer,2026-01-16T01:23:09,PDF,Complete,Accepted,No,Passed
EVD-00002473,PFXC-001021,Receipt,Operations,2025-10-26T15:52:21,PNG,Incomplete,Further Evidence Required,Yes,Passed
EVD-00002474,PFXC-001021,Receipt,Customer,2025-10-27T14:20:07,PDF,Complete,Accepted,Yes,Passed
EVD-00002475,PFXC-001021,Identity Evidence,Customer,2025-10-24T22:51:14,PDF,Complete,Accepted,No,Passed
EVD-00002476,PFXC-001021,Receipt,Merchant,2025-10-25T11:25:52,PNG,Complete,Accepted,No,Passed
EVD-00002477,PFXC-001022,Receipt,Customer,2025-07-16T08:37:31,PDF,Unreadable,Further Evidence Required,No,Passed
EVD-00002478,PFXC-001022,Screenshot,Customer,2025-07-14T04:10:00,JPG,Complete,Further Evidence Required,No,Passed
EVD-00002479,PFXC-001022,Other,Customer,2025-07-15T00:19:51,JPG,Complete,Further Evidence Required,Yes,Passed
EVD-00002480,PFXC-001022,Other,Customer,2025-07-16T05:56:12,PDF,Complete,Accepted,Yes,Passed
EVD-00002481,PFXC-001024,Receipt,Merchant,2025-12-22T07:13:13,Other,Complete,Accepted,No,Passed
EVD-00002482,PFXC-001025,Receipt,Customer,2026-02-04T02:50:23,JPG,Incomplete,Rejected,No,Passed
EVD-00002483,PFXC-001025,Screenshot,Customer,2026-02-03T04:44:57,PDF,Complete,Accepted,No,Passed
EVD-00002484,PFXC-001026,Other,Merchant,2026-04-15T09:39:06,PNG,Complete,Accepted,No,Passed
EVD-00002485,PFXC-001027,Screenshot,Customer,2025-04-06T02:39:17,JPG,Complete,Further Evidence Required,No,Passed
EVD-00002486,PFXC-001027,Bank Statement,Customer,2025-04-05T16:14:00,JPG,Complete,Accepted,No,Passed
EVD-00002487,PFXC-001027,Screenshot,Customer,2025-04-03T08:43:35,PDF,Complete,Accepted,No,Passed
EVD-00002488,PFXC-001027,Screenshot,Customer,2025-04-06T01:04:05,Other,Complete,Accepted,No,Passed
EVD-00002489,PFXC-001028,Screenshot,Customer,2025-08-18T04:18:12,PDF,Complete,Accepted,No,Passed
EVD-00002490,PFXC-001028,Screenshot,Customer,2025-08-18T09:00:33,PNG,Complete,Further Evidence Required,No,Passed
EVD-00002491,PFXC-001029,Merchant Communication,Customer,2025-03-20T20:59:17,PNG,Incomplete,Rejected,No,Passed
EVD-00002492,PFXC-001029,Receipt,Customer,2025-03-22T09:14:05,PNG,Incomplete,Rejected,No,Passed
EVD-00002493,PFXC-001030,Screenshot,Customer,2025-12-07T02:35:18,PNG,Complete,Accepted,No,Passed
EVD-00002494,PFXC-001030,Receipt,Customer,2025-12-09T07:43:21,PDF,Complete,Accepted,No,Passed
EVD-00002495,PFXC-001031,Bank Statement,Customer,2025-02-17T14:35:37,PNG,Complete,Accepted,No,Passed
EVD-00002496,PFXC-001031,Bank Statement,Merchant,2025-02-18T18:46:01,Other,Complete,Accepted,No,Passed
EVD-00002497,PFXC-001032,Screenshot,Customer,2025-11-27T01:40:27,JPG,Complete,Accepted,No,Passed
EVD-00002498,PFXC-001032,Merchant Communication,Customer,2025-11-27T09:37:50,PNG,Complete,Accepted,No,Passed
EVD-00002499,PFXC-001032,Bank Statement,Customer,2025-11-27T11:16:45,PDF,Complete,Accepted,No,Passed
EVD-00002500,PFXC-001032,Receipt,Customer,2025-11-25T22:33:21,JPG,Incomplete,Rejected,No,Passed
EVD-00002501,PFXC-001033,Other,Operations,2025-04-17T07:33:33,PNG,Complete,Accepted,No,Passed
EVD-00002502,PFXC-001033,Bank Statement,Customer,2025-04-18T23:11:11,JPG,Complete,Accepted,No,Passed
EVD-00002503,PFXC-001033,Bank Statement,Customer,2025-04-19T00:38:58,PDF,Complete,Accepted,No,Not Applicable
EVD-00002504,PFXC-001033,Other,Customer,2025-04-19T03:07:00,PNG,Complete,Accepted,No,Passed
EVD-00002505,PFXC-001034,Identity Evidence,Customer,2026-02-06T06:56:58,CSV,Complete,Accepted,No,Not Applicable
EVD-00002506,PFXC-001034,Identity Evidence,Customer,2026-02-06T09:25:47,JPG,Complete,Accepted,Yes,Passed
EVD-00002507,PFXC-001035,Other,Customer,2026-03-09T18:24:27,PDF,Complete,Accepted,No,Failed
EVD-00002508,PFXC-001036,Bank Statement,Customer,2025-11-28T06:30:28,JPG,Complete,Further Evidence Required,No,Passed
EVD-00002509,PFXC-001036,Identity Evidence,Customer,2025-11-28T02:04:51,PNG,Complete,Accepted,No,Failed
EVD-00002510,PFXC-001036,Screenshot,Customer,2025-11-28T16:27:25,PNG,Complete,Accepted,No,Passed
EVD-00002511,PFXC-001036,Bank Statement,Customer,2025-11-27T20:53:45,PDF,Complete,Accepted,No,Not Applicable
EVD-00002512,PFXC-001037,Bank Statement,Customer,2025-12-02T21:25:45,PNG,Incomplete,Further Evidence Required,No,Passed
EVD-00002513,PFXC-001037,Other,Operations,2025-12-02T08:18:48,PDF,Complete,Accepted,No,Passed
EVD-00002514,PFXC-001037,Merchant Communication,Customer,2025-12-01T01:53:40,PDF,Complete,Accepted,No,Passed
EVD-00002515,PFXC-001037,Screenshot,Customer,2025-12-01T03:58:19,PNG,Complete,Accepted,No,Passed
EVD-00002516,PFXC-001038,Bank Statement,Customer,2025-01-18T12:03:45,PDF,Unreadable,Further Evidence Required,No,Passed
EVD-00002517,PFXC-001038,Receipt,Customer,2025-01-19T01:12:03,JPG,Complete,Accepted,Yes,Passed
EVD-00002518,PFXC-001038,Receipt,Operations,2025-01-16T22:06:27,Other,Complete,Accepted,No,Passed
EVD-00002519,PFXC-001039,Merchant Communication,Customer,2025-03-02T10:35:53,PNG,Complete,Accepted,No,Passed
EVD-00002520,PFXC-001039,Receipt,Customer,2025-03-04T15:46:12,PDF,Complete,Further Evidence Required,No,Passed
EVD-00002521,PFXC-001040,Other,Customer,2025-05-07T06:43:31,PNG,Incomplete,Further Evidence Required,No,Passed
EVD-00002522,PFXC-001040,Receipt,Operations,2025-05-06T18:57:54,PDF,Complete,Accepted,No,Passed
EVD-00002523,PFXC-001040,Receipt,Customer,2025-05-06T22:19:36,JPG,Incomplete,Further Evidence Required,No,Passed
EVD-00002524,PFXC-001042,Screenshot,Customer,2026-06-06T14:39:34,PDF,Unreadable,Further Evidence Required,No,Passed
EVD-00002525,PFXC-001042,Receipt,Customer,2026-06-08T07:00:29,Other,Complete,Accepted,No,Passed
EVD-00002526,PFXC-001042,Screenshot,Customer,2026-06-06T22:10:29,PDF,Complete,Accepted,No,Passed
EVD-00002527,PFXC-001043,Receipt,Customer,2025-09-06T08:04:48,PDF,Incomplete,Further Evidence Required,No,Not Applicable
EVD-00002528,PFXC-001043,Merchant Communication,Customer,2025-09-06T05:19:48,PDF,Complete,Accepted,Yes,Not Applicable
EVD-00002529,PFXC-001043,Receipt,Customer,2025-09-05T02:19:40,JPG,Complete,Accepted,No,Passed
EVD-00002530,PFXC-001043,Receipt,Customer,2025-09-06T10:33:23,PNG,Complete,Accepted,No,Passed
EVD-00002531,PFXC-001044,Merchant Communication,Customer,2026-01-06T21:42:32,PDF,Unreadable,Rejected,No,Failed
EVD-00002532,PFXC-001044,Screenshot,Customer,2026-01-06T16:52:45,PDF,Complete,Accepted,No,Passed
EVD-00002533,PFXC-001044,Receipt,Customer,2026-01-05T08:28:36,PDF,Complete,Accepted,No,Not Applicable
EVD-00002534,PFXC-001045,Screenshot,Customer,2026-04-11T01:17:08,PDF,Complete,Accepted,Yes,Passed
EVD-00002535,PFXC-001045,Merchant Communication,Operations,2026-04-09T22:36:18,JPG,Complete,Accepted,No,Passed
EVD-00002536,PFXC-001046,Bank Statement,Customer,2025-01-26T17:12:59,CSV,Complete,Accepted,No,Passed
EVD-00002537,PFXC-001046,Receipt,Customer,2025-01-27T11:48:54,PNG,Complete,Accepted,No,Passed
EVD-00002538,PFXC-001046,Other,Operations,2025-01-28T06:36:29,PDF,Complete,Accepted,No,Passed
EVD-00002539,PFXC-001047,Receipt,Merchant,2025-06-26T05:10:40,JPG,Complete,Further Evidence Required,No,Passed
EVD-00002540,PFXC-001047,Receipt,Customer,2025-06-24T12:52:47,PDF,Complete,Accepted,No,Passed
EVD-00002541,PFXC-001047,Screenshot,Customer,2025-06-25T16:36:51,JPG,Complete,Accepted,No,Passed
EVD-00002542,PFXC-001048,Bank Statement,Customer,2025-02-16T09:28:57,JPG,Incomplete,Further Evidence Required,Yes,Passed
EVD-00002543,PFXC-001048,Receipt,Merchant,2025-02-17T01:52:56,PDF,Incomplete,Further Evidence Required,No,Passed
EVD-00002544,PFXC-001048,Merchant Communication,Customer,2025-02-16T17:55:00,PDF,Complete,Accepted,No,Passed
EVD-00002545,PFXC-001049,Screenshot,Customer,2025-07-02T16:18:04,PDF,Complete,Accepted,No,Passed
EVD-00002546,PFXC-001049,Screenshot,Customer,2025-07-02T01:48:33,PDF,Complete,Accepted,No,Passed
EVD-00002547,PFXC-001049,Receipt,Customer,2025-07-02T04:32:00,PNG,Complete,Accepted,No,Passed
EVD-00002548,PFXC-001049,Merchant Communication,Customer,2025-07-03T00:26:46,JPG,Complete,Accepted,No,Passed
EVD-00002549,PFXC-001050,Receipt,Customer,2025-12-12T03:16:26,PNG,Complete,Further Evidence Required,Yes,Passed
EVD-00002550,PFXC-001050,Receipt,Customer,2025-12-11T23:35:59,PDF,Complete,Accepted,No,Failed
EVD-00002551,PFXC-001051,Receipt,Customer,2026-01-25T19:00:51,PNG,Complete,Accepted,No,Passed
EVD-00002552,PFXC-001051,Bank Statement,Customer,2026-01-26T23:59:11,PNG,Incomplete,Further Evidence Required,No,Passed
EVD-00002553,PFXC-001051,Screenshot,Customer,2026-01-25T17:29:17,Other,Complete,Accepted,No,Passed
EVD-00002554,PFXC-001051,Identity Evidence,Merchant,2026-01-28T05:08:05,PDF,Complete,Accepted,Yes,Passed
EVD-00002555,PFXC-001052,Merchant Communication,Customer,2025-12-03T13:10:32,Other,Complete,Accepted,No,Passed
EVD-00002556,PFXC-001053,Screenshot,Customer,2026-05-11T05:52:11,PDF,Incomplete,Further Evidence Required,Yes,Passed
EVD-00002557,PFXC-001053,Screenshot,Operations,2026-05-09T23:55:09,PDF,Complete,Accepted,No,Passed
EVD-00002558,PFXC-001054,Merchant Communication,Customer,2025-10-12T21:53:23,Other,Complete,Accepted,No,Passed
EVD-00002559,PFXC-001054,Merchant Communication,Customer,2025-10-13T10:56:33,Other,Complete,Accepted,Yes,Passed
EVD-00002560,PFXC-001055,Other,Customer,2025-11-15T00:11:16,PNG,Complete,Accepted,No,Passed
EVD-00002561,PFXC-001055,Merchant Communication,Merchant,2025-11-16T21:47:15,JPG,Complete,Accepted,Yes,Passed
EVD-00002562,PFXC-001055,Receipt,Customer,2025-11-17T08:29:57,Other,Complete,Accepted,Yes,Passed
EVD-00002563,PFXC-001055,Screenshot,Merchant,2025-11-16T08:55:02,Other,Complete,Accepted,No,Passed
EVD-00002564,PFXC-001056,Receipt,Customer,2025-11-11T05:01:53,PDF,Incomplete,Further Evidence Required,No,Passed
EVD-00002565,PFXC-001057,Bank Statement,Customer,2026-04-01T19:13:40,PDF,Complete,Accepted,No,Passed
EVD-00002566,PFXC-001058,Other,Merchant,2025-11-11T01:07:44,PDF,Complete,Accepted,No,Passed
EVD-00002567,PFXC-001058,Receipt,Merchant,2025-11-11T21:44:08,PNG,Complete,Accepted,No,Passed
EVD-00002568,PFXC-001058,Screenshot,Customer,2025-11-11T08:56:24,PDF,Incomplete,Rejected,No,Passed
EVD-00002569,PFXC-001059,Receipt,Customer,2025-12-14T01:59:54,CSV,Complete,Accepted,No,Passed
EVD-00002570,PFXC-001060,Receipt,Customer,2025-03-21T01:12:13,PNG,Complete,Accepted,No,Passed
EVD-00002571,PFXC-001060,Other,Merchant,2025-03-21T01:58:36,Other,Incomplete,Further Evidence Required,No,Passed
EVD-00002572,PFXC-001061,Receipt,Customer,2026-04-17T06:45:57,PDF,Complete,Accepted,No,Passed
EVD-00002573,PFXC-001061,Identity Evidence,Customer,2026-04-16T02:28:45,PNG,Complete,Accepted,Yes,Passed
EVD-00002574,PFXC-001061,Screenshot,Customer,2026-04-18T11:48:30,PDF,Complete,Accepted,Yes,Passed
EVD-00002575,PFXC-001061,Receipt,Customer,2026-04-17T23:40:39,PDF,Incomplete,Further Evidence Required,No,Passed
EVD-00002576,PFXC-001062,Merchant Communication,Customer,2025-01-19T09:09:55,JPG,Unreadable,Rejected,Yes,Passed
EVD-00002577,PFXC-001062,Screenshot,Merchant,2025-01-20T13:01:16,PDF,Complete,Accepted,No,Passed
EVD-00002578,PFXC-001062,Screenshot,Merchant,2025-01-19T22:29:30,PDF,Complete,Accepted,No,Passed
EVD-00002579,PFXC-001062,Merchant Communication,Customer,2025-01-20T14:08:51,JPG,Incomplete,Rejected,No,Passed
EVD-00002580,PFXC-001063,Receipt,Customer,2026-06-09T11:14:04,PDF,Complete,Accepted,No,Passed
EVD-00002581,PFXC-001064,Screenshot,Operations,2025-10-17T21:11:07,PDF,Incomplete,Rejected,No,Passed
EVD-00002582,PFXC-001064,Merchant Communication,Customer,2025-10-18T15:15:08,PDF,Complete,Accepted,No,Passed
EVD-00002583,PFXC-001064,Screenshot,Customer,2025-10-18T20:21:09,CSV,Incomplete,Rejected,No,Passed
EVD-00002584,PFXC-001064,Merchant Communication,Customer,2025-10-19T03:53:14,PDF,Unreadable,Rejected,No,Passed
EVD-00002585,PFXC-001065,Other,Merchant,2025-02-06T15:38:08,PDF,Complete,Accepted,No,Passed
EVD-00002586,PFXC-001065,Receipt,Customer,2025-02-05T02:27:35,PDF,Complete,Accepted,No,Passed
EVD-00002587,PFXC-001065,Receipt,Customer,2025-02-07T03:39:52,Other,Incomplete,Further Evidence Required,No,Not Applicable
EVD-00002588,PFXC-001065,Merchant Communication,Customer,2025-02-06T09:38:42,Other,Complete,Accepted,No,Passed
EVD-00002589,PFXC-001066,Screenshot,Merchant,2025-04-02T02:58:40,Other,Complete,Accepted,No,Passed
EVD-00002590,PFXC-001066,Merchant Communication,Merchant,2025-04-01T02:29:08,PDF,Complete,Accepted,Yes,Not Applicable
EVD-00002591,PFXC-001066,Merchant Communication,Customer,2025-03-31T08:36:19,PNG,Complete,Further Evidence Required,No,Passed
EVD-00002592,PFXC-001067,Bank Statement,Customer,2025-07-15T18:20:28,PNG,Complete,Accepted,No,Passed
EVD-00002593,PFXC-001067,Screenshot,Customer,2025-07-16T05:02:05,JPG,Complete,Accepted,No,Not Applicable
EVD-00002594,PFXC-001068,Identity Evidence,Customer,2025-07-04T04:51:46,PDF,Complete,Accepted,No,Passed
EVD-00002595,PFXC-001068,Receipt,Operations,2025-07-03T16:28:22,PNG,Complete,Accepted,No,Passed
EVD-00002596,PFXC-001069,Merchant Communication,Customer,2025-11-24T03:00:31,PNG,Complete,Accepted,No,Passed
EVD-00002597,PFXC-001069,Other,Customer,2025-11-24T03:10:39,PNG,Complete,Accepted,No,Passed
EVD-00002598,PFXC-001070,Bank Statement,Merchant,2026-05-17T04:06:17,PDF,Complete,Accepted,No,Passed
EVD-00002599,PFXC-001070,Screenshot,Customer,2026-05-16T03:59:57,Other,Complete,Accepted,Yes,Passed
EVD-00002600,PFXC-001071,Screenshot,Customer,2025-07-16T03:08:18,PDF,Complete,Accepted,No,Passed
EVD-00002601,PFXC-001071,Receipt,Customer,2025-07-18T01:35:01,PNG,Complete,Accepted,No,Passed
EVD-00002602,PFXC-001072,Bank Statement,Customer,2026-02-01T17:33:32,JPG,Complete,Accepted,No,Passed
EVD-00002603,PFXC-001072,Merchant Communication,Operations,2026-01-31T00:36:11,PDF,Complete,Accepted,Yes,Passed
EVD-00002604,PFXC-001073,Merchant Communication,Customer,2025-02-26T16:58:08,PDF,Incomplete,Rejected,No,Passed
EVD-00002605,PFXC-001073,Screenshot,Customer,2025-02-25T17:52:36,PDF,Incomplete,Rejected,No,Passed
EVD-00002606,PFXC-001073,Merchant Communication,Customer,2025-02-25T15:38:00,JPG,Complete,Accepted,No,Passed
EVD-00002607,PFXC-001074,Bank Statement,Customer,2025-03-04T13:38:54,PDF,Complete,Further Evidence Required,Yes,Passed
EVD-00002608,PFXC-001074,Screenshot,Operations,2025-03-05T05:03:36,JPG,Complete,Accepted,No,Passed
EVD-00002609,PFXC-001074,Merchant Communication,Customer,2025-03-05T13:27:38,PNG,Complete,Accepted,No,Passed
EVD-00002610,PFXC-001074,Receipt,Customer,2025-03-04T21:18:24,PDF,Complete,Accepted,Yes,Passed
EVD-00002611,PFXC-001075,Receipt,Customer,2025-08-02T13:19:35,PDF,Complete,Accepted,No,Passed
EVD-00002612,PFXC-001076,Receipt,Customer,2025-09-11T15:22:49,PDF,Complete,Accepted,No,Passed
EVD-00002613,PFXC-001076,Receipt,Customer,2025-09-13T04:18:41,PDF,Complete,Further Evidence Required,No,Passed
EVD-00002614,PFXC-001077,Receipt,Operations,2025-05-03T03:56:52,PDF,Complete,Accepted,No,Passed
EVD-00002615,PFXC-001077,Merchant Communication,Customer,2025-04-30T16:16:17,Other,Complete,Accepted,No,Passed
EVD-00002616,PFXC-001077,Receipt,Customer,2025-05-01T13:53:58,PDF,Complete,Accepted,No,Passed
EVD-00002617,PFXC-001077,Screenshot,Customer,2025-05-02T14:14:39,JPG,Complete,Accepted,No,Passed
EVD-00002618,PFXC-001078,Receipt,Customer,2026-02-05T17:53:45,PDF,Complete,Accepted,No,Passed
EVD-00002619,PFXC-001078,Receipt,Customer,2026-02-06T16:50:21,PNG,Complete,Accepted,No,Passed
EVD-00002620,PFXC-001079,Merchant Communication,Customer,2025-07-15T13:11:16,PDF,Incomplete,Further Evidence Required,No,Passed
EVD-00002621,PFXC-001080,Receipt,Merchant,2025-11-27T01:25:02,JPG,Complete,Accepted,Yes,Passed
EVD-00002622,PFXC-001080,Screenshot,Merchant,2025-11-25T06:41:19,PDF,Complete,Accepted,No,Passed
EVD-00002623,PFXC-001080,Other,Merchant,2025-11-24T19:58:24,PNG,Complete,Accepted,No,Passed
EVD-00002624,PFXC-001081,Screenshot,Customer,2025-05-02T00:39:49,PNG,Complete,Accepted,Yes,Passed
EVD-00002625,PFXC-001081,Screenshot,Customer,2025-04-30T22:49:55,CSV,Complete,Further Evidence Required,No,Passed
EVD-00002626,PFXC-001081,Receipt,Customer,2025-05-01T07:07:34,JPG,Complete,Further Evidence Required,No,Passed
EVD-00002627,PFXC-001081,Identity Evidence,Operations,2025-05-01T13:20:24,PDF,Incomplete,Further Evidence Required,No,Passed
EVD-00002628,PFXC-001082,Receipt,Customer,2026-06-21T10:24:12,JPG,Complete,Accepted,Yes,Failed
EVD-00002629,PFXC-001082,Other,Customer,2026-06-20T20:21:22,Other,Complete,Accepted,No,Passed
EVD-00002630,PFXC-001084,Receipt,Customer,2026-06-21T23:27:17,JPG,Complete,Accepted,No,Passed
EVD-00002631,PFXC-001084,Merchant Communication,Customer,2026-06-22T01:30:51,PNG,Complete,Accepted,No,Passed
EVD-00002632,PFXC-001085,Bank Statement,Customer,2025-12-09T22:17:26,PDF,Complete,Accepted,No,Passed
EVD-00002633,PFXC-001085,Screenshot,Customer,2025-12-11T11:17:35,PDF,Complete,Accepted,No,Passed
EVD-00002634,PFXC-001086,Merchant Communication,Customer,2026-04-10T06:53:12,PNG,Complete,Accepted,No,Passed
EVD-00002635,PFXC-001086,Screenshot,Operations,2026-04-10T03:57:19,PDF,Complete,Accepted,No,Passed
EVD-00002636,PFXC-001087,Merchant Communication,Customer,2025-12-01T01:14:41,PDF,Complete,Accepted,No,Passed
EVD-00002637,PFXC-001087,Screenshot,Customer,2025-12-03T16:28:21,PDF,Complete,Accepted,No,Passed
EVD-00002638,PFXC-001087,Screenshot,Customer,2025-12-02T06:45:44,PDF,Complete,Accepted,Yes,Passed
EVD-00002639,PFXC-001088,Bank Statement,Customer,2025-05-16T19:32:34,PDF,Incomplete,Rejected,Yes,Passed
EVD-00002640,PFXC-001088,Screenshot,Customer,2025-05-16T10:06:00,PDF,Complete,Accepted,No,Passed
EVD-00002641,PFXC-001088,Other,Customer,2025-05-16T13:40:55,JPG,Complete,Accepted,No,Passed
EVD-00002642,PFXC-001089,Screenshot,Customer,2025-04-01T18:15:11,PNG,Complete,Further Evidence Required,No,Passed
EVD-00002643,PFXC-001089,Merchant Communication,Customer,2025-04-04T11:14:11,PNG,Complete,Accepted,No,Passed
EVD-00002644,PFXC-001089,Receipt,Customer,2025-04-01T20:36:44,PDF,Complete,Further Evidence Required,No,Not Applicable
EVD-00002645,PFXC-001090,Bank Statement,Customer,2025-05-29T22:11:01,PDF,Complete,Accepted,No,Passed
EVD-00002646,PFXC-001090,Receipt,Customer,2025-05-30T00:56:14,PDF,Incomplete,Rejected,No,Failed
EVD-00002647,PFXC-001090,Merchant Communication,Customer,2025-05-31T03:12:05,PNG,Incomplete,Further Evidence Required,No,Passed
EVD-00002648,PFXC-001091,Screenshot,Customer,2025-11-24T22:02:55,PDF,Complete,Accepted,No,Passed
EVD-00002649,PFXC-001091,Screenshot,Customer,2025-11-25T20:40:52,JPG,Incomplete,Rejected,No,Passed
EVD-00002650,PFXC-001091,Receipt,Merchant,2025-11-24T16:32:53,PDF,Complete,Accepted,No,Passed
EVD-00002651,PFXC-001091,Merchant Communication,Merchant,2025-11-24T10:21:11,PDF,Complete,Accepted,No,Passed
EVD-00002652,PFXC-001092,Receipt,Merchant,2025-08-26T11:28:50,Other,Complete,Accepted,No,Passed
EVD-00002653,PFXC-001092,Screenshot,Customer,2025-08-27T07:09:00,JPG,Incomplete,Further Evidence Required,No,Passed
EVD-00002654,PFXC-001092,Other,Customer,2025-08-26T11:41:44,PNG,Complete,Accepted,No,Passed
EVD-00002655,PFXC-001092,Other,Customer,2025-08-26T06:41:32,PNG,Complete,Accepted,No,Passed
EVD-00002656,PFXC-001093,Screenshot,Customer,2025-10-28T04:38:33,PNG,Complete,Accepted,No,Passed
EVD-00002657,PFXC-001093,Bank Statement,Customer,2025-10-27T06:38:24,PDF,Complete,Accepted,Yes,Passed
EVD-00002658,PFXC-001093,Merchant Communication,Customer,2025-10-25T09:34:38,Other,Complete,Accepted,Yes,Passed
EVD-00002659,PFXC-001093,Screenshot,Customer,2025-10-27T09:50:28,PNG,Incomplete,Further Evidence Required,No,Passed
EVD-00002660,PFXC-001094,Screenshot,Operations,2026-01-16T14:29:20,PNG,Incomplete,Rejected,No,Passed
EVD-00002661,PFXC-001094,Receipt,Merchant,2026-01-14T08:30:31,PDF,Incomplete,Further Evidence Required,No,Passed
EVD-00002662,PFXC-001095,Merchant Communication,Merchant,2026-04-14T04:08:14,PNG,Unreadable,Rejected,No,Passed
EVD-00002663,PFXC-001095,Screenshot,Customer,2026-04-15T11:19:03,PDF,Complete,Accepted,No,Failed
EVD-00002664,PFXC-001096,Merchant Communication,Customer,2026-04-12T19:08:54,PDF,Complete,Accepted,No,Passed
EVD-00002665,PFXC-001096,Merchant Communication,Operations,2026-04-12T05:06:30,Other,Complete,Accepted,No,Passed
EVD-00002666,PFXC-001096,Screenshot,Customer,2026-04-13T12:32:44,Other,Complete,Accepted,No,Passed
EVD-00002667,PFXC-001097,Bank Statement,Customer,2025-09-28T01:39:33,PDF,Complete,Accepted,No,Passed
EVD-00002668,PFXC-001097,Receipt,Customer,2025-09-27T17:05:06,PDF,Incomplete,Further Evidence Required,No,Passed
EVD-00002669,PFXC-001097,Receipt,Merchant,2025-09-25T21:18:40,PNG,Complete,Further Evidence Required,Yes,Passed
EVD-00002670,PFXC-001098,Receipt,Customer,2025-10-08T06:21:08,JPG,Complete,Accepted,No,Failed
EVD-00002671,PFXC-001098,Receipt,Customer,2025-10-09T04:17:04,PNG,Complete,Accepted,No,Passed
EVD-00002672,PFXC-001098,Identity Evidence,Customer,2025-10-07T18:49:24,CSV,Complete,Accepted,No,Passed
EVD-00002673,PFXC-001098,Merchant Communication,Merchant,2025-10-08T12:03:26,PDF,Complete,Accepted,Yes,Passed
EVD-00002674,PFXC-001099,Bank Statement,Merchant,2025-12-12T10:04:16,PDF,Complete,Further Evidence Required,No,Passed
EVD-00002675,PFXC-001099,Receipt,Customer,2025-12-12T14:16:37,JPG,Complete,Accepted,No,Passed
EVD-00002676,PFXC-001099,Other,Customer,2025-12-11T21:12:34,PDF,Incomplete,Further Evidence Required,No,Passed
EVD-00002677,PFXC-001099,Merchant Communication,Customer,2025-12-12T07:33:47,JPG,Complete,Accepted,Yes,Passed
EVD-00002678,PFXC-001100,Screenshot,Customer,2026-04-20T23:59:36,PNG,Complete,Accepted,No,Passed
EVD-00002679,PFXC-001100,Receipt,Customer,2026-04-21T16:26:56,JPG,Complete,Accepted,No,Passed
EVD-00002680,PFXC-001101,Bank Statement,Customer,2025-12-10T22:45:10,PDF,Complete,Accepted,No,Passed
EVD-00002681,PFXC-001101,Merchant Communication,Customer,2025-12-10T10:15:25,PNG,Incomplete,Further Evidence Required,No,Passed
EVD-00002682,PFXC-001101,Screenshot,Customer,2025-12-11T15:33:24,PNG,Complete,Accepted,No,Passed
EVD-00002683,PFXC-001101,Screenshot,Operations,2025-12-10T20:45:39,PDF,Complete,Accepted,No,Passed
EVD-00002684,PFXC-001102,Merchant Communication,Customer,2025-03-15T03:22:23,JPG,Complete,Accepted,Yes,Passed
EVD-00002685,PFXC-001102,Merchant Communication,Merchant,2025-03-15T03:31:11,JPG,Complete,Further Evidence Required,No,Passed
EVD-00002686,PFXC-001102,Screenshot,Customer,2025-03-16T07:39:53,CSV,Complete,Accepted,No,Not Applicable
EVD-00002687,PFXC-001102,Receipt,Customer,2025-03-16T18:31:13,PDF,Complete,Accepted,Yes,Passed
EVD-00002688,PFXC-001103,Merchant Communication,Customer,2025-09-11T05:29:12,PNG,Complete,Accepted,No,Passed
EVD-00002689,PFXC-001103,Bank Statement,Operations,2025-09-10T21:56:31,JPG,Complete,Accepted,Yes,Passed
EVD-00002690,PFXC-001104,Merchant Communication,Customer,2025-12-05T20:14:26,JPG,Complete,Accepted,No,Passed
EVD-00002691,PFXC-001105,Receipt,Customer,2025-04-27T06:43:14,PNG,Complete,Accepted,No,Passed
EVD-00002692,PFXC-001105,Receipt,Customer,2025-04-29T21:40:38,JPG,Complete,Accepted,No,Passed
EVD-00002693,PFXC-001105,Receipt,Customer,2025-04-28T12:56:56,PNG,Complete,Accepted,No,Passed
EVD-00002694,PFXC-001106,Merchant Communication,Customer,2026-06-07T19:21:15,PNG,Incomplete,Further Evidence Required,Yes,Passed
EVD-00002695,PFXC-001106,Bank Statement,Customer,2026-06-06T02:13:46,JPG,Complete,Accepted,No,Passed
EVD-00002696,PFXC-001107,Bank Statement,Customer,2025-09-01T19:45:01,PDF,Complete,Accepted,Yes,Not Applicable
EVD-00002697,PFXC-001107,Screenshot,Operations,2025-09-03T01:11:22,PNG,Complete,Accepted,No,Not Applicable
EVD-00002698,PFXC-001108,Receipt,Customer,2025-09-07T11:58:11,JPG,Complete,Further Evidence Required,No,Not Applicable
EVD-00002699,PFXC-001108,Screenshot,Merchant,2025-09-08T21:41:55,PNG,Incomplete,Further Evidence Required,No,Passed
EVD-00002700,PFXC-001108,Screenshot,Customer,2025-09-08T03:01:55,PDF,Complete,Accepted,No,Passed
EVD-00002701,PFXC-001108,Bank Statement,Customer,2025-09-07T17:34:47,PDF,Complete,Accepted,No,Passed
EVD-00002702,PFXC-001109,Identity Evidence,Customer,2026-03-17T18:32:09,PNG,Unreadable,Further Evidence Required,No,Passed
EVD-00002703,PFXC-001109,Screenshot,Customer,2026-03-17T23:42:19,Other,Complete,Accepted,No,Failed
EVD-00002704,PFXC-001109,Merchant Communication,Customer,2026-03-18T21:58:52,PDF,Complete,Accepted,Yes,Passed
EVD-00002705,PFXC-001109,Bank Statement,Customer,2026-03-16T11:57:42,Other,Complete,Accepted,No,Passed
EVD-00002706,PFXC-001110,Receipt,Customer,2025-01-18T00:27:41,JPG,Complete,Accepted,No,Passed
EVD-00002707,PFXC-001110,Receipt,Operations,2025-01-18T23:59:07,PDF,Complete,Further Evidence Required,No,Passed
EVD-00002708,PFXC-001110,Merchant Communication,Customer,2025-01-19T02:01:21,JPG,Complete,Accepted,No,Passed
EVD-00002709,PFXC-001111,Other,Customer,2026-06-29T10:58:46,CSV,Complete,Accepted,No,Passed
EVD-00002710,PFXC-001111,Merchant Communication,Merchant,2026-06-30T18:53:28,PDF,Complete,Accepted,No,Passed
EVD-00002711,PFXC-001112,Receipt,Customer,2025-10-30T09:38:40,JPG,Complete,Accepted,No,Passed
EVD-00002712,PFXC-001112,Receipt,Operations,2025-10-29T21:23:52,JPG,Complete,Further Evidence Required,No,Failed
EVD-00002713,PFXC-001112,Bank Statement,Customer,2025-10-28T11:49:19,PNG,Complete,Accepted,No,Passed
EVD-00002714,PFXC-001113,Screenshot,Customer,2026-01-02T01:50:34,PNG,Complete,Accepted,No,Passed
EVD-00002715,PFXC-001113,Merchant Communication,Merchant,2025-12-30T19:54:51,PNG,Complete,Accepted,No,Passed
EVD-00002716,PFXC-001113,Bank Statement,Customer,2025-12-31T22:28:26,PNG,Complete,Accepted,No,Passed
EVD-00002717,PFXC-001114,Merchant Communication,Customer,2025-10-02T07:59:07,PNG,Complete,Accepted,Yes,Passed
EVD-00002718,PFXC-001114,Screenshot,Customer,2025-09-30T21:05:35,PDF,Unreadable,Rejected,No,Passed
EVD-00002719,PFXC-001116,Merchant Communication,Customer,2025-12-31T18:27:15,PDF,Complete,Further Evidence Required,No,Passed
EVD-00002720,PFXC-001116,Receipt,Customer,2026-01-01T06:19:22,PNG,Incomplete,Further Evidence Required,No,Not Applicable
EVD-00002721,PFXC-001116,Bank Statement,Customer,2026-01-02T20:33:09,PDF,Complete,Accepted,No,Passed
EVD-00002722,PFXC-001116,Receipt,Customer,2025-12-31T21:17:34,JPG,Complete,Accepted,No,Passed
EVD-00002723,PFXC-001117,Bank Statement,Customer,2025-10-07T13:43:31,PNG,Complete,Accepted,No,Passed
EVD-00002724,PFXC-001117,Other,Operations,2025-10-06T20:29:37,PDF,Complete,Accepted,No,Passed
EVD-00002725,PFXC-001118,Receipt,Customer,2026-05-02T06:11:12,PDF,Complete,Further Evidence Required,No,Passed
EVD-00002726,PFXC-001119,Receipt,Customer,2025-05-07T00:36:37,PDF,Complete,Accepted,No,Not Applicable
EVD-00002727,PFXC-001119,Other,Operations,2025-05-08T21:51:39,JPG,Complete,Accepted,No,Passed
EVD-00002728,PFXC-001120,Bank Statement,Customer,2025-04-13T14:29:15,PDF,Complete,Accepted,No,Passed
EVD-00002729,PFXC-001120,Merchant Communication,Customer,2025-04-14T21:34:43,PNG,Complete,Accepted,Yes,Passed
EVD-00002730,PFXC-001120,Screenshot,Customer,2025-04-16T03:50:44,JPG,Complete,Accepted,No,Passed
EVD-00002731,PFXC-001120,Identity Evidence,Operations,2025-04-15T19:42:20,PNG,Complete,Accepted,No,Passed
EVD-00002732,PFXC-001121,Screenshot,Customer,2026-01-16T21:12:27,PDF,Incomplete,Further Evidence Required,No,Passed
EVD-00002733,PFXC-001121,Bank Statement,Merchant,2026-01-16T16:17:58,PNG,Incomplete,Further Evidence Required,No,Passed
EVD-00002734,PFXC-001121,Bank Statement,Customer,2026-01-15T00:17:48,PNG,Incomplete,Rejected,No,Passed
EVD-00002735,PFXC-001122,Receipt,Customer,2025-01-03T12:15:02,Other,Complete,Accepted,No,Passed
EVD-00002736,PFXC-001122,Other,Customer,2025-01-02T15:59:42,PDF,Complete,Accepted,No,Passed
EVD-00002737,PFXC-001122,Receipt,Operations,2025-01-03T18:07:59,PDF,Complete,Accepted,No,Passed
EVD-00002738,PFXC-001123,Screenshot,Customer,2025-04-01T01:19:53,PNG,Complete,Accepted,No,Passed
EVD-00002739,PFXC-001123,Screenshot,Customer,2025-04-01T00:06:40,PDF,Complete,Accepted,No,Passed
EVD-00002740,PFXC-001123,Receipt,Customer,2025-04-01T01:41:12,JPG,Complete,Accepted,No,Not Applicable
EVD-00002741,PFXC-001123,Screenshot,Merchant,2025-04-01T03:26:05,Other,Complete,Accepted,No,Passed
EVD-00002742,PFXC-001124,Merchant Communication,Customer,2025-11-01T06:00:18,Other,Complete,Accepted,Yes,Failed
EVD-00002743,PFXC-001124,Screenshot,Customer,2025-11-03T00:07:41,PDF,Complete,Accepted,No,Passed
EVD-00002744,PFXC-001125,Screenshot,Customer,2025-07-08T23:08:50,PDF,Complete,Further Evidence Required,No,Passed
EVD-00002745,PFXC-001125,Bank Statement,Customer,2025-07-06T22:54:23,PDF,Complete,Accepted,No,Passed
EVD-00002746,PFXC-001125,Bank Statement,Customer,2025-07-07T04:40:54,PDF,Complete,Accepted,Yes,Passed
EVD-00002747,PFXC-001125,Receipt,Customer,2025-07-09T01:17:18,PNG,Complete,Accepted,No,Not Applicable
EVD-00002748,PFXC-001126,Screenshot,Customer,2026-05-24T09:17:18,PDF,Complete,Accepted,No,Passed
EVD-00002749,PFXC-001126,Other,Customer,2026-05-24T01:20:45,PDF,Complete,Accepted,No,Passed
EVD-00002750,PFXC-001127,Receipt,Customer,2025-03-10T18:20:00,PDF,Complete,Accepted,No,Passed
EVD-00002751,PFXC-001127,Receipt,Customer,2025-03-11T19:18:42,PDF,Complete,Further Evidence Required,No,Passed
EVD-00002752,PFXC-001128,Receipt,Operations,2026-04-22T21:12:49,JPG,Incomplete,Rejected,No,Passed
EVD-00002753,PFXC-001128,Receipt,Customer,2026-04-23T13:10:52,Other,Incomplete,Further Evidence Required,No,Passed
EVD-00002754,PFXC-001128,Receipt,Customer,2026-04-24T03:47:49,JPG,Complete,Accepted,No,Passed
EVD-00002755,PFXC-001128,Receipt,Merchant,2026-04-22T04:10:09,PDF,Incomplete,Further Evidence Required,Yes,Passed
EVD-00002756,PFXC-001129,Merchant Communication,Customer,2026-05-15T00:12:49,PDF,Complete,Accepted,No,Passed
EVD-00002757,PFXC-001129,Other,Customer,2026-05-14T15:58:47,Other,Complete,Accepted,No,Passed
EVD-00002758,PFXC-001129,Screenshot,Operations,2026-05-15T02:28:22,PDF,Complete,Accepted,No,Passed
EVD-00002759,PFXC-001130,Merchant Communication,Customer,2025-04-03T04:00:26,PNG,Complete,Accepted,No,Passed
EVD-00002760,PFXC-001130,Screenshot,Merchant,2025-04-02T05:05:23,PDF,Complete,Further Evidence Required,No,Passed
EVD-00002761,PFXC-001131,Receipt,Customer,2025-05-17T20:00:50,PNG,Complete,Accepted,Yes,Not Applicable
EVD-00002762,PFXC-001131,Bank Statement,Customer,2025-05-16T02:14:21,Other,Unreadable,Rejected,No,Passed
EVD-00002763,PFXC-001132,Receipt,Customer,2025-04-28T13:39:29,JPG,Complete,Further Evidence Required,No,Passed
EVD-00002764,PFXC-001132,Other,Customer,2025-04-26T18:49:18,PDF,Complete,Accepted,No,Passed
EVD-00002765,PFXC-001132,Screenshot,Customer,2025-04-29T03:41:59,Other,Complete,Accepted,No,Passed
EVD-00002766,PFXC-001132,Merchant Communication,Customer,2025-04-27T02:38:11,Other,Complete,Accepted,No,Not Applicable
EVD-00002767,PFXC-001133,Receipt,Customer,2025-11-21T22:00:21,Other,Complete,Accepted,No,Passed
EVD-00002768,PFXC-001133,Screenshot,Merchant,2025-11-21T19:50:07,Other,Unreadable,Further Evidence Required,No,Failed
EVD-00002769,PFXC-001134,Receipt,Customer,2025-11-03T13:43:13,Other,Incomplete,Further Evidence Required,No,Passed
EVD-00002770,PFXC-001134,Receipt,Customer,2025-11-02T12:38:55,PDF,Incomplete,Further Evidence Required,No,Passed
EVD-00002771,PFXC-001134,Receipt,Customer,2025-11-03T15:35:10,PDF,Complete,Accepted,No,Passed
EVD-00002772,PFXC-001135,Other,Customer,2025-11-28T05:21:35,PDF,Complete,Accepted,No,Passed
EVD-00002773,PFXC-001135,Screenshot,Customer,2025-11-28T17:08:16,PDF,Complete,Further Evidence Required,Yes,Passed
EVD-00002774,PFXC-001135,Receipt,Customer,2025-11-28T05:59:15,PDF,Complete,Accepted,No,Passed
EVD-00002775,PFXC-001135,Screenshot,Merchant,2025-11-28T15:06:16,PNG,Complete,Accepted,No,Not Applicable
EVD-00002776,PFXC-001136,Receipt,Customer,2025-11-26T02:12:22,PDF,Complete,Accepted,No,Passed
EVD-00002777,PFXC-001136,Other,Customer,2025-11-24T04:54:08,PDF,Complete,Accepted,No,Passed
EVD-00002778,PFXC-001137,Screenshot,Customer,2026-04-04T07:12:05,PNG,Complete,Accepted,Yes,Passed
EVD-00002779,PFXC-001137,Other,Merchant,2026-04-03T01:26:54,PDF,Complete,Accepted,Yes,Passed
EVD-00002780,PFXC-001137,Identity Evidence,Customer,2026-04-03T15:09:13,PDF,Complete,Accepted,No,Passed
EVD-00002781,PFXC-001137,Screenshot,Customer,2026-04-02T11:28:07,PNG,Complete,Accepted,No,Passed
EVD-00002782,PFXC-001138,Identity Evidence,Customer,2026-03-02T21:03:56,JPG,Complete,Accepted,No,Passed
EVD-00002783,PFXC-001138,Bank Statement,Operations,2026-03-02T20:57:30,PNG,Complete,Accepted,Yes,Passed
EVD-00002784,PFXC-001138,Receipt,Customer,2026-03-04T21:26:29,JPG,Complete,Accepted,Yes,Passed
EVD-00002785,PFXC-001139,Identity Evidence,Customer,2026-02-28T13:54:53,JPG,Complete,Accepted,No,Not Applicable
EVD-00002786,PFXC-001139,Screenshot,Operations,2026-02-27T14:07:26,PNG,Complete,Further Evidence Required,No,Passed
EVD-00002787,PFXC-001140,Merchant Communication,Operations,2025-10-17T13:57:01,PNG,Complete,Accepted,No,Passed
EVD-00002788,PFXC-001140,Bank Statement,Customer,2025-10-17T05:20:18,PNG,Complete,Accepted,No,Passed
EVD-00002789,PFXC-001141,Identity Evidence,Customer,2025-06-20T11:16:56,PNG,Complete,Accepted,No,Passed
EVD-00002790,PFXC-001141,Bank Statement,Customer,2025-06-19T10:16:20,JPG,Complete,Accepted,No,Passed
EVD-00002791,PFXC-001142,Identity Evidence,Customer,2026-02-19T22:35:15,PNG,Complete,Further Evidence Required,No,Passed
EVD-00002792,PFXC-001142,Screenshot,Customer,2026-02-20T04:22:28,PNG,Complete,Accepted,Yes,Passed
EVD-00002793,PFXC-001142,Screenshot,Customer,2026-02-19T14:26:53,Other,Complete,Accepted,No,Passed
EVD-00002794,PFXC-001142,Screenshot,Merchant,2026-02-19T13:36:00,PDF,Complete,Further Evidence Required,No,Passed
EVD-00002795,PFXC-001143,Screenshot,Customer,2025-10-27T09:52:13,PDF,Unreadable,Rejected,No,Passed
EVD-00002796,PFXC-001143,Other,Customer,2025-10-27T00:18:54,PNG,Complete,Accepted,No,Passed
EVD-00002797,PFXC-001143,Receipt,Customer,2025-10-26T21:03:23,PDF,Complete,Further Evidence Required,No,Passed
EVD-00002798,PFXC-001143,Bank Statement,Customer,2025-10-25T19:58:15,PNG,Complete,Accepted,Yes,Not Applicable
EVD-00002799,PFXC-001144,Other,Customer,2026-04-02T22:29:23,JPG,Complete,Accepted,No,Passed
EVD-00002800,PFXC-001145,Merchant Communication,Merchant,2025-08-10T15:14:49,PDF,Complete,Further Evidence Required,No,Passed
EVD-00002801,PFXC-001145,Receipt,Customer,2025-08-10T12:53:13,JPG,Complete,Accepted,No,Passed
EVD-00002802,PFXC-001145,Screenshot,Customer,2025-08-11T23:13:15,PNG,Complete,Accepted,No,Not Applicable
EVD-00002803,PFXC-001145,Other,Customer,2025-08-10T03:18:38,PDF,Complete,Accepted,No,Passed
EVD-00002804,PFXC-001146,Merchant Communication,Customer,2025-01-25T14:52:10,PDF,Complete,Accepted,No,Passed
EVD-00002805,PFXC-001147,Screenshot,Customer,2025-03-04T03:11:46,PNG,Complete,Further Evidence Required,No,Passed
EVD-00002806,PFXC-001147,Screenshot,Customer,2025-03-05T17:00:26,Other,Complete,Further Evidence Required,No,Passed
EVD-00002807,PFXC-001147,Bank Statement,Customer,2025-03-05T14:00:09,PDF,Complete,Accepted,No,Passed
EVD-00002808,PFXC-001148,Receipt,Customer,2026-05-30T22:16:51,PDF,Unreadable,Further Evidence Required,No,Passed
EVD-00002809,PFXC-001148,Merchant Communication,Customer,2026-05-29T14:37:37,Other,Complete,Accepted,No,Passed
EVD-00002810,PFXC-001149,Screenshot,Customer,2025-06-14T00:17:23,JPG,Complete,Further Evidence Required,No,Not Applicable
EVD-00002811,PFXC-001149,Merchant Communication,Customer,2025-06-13T02:15:56,PDF,Incomplete,Further Evidence Required,No,Passed
EVD-00002812,PFXC-001150,Screenshot,Customer,2025-03-30T17:51:30,PNG,Unreadable,Further Evidence Required,No,Passed
EVD-00002813,PFXC-001150,Receipt,Customer,2025-03-30T14:20:38,PDF,Complete,Accepted,Yes,Passed
EVD-00002814,PFXC-001150,Merchant Communication,Customer,2025-03-29T05:50:29,PNG,Complete,Accepted,No,Passed
EVD-00002815,PFXC-001151,Bank Statement,Customer,2025-10-02T13:45:49,PNG,Complete,Accepted,No,Passed
EVD-00002816,PFXC-001151,Receipt,Customer,2025-10-03T02:40:18,PDF,Complete,Accepted,No,Passed
EVD-00002817,PFXC-001152,Receipt,Customer,2025-11-20T21:04:39,PNG,Complete,Accepted,Yes,Passed
EVD-00002818,PFXC-001152,Merchant Communication,Operations,2025-11-21T11:56:24,PNG,Unreadable,Rejected,No,Passed
EVD-00002819,PFXC-001152,Receipt,Customer,2025-11-22T17:22:37,PNG,Incomplete,Rejected,No,Passed
EVD-00002820,PFXC-001153,Bank Statement,Customer,2026-02-03T16:22:10,Other,Complete,Further Evidence Required,No,Passed
EVD-00002821,PFXC-001153,Screenshot,Customer,2026-02-04T19:07:13,Other,Complete,Accepted,No,Passed
EVD-00002822,PFXC-001153,Receipt,Customer,2026-02-03T22:32:45,JPG,Complete,Accepted,No,Failed
EVD-00002823,PFXC-001153,Receipt,Customer,2026-02-04T20:11:17,PDF,Complete,Accepted,No,Passed
EVD-00002824,PFXC-001154,Identity Evidence,Customer,2025-07-11T11:59:29,JPG,Complete,Accepted,No,Failed
EVD-00002825,PFXC-001154,Bank Statement,Customer,2025-07-11T04:33:47,JPG,Complete,Accepted,No,Passed
EVD-00002826,PFXC-001155,Receipt,Customer,2025-07-05T17:38:13,JPG,Complete,Accepted,No,Passed
EVD-00002827,PFXC-001155,Identity Evidence,Customer,2025-07-05T23:38:44,PDF,Complete,Accepted,Yes,Passed
EVD-00002828,PFXC-001156,Screenshot,Customer,2025-11-26T20:36:00,PDF,Complete,Accepted,No,Passed
EVD-00002829,PFXC-001156,Screenshot,Customer,2025-11-26T21:10:24,JPG,Complete,Accepted,No,Passed
EVD-00002830,PFXC-001156,Screenshot,Customer,2025-11-26T22:47:42,PDF,Incomplete,Further Evidence Required,No,Passed
EVD-00002831,PFXC-001156,Screenshot,Customer,2025-11-25T14:05:22,Other,Unreadable,Further Evidence Required,No,Passed
EVD-00002832,PFXC-001157,Screenshot,Customer,2025-09-20T17:02:11,PNG,Incomplete,Further Evidence Required,No,Passed
EVD-00002833,PFXC-001157,Merchant Communication,Customer,2025-09-19T13:06:11,PNG,Incomplete,Further Evidence Required,No,Passed
EVD-00002834,PFXC-001158,Bank Statement,Customer,2025-09-23T05:37:32,PDF,Complete,Accepted,No,Passed
EVD-00002835,PFXC-001158,Merchant Communication,Customer,2025-09-22T23:04:12,PNG,Complete,Further Evidence Required,Yes,Not Applicable
EVD-00002836,PFXC-001158,Other,Customer,2025-09-25T14:36:30,PDF,Complete,Accepted,No,Passed
EVD-00002837,PFXC-001158,Merchant Communication,Customer,2025-09-25T01:53:45,JPG,Complete,Accepted,No,Passed
EVD-00002838,PFXC-001159,Other,Customer,2025-05-17T05:51:13,JPG,Complete,Accepted,No,Passed
EVD-00002839,PFXC-001159,Other,Customer,2025-05-18T23:13:13,Other,Complete,Further Evidence Required,No,Passed
EVD-00002840,PFXC-001159,Merchant Communication,Customer,2025-05-19T12:13:35,PNG,Complete,Accepted,No,Passed
EVD-00002841,PFXC-001159,Bank Statement,Customer,2025-05-19T09:28:13,Other,Complete,Accepted,Yes,Passed
EVD-00002842,PFXC-001160,Merchant Communication,Customer,2025-11-25T09:21:46,PNG,Complete,Accepted,No,Passed
EVD-00002843,PFXC-001160,Screenshot,Customer,2025-11-26T14:37:28,PDF,Complete,Accepted,No,Passed
EVD-00002844,PFXC-001161,Merchant Communication,Customer,2025-08-06T13:03:25,PDF,Complete,Accepted,Yes,Passed
EVD-00002845,PFXC-001162,Merchant Communication,Customer,2025-06-18T18:05:59,PNG,Complete,Accepted,Yes,Passed
EVD-00002846,PFXC-001162,Screenshot,Customer,2025-06-19T08:31:29,PDF,Complete,Accepted,No,Passed
EVD-00002847,PFXC-001162,Other,Customer,2025-06-18T18:00:43,PNG,Complete,Accepted,No,Passed
EVD-00002848,PFXC-001163,Screenshot,Operations,2025-04-29T13:03:26,JPG,Complete,Accepted,No,Passed
EVD-00002849,PFXC-001163,Merchant Communication,Customer,2025-04-29T11:01:04,PNG,Incomplete,Further Evidence Required,No,Passed
EVD-00002850,PFXC-001163,Merchant Communication,Customer,2025-05-01T18:02:44,JPG,Incomplete,Further Evidence Required,No,Passed
EVD-00002851,PFXC-001163,Receipt,Customer,2025-04-30T04:23:12,PDF,Complete,Accepted,Yes,Passed
EVD-00002852,PFXC-001164,Receipt,Customer,2026-02-15T18:36:27,PDF,Complete,Accepted,Yes,Passed
EVD-00002853,PFXC-001164,Bank Statement,Customer,2026-02-13T10:42:10,PDF,Incomplete,Further Evidence Required,No,Passed
EVD-00002854,PFXC-001165,Merchant Communication,Customer,2025-08-19T20:25:17,PDF,Complete,Accepted,No,Passed
EVD-00002855,PFXC-001165,Identity Evidence,Customer,2025-08-18T08:12:43,Other,Complete,Accepted,No,Passed
EVD-00002856,PFXC-001166,Merchant Communication,Customer,2026-05-29T15:02:44,PNG,Incomplete,Rejected,Yes,Passed
EVD-00002857,PFXC-001166,Receipt,Customer,2026-05-30T13:14:14,CSV,Complete,Accepted,No,Passed
EVD-00002858,PFXC-001166,Bank Statement,Customer,2026-05-29T17:50:10,PDF,Complete,Accepted,Yes,Passed
EVD-00002859,PFXC-001168,Other,Customer,2025-05-20T12:23:16,Other,Complete,Accepted,No,Passed
EVD-00002860,PFXC-001168,Receipt,Customer,2025-05-22T06:20:47,JPG,Complete,Accepted,No,Passed
EVD-00002861,PFXC-001169,Other,Customer,2025-03-09T16:28:37,JPG,Complete,Accepted,Yes,Passed
EVD-00002862,PFXC-001170,Bank Statement,Operations,2026-03-10T05:36:49,PNG,Complete,Further Evidence Required,No,Passed
EVD-00002863,PFXC-001170,Screenshot,Customer,2026-03-09T04:49:41,PDF,Complete,Accepted,No,Passed
EVD-00002864,PFXC-001170,Bank Statement,Customer,2026-03-08T13:33:19,Other,Complete,Accepted,No,Passed
EVD-00002865,PFXC-001171,Receipt,Customer,2025-11-06T22:54:51,PDF,Complete,Accepted,No,Passed
EVD-00002866,PFXC-001172,Other,Customer,2025-04-02T19:32:17,PNG,Complete,Accepted,No,Passed
EVD-00002867,PFXC-001172,Screenshot,Merchant,2025-04-04T18:32:02,PNG,Complete,Accepted,No,Passed
EVD-00002868,PFXC-001173,Screenshot,Customer,2025-05-15T20:05:53,CSV,Complete,Accepted,Yes,Passed
EVD-00002869,PFXC-001173,Other,Merchant,2025-05-15T00:39:12,PDF,Complete,Accepted,No,Passed
EVD-00002870,PFXC-001173,Other,Customer,2025-05-15T10:41:09,Other,Complete,Accepted,No,Passed
EVD-00002871,PFXC-001174,Screenshot,Customer,2025-03-21T00:55:54,PNG,Complete,Accepted,No,Passed
EVD-00002872,PFXC-001174,Bank Statement,Operations,2025-03-20T22:54:35,PNG,Complete,Further Evidence Required,No,Not Applicable
EVD-00002873,PFXC-001174,Bank Statement,Customer,2025-03-22T07:03:04,PDF,Complete,Further Evidence Required,No,Passed
EVD-00002874,PFXC-001174,Merchant Communication,Customer,2025-03-22T17:11:00,JPG,Complete,Accepted,No,Not Applicable
EVD-00002875,PFXC-001175,Receipt,Operations,2025-08-04T07:47:28,PNG,Complete,Accepted,Yes,Passed
EVD-00002876,PFXC-001175,Receipt,Customer,2025-08-04T09:50:51,JPG,Incomplete,Rejected,No,Passed
EVD-00002877,PFXC-001175,Bank Statement,Customer,2025-08-04T01:18:44,PDF,Complete,Accepted,No,Passed
EVD-00002878,PFXC-001176,Identity Evidence,Customer,2026-02-17T17:02:13,PNG,Incomplete,Further Evidence Required,No,Not Applicable
EVD-00002879,PFXC-001176,Screenshot,Merchant,2026-02-19T12:41:26,PNG,Complete,Accepted,No,Passed
EVD-00002880,PFXC-001177,Identity Evidence,Customer,2025-12-19T07:13:17,PDF,Complete,Accepted,No,Passed
EVD-00002881,PFXC-001177,Screenshot,Customer,2025-12-18T00:28:03,JPG,Complete,Accepted,No,Passed
EVD-00002882,PFXC-001178,Receipt,Customer,2025-12-13T18:05:50,PNG,Complete,Accepted,No,Passed
EVD-00002883,PFXC-001178,Bank Statement,Customer,2025-12-12T20:57:45,PDF,Complete,Accepted,Yes,Not Applicable
EVD-00002884,PFXC-001179,Identity Evidence,Customer,2025-08-13T02:52:28,PNG,Incomplete,Further Evidence Required,No,Not Applicable
EVD-00002885,PFXC-001180,Screenshot,Customer,2026-03-20T03:25:28,JPG,Complete,Accepted,No,Not Applicable
EVD-00002886,PFXC-001180,Merchant Communication,Customer,2026-03-19T19:59:24,PDF,Complete,Accepted,No,Passed
EVD-00002887,PFXC-001180,Bank Statement,Customer,2026-03-21T03:48:51,JPG,Incomplete,Further Evidence Required,Yes,Passed
EVD-00002888,PFXC-001181,Receipt,Customer,2026-02-21T08:13:23,PDF,Complete,Accepted,No,Passed
EVD-00002889,PFXC-001181,Receipt,Merchant,2026-02-21T09:50:04,PDF,Complete,Accepted,No,Passed
EVD-00002890,PFXC-001181,Screenshot,Customer,2026-02-20T16:06:33,PNG,Complete,Accepted,Yes,Failed
EVD-00002891,PFXC-001182,Identity Evidence,Customer,2025-04-05T21:48:02,CSV,Complete,Accepted,No,Passed
EVD-00002892,PFXC-001182,Receipt,Merchant,2025-04-07T11:43:27,PNG,Complete,Further Evidence Required,No,Passed
EVD-00002893,PFXC-001182,Bank Statement,Customer,2025-04-07T01:35:00,JPG,Complete,Further Evidence Required,No,Passed
EVD-00002894,PFXC-001182,Screenshot,Customer,2025-04-06T10:26:42,PDF,Complete,Accepted,No,Passed
EVD-00002895,PFXC-001183,Merchant Communication,Customer,2025-05-23T13:48:56,PDF,Complete,Accepted,No,Passed
EVD-00002896,PFXC-001184,Screenshot,Customer,2026-02-07T19:52:41,PDF,Complete,Accepted,No,Passed
EVD-00002897,PFXC-001184,Screenshot,Merchant,2026-02-08T20:45:41,JPG,Complete,Accepted,No,Not Applicable
EVD-00002898,PFXC-001185,Bank Statement,Customer,2025-04-07T05:43:04,JPG,Complete,Accepted,No,Passed
EVD-00002899,PFXC-001186,Identity Evidence,Customer,2025-07-21T19:10:26,PDF,Complete,Accepted,Yes,Passed
EVD-00002900,PFXC-001186,Merchant Communication,Customer,2025-07-22T07:36:16,PDF,Incomplete,Further Evidence Required,No,Passed
EVD-00002901,PFXC-001187,Merchant Communication,Customer,2025-01-31T05:35:30,PNG,Complete,Accepted,No,Passed
EVD-00002902,PFXC-001187,Receipt,Merchant,2025-02-01T05:25:55,JPG,Complete,Accepted,No,Not Applicable
EVD-00002903,PFXC-001187,Receipt,Customer,2025-01-31T01:53:32,JPG,Complete,Accepted,No,Passed
EVD-00002904,PFXC-001188,Bank Statement,Customer,2026-02-08T04:56:24,JPG,Complete,Accepted,No,Passed
EVD-00002905,PFXC-001188,Bank Statement,Customer,2026-02-08T04:27:15,PDF,Complete,Accepted,Yes,Passed
EVD-00002906,PFXC-001188,Bank Statement,Customer,2026-02-07T13:49:38,Other,Complete,Accepted,No,Passed
EVD-00002907,PFXC-001188,Merchant Communication,Customer,2026-02-08T19:29:36,PNG,Incomplete,Further Evidence Required,Yes,Passed
EVD-00002908,PFXC-001189,Bank Statement,Customer,2025-01-16T07:24:10,Other,Incomplete,Rejected,No,Passed
EVD-00002909,PFXC-001189,Merchant Communication,Customer,2025-01-15T10:02:11,CSV,Complete,Accepted,Yes,Passed
EVD-00002910,PFXC-001189,Bank Statement,Customer,2025-01-15T09:47:13,JPG,Unreadable,Rejected,No,Passed
EVD-00002911,PFXC-001190,Merchant Communication,Merchant,2025-02-12T06:25:05,JPG,Incomplete,Further Evidence Required,No,Passed
EVD-00002912,PFXC-001191,Screenshot,Operations,2025-08-11T02:36:46,CSV,Complete,Accepted,No,Passed
EVD-00002913,PFXC-001191,Receipt,Customer,2025-08-12T02:05:44,PDF,Complete,Accepted,No,Passed
EVD-00002914,PFXC-001191,Bank Statement,Customer,2025-08-13T20:20:15,PNG,Complete,Accepted,No,Passed
EVD-00002915,PFXC-001191,Receipt,Customer,2025-08-13T17:39:55,CSV,Complete,Accepted,Yes,Passed
EVD-00002916,PFXC-001192,Bank Statement,Customer,2026-04-18T08:19:47,PDF,Incomplete,Rejected,No,Passed
EVD-00002917,PFXC-001192,Screenshot,Customer,2026-04-17T16:58:15,PDF,Complete,Accepted,No,Failed
EVD-00002918,PFXC-001192,Bank Statement,Customer,2026-04-18T13:56:58,PNG,Complete,Accepted,No,Passed
EVD-00002919,PFXC-001193,Screenshot,Customer,2025-08-19T16:05:40,PNG,Complete,Further Evidence Required,No,Passed
EVD-00002920,PFXC-001193,Receipt,Customer,2025-08-19T20:27:48,PDF,Complete,Accepted,No,Passed
EVD-00002921,PFXC-001194,Bank Statement,Customer,2026-02-27T01:48:15,PDF,Complete,Accepted,No,Passed
EVD-00002922,PFXC-001194,Merchant Communication,Customer,2026-02-27T15:12:20,PDF,Unreadable,Further Evidence Required,No,Passed
EVD-00002923,PFXC-001194,Screenshot,Customer,2026-02-28T06:28:21,PDF,Complete,Accepted,No,Passed
EVD-00002924,PFXC-001195,Other,Customer,2025-11-27T16:39:52,PDF,Complete,Accepted,No,Passed
EVD-00002925,PFXC-001195,Merchant Communication,Customer,2025-11-27T04:59:51,PNG,Complete,Accepted,No,Passed
EVD-00002926,PFXC-001195,Screenshot,Customer,2025-11-26T08:53:58,JPG,Complete,Accepted,No,Passed
EVD-00002927,PFXC-001195,Merchant Communication,Customer,2025-11-26T14:19:31,JPG,Complete,Further Evidence Required,No,Passed
EVD-00002928,PFXC-001197,Bank Statement,Customer,2025-10-03T23:00:00,PDF,Complete,Accepted,No,Passed
EVD-00002929,PFXC-001198,Bank Statement,Customer,2025-01-18T02:09:59,PDF,Complete,Accepted,No,Passed
EVD-00002930,PFXC-001199,Receipt,Customer,2025-02-11T11:47:59,JPG,Complete,Accepted,No,Passed
EVD-00002931,PFXC-001199,Screenshot,Customer,2025-02-09T02:12:49,PDF,Complete,Accepted,No,Passed
EVD-00002932,PFXC-001199,Bank Statement,Customer,2025-02-10T11:09:28,PNG,Complete,Accepted,No,Passed
EVD-00002933,PFXC-001200,Merchant Communication,Merchant,2026-01-26T20:52:42,PDF,Incomplete,Rejected,No,Passed
EVD-00002934,PFXC-001200,Merchant Communication,Customer,2026-01-28T04:40:56,PDF,Incomplete,Further Evidence Required,Yes,Passed
EVD-00002935,PFXC-001200,Screenshot,Customer,2026-01-26T12:42:02,JPG,Complete,Accepted,No,Passed
EVD-00002936,PFXC-001200,Receipt,Customer,2026-01-28T04:39:30,JPG,Complete,Accepted,No,Not Applicable
EVD-00002937,PFXC-001201,Merchant Communication,Customer,2025-11-17T23:01:25,JPG,Complete,Accepted,No,Passed
EVD-00002938,PFXC-001201,Identity Evidence,Customer,2025-11-16T02:22:52,PNG,Complete,Further Evidence Required,Yes,Passed
EVD-00002939,PFXC-001202,Receipt,Merchant,2025-07-23T20:03:49,PDF,Complete,Accepted,No,Passed
EVD-00002940,PFXC-001202,Screenshot,Merchant,2025-07-24T02:09:55,Other,Complete,Accepted,Yes,Passed
EVD-00002941,PFXC-001203,Bank Statement,Customer,2025-01-04T21:47:14,PDF,Complete,Accepted,No,Passed
EVD-00002942,PFXC-001203,Screenshot,Merchant,2025-01-05T07:27:37,PDF,Complete,Accepted,Yes,Passed
EVD-00002943,PFXC-001204,Screenshot,Operations,2025-05-29T23:47:29,PDF,Complete,Accepted,No,Passed
EVD-00002944,PFXC-001204,Bank Statement,Customer,2025-05-31T16:24:38,PDF,Complete,Accepted,Yes,Passed
EVD-00002945,PFXC-001205,Screenshot,Customer,2025-07-23T08:51:23,PDF,Complete,Further Evidence Required,No,Passed
EVD-00002946,PFXC-001205,Merchant Communication,Operations,2025-07-22T20:39:40,JPG,Complete,Accepted,No,Passed
EVD-00002947,PFXC-001206,Other,Customer,2025-08-15T08:46:50,PDF,Complete,Accepted,No,Not Applicable
EVD-00002948,PFXC-001206,Other,Merchant,2025-08-14T02:26:48,PDF,Complete,Further Evidence Required,Yes,Passed
EVD-00002949,PFXC-001207,Identity Evidence,Customer,2025-06-21T20:43:51,PNG,Incomplete,Rejected,No,Passed
EVD-00002950,PFXC-001207,Merchant Communication,Customer,2025-06-20T05:43:51,PDF,Complete,Further Evidence Required,No,Passed
EVD-00002951,PFXC-001207,Screenshot,Operations,2025-06-20T11:12:48,Other,Unreadable,Rejected,No,Passed
EVD-00002952,PFXC-001208,Receipt,Operations,2025-09-17T00:50:58,JPG,Incomplete,Rejected,No,Passed
EVD-00002953,PFXC-001208,Receipt,Customer,2025-09-15T00:20:20,Other,Complete,Accepted,Yes,Passed
EVD-00002954,PFXC-001208,Identity Evidence,Customer,2025-09-17T03:34:57,JPG,Complete,Accepted,No,Passed
EVD-00002955,PFXC-001208,Receipt,Customer,2025-09-16T06:35:00,PNG,Complete,Accepted,No,Passed
EVD-00002956,PFXC-001209,Merchant Communication,Customer,2025-08-28T09:35:11,JPG,Complete,Accepted,No,Not Applicable
EVD-00002957,PFXC-001209,Screenshot,Customer,2025-08-30T12:32:59,PDF,Complete,Accepted,No,Passed
EVD-00002958,PFXC-001210,Receipt,Customer,2025-12-27T09:45:36,JPG,Complete,Accepted,No,Passed
EVD-00002959,PFXC-001210,Bank Statement,Customer,2025-12-25T11:23:24,PDF,Incomplete,Rejected,No,Passed
EVD-00002960,PFXC-001210,Receipt,Merchant,2025-12-27T04:48:51,CSV,Complete,Accepted,No,Passed
EVD-00002961,PFXC-001210,Screenshot,Customer,2025-12-27T07:58:15,PDF,Complete,Accepted,No,Passed
EVD-00002962,PFXC-001211,Merchant Communication,Customer,2026-01-09T19:45:26,PDF,Complete,Accepted,No,Passed
EVD-00002963,PFXC-001211,Bank Statement,Customer,2026-01-12T06:35:19,JPG,Complete,Accepted,No,Passed
EVD-00002964,PFXC-001211,Screenshot,Customer,2026-01-12T03:44:44,JPG,Complete,Accepted,No,Passed
EVD-00002965,PFXC-001212,Bank Statement,Customer,2026-01-12T17:58:04,Other,Complete,Accepted,No,Passed
EVD-00002966,PFXC-001212,Receipt,Merchant,2026-01-11T21:54:01,JPG,Complete,Accepted,No,Passed
EVD-00002967,PFXC-001213,Screenshot,Merchant,2025-09-16T19:22:06,Other,Complete,Accepted,No,Passed
EVD-00002968,PFXC-001213,Receipt,Customer,2025-09-16T19:54:31,PDF,Complete,Accepted,No,Passed
EVD-00002969,PFXC-001213,Merchant Communication,Customer,2025-09-16T15:14:53,PDF,Complete,Accepted,No,Passed
EVD-00002970,PFXC-001214,Receipt,Customer,2026-02-20T19:26:56,JPG,Complete,Further Evidence Required,Yes,Passed
EVD-00002971,PFXC-001214,Receipt,Customer,2026-02-21T13:20:45,PDF,Incomplete,Further Evidence Required,No,Passed
EVD-00002972,PFXC-001215,Receipt,Customer,2025-10-16T22:21:12,PDF,Complete,Accepted,Yes,Passed
EVD-00002973,PFXC-001215,Bank Statement,Customer,2025-10-16T04:29:39,JPG,Incomplete,Rejected,No,Passed
EVD-00002974,PFXC-001215,Receipt,Customer,2025-10-17T02:20:31,PDF,Complete,Accepted,No,Not Applicable
EVD-00002975,PFXC-001215,Bank Statement,Customer,2025-10-15T08:16:31,PNG,Complete,Further Evidence Required,Yes,Passed
EVD-00002976,PFXC-001216,Screenshot,Customer,2026-02-13T19:38:51,PDF,Complete,Further Evidence Required,No,Passed
EVD-00002977,PFXC-001216,Screenshot,Customer,2026-02-14T01:03:14,JPG,Complete,Accepted,No,Passed
EVD-00002978,PFXC-001217,Other,Customer,2025-03-26T06:21:30,Other,Complete,Accepted,No,Passed
EVD-00002979,PFXC-001218,Identity Evidence,Operations,2025-09-13T10:34:17,PDF,Unreadable,Further Evidence Required,No,Passed
EVD-00002980,PFXC-001219,Screenshot,Operations,2025-05-29T11:38:41,PNG,Complete,Further Evidence Required,No,Passed
EVD-00002981,PFXC-001219,Screenshot,Customer,2025-05-28T20:00:14,PNG,Incomplete,Rejected,No,Passed
EVD-00002982,PFXC-001220,Screenshot,Merchant,2026-03-21T14:50:36,PDF,Complete,Accepted,No,Passed
EVD-00002983,PFXC-001220,Screenshot,Customer,2026-03-20T20:05:50,PDF,Complete,Accepted,No,Passed
EVD-00002984,PFXC-001220,Other,Customer,2026-03-20T08:25:58,PDF,Complete,Accepted,No,Passed
EVD-00002985,PFXC-001222,Merchant Communication,Customer,2026-05-23T22:28:28,JPG,Complete,Accepted,Yes,Passed
EVD-00002986,PFXC-001222,Receipt,Customer,2026-05-23T08:42:17,JPG,Complete,Accepted,No,Passed
EVD-00002987,PFXC-001222,Screenshot,Operations,2026-05-24T22:44:35,JPG,Complete,Accepted,No,Passed
EVD-00002988,PFXC-001223,Other,Customer,2025-09-18T04:31:38,PDF,Complete,Further Evidence Required,Yes,Passed
EVD-00002989,PFXC-001223,Receipt,Customer,2025-09-19T21:04:52,PDF,Complete,Accepted,No,Passed
EVD-00002990,PFXC-001223,Bank Statement,Customer,2025-09-18T05:46:57,Other,Complete,Accepted,No,Passed
EVD-00002991,PFXC-001224,Receipt,Merchant,2025-10-12T19:31:36,PDF,Unreadable,Rejected,Yes,Passed
EVD-00002992,PFXC-001224,Merchant Communication,Customer,2025-10-11T04:16:45,PNG,Incomplete,Further Evidence Required,Yes,Passed
EVD-00002993,PFXC-001225,Merchant Communication,Customer,2025-10-05T21:27:38,PNG,Complete,Accepted,No,Passed
EVD-00002994,PFXC-001225,Receipt,Customer,2025-10-04T19:06:57,PDF,Complete,Accepted,No,Passed
EVD-00002995,PFXC-001225,Merchant Communication,Customer,2025-10-04T21:57:11,PDF,Complete,Further Evidence Required,No,Passed
EVD-00002996,PFXC-001225,Other,Customer,2025-10-06T09:23:10,PNG,Complete,Further Evidence Required,No,Passed
EVD-00002997,PFXC-001226,Screenshot,Customer,2026-05-12T00:38:23,PDF,Complete,Accepted,No,Passed
EVD-00002998,PFXC-001226,Receipt,Customer,2026-05-11T23:23:35,PNG,Complete,Accepted,No,Passed
EVD-00002999,PFXC-001227,Merchant Communication,Customer,2026-05-28T19:40:31,PDF,Complete,Accepted,No,Passed
EVD-00003000,PFXC-001227,Bank Statement,Customer,2026-05-29T10:33:36,JPG,Complete,Accepted,No,Passed
EVD-00003001,PFXC-001228,Receipt,Customer,2025-01-05T14:22:47,JPG,Complete,Further Evidence Required,No,Passed
EVD-00003002,PFXC-001228,Receipt,Customer,2025-01-04T06:20:30,PDF,Complete,Accepted,Yes,Passed
EVD-00003003,PFXC-001229,Bank Statement,Customer,2025-12-14T22:54:58,PDF,Complete,Accepted,No,Passed
EVD-00003004,PFXC-001229,Merchant Communication,Customer,2025-12-13T21:54:50,PDF,Complete,Accepted,No,Passed
EVD-00003005,PFXC-001230,Screenshot,Merchant,2026-05-19T09:55:14,JPG,Incomplete,Further Evidence Required,No,Passed
EVD-00003006,PFXC-001230,Screenshot,Customer,2026-05-18T09:45:45,PDF,Complete,Accepted,No,Passed
EVD-00003007,PFXC-001231,Bank Statement,Customer,2025-09-16T10:18:18,PDF,Incomplete,Rejected,No,Passed
EVD-00003008,PFXC-001231,Bank Statement,Customer,2025-09-17T00:46:52,JPG,Complete,Accepted,No,Passed
EVD-00003009,PFXC-001231,Screenshot,Customer,2025-09-15T01:33:51,PDF,Complete,Accepted,No,Passed
EVD-00003010,PFXC-001231,Receipt,Customer,2025-09-16T06:17:22,JPG,Complete,Accepted,No,Passed
EVD-00003011,PFXC-001232,Screenshot,Customer,2025-01-27T15:34:57,PNG,Complete,Accepted,Yes,Not Applicable
EVD-00003012,PFXC-001232,Bank Statement,Customer,2025-01-28T10:14:11,Other,Complete,Accepted,No,Passed
EVD-00003013,PFXC-001232,Receipt,Customer,2025-01-27T10:46:06,PDF,Complete,Accepted,No,Passed
EVD-00003014,PFXC-001233,Screenshot,Customer,2025-12-02T01:24:05,PNG,Unreadable,Further Evidence Required,No,Passed
EVD-00003015,PFXC-001235,Receipt,Customer,2025-07-01T20:34:10,PDF,Complete,Accepted,No,Passed
EVD-00003016,PFXC-001235,Merchant Communication,Customer,2025-07-02T02:05:15,PNG,Complete,Accepted,No,Passed
EVD-00003017,PFXC-001235,Other,Customer,2025-07-01T11:19:53,JPG,Complete,Accepted,No,Passed
EVD-00003018,PFXC-001235,Receipt,Customer,2025-07-03T14:24:29,PDF,Incomplete,Further Evidence Required,No,Passed
EVD-00003019,PFXC-001236,Screenshot,Customer,2025-12-28T04:48:16,JPG,Complete,Accepted,No,Passed
EVD-00003020,PFXC-001236,Other,Customer,2025-12-27T22:37:58,PDF,Complete,Accepted,No,Passed
EVD-00003021,PFXC-001238,Bank Statement,Customer,2025-05-05T06:13:05,PDF,Complete,Further Evidence Required,No,Passed
EVD-00003022,PFXC-001238,Receipt,Customer,2025-05-05T00:03:08,Other,Complete,Accepted,No,Passed
EVD-00003023,PFXC-001239,Screenshot,Customer,2025-02-02T16:31:48,PDF,Complete,Accepted,No,Passed
EVD-00003024,PFXC-001239,Screenshot,Customer,2025-02-02T21:50:33,JPG,Incomplete,Rejected,No,Passed
EVD-00003025,PFXC-001239,Screenshot,Merchant,2025-02-02T04:37:42,PNG,Unreadable,Rejected,No,Passed
EVD-00003026,PFXC-001240,Bank Statement,Merchant,2025-09-22T07:29:20,PNG,Unreadable,Rejected,No,Not Applicable
EVD-00003027,PFXC-001240,Merchant Communication,Customer,2025-09-20T16:55:27,PDF,Complete,Accepted,No,Passed
EVD-00003028,PFXC-001241,Receipt,Customer,2025-08-17T08:14:13,Other,Incomplete,Rejected,No,Passed
EVD-00003029,PFXC-001241,Other,Operations,2025-08-18T19:38:34,PNG,Incomplete,Rejected,No,Passed
EVD-00003030,PFXC-001241,Bank Statement,Customer,2025-08-19T03:15:19,JPG,Complete,Accepted,No,Passed
EVD-00003031,PFXC-001241,Screenshot,Operations,2025-08-18T18:32:50,PDF,Complete,Accepted,Yes,Passed
EVD-00003032,PFXC-001243,Screenshot,Customer,2026-07-03T08:32:52,PDF,Complete,Accepted,No,Passed
EVD-00003033,PFXC-001243,Bank Statement,Customer,2026-07-02T06:06:17,PDF,Incomplete,Further Evidence Required,Yes,Passed
EVD-00003034,PFXC-001244,Screenshot,Customer,2025-05-22T02:48:16,PNG,Complete,Accepted,No,Passed
EVD-00003035,PFXC-001244,Receipt,Operations,2025-05-24T03:06:44,PNG,Complete,Accepted,No,Passed
EVD-00003036,PFXC-001244,Receipt,Customer,2025-05-22T03:17:40,PNG,Complete,Accepted,No,Not Applicable
EVD-00003037,PFXC-001245,Screenshot,Customer,2025-10-04T04:35:59,Other,Complete,Accepted,No,Passed
EVD-00003038,PFXC-001245,Other,Customer,2025-10-02T18:58:52,PDF,Complete,Further Evidence Required,No,Passed
EVD-00003039,PFXC-001245,Receipt,Customer,2025-10-03T13:39:47,PDF,Complete,Accepted,Yes,Passed
EVD-00003040,PFXC-001245,Screenshot,Operations,2025-10-03T19:45:31,PDF,Complete,Accepted,No,Passed
EVD-00003041,PFXC-001246,Receipt,Customer,2025-09-03T04:21:58,PDF,Complete,Accepted,No,Passed
EVD-00003042,PFXC-001246,Identity Evidence,Customer,2025-09-03T19:11:26,PNG,Complete,Accepted,No,Passed
EVD-00003043,PFXC-001247,Merchant Communication,Customer,2026-03-14T10:46:56,PNG,Complete,Further Evidence Required,No,Failed
EVD-00003044,PFXC-001247,Bank Statement,Customer,2026-03-15T10:21:55,JPG,Complete,Accepted,Yes,Passed
EVD-00003045,PFXC-001249,Merchant Communication,Customer,2025-04-30T19:27:43,JPG,Complete,Accepted,No,Failed
EVD-00003046,PFXC-001249,Receipt,Customer,2025-05-02T10:11:08,JPG,Complete,Accepted,No,Passed
EVD-00003047,PFXC-001250,Merchant Communication,Customer,2025-02-14T23:32:08,PNG,Complete,Accepted,No,Passed
EVD-00003048,PFXC-001250,Other,Customer,2025-02-15T05:25:38,PDF,Incomplete,Further Evidence Required,No,Passed
EVD-00003049,PFXC-001250,Bank Statement,Customer,2025-02-15T10:57:59,PNG,Complete,Further Evidence Required,No,Not Applicable
EVD-00003050,PFXC-001250,Receipt,Customer,2025-02-15T02:53:20,Other,Complete,Accepted,No,Passed
EVD-00003051,PFXC-001251,Merchant Communication,Customer,2025-10-19T00:01:02,PDF,Incomplete,Further Evidence Required,No,Not Applicable
EVD-00003052,PFXC-001251,Bank Statement,Customer,2025-10-18T21:14:48,PNG,Incomplete,Rejected,No,Not Applicable
EVD-00003053,PFXC-001252,Receipt,Customer,2025-09-03T18:33:08,PNG,Complete,Accepted,No,Passed
EVD-00003054,PFXC-001252,Bank Statement,Customer,2025-09-03T03:26:51,PDF,Complete,Accepted,No,Passed
EVD-00003055,PFXC-001253,Other,Customer,2025-08-30T02:07:10,PDF,Incomplete,Rejected,No,Passed
EVD-00003056,PFXC-001253,Screenshot,Customer,2025-08-28T16:58:00,PDF,Complete,Accepted,No,Passed
EVD-00003057,PFXC-001253,Bank Statement,Customer,2025-08-27T21:15:32,PDF,Complete,Accepted,No,Not Applicable
EVD-00003058,PFXC-001253,Bank Statement,Customer,2025-08-28T20:37:48,Other,Complete,Accepted,No,Not Applicable
EVD-00003059,PFXC-001254,Bank Statement,Merchant,2025-04-25T04:46:38,Other,Complete,Accepted,No,Passed
EVD-00003060,PFXC-001254,Receipt,Customer,2025-04-24T21:23:45,Other,Complete,Further Evidence Required,No,Passed
EVD-00003061,PFXC-001255,Bank Statement,Customer,2025-11-01T14:59:22,PDF,Complete,Accepted,No,Passed
EVD-00003062,PFXC-001255,Bank Statement,Customer,2025-11-01T10:19:54,PDF,Complete,Accepted,No,Passed
EVD-00003063,PFXC-001255,Receipt,Customer,2025-11-01T04:30:34,JPG,Complete,Accepted,No,Passed
EVD-00003064,PFXC-001256,Merchant Communication,Customer,2026-01-25T14:56:04,PDF,Complete,Accepted,No,Passed
EVD-00003065,PFXC-001256,Bank Statement,Customer,2026-01-24T11:52:54,PDF,Complete,Accepted,No,Passed
EVD-00003066,PFXC-001256,Bank Statement,Customer,2026-01-24T08:45:11,PDF,Complete,Accepted,No,Passed
EVD-00003067,PFXC-001258,Bank Statement,Customer,2025-12-05T19:36:36,PNG,Complete,Accepted,No,Passed
EVD-00003068,PFXC-001258,Other,Customer,2025-12-05T14:47:54,PDF,Complete,Accepted,Yes,Passed
EVD-00003069,PFXC-001258,Screenshot,Customer,2025-12-05T18:32:44,JPG,Complete,Accepted,No,Passed
EVD-00003070,PFXC-001259,Merchant Communication,Customer,2025-12-11T08:46:53,PDF,Incomplete,Further Evidence Required,No,Passed
EVD-00003071,PFXC-001259,Receipt,Operations,2025-12-12T17:18:29,CSV,Complete,Accepted,No,Passed
EVD-00003072,PFXC-001259,Receipt,Merchant,2025-12-12T03:21:15,Other,Complete,Accepted,No,Passed
EVD-00003073,PFXC-001259,Merchant Communication,Customer,2025-12-11T05:10:02,PDF,Complete,Accepted,Yes,Passed
EVD-00003074,PFXC-001260,Other,Merchant,2025-05-26T03:30:27,CSV,Complete,Accepted,No,Passed
EVD-00003075,PFXC-001260,Other,Customer,2025-05-25T14:13:05,Other,Complete,Accepted,No,Passed
EVD-00003076,PFXC-001260,Receipt,Operations,2025-05-26T17:41:17,PDF,Complete,Accepted,No,Passed
EVD-00003077,PFXC-001261,Merchant Communication,Customer,2025-12-19T07:12:08,PDF,Complete,Accepted,No,Passed
EVD-00003078,PFXC-001261,Screenshot,Customer,2025-12-19T13:51:06,PNG,Incomplete,Further Evidence Required,No,Passed
EVD-00003079,PFXC-001262,Bank Statement,Customer,2025-11-21T02:00:27,PDF,Complete,Further Evidence Required,No,Passed
EVD-00003080,PFXC-001262,Bank Statement,Operations,2025-11-18T10:55:19,JPG,Complete,Accepted,Yes,Not Applicable
EVD-00003081,PFXC-001262,Screenshot,Customer,2025-11-19T03:41:59,PDF,Complete,Accepted,No,Not Applicable
EVD-00003082,PFXC-001262,Merchant Communication,Customer,2025-11-19T23:04:30,JPG,Complete,Further Evidence Required,No,Passed
EVD-00003083,PFXC-001263,Merchant Communication,Customer,2026-03-04T10:53:13,JPG,Unreadable,Further Evidence Required,No,Passed
EVD-00003084,PFXC-001263,Identity Evidence,Customer,2026-03-05T07:10:35,PNG,Complete,Accepted,No,Passed
EVD-00003085,PFXC-001263,Bank Statement,Customer,2026-03-04T12:29:07,JPG,Complete,Accepted,No,Passed
EVD-00003086,PFXC-001264,Bank Statement,Customer,2025-09-16T04:01:07,PNG,Complete,Accepted,No,Not Applicable
EVD-00003087,PFXC-001264,Bank Statement,Merchant,2025-09-16T05:44:33,PDF,Incomplete,Further Evidence Required,No,Passed
EVD-00003088,PFXC-001265,Receipt,Customer,2025-10-04T18:03:52,PDF,Complete,Accepted,Yes,Passed
EVD-00003089,PFXC-001265,Receipt,Merchant,2025-10-06T13:23:28,JPG,Complete,Accepted,No,Passed
EVD-00003090,PFXC-001265,Receipt,Merchant,2025-10-04T08:04:08,PNG,Complete,Accepted,No,Passed
EVD-00003091,PFXC-001265,Screenshot,Customer,2025-10-05T21:15:44,PDF,Incomplete,Further Evidence Required,No,Passed
EVD-00003092,PFXC-001266,Merchant Communication,Customer,2026-06-08T23:19:37,PDF,Complete,Accepted,No,Not Applicable
EVD-00003093,PFXC-001266,Identity Evidence,Merchant,2026-06-10T06:14:03,Other,Incomplete,Further Evidence Required,No,Passed
EVD-00003094,PFXC-001266,Screenshot,Customer,2026-06-09T01:34:43,PDF,Complete,Accepted,No,Passed
EVD-00003095,PFXC-001267,Bank Statement,Customer,2025-03-09T17:55:18,JPG,Complete,Accepted,No,Passed
EVD-00003096,PFXC-001267,Merchant Communication,Customer,2025-03-08T05:19:08,PDF,Complete,Accepted,No,Passed
EVD-00003097,PFXC-001268,Merchant Communication,Customer,2025-06-08T11:50:50,JPG,Complete,Accepted,No,Passed
EVD-00003098,PFXC-001269,Bank Statement,Customer,2025-02-15T21:38:16,PDF,Complete,Accepted,No,Passed
EVD-00003099,PFXC-001270,Screenshot,Customer,2025-08-14T21:46:39,Other,Complete,Accepted,Yes,Passed
EVD-00003100,PFXC-001270,Merchant Communication,Customer,2025-08-13T17:55:08,PDF,Complete,Accepted,No,Passed
EVD-00003101,PFXC-001271,Bank Statement,Customer,2025-12-06T23:33:54,PDF,Incomplete,Rejected,No,Passed
EVD-00003102,PFXC-001272,Merchant Communication,Customer,2026-06-30T06:34:59,CSV,Complete,Accepted,No,Not Applicable
EVD-00003103,PFXC-001272,Screenshot,Customer,2026-06-30T16:50:28,PNG,Complete,Accepted,Yes,Passed
EVD-00003104,PFXC-001273,Receipt,Operations,2026-06-21T09:46:13,PNG,Complete,Accepted,No,Passed
EVD-00003105,PFXC-001273,Merchant Communication,Customer,2026-06-21T04:40:13,PDF,Complete,Accepted,No,Passed
EVD-00003106,PFXC-001274,Receipt,Customer,2025-01-31T03:08:34,PDF,Unreadable,Rejected,No,Passed
EVD-00003107,PFXC-001274,Bank Statement,Customer,2025-01-31T22:47:11,JPG,Complete,Accepted,Yes,Passed
EVD-00003108,PFXC-001275,Other,Customer,2025-07-04T09:14:43,CSV,Complete,Accepted,No,Passed
EVD-00003109,PFXC-001275,Screenshot,Merchant,2025-07-02T10:26:26,JPG,Incomplete,Further Evidence Required,Yes,Passed
EVD-00003110,PFXC-001276,Bank Statement,Customer,2025-06-25T07:25:26,PDF,Unreadable,Further Evidence Required,No,Passed
EVD-00003111,PFXC-001276,Receipt,Customer,2025-06-25T10:12:58,PDF,Complete,Accepted,Yes,Passed
EVD-00003112,PFXC-001277,Merchant Communication,Customer,2025-01-05T00:34:02,PNG,Complete,Accepted,No,Passed
EVD-00003113,PFXC-001277,Merchant Communication,Customer,2025-01-06T19:54:11,PDF,Incomplete,Further Evidence Required,No,Passed
EVD-00003114,PFXC-001278,Bank Statement,Customer,2025-12-25T22:41:57,PNG,Complete,Accepted,Yes,Passed
EVD-00003115,PFXC-001278,Screenshot,Customer,2025-12-25T11:08:01,PNG,Complete,Accepted,No,Passed
EVD-00003116,PFXC-001279,Bank Statement,Customer,2026-05-31T10:19:02,PDF,Unreadable,Rejected,No,Passed
EVD-00003117,PFXC-001279,Merchant Communication,Customer,2026-06-01T16:09:43,JPG,Complete,Accepted,No,Passed
EVD-00003118,PFXC-001280,Screenshot,Merchant,2025-03-26T03:52:36,PDF,Incomplete,Further Evidence Required,No,Passed
EVD-00003119,PFXC-001280,Receipt,Customer,2025-03-25T17:12:59,Other,Complete,Accepted,No,Passed
EVD-00003120,PFXC-001280,Receipt,Merchant,2025-03-26T03:02:40,PDF,Unreadable,Further Evidence Required,No,Passed
EVD-00003121,PFXC-001280,Merchant Communication,Customer,2025-03-27T12:19:39,PDF,Complete,Accepted,No,Passed
EVD-00003122,PFXC-001281,Merchant Communication,Customer,2025-11-17T19:43:14,PDF,Complete,Accepted,No,Passed
EVD-00003123,PFXC-001281,Receipt,Customer,2025-11-17T16:35:53,JPG,Complete,Accepted,Yes,Passed
EVD-00003124,PFXC-001281,Receipt,Operations,2025-11-16T10:45:52,JPG,Complete,Accepted,No,Passed
EVD-00003125,PFXC-001281,Receipt,Customer,2025-11-17T00:23:26,PNG,Complete,Accepted,No,Passed
EVD-00003126,PFXC-001282,Bank Statement,Customer,2025-04-04T12:15:08,JPG,Complete,Accepted,No,Passed
EVD-00003127,PFXC-001282,Merchant Communication,Customer,2025-04-03T22:27:07,PNG,Unreadable,Further Evidence Required,Yes,Passed
EVD-00003128,PFXC-001282,Bank Statement,Customer,2025-04-03T09:49:03,PDF,Complete,Accepted,Yes,Passed
EVD-00003129,PFXC-001283,Bank Statement,Customer,2025-12-18T16:40:05,PDF,Unreadable,Further Evidence Required,No,Passed
EVD-00003130,PFXC-001283,Screenshot,Customer,2025-12-18T22:20:13,Other,Complete,Accepted,No,Passed
EVD-00003131,PFXC-001283,Identity Evidence,Merchant,2025-12-19T02:47:13,JPG,Incomplete,Rejected,No,Passed
EVD-00003132,PFXC-001284,Merchant Communication,Merchant,2026-04-14T09:58:39,PNG,Complete,Further Evidence Required,No,Passed
EVD-00003133,PFXC-001284,Identity Evidence,Customer,2026-04-15T06:11:03,PDF,Complete,Accepted,No,Passed
EVD-00003134,PFXC-001284,Screenshot,Customer,2026-04-15T21:55:40,PNG,Complete,Accepted,Yes,Passed
EVD-00003135,PFXC-001285,Screenshot,Operations,2025-09-12T08:54:04,CSV,Complete,Accepted,No,Passed
EVD-00003136,PFXC-001285,Screenshot,Operations,2025-09-14T03:17:13,JPG,Complete,Accepted,No,Passed
EVD-00003137,PFXC-001286,Screenshot,Merchant,2025-12-22T07:53:33,Other,Incomplete,Further Evidence Required,No,Passed
EVD-00003138,PFXC-001286,Merchant Communication,Merchant,2025-12-22T14:20:17,PDF,Unreadable,Further Evidence Required,No,Passed
EVD-00003139,PFXC-001287,Merchant Communication,Operations,2025-06-28T03:47:34,PDF,Complete,Accepted,No,Passed
EVD-00003140,PFXC-001287,Merchant Communication,Customer,2025-06-27T22:28:23,CSV,Complete,Accepted,No,Passed
EVD-00003141,PFXC-001287,Bank Statement,Customer,2025-06-28T03:13:11,PDF,Complete,Accepted,No,Passed
EVD-00003142,PFXC-001288,Receipt,Customer,2025-02-16T13:17:27,JPG,Incomplete,Rejected,No,Passed
EVD-00003143,PFXC-001288,Screenshot,Customer,2025-02-15T04:33:02,PNG,Complete,Accepted,Yes,Passed
EVD-00003144,PFXC-001288,Receipt,Customer,2025-02-16T20:42:48,PDF,Complete,Accepted,No,Passed
EVD-00003145,PFXC-001289,Merchant Communication,Customer,2025-12-25T00:16:34,PDF,Complete,Accepted,No,Passed
EVD-00003146,PFXC-001289,Bank Statement,Customer,2025-12-26T00:21:12,Other,Complete,Accepted,No,Passed
EVD-00003147,PFXC-001290,Identity Evidence,Customer,2026-02-04T13:37:29,PNG,Complete,Accepted,No,Passed
EVD-00003148,PFXC-001290,Receipt,Customer,2026-02-03T01:09:14,PDF,Complete,Accepted,Yes,Passed
EVD-00003149,PFXC-001290,Screenshot,Customer,2026-02-04T15:51:23,PDF,Complete,Accepted,No,Passed
EVD-00003150,PFXC-001290,Screenshot,Customer,2026-02-02T11:15:13,PNG,Complete,Accepted,No,Not Applicable
EVD-00003151,PFXC-001291,Bank Statement,Customer,2026-05-15T07:29:08,PNG,Complete,Further Evidence Required,No,Passed
EVD-00003152,PFXC-001291,Merchant Communication,Customer,2026-05-16T00:53:54,PDF,Incomplete,Further Evidence Required,No,Passed
EVD-00003153,PFXC-001291,Bank Statement,Customer,2026-05-15T20:05:17,PNG,Complete,Accepted,Yes,Passed
EVD-00003154,PFXC-001292,Bank Statement,Customer,2026-04-16T21:28:54,PNG,Incomplete,Further Evidence Required,No,Passed
EVD-00003155,PFXC-001293,Screenshot,Customer,2025-11-16T14:20:47,PDF,Incomplete,Rejected,No,Passed
EVD-00003156,PFXC-001293,Bank Statement,Customer,2025-11-15T05:53:14,JPG,Complete,Accepted,No,Passed
EVD-00003157,PFXC-001294,Receipt,Customer,2026-01-31T06:20:18,Other,Complete,Further Evidence Required,No,Passed
EVD-00003158,PFXC-001294,Identity Evidence,Operations,2026-02-01T04:33:04,PDF,Complete,Accepted,Yes,Passed
EVD-00003159,PFXC-001295,Bank Statement,Customer,2025-02-06T13:39:45,JPG,Complete,Accepted,No,Passed
EVD-00003160,PFXC-001295,Receipt,Customer,2025-02-06T07:10:29,PDF,Incomplete,Further Evidence Required,No,Passed
EVD-00003161,PFXC-001295,Bank Statement,Customer,2025-02-04T10:16:40,PNG,Complete,Accepted,No,Passed
EVD-00003162,PFXC-001296,Screenshot,Customer,2025-04-02T23:52:37,PDF,Complete,Accepted,Yes,Passed
EVD-00003163,PFXC-001296,Bank Statement,Customer,2025-04-03T03:09:40,PDF,Complete,Accepted,Yes,Passed
EVD-00003164,PFXC-001297,Bank Statement,Customer,2025-11-03T00:22:49,PDF,Complete,Further Evidence Required,No,Passed
EVD-00003165,PFXC-001299,Other,Operations,2025-07-08T06:48:44,PNG,Complete,Accepted,No,Passed
EVD-00003166,PFXC-001299,Screenshot,Customer,2025-07-06T16:36:52,PNG,Incomplete,Further Evidence Required,No,Passed
EVD-00003167,PFXC-001300,Merchant Communication,Customer,2025-10-31T07:30:26,PNG,Complete,Accepted,No,Passed
EVD-00003168,PFXC-001300,Merchant Communication,Customer,2025-10-31T04:58:04,PNG,Complete,Further Evidence Required,No,Passed
EVD-00003169,PFXC-001301,Receipt,Customer,2025-12-27T06:51:50,CSV,Complete,Accepted,No,Passed
EVD-00003170,PFXC-001301,Other,Customer,2025-12-28T02:05:28,PDF,Complete,Accepted,Yes,Passed
EVD-00003171,PFXC-001301,Receipt,Customer,2025-12-27T23:50:55,PDF,Complete,Accepted,Yes,Passed
EVD-00003172,PFXC-001302,Bank Statement,Customer,2026-03-31T21:47:09,PDF,Complete,Accepted,No,Passed
EVD-00003173,PFXC-001302,Merchant Communication,Operations,2026-03-30T19:33:37,PNG,Complete,Further Evidence Required,No,Passed
EVD-00003174,PFXC-001302,Other,Customer,2026-03-30T10:24:33,PDF,Complete,Accepted,No,Passed
EVD-00003175,PFXC-001303,Identity Evidence,Operations,2026-01-09T02:58:48,PDF,Complete,Further Evidence Required,No,Passed
EVD-00003176,PFXC-001303,Merchant Communication,Merchant,2026-01-07T23:47:10,PDF,Incomplete,Rejected,No,Passed
EVD-00003177,PFXC-001303,Screenshot,Operations,2026-01-10T18:23:48,JPG,Complete,Accepted,No,Passed
EVD-00003178,PFXC-001303,Screenshot,Customer,2026-01-08T00:56:25,PDF,Complete,Accepted,No,Passed
EVD-00003179,PFXC-001304,Receipt,Customer,2025-02-11T14:43:53,PDF,Complete,Further Evidence Required,No,Passed
EVD-00003180,PFXC-001304,Screenshot,Customer,2025-02-12T00:13:26,PDF,Incomplete,Further Evidence Required,No,Passed
EVD-00003181,PFXC-001305,Merchant Communication,Customer,2025-05-16T10:33:21,JPG,Complete,Accepted,No,Passed
EVD-00003182,PFXC-001305,Merchant Communication,Customer,2025-05-15T04:42:12,PDF,Complete,Further Evidence Required,No,Passed
EVD-00003183,PFXC-001305,Identity Evidence,Customer,2025-05-17T02:49:54,JPG,Complete,Accepted,No,Passed
EVD-00003184,PFXC-001306,Receipt,Customer,2026-05-28T12:57:58,JPG,Complete,Accepted,No,Passed
EVD-00003185,PFXC-001307,Bank Statement,Customer,2025-01-13T11:39:49,JPG,Complete,Further Evidence Required,No,Passed
EVD-00003186,PFXC-001307,Merchant Communication,Operations,2025-01-11T19:32:27,Other,Complete,Accepted,No,Passed
EVD-00003187,PFXC-001307,Identity Evidence,Customer,2025-01-13T12:53:23,PDF,Unreadable,Further Evidence Required,No,Passed
EVD-00003188,PFXC-001308,Identity Evidence,Customer,2025-10-19T22:55:10,PDF,Complete,Accepted,No,Passed
EVD-00003189,PFXC-001308,Receipt,Customer,2025-10-19T11:29:27,PDF,Complete,Accepted,Yes,Passed
EVD-00003190,PFXC-001308,Bank Statement,Customer,2025-10-20T14:21:11,JPG,Complete,Accepted,Yes,Passed
EVD-00003191,PFXC-001308,Screenshot,Customer,2025-10-19T17:22:59,PDF,Complete,Accepted,No,Passed
EVD-00003192,PFXC-001309,Screenshot,Merchant,2026-01-03T22:38:54,JPG,Unreadable,Rejected,No,Passed
EVD-00003193,PFXC-001309,Identity Evidence,Customer,2026-01-05T02:49:33,PDF,Complete,Accepted,No,Passed
EVD-00003194,PFXC-001309,Receipt,Customer,2026-01-06T03:43:54,JPG,Complete,Further Evidence Required,No,Passed
EVD-00003195,PFXC-001309,Receipt,Customer,2026-01-05T01:39:46,PNG,Incomplete,Further Evidence Required,Yes,Passed
EVD-00003196,PFXC-001310,Screenshot,Customer,2026-03-17T01:47:16,PDF,Incomplete,Further Evidence Required,Yes,Passed
EVD-00003197,PFXC-001310,Merchant Communication,Customer,2026-03-18T16:14:16,PDF,Complete,Accepted,No,Not Applicable
EVD-00003198,PFXC-001311,Receipt,Merchant,2025-04-06T08:43:21,PDF,Incomplete,Further Evidence Required,No,Failed
EVD-00003199,PFXC-001311,Screenshot,Customer,2025-04-07T02:01:15,PDF,Complete,Accepted,No,Passed
EVD-00003200,PFXC-001312,Merchant Communication,Merchant,2025-04-27T06:10:31,JPG,Complete,Accepted,No,Passed
EVD-00003201,PFXC-001312,Receipt,Customer,2025-04-28T14:41:57,PDF,Incomplete,Further Evidence Required,No,Passed
EVD-00003202,PFXC-001314,Bank Statement,Customer,2026-01-31T20:14:43,PNG,Complete,Accepted,No,Passed
EVD-00003203,PFXC-001314,Receipt,Customer,2026-01-31T23:35:18,CSV,Complete,Accepted,No,Passed
EVD-00003204,PFXC-001315,Screenshot,Customer,2025-02-01T05:14:11,PDF,Complete,Accepted,No,Passed
EVD-00003205,PFXC-001315,Screenshot,Customer,2025-02-01T04:54:50,PNG,Complete,Accepted,No,Passed
EVD-00003206,PFXC-001316,Screenshot,Customer,2025-07-22T10:49:52,JPG,Complete,Accepted,Yes,Passed
EVD-00003207,PFXC-001316,Bank Statement,Customer,2025-07-21T08:31:15,PDF,Incomplete,Rejected,No,Passed
EVD-00003208,PFXC-001317,Identity Evidence,Customer,2025-01-12T16:56:22,Other,Complete,Accepted,No,Failed
EVD-00003209,PFXC-001317,Merchant Communication,Customer,2025-01-12T19:30:58,JPG,Complete,Accepted,No,Passed
EVD-00003210,PFXC-001317,Receipt,Operations,2025-01-11T20:56:19,PDF,Incomplete,Further Evidence Required,No,Passed
EVD-00003211,PFXC-001318,Other,Customer,2026-04-22T06:50:19,PDF,Complete,Accepted,No,Passed
EVD-00003212,PFXC-001318,Bank Statement,Merchant,2026-04-23T02:27:49,PDF,Unreadable,Rejected,No,Passed
EVD-00003213,PFXC-001318,Receipt,Customer,2026-04-23T01:08:15,PDF,Complete,Accepted,No,Passed
EVD-00003214,PFXC-001318,Receipt,Customer,2026-04-22T21:29:45,PDF,Complete,Accepted,No,Passed
EVD-00003215,PFXC-001319,Receipt,Customer,2025-12-28T04:05:22,PDF,Complete,Accepted,No,Passed
EVD-00003216,PFXC-001319,Screenshot,Customer,2025-12-28T00:54:44,JPG,Complete,Accepted,No,Passed
EVD-00003217,PFXC-001319,Receipt,Customer,2025-12-28T17:27:56,PDF,Complete,Accepted,No,Passed
EVD-00003218,PFXC-001319,Receipt,Customer,2025-12-28T23:37:10,PDF,Complete,Accepted,No,Passed
EVD-00003219,PFXC-001320,Identity Evidence,Customer,2025-10-28T05:32:50,CSV,Complete,Accepted,No,Passed
EVD-00003220,PFXC-001320,Bank Statement,Merchant,2025-10-25T23:54:05,PDF,Complete,Accepted,No,Passed
EVD-00003221,PFXC-001320,Bank Statement,Operations,2025-10-27T18:36:43,JPG,Complete,Accepted,No,Passed
EVD-00003222,PFXC-001321,Other,Customer,2025-12-03T01:28:39,PNG,Complete,Accepted,No,Passed
EVD-00003223,PFXC-001321,Bank Statement,Customer,2025-12-03T06:13:33,PNG,Complete,Accepted,No,Passed
EVD-00003224,PFXC-001322,Receipt,Operations,2026-02-23T21:26:11,PNG,Complete,Accepted,No,Passed
EVD-00003225,PFXC-001322,Receipt,Customer,2026-02-23T05:12:16,PDF,Complete,Accepted,No,Passed
EVD-00003226,PFXC-001322,Merchant Communication,Customer,2026-02-24T08:25:34,Other,Complete,Accepted,No,Not Applicable
EVD-00003227,PFXC-001322,Screenshot,Customer,2026-02-24T09:52:06,PDF,Complete,Accepted,No,Passed
EVD-00003228,PFXC-001323,Screenshot,Customer,2025-06-07T00:47:13,PNG,Complete,Accepted,Yes,Passed
EVD-00003229,PFXC-001324,Bank Statement,Operations,2026-02-05T22:36:42,PDF,Complete,Accepted,No,Passed
EVD-00003230,PFXC-001324,Identity Evidence,Customer,2026-02-06T16:54:42,PDF,Complete,Accepted,Yes,Passed
EVD-00003231,PFXC-001326,Merchant Communication,Customer,2025-03-01T05:36:22,PDF,Complete,Further Evidence Required,No,Passed
EVD-00003232,PFXC-001326,Merchant Communication,Customer,2025-03-02T06:41:00,JPG,Complete,Further Evidence Required,No,Passed
EVD-00003233,PFXC-001326,Receipt,Customer,2025-03-03T09:24:43,PNG,Complete,Accepted,No,Passed
EVD-00003234,PFXC-001327,Screenshot,Customer,2026-05-12T06:13:21,PDF,Unreadable,Further Evidence Required,No,Passed
EVD-00003235,PFXC-001327,Screenshot,Customer,2026-05-10T02:13:32,PNG,Complete,Further Evidence Required,No,Passed
EVD-00003236,PFXC-001328,Screenshot,Customer,2025-12-02T06:55:55,PDF,Complete,Accepted,No,Passed
EVD-00003237,PFXC-001329,Receipt,Customer,2025-03-14T02:43:43,CSV,Complete,Accepted,No,Passed
EVD-00003238,PFXC-001329,Merchant Communication,Customer,2025-03-13T06:44:18,PNG,Complete,Accepted,No,Passed
EVD-00003239,PFXC-001329,Other,Customer,2025-03-12T17:48:05,PDF,Complete,Further Evidence Required,No,Passed
EVD-00003240,PFXC-001329,Identity Evidence,Customer,2025-03-12T19:13:30,PDF,Complete,Accepted,No,Passed
EVD-00003241,PFXC-001330,Bank Statement,Customer,2025-01-24T11:26:52,PDF,Incomplete,Rejected,No,Passed
EVD-00003242,PFXC-001330,Screenshot,Customer,2025-01-25T08:53:11,Other,Complete,Accepted,No,Passed
EVD-00003243,PFXC-001331,Bank Statement,Customer,2025-05-19T23:13:52,PDF,Complete,Further Evidence Required,Yes,Passed
EVD-00003244,PFXC-001331,Receipt,Customer,2025-05-20T14:01:47,PNG,Complete,Accepted,No,Passed
EVD-00003245,PFXC-001331,Bank Statement,Merchant,2025-05-19T23:36:07,PDF,Incomplete,Further Evidence Required,No,Passed
EVD-00003246,PFXC-001332,Receipt,Operations,2026-01-17T08:31:02,JPG,Complete,Accepted,No,Passed
EVD-00003247,PFXC-001332,Receipt,Customer,2026-01-19T13:55:40,PDF,Complete,Accepted,No,Passed
EVD-00003248,PFXC-001333,Receipt,Customer,2025-11-24T04:41:48,JPG,Complete,Accepted,Yes,Passed
EVD-00003249,PFXC-001333,Screenshot,Customer,2025-11-24T07:19:54,PNG,Complete,Accepted,Yes,Passed
EVD-00003250,PFXC-001334,Other,Customer,2025-09-18T05:41:16,PNG,Incomplete,Rejected,No,Passed
EVD-00003251,PFXC-001334,Receipt,Customer,2025-09-16T15:10:12,PDF,Complete,Accepted,No,Failed
EVD-00003252,PFXC-001335,Merchant Communication,Customer,2025-03-29T18:40:29,PDF,Incomplete,Rejected,No,Passed
EVD-00003253,PFXC-001335,Screenshot,Operations,2025-03-31T20:25:36,PDF,Complete,Accepted,No,Passed
EVD-00003254,PFXC-001335,Receipt,Customer,2025-03-30T08:04:28,CSV,Unreadable,Further Evidence Required,No,Passed
EVD-00003255,PFXC-001336,Receipt,Customer,2026-04-29T15:30:52,Other,Complete,Accepted,Yes,Passed
EVD-00003256,PFXC-001336,Other,Customer,2026-04-28T17:36:56,JPG,Complete,Accepted,No,Passed
EVD-00003257,PFXC-001336,Screenshot,Merchant,2026-04-28T18:18:57,PNG,Complete,Accepted,Yes,Passed
EVD-00003258,PFXC-001337,Receipt,Customer,2025-03-15T18:58:34,PDF,Complete,Accepted,Yes,Passed
EVD-00003259,PFXC-001337,Screenshot,Customer,2025-03-15T13:57:26,PNG,Complete,Accepted,No,Passed
EVD-00003260,PFXC-001338,Receipt,Merchant,2025-01-04T16:03:34,PDF,Complete,Accepted,No,Passed
EVD-00003261,PFXC-001339,Merchant Communication,Operations,2025-03-25T23:07:09,PNG,Complete,Accepted,No,Passed
EVD-00003262,PFXC-001339,Screenshot,Customer,2025-03-25T12:46:33,JPG,Complete,Accepted,No,Passed
EVD-00003263,PFXC-001340,Receipt,Customer,2026-03-31T20:58:46,PNG,Complete,Further Evidence Required,No,Passed
EVD-00003264,PFXC-001340,Receipt,Customer,2026-04-01T03:26:28,JPG,Incomplete,Further Evidence Required,No,Passed
EVD-00003265,PFXC-001341,Screenshot,Customer,2025-03-09T03:21:05,JPG,Complete,Accepted,No,Passed
EVD-00003266,PFXC-001341,Receipt,Operations,2025-03-09T11:50:37,Other,Complete,Accepted,No,Passed
EVD-00003267,PFXC-001341,Merchant Communication,Customer,2025-03-08T11:06:52,PDF,Complete,Accepted,No,Passed
EVD-00003268,PFXC-001342,Bank Statement,Customer,2026-05-05T00:19:14,CSV,Complete,Accepted,No,Passed
EVD-00003269,PFXC-001342,Receipt,Operations,2026-05-06T16:32:03,CSV,Complete,Accepted,No,Passed
EVD-00003270,PFXC-001342,Screenshot,Customer,2026-05-07T04:44:44,PDF,Complete,Further Evidence Required,No,Passed
EVD-00003271,PFXC-001342,Screenshot,Customer,2026-05-04T09:30:12,PDF,Complete,Accepted,No,Passed
EVD-00003272,PFXC-001343,Screenshot,Customer,2026-03-10T23:03:47,Other,Complete,Accepted,No,Passed
EVD-00003273,PFXC-001343,Screenshot,Merchant,2026-03-09T22:55:22,JPG,Complete,Accepted,No,Passed
EVD-00003274,PFXC-001343,Other,Customer,2026-03-10T02:19:30,PDF,Incomplete,Rejected,No,Passed
EVD-00003275,PFXC-001344,Identity Evidence,Merchant,2026-04-23T13:04:24,JPG,Unreadable,Further Evidence Required,No,Passed
EVD-00003276,PFXC-001344,Receipt,Customer,2026-04-23T22:18:13,PDF,Incomplete,Rejected,No,Passed
EVD-00003277,PFXC-001344,Receipt,Customer,2026-04-23T14:40:44,Other,Complete,Accepted,No,Passed
EVD-00003278,PFXC-001345,Receipt,Customer,2025-04-20T00:36:39,JPG,Complete,Accepted,No,Passed
EVD-00003279,PFXC-001345,Receipt,Customer,2025-04-20T20:50:29,CSV,Complete,Accepted,No,Passed
EVD-00003280,PFXC-001345,Bank Statement,Customer,2025-04-21T09:05:41,PDF,Complete,Accepted,No,Passed
EVD-00003281,PFXC-001345,Merchant Communication,Customer,2025-04-21T03:43:51,Other,Incomplete,Further Evidence Required,Yes,Passed
EVD-00003282,PFXC-001346,Merchant Communication,Customer,2025-06-07T22:55:50,PNG,Complete,Accepted,No,Passed
EVD-00003283,PFXC-001346,Bank Statement,Customer,2025-06-08T08:47:53,CSV,Complete,Accepted,Yes,Passed
EVD-00003284,PFXC-001346,Receipt,Customer,2025-06-06T21:27:18,PDF,Complete,Accepted,Yes,Passed
EVD-00003285,PFXC-001346,Other,Customer,2025-06-06T04:15:58,JPG,Complete,Accepted,Yes,Passed
EVD-00003286,PFXC-001347,Bank Statement,Operations,2026-01-05T02:23:05,PDF,Complete,Accepted,No,Not Applicable
EVD-00003287,PFXC-001347,Other,Customer,2026-01-04T21:38:53,PNG,Complete,Accepted,No,Passed
EVD-00003288,PFXC-001347,Bank Statement,Customer,2026-01-03T22:17:27,PDF,Complete,Accepted,No,Passed
EVD-00003289,PFXC-001348,Screenshot,Customer,2025-05-08T00:52:21,PDF,Unreadable,Further Evidence Required,No,Passed
EVD-00003290,PFXC-001348,Receipt,Customer,2025-05-07T05:49:59,JPG,Incomplete,Rejected,No,Passed
EVD-00003291,PFXC-001349,Bank Statement,Customer,2026-03-19T16:31:21,PDF,Incomplete,Further Evidence Required,No,Passed
EVD-00003292,PFXC-001349,Screenshot,Customer,2026-03-19T16:38:30,PDF,Complete,Accepted,No,Passed
EVD-00003293,PFXC-001350,Bank Statement,Customer,2025-09-23T19:19:33,PDF,Complete,Accepted,No,Passed
EVD-00003294,PFXC-001350,Receipt,Customer,2025-09-23T10:36:41,PDF,Complete,Accepted,No,Passed
EVD-00003295,PFXC-001351,Other,Customer,2025-08-07T14:43:20,JPG,Incomplete,Rejected,No,Passed
EVD-00003296,PFXC-001351,Receipt,Operations,2025-08-06T08:02:53,PDF,Complete,Accepted,No,Not Applicable
EVD-00003297,PFXC-001351,Screenshot,Merchant,2025-08-06T04:17:49,PDF,Complete,Accepted,No,Passed
EVD-00003298,PFXC-001352,Bank Statement,Customer,2025-04-28T01:16:04,PNG,Complete,Accepted,Yes,Passed
EVD-00003299,PFXC-001352,Identity Evidence,Customer,2025-04-27T11:07:13,Other,Complete,Accepted,No,Passed
EVD-00003300,PFXC-001353,Screenshot,Operations,2026-03-29T12:31:03,JPG,Unreadable,Rejected,No,Passed
EVD-00003301,PFXC-001353,Merchant Communication,Merchant,2026-03-28T00:17:50,PNG,Complete,Accepted,No,Passed
EVD-00003302,PFXC-001353,Other,Customer,2026-03-28T11:28:41,PNG,Complete,Accepted,No,Passed
EVD-00003303,PFXC-001354,Bank Statement,Customer,2025-10-22T04:47:05,Other,Incomplete,Further Evidence Required,No,Passed
EVD-00003304,PFXC-001354,Merchant Communication,Customer,2025-10-21T11:44:13,PDF,Complete,Further Evidence Required,No,Not Applicable
EVD-00003305,PFXC-001354,Receipt,Customer,2025-10-23T14:00:34,PDF,Incomplete,Further Evidence Required,No,Passed
EVD-00003306,PFXC-001354,Receipt,Customer,2025-10-23T00:19:53,PDF,Complete,Accepted,No,Passed
EVD-00003307,PFXC-001355,Receipt,Customer,2025-04-15T21:23:59,JPG,Unreadable,Further Evidence Required,No,Passed
EVD-00003308,PFXC-001355,Merchant Communication,Operations,2025-04-14T00:44:22,PNG,Incomplete,Further Evidence Required,No,Not Applicable
EVD-00003309,PFXC-001355,Bank Statement,Customer,2025-04-16T10:33:33,JPG,Complete,Accepted,No,Passed
EVD-00003310,PFXC-001356,Screenshot,Merchant,2026-03-05T01:46:33,Other,Complete,Accepted,No,Passed
EVD-00003311,PFXC-001356,Receipt,Merchant,2026-03-05T23:01:42,JPG,Complete,Accepted,No,Passed
EVD-00003312,PFXC-001357,Bank Statement,Customer,2025-04-20T06:05:52,PNG,Complete,Accepted,No,Passed
EVD-00003313,PFXC-001357,Receipt,Customer,2025-04-20T15:16:00,JPG,Incomplete,Rejected,No,Passed
EVD-00003314,PFXC-001357,Merchant Communication,Customer,2025-04-19T07:41:29,JPG,Incomplete,Further Evidence Required,No,Passed
EVD-00003315,PFXC-001357,Receipt,Customer,2025-04-19T11:22:27,PDF,Complete,Accepted,Yes,Passed
EVD-00003316,PFXC-001358,Receipt,Customer,2025-10-28T01:30:48,CSV,Complete,Further Evidence Required,No,Passed
EVD-00003317,PFXC-001358,Screenshot,Customer,2025-10-28T19:09:24,PDF,Complete,Further Evidence Required,No,Passed
EVD-00003318,PFXC-001358,Receipt,Customer,2025-10-28T04:32:47,Other,Complete,Accepted,No,Passed
EVD-00003319,PFXC-001359,Screenshot,Customer,2025-02-11T17:56:22,PDF,Complete,Accepted,No,Passed
EVD-00003320,PFXC-001359,Bank Statement,Customer,2025-02-10T07:45:29,PDF,Incomplete,Further Evidence Required,No,Passed
EVD-00003321,PFXC-001359,Receipt,Customer,2025-02-10T10:59:44,Other,Incomplete,Rejected,No,Passed
EVD-00003322,PFXC-001360,Receipt,Customer,2025-10-01T19:15:21,Other,Incomplete,Further Evidence Required,No,Passed
EVD-00003323,PFXC-001360,Bank Statement,Customer,2025-10-03T16:06:08,PDF,Complete,Accepted,No,Passed
EVD-00003324,PFXC-001361,Identity Evidence,Customer,2025-02-18T16:58:14,JPG,Complete,Accepted,Yes,Passed
EVD-00003325,PFXC-001361,Merchant Communication,Customer,2025-02-18T14:26:07,PNG,Complete,Accepted,No,Passed
EVD-00003326,PFXC-001361,Receipt,Customer,2025-02-16T21:02:42,PDF,Complete,Accepted,No,Passed
EVD-00003327,PFXC-001362,Receipt,Customer,2026-02-13T13:00:30,JPG,Complete,Accepted,No,Passed
EVD-00003328,PFXC-001363,Other,Customer,2025-04-12T14:48:09,PDF,Complete,Accepted,Yes,Passed
EVD-00003329,PFXC-001364,Merchant Communication,Customer,2026-01-11T12:37:59,PDF,Complete,Accepted,Yes,Not Applicable
EVD-00003330,PFXC-001364,Bank Statement,Customer,2026-01-11T14:51:28,JPG,Complete,Accepted,No,Passed
EVD-00003331,PFXC-001365,Screenshot,Customer,2025-02-18T00:40:08,JPG,Complete,Accepted,No,Passed
EVD-00003332,PFXC-001365,Screenshot,Customer,2025-02-18T19:11:25,PNG,Incomplete,Further Evidence Required,No,Passed
EVD-00003333,PFXC-001365,Other,Operations,2025-02-19T02:16:39,PDF,Complete,Accepted,Yes,Passed
EVD-00003334,PFXC-001365,Bank Statement,Customer,2025-02-17T14:21:09,PDF,Complete,Accepted,No,Passed
EVD-00003335,PFXC-001366,Screenshot,Customer,2025-05-29T22:29:00,Other,Incomplete,Rejected,No,Passed
EVD-00003336,PFXC-001366,Merchant Communication,Customer,2025-05-29T19:06:30,PNG,Incomplete,Further Evidence Required,Yes,Passed
EVD-00003337,PFXC-001366,Bank Statement,Customer,2025-05-30T22:46:02,PDF,Complete,Accepted,No,Passed
EVD-00003338,PFXC-001367,Screenshot,Operations,2026-05-13T11:40:41,Other,Complete,Accepted,No,Passed
EVD-00003339,PFXC-001368,Receipt,Customer,2025-03-15T12:52:50,Other,Complete,Accepted,No,Passed
EVD-00003340,PFXC-001370,Receipt,Customer,2025-09-26T19:03:42,PDF,Complete,Accepted,No,Passed
EVD-00003341,PFXC-001370,Bank Statement,Customer,2025-09-27T08:21:32,Other,Complete,Accepted,No,Failed
EVD-00003342,PFXC-001370,Receipt,Merchant,2025-09-26T16:02:33,PDF,Incomplete,Rejected,No,Passed
EVD-00003343,PFXC-001371,Merchant Communication,Customer,2025-02-26T23:17:26,Other,Complete,Accepted,No,Passed
EVD-00003344,PFXC-001371,Receipt,Customer,2025-02-25T20:05:52,PNG,Incomplete,Further Evidence Required,No,Failed
EVD-00003345,PFXC-001372,Other,Customer,2025-06-28T19:21:34,PDF,Complete,Accepted,No,Passed
EVD-00003346,PFXC-001372,Screenshot,Customer,2025-06-28T08:38:36,PDF,Complete,Further Evidence Required,No,Passed
EVD-00003347,PFXC-001373,Receipt,Operations,2025-07-11T09:53:14,PNG,Complete,Accepted,No,Passed
EVD-00003348,PFXC-001373,Merchant Communication,Customer,2025-07-10T22:32:57,PDF,Complete,Accepted,No,Passed
EVD-00003349,PFXC-001373,Bank Statement,Customer,2025-07-09T12:44:22,PDF,Complete,Accepted,No,Passed
EVD-00003350,PFXC-001374,Other,Customer,2026-01-15T08:26:35,PDF,Complete,Accepted,No,Passed
EVD-00003351,PFXC-001374,Other,Customer,2026-01-14T22:42:32,JPG,Incomplete,Rejected,No,Passed
EVD-00003352,PFXC-001375,Bank Statement,Customer,2025-01-11T05:08:13,PDF,Complete,Accepted,No,Passed
EVD-00003353,PFXC-001375,Merchant Communication,Customer,2025-01-12T03:10:23,PDF,Incomplete,Rejected,No,Passed
EVD-00003354,PFXC-001375,Receipt,Customer,2025-01-10T23:59:11,JPG,Complete,Further Evidence Required,No,Passed
EVD-00003355,PFXC-001376,Receipt,Merchant,2026-02-01T06:40:18,JPG,Incomplete,Rejected,No,Passed
EVD-00003356,PFXC-001376,Receipt,Customer,2026-02-02T14:53:48,PNG,Complete,Accepted,No,Not Applicable
EVD-00003357,PFXC-001376,Other,Merchant,2026-02-02T21:50:00,PDF,Complete,Accepted,No,Passed
EVD-00003358,PFXC-001377,Other,Merchant,2026-04-27T01:33:32,PDF,Complete,Accepted,No,Passed
EVD-00003359,PFXC-001377,Bank Statement,Merchant,2026-04-25T08:52:51,PDF,Complete,Accepted,No,Passed
EVD-00003360,PFXC-001377,Bank Statement,Customer,2026-04-28T00:31:39,PDF,Complete,Accepted,No,Passed
EVD-00003361,PFXC-001378,Receipt,Operations,2025-09-07T05:18:47,PDF,Complete,Accepted,No,Passed
EVD-00003362,PFXC-001378,Receipt,Operations,2025-09-09T12:12:42,PDF,Complete,Accepted,No,Passed
EVD-00003363,PFXC-001378,Screenshot,Customer,2025-09-08T19:56:10,Other,Complete,Accepted,No,Passed
EVD-00003364,PFXC-001379,Receipt,Merchant,2025-10-17T19:11:32,PDF,Incomplete,Rejected,No,Passed
EVD-00003365,PFXC-001379,Screenshot,Customer,2025-10-19T11:16:59,JPG,Complete,Accepted,No,Passed
EVD-00003366,PFXC-001380,Receipt,Customer,2025-08-08T05:44:55,Other,Complete,Accepted,No,Passed
EVD-00003367,PFXC-001380,Receipt,Customer,2025-08-08T02:57:39,Other,Incomplete,Further Evidence Required,No,Passed
EVD-00003368,PFXC-001380,Screenshot,Customer,2025-08-06T03:45:04,PNG,Complete,Accepted,No,Passed
EVD-00003369,PFXC-001381,Screenshot,Customer,2025-12-29T10:48:29,Other,Complete,Accepted,No,Passed
EVD-00003370,PFXC-001381,Receipt,Customer,2025-12-30T01:36:00,PDF,Complete,Accepted,No,Passed
EVD-00003371,PFXC-001381,Screenshot,Customer,2025-12-30T20:59:46,PDF,Unreadable,Further Evidence Required,No,Passed
EVD-00003372,PFXC-001381,Receipt,Customer,2025-12-30T21:22:19,JPG,Complete,Accepted,No,Passed
EVD-00003373,PFXC-001382,Receipt,Customer,2026-04-02T09:23:21,JPG,Unreadable,Rejected,No,Not Applicable
EVD-00003374,PFXC-001382,Receipt,Customer,2026-04-03T07:37:48,PDF,Complete,Accepted,No,Passed
EVD-00003375,PFXC-001382,Receipt,Customer,2026-04-03T06:38:29,Other,Complete,Accepted,No,Passed
EVD-00003376,PFXC-001383,Screenshot,Operations,2026-03-08T17:15:43,PNG,Incomplete,Further Evidence Required,No,Not Applicable
EVD-00003377,PFXC-001383,Other,Customer,2026-03-09T04:50:57,PDF,Complete,Accepted,No,Passed
EVD-00003378,PFXC-001383,Receipt,Operations,2026-03-09T21:44:34,PDF,Complete,Accepted,No,Passed
EVD-00003379,PFXC-001384,Receipt,Customer,2025-10-28T23:09:48,PNG,Incomplete,Rejected,No,Passed
EVD-00003380,PFXC-001384,Bank Statement,Merchant,2025-10-29T03:02:35,JPG,Complete,Accepted,No,Passed
EVD-00003381,PFXC-001384,Merchant Communication,Customer,2025-10-28T15:16:04,PDF,Complete,Further Evidence Required,No,Passed
EVD-00003382,PFXC-001385,Bank Statement,Customer,2025-11-16T02:03:51,JPG,Complete,Accepted,No,Passed
EVD-00003383,PFXC-001385,Receipt,Customer,2025-11-14T18:18:34,JPG,Complete,Accepted,No,Passed
EVD-00003384,PFXC-001387,Screenshot,Merchant,2025-01-05T08:24:57,Other,Complete,Accepted,No,Passed
EVD-00003385,PFXC-001387,Receipt,Customer,2025-01-04T06:32:37,PNG,Complete,Accepted,No,Passed
EVD-00003386,PFXC-001387,Screenshot,Merchant,2025-01-04T01:05:08,Other,Complete,Accepted,No,Passed
EVD-00003387,PFXC-001387,Screenshot,Operations,2025-01-06T13:21:36,PDF,Complete,Accepted,Yes,Passed
EVD-00003388,PFXC-001388,Bank Statement,Customer,2025-10-05T15:35:03,Other,Incomplete,Further Evidence Required,No,Passed
EVD-00003389,PFXC-001388,Bank Statement,Customer,2025-10-03T14:01:52,PNG,Complete,Accepted,No,Passed
EVD-00003390,PFXC-001389,Screenshot,Customer,2026-05-04T21:13:32,PNG,Complete,Accepted,No,Not Applicable
EVD-00003391,PFXC-001389,Bank Statement,Customer,2026-05-04T18:35:39,PNG,Complete,Further Evidence Required,Yes,Passed
EVD-00003392,PFXC-001389,Merchant Communication,Customer,2026-05-03T22:55:39,PDF,Complete,Accepted,Yes,Passed
EVD-00003393,PFXC-001389,Merchant Communication,Operations,2026-05-05T05:28:39,Other,Complete,Accepted,No,Passed
EVD-00003394,PFXC-001390,Screenshot,Customer,2025-04-30T11:53:12,PDF,Complete,Accepted,No,Passed
EVD-00003395,PFXC-001390,Receipt,Customer,2025-05-01T06:37:43,PDF,Complete,Accepted,No,Passed
EVD-00003396,PFXC-001391,Merchant Communication,Customer,2025-03-04T12:10:40,PDF,Complete,Accepted,No,Passed
EVD-00003397,PFXC-001392,Receipt,Customer,2025-08-08T17:57:07,Other,Complete,Accepted,No,Passed
EVD-00003398,PFXC-001392,Screenshot,Customer,2025-08-08T23:30:17,PNG,Complete,Accepted,No,Passed
EVD-00003399,PFXC-001392,Receipt,Customer,2025-08-09T00:20:47,PNG,Incomplete,Rejected,No,Passed
EVD-00003400,PFXC-001393,Other,Customer,2025-02-09T07:33:02,PDF,Complete,Accepted,No,Passed
EVD-00003401,PFXC-001393,Receipt,Customer,2025-02-09T04:33:37,Other,Complete,Accepted,No,Passed
EVD-00003402,PFXC-001393,Merchant Communication,Customer,2025-02-10T00:20:35,PDF,Complete,Further Evidence Required,No,Passed
EVD-00003403,PFXC-001394,Other,Customer,2026-01-04T13:33:12,PDF,Complete,Accepted,No,Passed
EVD-00003404,PFXC-001394,Screenshot,Customer,2026-01-02T10:44:59,JPG,Complete,Accepted,No,Passed
EVD-00003405,PFXC-001394,Other,Customer,2026-01-02T18:14:13,PDF,Incomplete,Further Evidence Required,No,Passed
EVD-00003406,PFXC-001394,Receipt,Merchant,2026-01-03T14:27:42,JPG,Complete,Accepted,No,Passed
EVD-00003407,PFXC-001395,Receipt,Customer,2025-09-16T14:26:51,Other,Incomplete,Rejected,No,Passed
EVD-00003408,PFXC-001395,Receipt,Operations,2025-09-15T23:07:55,JPG,Incomplete,Rejected,No,Passed
EVD-00003409,PFXC-001395,Bank Statement,Customer,2025-09-15T22:22:35,PDF,Complete,Accepted,No,Passed
EVD-00003410,PFXC-001396,Receipt,Customer,2025-09-22T01:46:40,PDF,Incomplete,Rejected,No,Passed
EVD-00003411,PFXC-001396,Other,Customer,2025-09-20T17:14:44,PNG,Incomplete,Further Evidence Required,No,Passed
EVD-00003412,PFXC-001397,Receipt,Customer,2025-07-12T11:21:35,PDF,Complete,Accepted,No,Passed
EVD-00003413,PFXC-001397,Receipt,Customer,2025-07-12T21:48:30,JPG,Complete,Further Evidence Required,No,Passed
EVD-00003414,PFXC-001398,Screenshot,Operations,2025-07-23T23:33:36,PDF,Complete,Accepted,No,Passed
EVD-00003415,PFXC-001398,Merchant Communication,Customer,2025-07-23T18:04:52,PDF,Complete,Accepted,No,Passed
EVD-00003416,PFXC-001398,Identity Evidence,Customer,2025-07-23T22:38:35,PDF,Complete,Accepted,No,Passed
EVD-00003417,PFXC-001401,Other,Customer,2025-08-24T01:47:15,PDF,Complete,Further Evidence Required,No,Passed
EVD-00003418,PFXC-001401,Other,Customer,2025-08-25T07:39:18,PNG,Complete,Accepted,No,Passed
EVD-00003419,PFXC-001401,Screenshot,Customer,2025-08-24T23:18:05,PNG,Incomplete,Rejected,No,Passed
EVD-00003420,PFXC-001402,Merchant Communication,Customer,2025-01-09T04:31:48,PDF,Complete,Accepted,No,Passed
EVD-00003421,PFXC-001402,Bank Statement,Customer,2025-01-09T02:17:33,PDF,Complete,Accepted,No,Passed
EVD-00003422,PFXC-001402,Bank Statement,Customer,2025-01-09T12:34:07,JPG,Complete,Accepted,No,Passed
EVD-00003423,PFXC-001403,Identity Evidence,Customer,2025-07-25T04:43:30,JPG,Complete,Accepted,No,Passed
EVD-00003424,PFXC-001404,Screenshot,Customer,2025-10-14T05:41:06,PDF,Complete,Accepted,No,Passed
EVD-00003425,PFXC-001404,Bank Statement,Customer,2025-10-15T16:58:14,JPG,Complete,Further Evidence Required,No,Passed
EVD-00003426,PFXC-001404,Screenshot,Customer,2025-10-16T14:01:35,PNG,Complete,Accepted,No,Passed
EVD-00003427,PFXC-001405,Screenshot,Customer,2025-02-05T00:30:13,Other,Complete,Accepted,No,Passed
EVD-00003428,PFXC-001405,Screenshot,Customer,2025-02-03T13:22:19,PDF,Complete,Accepted,No,Passed
EVD-00003429,PFXC-001406,Screenshot,Customer,2025-12-05T10:26:16,PDF,Complete,Accepted,Yes,Passed
EVD-00003430,PFXC-001406,Receipt,Merchant,2025-12-06T19:03:17,PNG,Complete,Accepted,No,Passed
EVD-00003431,PFXC-001406,Receipt,Merchant,2025-12-07T09:20:46,JPG,Incomplete,Rejected,No,Passed
EVD-00003432,PFXC-001407,Bank Statement,Customer,2026-06-26T10:17:23,Other,Complete,Accepted,No,Passed
EVD-00003433,PFXC-001407,Receipt,Customer,2026-06-25T10:29:23,JPG,Complete,Accepted,No,Passed
EVD-00003434,PFXC-001408,Merchant Communication,Customer,2025-07-15T21:59:02,Other,Complete,Accepted,No,Passed
EVD-00003435,PFXC-001408,Receipt,Customer,2025-07-15T09:06:33,JPG,Incomplete,Further Evidence Required,No,Passed
EVD-00003436,PFXC-001408,Screenshot,Operations,2025-07-15T07:02:27,PDF,Complete,Accepted,No,Passed
EVD-00003437,PFXC-001408,Screenshot,Customer,2025-07-17T08:19:53,PDF,Complete,Accepted,No,Passed
EVD-00003438,PFXC-001409,Merchant Communication,Customer,2025-08-03T13:47:43,PDF,Complete,Accepted,No,Passed
EVD-00003439,PFXC-001409,Other,Merchant,2025-08-04T09:11:02,PDF,Complete,Accepted,Yes,Not Applicable
EVD-00003440,PFXC-001409,Other,Customer,2025-08-03T09:50:19,PDF,Complete,Accepted,No,Passed
EVD-00003441,PFXC-001409,Screenshot,Customer,2025-08-02T21:42:26,PDF,Complete,Accepted,No,Passed
EVD-00003442,PFXC-001410,Identity Evidence,Merchant,2026-02-08T14:34:00,PDF,Incomplete,Rejected,No,Not Applicable
EVD-00003443,PFXC-001411,Merchant Communication,Merchant,2025-12-24T16:06:25,PDF,Incomplete,Further Evidence Required,Yes,Passed
EVD-00003444,PFXC-001411,Other,Customer,2025-12-25T18:26:27,PDF,Complete,Accepted,No,Passed
EVD-00003445,PFXC-001411,Receipt,Merchant,2025-12-27T09:08:01,Other,Complete,Accepted,No,Passed
EVD-00003446,PFXC-001412,Receipt,Customer,2026-04-10T22:20:02,PDF,Incomplete,Further Evidence Required,No,Passed
EVD-00003447,PFXC-001412,Receipt,Customer,2026-04-10T22:08:03,Other,Complete,Accepted,Yes,Passed
EVD-00003448,PFXC-001412,Other,Customer,2026-04-10T22:29:12,PDF,Complete,Accepted,No,Passed
EVD-00003449,PFXC-001413,Bank Statement,Merchant,2025-01-19T16:35:17,PNG,Incomplete,Further Evidence Required,No,Passed
EVD-00003450,PFXC-001413,Bank Statement,Customer,2025-01-19T04:07:59,JPG,Complete,Accepted,No,Passed
EVD-00003451,PFXC-001414,Bank Statement,Operations,2025-06-27T18:04:12,PNG,Incomplete,Further Evidence Required,No,Passed
EVD-00003452,PFXC-001414,Screenshot,Customer,2025-06-26T21:04:18,Other,Complete,Further Evidence Required,Yes,Passed
EVD-00003453,PFXC-001414,Merchant Communication,Customer,2025-06-28T19:28:30,PDF,Complete,Accepted,No,Passed
EVD-00003454,PFXC-001415,Other,Merchant,2026-01-22T00:27:04,JPG,Complete,Accepted,No,Passed
EVD-00003455,PFXC-001416,Merchant Communication,Customer,2025-04-10T15:07:31,Other,Complete,Accepted,No,Passed
EVD-00003456,PFXC-001416,Other,Merchant,2025-04-09T17:31:47,PDF,Complete,Further Evidence Required,No,Passed
EVD-00003457,PFXC-001417,Identity Evidence,Customer,2025-07-03T01:05:04,PDF,Complete,Accepted,No,Passed
EVD-00003458,PFXC-001417,Receipt,Customer,2025-07-02T20:54:21,JPG,Incomplete,Rejected,No,Passed
EVD-00003459,PFXC-001417,Other,Operations,2025-07-02T12:51:19,PDF,Complete,Further Evidence Required,No,Passed
EVD-00003460,PFXC-001418,Screenshot,Customer,2026-03-13T17:11:04,PNG,Complete,Accepted,Yes,Passed
EVD-00003461,PFXC-001419,Screenshot,Customer,2026-01-31T17:08:20,Other,Complete,Accepted,No,Passed
EVD-00003462,PFXC-001419,Bank Statement,Customer,2026-01-31T23:00:23,PNG,Complete,Accepted,No,Passed
EVD-00003463,PFXC-001419,Bank Statement,Customer,2026-02-01T23:58:08,PDF,Complete,Accepted,No,Passed
EVD-00003464,PFXC-001420,Other,Merchant,2025-07-25T20:35:34,Other,Incomplete,Further Evidence Required,No,Not Applicable
EVD-00003465,PFXC-001421,Receipt,Customer,2025-08-03T06:56:34,Other,Complete,Accepted,No,Passed
EVD-00003466,PFXC-001421,Identity Evidence,Customer,2025-08-03T13:05:30,PDF,Complete,Accepted,Yes,Passed
EVD-00003467,PFXC-001421,Merchant Communication,Customer,2025-08-03T08:32:43,PNG,Complete,Accepted,No,Passed
EVD-00003468,PFXC-001422,Identity Evidence,Customer,2025-02-19T14:09:57,PNG,Complete,Accepted,No,Passed
EVD-00003469,PFXC-001422,Screenshot,Customer,2025-02-21T12:49:09,CSV,Complete,Accepted,No,Passed
EVD-00003470,PFXC-001422,Screenshot,Customer,2025-02-19T21:36:35,JPG,Complete,Accepted,No,Passed
EVD-00003471,PFXC-001422,Bank Statement,Customer,2025-02-19T08:26:38,JPG,Complete,Accepted,No,Passed
EVD-00003472,PFXC-001423,Screenshot,Customer,2025-11-06T20:33:59,PDF,Complete,Accepted,No,Passed
EVD-00003473,PFXC-001423,Bank Statement,Customer,2025-11-07T11:43:11,PDF,Complete,Accepted,Yes,Passed
EVD-00003474,PFXC-001425,Receipt,Customer,2025-08-11T15:52:01,PDF,Incomplete,Further Evidence Required,No,Passed
EVD-00003475,PFXC-001426,Receipt,Customer,2025-07-23T06:10:44,JPG,Complete,Accepted,No,Passed
EVD-00003476,PFXC-001426,Other,Customer,2025-07-24T22:15:39,Other,Unreadable,Further Evidence Required,No,Passed
EVD-00003477,PFXC-001426,Receipt,Merchant,2025-07-25T16:04:29,PDF,Complete,Accepted,Yes,Passed
EVD-00003478,PFXC-001427,Screenshot,Customer,2025-02-17T12:56:31,PNG,Complete,Further Evidence Required,Yes,Passed
EVD-00003479,PFXC-001427,Screenshot,Customer,2025-02-18T21:50:28,PNG,Complete,Accepted,No,Not Applicable
EVD-00003480,PFXC-001428,Receipt,Customer,2025-05-23T02:05:50,PDF,Complete,Accepted,No,Passed
EVD-00003481,PFXC-001428,Receipt,Operations,2025-05-22T15:20:53,JPG,Incomplete,Rejected,No,Passed
EVD-00003482,PFXC-001429,Merchant Communication,Customer,2025-10-01T18:09:10,PDF,Incomplete,Rejected,No,Passed
EVD-00003483,PFXC-001429,Receipt,Customer,2025-10-03T05:28:20,PNG,Complete,Accepted,No,Passed
EVD-00003484,PFXC-001430,Merchant Communication,Customer,2026-02-24T11:02:00,PNG,Complete,Accepted,No,Passed
EVD-00003485,PFXC-001431,Identity Evidence,Customer,2025-09-03T14:26:37,PDF,Complete,Accepted,No,Not Applicable
EVD-00003486,PFXC-001431,Bank Statement,Customer,2025-09-04T14:09:13,PDF,Complete,Accepted,No,Passed
EVD-00003487,PFXC-001431,Receipt,Customer,2025-09-04T20:51:33,JPG,Complete,Further Evidence Required,No,Passed
EVD-00003488,PFXC-001431,Merchant Communication,Customer,2025-09-03T19:46:20,PNG,Complete,Further Evidence Required,No,Not Applicable
EVD-00003489,PFXC-001432,Receipt,Customer,2025-06-11T22:47:08,JPG,Complete,Accepted,No,Passed
EVD-00003490,PFXC-001432,Identity Evidence,Operations,2025-06-13T20:46:27,PNG,Complete,Accepted,Yes,Passed
EVD-00003491,PFXC-001432,Bank Statement,Customer,2025-06-12T07:39:45,CSV,Incomplete,Further Evidence Required,No,Passed
EVD-00003492,PFXC-001432,Bank Statement,Merchant,2025-06-13T20:57:52,Other,Incomplete,Rejected,No,Passed
EVD-00003493,PFXC-001433,Receipt,Customer,2025-04-23T06:24:35,PDF,Complete,Accepted,No,Passed
EVD-00003494,PFXC-001433,Bank Statement,Customer,2025-04-21T17:33:42,PDF,Complete,Accepted,No,Passed
EVD-00003495,PFXC-001434,Other,Customer,2025-03-02T08:41:38,CSV,Complete,Further Evidence Required,No,Passed
EVD-00003496,PFXC-001434,Bank Statement,Customer,2025-03-03T13:31:55,PDF,Complete,Accepted,No,Passed
EVD-00003497,PFXC-001435,Screenshot,Merchant,2025-03-23T07:47:03,PNG,Complete,Accepted,No,Passed
EVD-00003498,PFXC-001435,Bank Statement,Merchant,2025-03-23T07:27:01,PDF,Incomplete,Further Evidence Required,No,Passed
EVD-00003499,PFXC-001436,Merchant Communication,Customer,2026-02-28T23:58:48,PNG,Incomplete,Rejected,No,Passed
EVD-00003500,PFXC-001436,Identity Evidence,Customer,2026-03-01T14:22:19,PNG,Complete,Accepted,No,Passed
EVD-00003501,PFXC-001436,Bank Statement,Customer,2026-03-03T09:42:32,PDF,Complete,Further Evidence Required,No,Passed
EVD-00003502,PFXC-001436,Receipt,Customer,2026-03-02T13:46:16,PDF,Complete,Accepted,No,Passed
EVD-00003503,PFXC-001437,Bank Statement,Customer,2026-02-24T19:21:32,JPG,Complete,Accepted,No,Passed
EVD-00003504,PFXC-001437,Identity Evidence,Customer,2026-02-25T08:59:49,JPG,Complete,Accepted,No,Passed
EVD-00003505,PFXC-001438,Bank Statement,Customer,2025-02-05T19:47:29,JPG,Complete,Accepted,No,Passed
EVD-00003506,PFXC-001439,Receipt,Customer,2025-04-24T23:45:19,PNG,Complete,Accepted,Yes,Passed
EVD-00003507,PFXC-001439,Merchant Communication,Customer,2025-04-25T21:06:57,PDF,Complete,Accepted,No,Passed
EVD-00003508,PFXC-001440,Screenshot,Customer,2025-09-15T19:01:29,Other,Complete,Accepted,No,Passed
EVD-00003509,PFXC-001440,Other,Customer,2025-09-16T21:24:20,JPG,Complete,Accepted,No,Passed
EVD-00003510,PFXC-001440,Merchant Communication,Customer,2025-09-15T01:50:50,PNG,Complete,Accepted,No,Passed
EVD-00003511,PFXC-001441,Merchant Communication,Customer,2025-02-22T03:34:18,PDF,Incomplete,Further Evidence Required,No,Passed
EVD-00003512,PFXC-001441,Merchant Communication,Customer,2025-02-20T10:14:19,PNG,Incomplete,Rejected,Yes,Failed
EVD-00003513,PFXC-001442,Bank Statement,Customer,2025-12-15T01:02:27,PDF,Complete,Accepted,No,Passed
EVD-00003514,PFXC-001443,Screenshot,Customer,2025-09-24T21:20:54,JPG,Complete,Accepted,No,Passed
EVD-00003515,PFXC-001444,Receipt,Customer,2025-06-01T04:22:35,PNG,Complete,Accepted,No,Passed
EVD-00003516,PFXC-001444,Screenshot,Customer,2025-05-30T07:05:49,PNG,Complete,Accepted,No,Passed
EVD-00003517,PFXC-001445,Receipt,Customer,2026-06-09T13:40:23,Other,Complete,Further Evidence Required,No,Passed
EVD-00003518,PFXC-001445,Bank Statement,Operations,2026-06-07T04:52:16,PNG,Complete,Accepted,Yes,Passed
EVD-00003519,PFXC-001445,Screenshot,Customer,2026-06-07T05:42:35,PNG,Complete,Accepted,No,Passed
EVD-00003520,PFXC-001445,Screenshot,Customer,2026-06-06T21:10:40,CSV,Complete,Accepted,No,Passed
EVD-00003521,PFXC-001446,Bank Statement,Customer,2025-06-22T17:19:38,PDF,Unreadable,Rejected,No,Passed
EVD-00003522,PFXC-001446,Receipt,Customer,2025-06-21T04:06:43,JPG,Incomplete,Rejected,No,Passed
EVD-00003523,PFXC-001446,Receipt,Operations,2025-06-20T23:05:17,Other,Complete,Accepted,No,Passed
EVD-00003524,PFXC-001446,Bank Statement,Customer,2025-06-21T02:35:07,JPG,Complete,Accepted,No,Passed
EVD-00003525,PFXC-001447,Screenshot,Customer,2026-05-31T06:32:14,JPG,Incomplete,Rejected,No,Passed
EVD-00003526,PFXC-001447,Bank Statement,Customer,2026-05-29T04:44:38,JPG,Complete,Accepted,No,Passed
EVD-00003527,PFXC-001448,Receipt,Customer,2025-03-10T22:22:22,PDF,Complete,Accepted,No,Passed
EVD-00003528,PFXC-001448,Receipt,Customer,2025-03-09T11:12:50,JPG,Complete,Further Evidence Required,Yes,Passed
EVD-00003529,PFXC-001449,Screenshot,Customer,2026-03-24T05:10:26,Other,Complete,Accepted,No,Passed
EVD-00003530,PFXC-001449,Receipt,Operations,2026-03-25T19:06:37,PDF,Complete,Accepted,Yes,Passed
EVD-00003531,PFXC-001450,Receipt,Customer,2025-04-20T23:59:16,PDF,Complete,Further Evidence Required,Yes,Passed
EVD-00003532,PFXC-001451,Receipt,Customer,2025-09-27T07:29:03,PDF,Complete,Accepted,Yes,Passed
EVD-00003533,PFXC-001452,Identity Evidence,Customer,2025-05-25T08:16:38,PNG,Complete,Accepted,No,Passed
EVD-00003534,PFXC-001452,Merchant Communication,Customer,2025-05-27T23:01:29,PNG,Complete,Accepted,No,Passed
EVD-00003535,PFXC-001453,Receipt,Customer,2025-05-21T15:54:08,PNG,Incomplete,Rejected,No,Passed
EVD-00003536,PFXC-001453,Receipt,Merchant,2025-05-23T01:55:18,PNG,Complete,Further Evidence Required,No,Passed
EVD-00003537,PFXC-001453,Screenshot,Customer,2025-05-22T02:31:13,Other,Complete,Further Evidence Required,Yes,Passed
EVD-00003538,PFXC-001454,Receipt,Operations,2025-04-07T04:36:33,PDF,Complete,Further Evidence Required,No,Passed
EVD-00003539,PFXC-001456,Screenshot,Merchant,2025-03-21T16:09:47,PDF,Complete,Accepted,No,Passed
EVD-00003540,PFXC-001456,Identity Evidence,Customer,2025-03-21T02:26:45,PDF,Complete,Accepted,No,Passed
EVD-00003541,PFXC-001456,Receipt,Operations,2025-03-23T03:00:57,PDF,Complete,Further Evidence Required,No,Passed
EVD-00003542,PFXC-001456,Bank Statement,Customer,2025-03-21T22:31:04,PNG,Complete,Accepted,No,Passed
EVD-00003543,PFXC-001457,Other,Customer,2025-03-17T16:04:07,Other,Incomplete,Further Evidence Required,No,Passed
EVD-00003544,PFXC-001457,Receipt,Customer,2025-03-16T03:28:42,PDF,Complete,Accepted,No,Passed
EVD-00003545,PFXC-001458,Other,Operations,2025-09-26T10:14:22,JPG,Complete,Accepted,Yes,Passed
EVD-00003546,PFXC-001458,Bank Statement,Customer,2025-09-27T09:22:18,PDF,Unreadable,Further Evidence Required,No,Passed
EVD-00003547,PFXC-001459,Screenshot,Customer,2026-03-24T13:58:22,PDF,Complete,Accepted,No,Passed
EVD-00003548,PFXC-001459,Receipt,Customer,2026-03-25T04:34:57,PDF,Complete,Accepted,No,Passed
EVD-00003549,PFXC-001460,Receipt,Customer,2025-08-01T15:38:04,PNG,Complete,Accepted,No,Passed
EVD-00003550,PFXC-001460,Screenshot,Customer,2025-08-01T21:42:16,PDF,Complete,Accepted,No,Passed
EVD-00003551,PFXC-001460,Screenshot,Merchant,2025-08-01T12:55:07,PDF,Complete,Accepted,No,Passed
EVD-00003552,PFXC-001461,Screenshot,Customer,2025-12-04T14:51:34,PNG,Complete,Accepted,No,Passed
EVD-00003553,PFXC-001461,Receipt,Customer,2025-12-03T17:40:09,CSV,Complete,Accepted,No,Passed
EVD-00003554,PFXC-001462,Receipt,Operations,2026-06-20T03:32:23,JPG,Complete,Further Evidence Required,No,Passed
EVD-00003555,PFXC-001463,Merchant Communication,Customer,2025-01-13T22:06:18,PDF,Complete,Accepted,Yes,Passed
EVD-00003556,PFXC-001465,Receipt,Customer,2025-04-30T05:01:11,PNG,Complete,Accepted,No,Passed
EVD-00003557,PFXC-001465,Screenshot,Customer,2025-04-30T00:09:47,PDF,Complete,Accepted,No,Passed
EVD-00003558,PFXC-001465,Screenshot,Customer,2025-04-30T04:31:52,PDF,Complete,Further Evidence Required,No,Passed
EVD-00003559,PFXC-001466,Receipt,Customer,2025-01-18T07:21:03,PNG,Unreadable,Rejected,No,Passed
EVD-00003560,PFXC-001466,Receipt,Operations,2025-01-15T21:09:28,PDF,Complete,Accepted,No,Passed
EVD-00003561,PFXC-001467,Screenshot,Customer,2025-03-18T05:10:58,PDF,Complete,Accepted,No,Passed
EVD-00003562,PFXC-001467,Receipt,Customer,2025-03-20T09:55:08,Other,Complete,Accepted,No,Passed
EVD-00003563,PFXC-001467,Bank Statement,Merchant,2025-03-20T08:03:11,PDF,Complete,Further Evidence Required,No,Passed
EVD-00003564,PFXC-001469,Other,Customer,2025-04-28T23:23:58,PDF,Complete,Further Evidence Required,Yes,Passed
EVD-00003565,PFXC-001469,Receipt,Customer,2025-04-28T09:54:07,PDF,Complete,Further Evidence Required,No,Failed
EVD-00003566,PFXC-001470,Identity Evidence,Customer,2026-01-30T11:34:33,PDF,Complete,Accepted,No,Passed
EVD-00003567,PFXC-001470,Merchant Communication,Merchant,2026-01-31T11:09:33,JPG,Complete,Further Evidence Required,No,Passed
EVD-00003568,PFXC-001470,Merchant Communication,Customer,2026-02-01T02:07:14,PNG,Complete,Accepted,No,Passed
EVD-00003569,PFXC-001470,Other,Customer,2026-01-30T15:03:14,PNG,Incomplete,Further Evidence Required,No,Passed
EVD-00003570,PFXC-001471,Other,Customer,2025-01-27T10:40:08,PDF,Incomplete,Further Evidence Required,No,Passed
EVD-00003571,PFXC-001471,Merchant Communication,Merchant,2025-01-26T10:42:20,Other,Complete,Accepted,No,Passed
EVD-00003572,PFXC-001471,Screenshot,Customer,2025-01-26T06:11:36,PDF,Complete,Accepted,No,Passed
EVD-00003573,PFXC-001472,Merchant Communication,Operations,2026-05-28T21:19:58,PDF,Incomplete,Further Evidence Required,No,Passed
EVD-00003574,PFXC-001472,Other,Customer,2026-05-31T03:16:00,JPG,Complete,Accepted,No,Passed
EVD-00003575,PFXC-001472,Identity Evidence,Customer,2026-05-28T12:49:48,PDF,Complete,Accepted,No,Passed
EVD-00003576,PFXC-001472,Receipt,Operations,2026-05-30T12:02:19,PNG,Complete,Further Evidence Required,No,Passed
EVD-00003577,PFXC-001473,Receipt,Operations,2025-02-04T19:27:39,PDF,Complete,Accepted,No,Passed
EVD-00003578,PFXC-001473,Screenshot,Customer,2025-02-04T00:35:39,JPG,Complete,Accepted,No,Passed
EVD-00003579,PFXC-001473,Merchant Communication,Customer,2025-02-05T11:38:33,Other,Complete,Accepted,No,Passed
EVD-00003580,PFXC-001474,Merchant Communication,Customer,2025-06-09T17:25:37,PDF,Complete,Accepted,No,Passed
EVD-00003581,PFXC-001474,Identity Evidence,Customer,2025-06-09T19:22:03,PNG,Complete,Accepted,No,Passed
EVD-00003582,PFXC-001474,Merchant Communication,Customer,2025-06-10T09:26:54,Other,Incomplete,Further Evidence Required,No,Passed
EVD-00003583,PFXC-001474,Receipt,Customer,2025-06-09T08:23:23,PDF,Complete,Accepted,No,Passed
EVD-00003584,PFXC-001476,Screenshot,Customer,2025-11-17T00:27:46,PNG,Incomplete,Further Evidence Required,No,Not Applicable
EVD-00003585,PFXC-001476,Receipt,Customer,2025-11-14T15:40:11,PDF,Complete,Accepted,No,Passed
EVD-00003586,PFXC-001476,Bank Statement,Operations,2025-11-15T11:02:41,Other,Incomplete,Further Evidence Required,No,Passed
EVD-00003587,PFXC-001477,Merchant Communication,Customer,2025-05-07T01:51:51,JPG,Complete,Accepted,No,Passed
EVD-00003588,PFXC-001477,Identity Evidence,Operations,2025-05-06T10:14:01,PDF,Complete,Accepted,No,Passed
EVD-00003589,PFXC-001478,Screenshot,Customer,2025-10-05T11:27:32,PDF,Complete,Accepted,No,Passed
EVD-00003590,PFXC-001478,Screenshot,Merchant,2025-10-07T00:43:48,JPG,Incomplete,Rejected,Yes,Passed
EVD-00003591,PFXC-001479,Screenshot,Customer,2026-03-31T23:24:59,PDF,Complete,Accepted,Yes,Passed
EVD-00003592,PFXC-001479,Screenshot,Customer,2026-03-31T14:06:29,PNG,Complete,Accepted,No,Passed
EVD-00003593,PFXC-001479,Receipt,Merchant,2026-03-31T14:40:09,PDF,Complete,Accepted,No,Passed
EVD-00003594,PFXC-001480,Receipt,Operations,2026-03-03T16:06:19,PNG,Complete,Accepted,No,Passed
EVD-00003595,PFXC-001480,Screenshot,Customer,2026-03-04T06:50:39,JPG,Incomplete,Further Evidence Required,No,Passed
EVD-00003596,PFXC-001481,Receipt,Operations,2025-05-21T08:09:56,CSV,Complete,Accepted,Yes,Passed
EVD-00003597,PFXC-001481,Merchant Communication,Operations,2025-05-23T13:04:39,PNG,Incomplete,Rejected,No,Passed
EVD-00003598,PFXC-001481,Screenshot,Operations,2025-05-21T18:19:00,Other,Complete,Accepted,Yes,Not Applicable
EVD-00003599,PFXC-001482,Receipt,Customer,2025-07-16T01:39:12,Other,Complete,Accepted,No,Passed
EVD-00003600,PFXC-001483,Identity Evidence,Customer,2025-01-04T09:57:35,JPG,Complete,Accepted,No,Passed
EVD-00003601,PFXC-001483,Receipt,Customer,2025-01-02T13:26:02,PDF,Incomplete,Further Evidence Required,No,Passed
EVD-00003602,PFXC-001484,Receipt,Customer,2025-12-31T14:46:07,PDF,Complete,Accepted,No,Passed
EVD-00003603,PFXC-001484,Bank Statement,Customer,2025-12-31T01:38:41,JPG,Complete,Accepted,No,Not Applicable
EVD-00003604,PFXC-001485,Bank Statement,Customer,2026-05-12T02:38:07,CSV,Incomplete,Rejected,No,Passed
EVD-00003605,PFXC-001485,Receipt,Customer,2026-05-12T23:07:10,PDF,Complete,Accepted,Yes,Passed
EVD-00003606,PFXC-001485,Bank Statement,Customer,2026-05-13T15:48:32,JPG,Complete,Accepted,No,Not Applicable
EVD-00003607,PFXC-001485,Receipt,Customer,2026-05-13T13:05:28,PDF,Complete,Accepted,No,Not Applicable
EVD-00003608,PFXC-001486,Bank Statement,Customer,2025-09-08T13:32:01,Other,Complete,Further Evidence Required,No,Passed
EVD-00003609,PFXC-001486,Screenshot,Customer,2025-09-09T01:40:36,PDF,Complete,Accepted,No,Passed
EVD-00003610,PFXC-001486,Bank Statement,Customer,2025-09-07T17:18:01,PDF,Complete,Accepted,No,Passed
EVD-00003611,PFXC-001487,Bank Statement,Customer,2025-09-06T21:46:59,PDF,Complete,Accepted,No,Not Applicable
EVD-00003612,PFXC-001487,Receipt,Customer,2025-09-06T06:25:33,CSV,Complete,Accepted,No,Passed
EVD-00003613,PFXC-001488,Screenshot,Customer,2025-08-10T21:22:19,Other,Complete,Accepted,Yes,Passed
EVD-00003614,PFXC-001488,Other,Customer,2025-08-11T10:13:20,JPG,Incomplete,Further Evidence Required,No,Passed
EVD-00003615,PFXC-001489,Merchant Communication,Merchant,2025-11-21T00:42:23,PNG,Complete,Accepted,No,Passed
EVD-00003616,PFXC-001489,Identity Evidence,Operations,2025-11-20T11:18:35,Other,Complete,Accepted,No,Passed
EVD-00003617,PFXC-001489,Merchant Communication,Customer,2025-11-20T23:33:56,Other,Complete,Accepted,No,Passed
EVD-00003618,PFXC-001490,Bank Statement,Merchant,2025-05-05T17:01:07,PNG,Complete,Accepted,No,Passed
EVD-00003619,PFXC-001491,Merchant Communication,Customer,2026-06-17T19:25:41,CSV,Complete,Accepted,No,Passed
EVD-00003620,PFXC-001491,Bank Statement,Customer,2026-06-18T08:52:38,PDF,Complete,Accepted,No,Passed
EVD-00003621,PFXC-001491,Screenshot,Customer,2026-06-18T08:29:59,Other,Complete,Accepted,No,Passed
EVD-00003622,PFXC-001491,Bank Statement,Customer,2026-06-18T22:10:54,PDF,Incomplete,Further Evidence Required,Yes,Passed
EVD-00003623,PFXC-001492,Receipt,Customer,2025-10-27T15:26:31,CSV,Complete,Further Evidence Required,No,Passed
EVD-00003624,PFXC-001492,Receipt,Customer,2025-10-28T15:33:01,PNG,Complete,Accepted,No,Passed
EVD-00003625,PFXC-001492,Other,Customer,2025-10-28T07:32:52,JPG,Complete,Accepted,No,Passed
EVD-00003626,PFXC-001493,Screenshot,Customer,2025-08-10T19:32:30,PDF,Complete,Accepted,No,Passed
EVD-00003627,PFXC-001493,Bank Statement,Customer,2025-08-11T14:56:58,PNG,Complete,Accepted,No,Passed
EVD-00003628,PFXC-001494,Screenshot,Customer,2025-10-03T02:39:53,PDF,Complete,Accepted,No,Passed
EVD-00003629,PFXC-001494,Receipt,Merchant,2025-10-03T19:57:00,PNG,Complete,Accepted,No,Passed
EVD-00003630,PFXC-001494,Bank Statement,Customer,2025-10-04T17:27:11,PDF,Complete,Accepted,Yes,Passed
EVD-00003631,PFXC-001495,Screenshot,Customer,2025-02-10T00:02:49,PDF,Complete,Further Evidence Required,No,Passed
EVD-00003632,PFXC-001495,Bank Statement,Customer,2025-02-09T01:26:32,JPG,Complete,Accepted,No,Passed
EVD-00003633,PFXC-001495,Merchant Communication,Customer,2025-02-10T07:12:51,PNG,Complete,Accepted,No,Passed
EVD-00003634,PFXC-001495,Screenshot,Customer,2025-02-11T17:06:14,PDF,Complete,Accepted,No,Passed
EVD-00003635,PFXC-001497,Screenshot,Customer,2025-07-13T01:12:30,PNG,Complete,Accepted,No,Not Applicable
EVD-00003636,PFXC-001498,Screenshot,Customer,2025-08-14T18:42:14,PNG,Incomplete,Further Evidence Required,No,Passed
EVD-00003637,PFXC-001498,Bank Statement,Customer,2025-08-15T05:42:15,PDF,Complete,Accepted,No,Passed
EVD-00003638,PFXC-001499,Screenshot,Customer,2025-02-22T23:50:48,CSV,Complete,Accepted,Yes,Passed
EVD-00003639,PFXC-001499,Screenshot,Customer,2025-02-22T17:47:08,CSV,Complete,Accepted,No,Passed
EVD-00003640,PFXC-001499,Merchant Communication,Customer,2025-02-23T09:39:26,JPG,Complete,Accepted,No,Passed
EVD-00003641,PFXC-001500,Receipt,Customer,2025-05-16T05:51:40,PDF,Complete,Accepted,Yes,Passed
EVD-00003642,PFXC-001500,Merchant Communication,Customer,2025-05-18T17:38:13,PDF,Complete,Accepted,No,Passed
EVD-00003643,PFXC-001501,Receipt,Customer,2025-08-08T02:55:06,Other,Complete,Accepted,No,Passed
EVD-00003644,PFXC-001501,Identity Evidence,Operations,2025-08-08T04:36:12,JPG,Incomplete,Further Evidence Required,No,Passed
EVD-00003645,PFXC-001502,Screenshot,Customer,2025-06-09T14:45:51,PNG,Complete,Accepted,No,Passed
EVD-00003646,PFXC-001503,Bank Statement,Customer,2025-01-12T10:25:02,PDF,Incomplete,Further Evidence Required,No,Passed
EVD-00003647,PFXC-001503,Screenshot,Customer,2025-01-11T17:11:03,Other,Complete,Accepted,No,Passed
EVD-00003648,PFXC-001503,Bank Statement,Customer,2025-01-10T16:29:20,PNG,Incomplete,Further Evidence Required,No,Passed
EVD-00003649,PFXC-001503,Screenshot,Customer,2025-01-11T10:10:33,PDF,Complete,Further Evidence Required,Yes,Passed
EVD-00003650,PFXC-001504,Receipt,Customer,2025-05-30T10:51:19,PDF,Complete,Further Evidence Required,No,Passed
EVD-00003651,PFXC-001504,Screenshot,Customer,2025-05-30T15:50:14,PNG,Complete,Accepted,Yes,Passed
EVD-00003652,PFXC-001505,Screenshot,Customer,2025-10-06T03:11:37,JPG,Complete,Accepted,Yes,Passed
EVD-00003653,PFXC-001506,Merchant Communication,Customer,2026-04-06T08:20:07,Other,Complete,Accepted,No,Passed
EVD-00003654,PFXC-001507,Receipt,Operations,2026-01-30T16:03:04,PDF,Complete,Further Evidence Required,No,Passed
EVD-00003655,PFXC-001507,Merchant Communication,Customer,2026-01-29T16:17:03,PDF,Complete,Accepted,No,Passed
EVD-00003656,PFXC-001508,Other,Customer,2026-06-27T11:17:06,PDF,Complete,Accepted,No,Passed
EVD-00003657,PFXC-001508,Other,Customer,2026-06-29T07:38:07,PNG,Incomplete,Further Evidence Required,No,Passed
EVD-00003658,PFXC-001509,Receipt,Operations,2025-01-04T23:24:35,PNG,Complete,Further Evidence Required,No,Passed
EVD-00003659,PFXC-001509,Receipt,Customer,2025-01-06T04:35:18,PDF,Complete,Further Evidence Required,No,Failed
EVD-00003660,PFXC-001509,Receipt,Customer,2025-01-05T21:14:25,PDF,Complete,Accepted,No,Passed
EVD-00003661,PFXC-001510,Merchant Communication,Customer,2026-04-19T10:24:56,PNG,Complete,Accepted,No,Passed
EVD-00003662,PFXC-001510,Receipt,Customer,2026-04-21T09:37:05,PDF,Complete,Accepted,No,Passed
EVD-00003663,PFXC-001510,Receipt,Customer,2026-04-20T10:53:43,PDF,Unreadable,Further Evidence Required,No,Passed
EVD-00003664,PFXC-001511,Receipt,Customer,2026-03-28T20:32:55,Other,Unreadable,Further Evidence Required,No,Passed
EVD-00003665,PFXC-001511,Screenshot,Customer,2026-03-28T16:10:09,PNG,Complete,Accepted,No,Passed
EVD-00003666,PFXC-001512,Receipt,Customer,2026-05-19T08:35:43,JPG,Complete,Accepted,No,Passed
EVD-00003667,PFXC-001512,Receipt,Customer,2026-05-17T09:43:55,PDF,Complete,Accepted,No,Passed
EVD-00003668,PFXC-001513,Merchant Communication,Customer,2025-05-14T06:57:13,CSV,Complete,Further Evidence Required,No,Passed
EVD-00003669,PFXC-001513,Receipt,Customer,2025-05-12T23:00:28,PDF,Complete,Accepted,No,Passed
EVD-00003670,PFXC-001514,Merchant Communication,Customer,2025-12-10T18:53:18,JPG,Complete,Accepted,No,Passed
EVD-00003671,PFXC-001514,Screenshot,Customer,2025-12-10T15:27:22,PNG,Complete,Accepted,No,Passed
EVD-00003672,PFXC-001514,Receipt,Customer,2025-12-11T06:44:51,JPG,Complete,Further Evidence Required,No,Passed
EVD-00003673,PFXC-001515,Bank Statement,Customer,2026-01-18T15:16:46,PDF,Complete,Accepted,No,Passed
EVD-00003674,PFXC-001515,Receipt,Operations,2026-01-19T14:52:41,PNG,Complete,Accepted,No,Passed
EVD-00003675,PFXC-001516,Receipt,Customer,2025-01-18T23:48:53,PDF,Complete,Further Evidence Required,No,Passed
EVD-00003676,PFXC-001516,Screenshot,Operations,2025-01-20T02:45:16,JPG,Incomplete,Further Evidence Required,No,Passed
EVD-00003677,PFXC-001516,Merchant Communication,Merchant,2025-01-20T04:30:02,CSV,Complete,Accepted,No,Passed
EVD-00003678,PFXC-001516,Bank Statement,Customer,2025-01-17T19:15:25,JPG,Complete,Accepted,Yes,Passed
EVD-00003679,PFXC-001517,Merchant Communication,Merchant,2026-03-27T17:04:34,JPG,Complete,Accepted,No,Passed
EVD-00003680,PFXC-001517,Screenshot,Customer,2026-03-27T07:39:35,PDF,Complete,Accepted,No,Passed
EVD-00003681,PFXC-001518,Screenshot,Customer,2025-03-01T01:22:25,CSV,Complete,Accepted,No,Passed
EVD-00003682,PFXC-001518,Screenshot,Operations,2025-02-27T08:32:31,PDF,Complete,Accepted,No,Not Applicable
EVD-00003683,PFXC-001518,Receipt,Customer,2025-02-28T08:02:07,PDF,Complete,Accepted,No,Passed
EVD-00003684,PFXC-001518,Screenshot,Merchant,2025-03-01T02:24:27,PNG,Complete,Accepted,No,Passed
EVD-00003685,PFXC-001519,Receipt,Customer,2025-05-05T20:35:20,Other,Complete,Accepted,No,Passed
EVD-00003686,PFXC-001519,Merchant Communication,Customer,2025-05-05T06:56:29,PDF,Incomplete,Further Evidence Required,No,Passed
EVD-00003687,PFXC-001520,Bank Statement,Customer,2026-06-16T06:38:06,PDF,Complete,Accepted,Yes,Passed
EVD-00003688,PFXC-001520,Receipt,Merchant,2026-06-16T18:26:43,JPG,Complete,Accepted,No,Passed
EVD-00003689,PFXC-001520,Merchant Communication,Customer,2026-06-17T09:00:22,PDF,Complete,Accepted,Yes,Passed
EVD-00003690,PFXC-001521,Receipt,Customer,2025-10-18T15:18:53,PDF,Incomplete,Further Evidence Required,Yes,Passed
EVD-00003691,PFXC-001522,Bank Statement,Customer,2026-02-23T17:57:48,PDF,Complete,Accepted,No,Passed
EVD-00003692,PFXC-001522,Receipt,Merchant,2026-02-26T04:25:27,PDF,Complete,Accepted,No,Passed
EVD-00003693,PFXC-001523,Receipt,Customer,2025-06-27T19:44:37,JPG,Complete,Accepted,No,Passed
EVD-00003694,PFXC-001523,Screenshot,Operations,2025-06-26T10:27:50,PDF,Incomplete,Further Evidence Required,No,Passed
EVD-00003695,PFXC-001524,Screenshot,Customer,2025-01-04T19:19:04,JPG,Complete,Accepted,No,Passed
EVD-00003696,PFXC-001524,Bank Statement,Customer,2025-01-05T02:43:32,PNG,Complete,Accepted,Yes,Passed
EVD-00003697,PFXC-001524,Other,Customer,2025-01-04T15:32:54,PDF,Complete,Accepted,No,Passed
EVD-00003698,PFXC-001524,Receipt,Merchant,2025-01-03T20:45:03,PDF,Complete,Accepted,No,Passed
EVD-00003699,PFXC-001525,Screenshot,Customer,2025-02-24T15:24:34,Other,Incomplete,Rejected,No,Passed
EVD-00003700,PFXC-001525,Bank Statement,Customer,2025-02-25T06:30:58,PDF,Complete,Further Evidence Required,Yes,Passed
EVD-00003701,PFXC-001526,Bank Statement,Merchant,2025-02-07T20:49:26,PNG,Complete,Accepted,No,Passed
EVD-00003702,PFXC-001526,Identity Evidence,Customer,2025-02-05T18:44:28,PNG,Complete,Accepted,No,Passed
EVD-00003703,PFXC-001527,Receipt,Customer,2026-01-01T00:41:46,PNG,Complete,Accepted,No,Passed
EVD-00003704,PFXC-001527,Other,Operations,2026-01-01T02:59:49,PDF,Incomplete,Further Evidence Required,No,Passed
EVD-00003705,PFXC-001528,Bank Statement,Customer,2025-02-02T08:08:14,CSV,Complete,Accepted,No,Passed
EVD-00003706,PFXC-001528,Identity Evidence,Customer,2025-02-03T03:38:16,CSV,Complete,Accepted,No,Passed
EVD-00003707,PFXC-001529,Bank Statement,Customer,2025-01-21T19:59:19,PDF,Unreadable,Further Evidence Required,No,Passed
EVD-00003708,PFXC-001529,Merchant Communication,Customer,2025-01-20T04:20:19,PDF,Complete,Further Evidence Required,No,Not Applicable
EVD-00003709,PFXC-001529,Bank Statement,Customer,2025-01-21T08:03:37,PDF,Incomplete,Rejected,No,Passed
EVD-00003710,PFXC-001530,Bank Statement,Operations,2026-06-17T03:37:38,PNG,Complete,Accepted,Yes,Passed
EVD-00003711,PFXC-001530,Bank Statement,Customer,2026-06-18T03:03:42,PDF,Complete,Accepted,No,Passed
EVD-00003712,PFXC-001531,Screenshot,Customer,2025-11-25T02:50:55,PNG,Complete,Accepted,No,Passed
EVD-00003713,PFXC-001531,Bank Statement,Customer,2025-11-26T07:15:00,Other,Complete,Accepted,No,Passed
EVD-00003714,PFXC-001532,Other,Customer,2025-05-19T10:04:10,Other,Complete,Accepted,Yes,Passed
EVD-00003715,PFXC-001532,Screenshot,Customer,2025-05-21T03:49:48,JPG,Incomplete,Further Evidence Required,Yes,Passed
EVD-00003716,PFXC-001533,Screenshot,Operations,2025-11-21T06:49:08,PDF,Complete,Accepted,Yes,Passed
EVD-00003717,PFXC-001534,Bank Statement,Operations,2025-04-04T21:30:14,CSV,Complete,Further Evidence Required,No,Not Applicable
EVD-00003718,PFXC-001534,Merchant Communication,Operations,2025-04-04T07:27:52,PNG,Complete,Accepted,No,Passed
EVD-00003719,PFXC-001535,Identity Evidence,Customer,2025-01-03T06:21:38,PDF,Incomplete,Rejected,Yes,Passed
EVD-00003720,PFXC-001535,Bank Statement,Operations,2025-01-04T16:15:12,PNG,Complete,Accepted,No,Passed
EVD-00003721,PFXC-001536,Screenshot,Customer,2026-05-24T21:57:21,PDF,Complete,Accepted,No,Failed
EVD-00003722,PFXC-001536,Screenshot,Customer,2026-05-22T15:10:27,PDF,Complete,Accepted,No,Passed
EVD-00003723,PFXC-001537,Receipt,Customer,2026-03-05T12:41:21,PDF,Incomplete,Rejected,No,Passed
EVD-00003724,PFXC-001537,Merchant Communication,Customer,2026-03-04T00:33:45,PNG,Complete,Accepted,No,Passed
EVD-00003725,PFXC-001538,Screenshot,Customer,2025-12-14T14:15:03,PDF,Complete,Accepted,No,Passed
EVD-00003726,PFXC-001538,Screenshot,Operations,2025-12-12T18:29:38,JPG,Complete,Accepted,No,Passed
EVD-00003727,PFXC-001539,Merchant Communication,Customer,2025-08-13T16:36:59,Other,Complete,Accepted,No,Passed
EVD-00003728,PFXC-001539,Screenshot,Customer,2025-08-12T21:43:05,JPG,Complete,Accepted,No,Passed
EVD-00003729,PFXC-001540,Receipt,Customer,2025-10-07T15:01:49,PDF,Complete,Accepted,No,Passed
EVD-00003730,PFXC-001540,Receipt,Customer,2025-10-06T16:46:07,Other,Complete,Accepted,No,Not Applicable
EVD-00003731,PFXC-001541,Receipt,Customer,2025-07-01T05:31:13,JPG,Complete,Accepted,No,Passed
EVD-00003732,PFXC-001542,Other,Customer,2025-12-22T00:50:53,PNG,Complete,Accepted,No,Passed
EVD-00003733,PFXC-001543,Bank Statement,Merchant,2025-02-21T03:15:38,JPG,Complete,Accepted,No,Passed
EVD-00003734,PFXC-001543,Receipt,Customer,2025-02-20T21:06:24,PDF,Incomplete,Further Evidence Required,No,Passed
EVD-00003735,PFXC-001543,Bank Statement,Merchant,2025-02-20T19:02:58,PNG,Complete,Accepted,No,Passed
EVD-00003736,PFXC-001543,Other,Customer,2025-02-20T08:31:10,PDF,Complete,Accepted,No,Passed
EVD-00003737,PFXC-001544,Receipt,Customer,2025-04-11T10:42:18,JPG,Complete,Accepted,No,Passed
EVD-00003738,PFXC-001544,Bank Statement,Customer,2025-04-10T07:41:57,Other,Complete,Accepted,Yes,Passed
EVD-00003739,PFXC-001545,Screenshot,Customer,2026-05-31T16:28:56,Other,Complete,Accepted,No,Passed
EVD-00003740,PFXC-001545,Receipt,Customer,2026-06-01T11:20:58,PDF,Complete,Accepted,Yes,Passed
EVD-00003741,PFXC-001546,Other,Customer,2025-11-07T07:21:02,PNG,Unreadable,Further Evidence Required,Yes,Passed
EVD-00003742,PFXC-001546,Bank Statement,Customer,2025-11-06T18:48:23,PNG,Complete,Accepted,No,Passed
EVD-00003743,PFXC-001546,Screenshot,Merchant,2025-11-06T08:02:09,PDF,Incomplete,Further Evidence Required,Yes,Passed
EVD-00003744,PFXC-001547,Other,Customer,2025-03-03T08:09:27,PNG,Complete,Accepted,No,Passed
EVD-00003745,PFXC-001547,Merchant Communication,Customer,2025-03-03T00:50:52,JPG,Complete,Accepted,No,Passed
EVD-00003746,PFXC-001548,Receipt,Customer,2025-08-25T09:25:26,PDF,Complete,Accepted,No,Not Applicable
EVD-00003747,PFXC-001548,Merchant Communication,Customer,2025-08-24T07:25:28,Other,Complete,Accepted,Yes,Passed
EVD-00003748,PFXC-001549,Receipt,Customer,2025-08-27T01:33:29,PDF,Complete,Accepted,Yes,Passed
EVD-00003749,PFXC-001549,Merchant Communication,Customer,2025-08-26T22:22:42,PDF,Complete,Accepted,No,Passed
EVD-00003750,PFXC-001550,Receipt,Customer,2026-03-31T00:42:13,PNG,Complete,Accepted,No,Passed
EVD-00003751,PFXC-001550,Receipt,Customer,2026-03-30T05:32:29,JPG,Complete,Accepted,No,Passed
EVD-00003752,PFXC-001550,Receipt,Customer,2026-03-30T03:39:18,PDF,Unreadable,Further Evidence Required,No,Passed
EVD-00003753,PFXC-001550,Screenshot,Customer,2026-03-31T02:31:54,JPG,Complete,Accepted,No,Passed
EVD-00003754,PFXC-001551,Identity Evidence,Merchant,2025-01-06T00:54:41,PDF,Complete,Accepted,No,Passed
EVD-00003755,PFXC-001551,Receipt,Customer,2025-01-05T03:02:13,PNG,Complete,Accepted,No,Passed
EVD-00003756,PFXC-001551,Merchant Communication,Customer,2025-01-06T08:19:15,JPG,Complete,Accepted,No,Passed
EVD-00003757,PFXC-001551,Bank Statement,Customer,2025-01-05T11:43:34,PDF,Complete,Accepted,No,Not Applicable
EVD-00003758,PFXC-001552,Screenshot,Customer,2025-05-06T13:09:38,JPG,Unreadable,Further Evidence Required,No,Passed
EVD-00003759,PFXC-001552,Screenshot,Customer,2025-05-06T05:10:06,PNG,Complete,Accepted,No,Passed
EVD-00003760,PFXC-001553,Identity Evidence,Customer,2025-04-26T20:12:12,Other,Complete,Accepted,No,Passed
EVD-00003761,PFXC-001553,Screenshot,Customer,2025-04-25T01:55:33,Other,Complete,Accepted,No,Passed
EVD-00003762,PFXC-001554,Screenshot,Customer,2026-02-10T18:38:35,PDF,Complete,Accepted,Yes,Passed
EVD-00003763,PFXC-001554,Screenshot,Customer,2026-02-13T09:13:54,PDF,Complete,Accepted,No,Passed
EVD-00003764,PFXC-001554,Merchant Communication,Customer,2026-02-11T22:55:20,PDF,Complete,Accepted,No,Passed
EVD-00003765,PFXC-001554,Receipt,Customer,2026-02-12T11:21:23,PDF,Complete,Accepted,No,Passed
EVD-00003766,PFXC-001555,Merchant Communication,Customer,2025-02-09T16:17:38,PDF,Complete,Accepted,No,Passed
EVD-00003767,PFXC-001555,Bank Statement,Customer,2025-02-10T17:50:28,PDF,Complete,Accepted,No,Passed
EVD-00003768,PFXC-001555,Other,Customer,2025-02-08T10:07:51,Other,Complete,Further Evidence Required,No,Passed
EVD-00003769,PFXC-001555,Other,Customer,2025-02-09T20:49:42,PNG,Complete,Further Evidence Required,Yes,Passed
EVD-00003770,PFXC-001556,Merchant Communication,Merchant,2026-02-06T06:33:03,PNG,Complete,Accepted,No,Passed
EVD-00003771,PFXC-001556,Receipt,Customer,2026-02-03T19:44:45,PNG,Complete,Accepted,No,Passed
EVD-00003772,PFXC-001556,Receipt,Operations,2026-02-04T01:05:06,PNG,Complete,Further Evidence Required,No,Passed
EVD-00003773,PFXC-001556,Receipt,Customer,2026-02-06T08:28:19,PDF,Complete,Accepted,No,Passed
EVD-00003774,PFXC-001557,Receipt,Merchant,2025-01-29T08:01:07,PDF,Complete,Accepted,No,Passed
EVD-00003775,PFXC-001557,Merchant Communication,Customer,2025-01-29T14:42:16,PNG,Complete,Further Evidence Required,No,Passed
EVD-00003776,PFXC-001557,Receipt,Customer,2025-01-31T06:01:43,PDF,Complete,Accepted,No,Passed
EVD-00003777,PFXC-001557,Receipt,Customer,2025-01-30T12:15:52,PNG,Complete,Accepted,No,Passed
EVD-00003778,PFXC-001558,Receipt,Customer,2026-02-24T03:22:13,PDF,Complete,Accepted,Yes,Passed
EVD-00003779,PFXC-001558,Receipt,Customer,2026-02-22T22:10:47,PNG,Complete,Accepted,No,Passed
EVD-00003780,PFXC-001558,Receipt,Customer,2026-02-25T05:31:07,PDF,Complete,Further Evidence Required,No,Passed
EVD-00003781,PFXC-001559,Screenshot,Customer,2025-03-31T10:00:12,JPG,Complete,Accepted,No,Passed
EVD-00003782,PFXC-001559,Bank Statement,Customer,2025-03-31T02:48:18,CSV,Complete,Accepted,No,Not Applicable
EVD-00003783,PFXC-001559,Merchant Communication,Merchant,2025-03-30T19:14:24,PNG,Incomplete,Further Evidence Required,No,Passed
EVD-00003784,PFXC-001560,Identity Evidence,Merchant,2026-04-21T18:58:50,Other,Complete,Accepted,Yes,Passed
EVD-00003785,PFXC-001561,Identity Evidence,Merchant,2025-05-07T03:22:35,JPG,Complete,Further Evidence Required,No,Passed
EVD-00003786,PFXC-001561,Bank Statement,Customer,2025-05-07T14:03:11,PDF,Complete,Accepted,Yes,Passed
EVD-00003787,PFXC-001562,Merchant Communication,Customer,2026-03-18T22:15:17,PDF,Complete,Accepted,No,Passed
EVD-00003788,PFXC-001562,Screenshot,Customer,2026-03-18T02:56:32,PDF,Complete,Accepted,Yes,Passed
EVD-00003789,PFXC-001563,Screenshot,Customer,2025-11-13T00:25:38,PNG,Incomplete,Further Evidence Required,No,Passed
EVD-00003790,PFXC-001563,Receipt,Operations,2025-11-14T09:23:50,PDF,Complete,Accepted,No,Failed
EVD-00003791,PFXC-001563,Receipt,Merchant,2025-11-14T17:25:06,PDF,Complete,Accepted,Yes,Passed
EVD-00003792,PFXC-001564,Screenshot,Customer,2026-04-04T13:22:34,PDF,Complete,Accepted,Yes,Passed
EVD-00003793,PFXC-001564,Bank Statement,Customer,2026-04-03T10:04:29,Other,Complete,Accepted,No,Passed
EVD-00003794,PFXC-001564,Receipt,Customer,2026-04-03T19:51:53,PNG,Complete,Accepted,No,Passed
EVD-00003795,PFXC-001565,Other,Customer,2025-09-03T00:47:14,Other,Unreadable,Rejected,Yes,Passed
EVD-00003796,PFXC-001565,Receipt,Customer,2025-09-02T07:25:01,JPG,Complete,Accepted,No,Passed
EVD-00003797,PFXC-001565,Screenshot,Customer,2025-09-01T08:47:53,PNG,Incomplete,Rejected,Yes,Passed
EVD-00003798,PFXC-001567,Screenshot,Customer,2025-09-28T14:49:08,PNG,Complete,Accepted,Yes,Passed
EVD-00003799,PFXC-001568,Merchant Communication,Customer,2026-04-07T18:15:14,Other,Incomplete,Rejected,No,Passed
EVD-00003800,PFXC-001568,Bank Statement,Customer,2026-04-08T15:22:34,PDF,Complete,Accepted,No,Passed
EVD-00003801,PFXC-001569,Receipt,Merchant,2025-05-22T20:26:26,PNG,Complete,Accepted,No,Passed
EVD-00003802,PFXC-001569,Bank Statement,Merchant,2025-05-23T10:52:43,PDF,Complete,Accepted,No,Passed
EVD-00003803,PFXC-001569,Screenshot,Customer,2025-05-22T21:17:48,PNG,Complete,Accepted,No,Not Applicable
EVD-00003804,PFXC-001569,Bank Statement,Customer,2025-05-24T09:50:26,JPG,Complete,Accepted,No,Passed
EVD-00003805,PFXC-001571,Receipt,Operations,2025-07-24T02:36:16,PDF,Incomplete,Further Evidence Required,No,Not Applicable
EVD-00003806,PFXC-001571,Bank Statement,Operations,2025-07-26T15:51:05,Other,Complete,Accepted,No,Passed
EVD-00003807,PFXC-001572,Screenshot,Merchant,2025-11-13T15:20:26,PNG,Incomplete,Rejected,No,Passed
EVD-00003808,PFXC-001573,Identity Evidence,Customer,2025-12-29T00:48:03,PNG,Incomplete,Rejected,Yes,Passed
EVD-00003809,PFXC-001573,Screenshot,Customer,2025-12-30T04:50:31,PDF,Complete,Accepted,Yes,Passed
EVD-00003810,PFXC-001573,Receipt,Merchant,2025-12-28T18:08:15,JPG,Complete,Accepted,Yes,Passed
EVD-00003811,PFXC-001574,Screenshot,Customer,2025-11-14T02:45:53,Other,Complete,Further Evidence Required,No,Passed
EVD-00003812,PFXC-001574,Screenshot,Customer,2025-11-15T17:22:51,PDF,Complete,Accepted,Yes,Passed
EVD-00003813,PFXC-001575,Bank Statement,Customer,2026-05-01T14:27:03,Other,Complete,Accepted,No,Passed
EVD-00003814,PFXC-001575,Receipt,Customer,2026-04-30T20:57:47,PDF,Complete,Accepted,No,Passed
EVD-00003815,PFXC-001576,Screenshot,Customer,2026-03-01T01:26:27,PNG,Complete,Accepted,Yes,Passed
EVD-00003816,PFXC-001577,Receipt,Customer,2026-01-02T07:53:18,JPG,Complete,Accepted,No,Passed
EVD-00003817,PFXC-001577,Receipt,Customer,2025-12-31T22:59:36,CSV,Incomplete,Further Evidence Required,Yes,Passed
EVD-00003818,PFXC-001578,Merchant Communication,Merchant,2026-02-01T19:35:31,PDF,Complete,Further Evidence Required,No,Passed
EVD-00003819,PFXC-001578,Screenshot,Customer,2026-02-02T22:59:07,PDF,Complete,Accepted,No,Passed
EVD-00003820,PFXC-001579,Bank Statement,Customer,2025-09-05T02:36:54,PDF,Complete,Further Evidence Required,No,Passed
EVD-00003821,PFXC-001580,Bank Statement,Operations,2026-03-18T03:14:13,PDF,Complete,Further Evidence Required,No,Passed
EVD-00003822,PFXC-001580,Bank Statement,Customer,2026-03-17T00:05:32,PDF,Incomplete,Further Evidence Required,Yes,Passed
EVD-00003823,PFXC-001581,Merchant Communication,Merchant,2026-04-20T08:28:05,CSV,Complete,Accepted,No,Failed
EVD-00003824,PFXC-001581,Merchant Communication,Merchant,2026-04-21T08:21:06,PNG,Complete,Accepted,No,Not Applicable
EVD-00003825,PFXC-001581,Bank Statement,Operations,2026-04-21T14:09:13,CSV,Complete,Accepted,No,Passed
EVD-00003826,PFXC-001581,Merchant Communication,Customer,2026-04-20T23:31:09,PNG,Complete,Further Evidence Required,No,Not Applicable
EVD-00003827,PFXC-001582,Bank Statement,Merchant,2025-11-09T01:50:36,PDF,Complete,Accepted,No,Passed
EVD-00003828,PFXC-001584,Bank Statement,Merchant,2025-12-04T17:05:23,PNG,Complete,Accepted,Yes,Passed
EVD-00003829,PFXC-001584,Bank Statement,Customer,2025-12-05T22:02:50,JPG,Unreadable,Further Evidence Required,No,Passed
EVD-00003830,PFXC-001584,Bank Statement,Merchant,2025-12-05T15:41:11,PDF,Complete,Accepted,No,Passed
EVD-00003831,PFXC-001585,Other,Customer,2025-07-30T22:12:28,PDF,Complete,Accepted,No,Passed
EVD-00003832,PFXC-001586,Merchant Communication,Customer,2026-04-27T12:41:41,PDF,Complete,Accepted,No,Passed
EVD-00003833,PFXC-001586,Screenshot,Customer,2026-04-26T03:11:37,PNG,Incomplete,Rejected,No,Passed
EVD-00003834,PFXC-001586,Merchant Communication,Customer,2026-04-27T11:02:05,PDF,Complete,Accepted,No,Passed
EVD-00003835,PFXC-001587,Screenshot,Customer,2025-08-14T06:55:24,CSV,Incomplete,Further Evidence Required,No,Passed
EVD-00003836,PFXC-001587,Screenshot,Merchant,2025-08-14T11:17:10,Other,Complete,Accepted,No,Passed
EVD-00003837,PFXC-001588,Screenshot,Customer,2026-02-12T13:26:40,PDF,Incomplete,Rejected,No,Passed
EVD-00003838,PFXC-001589,Screenshot,Customer,2026-06-20T03:51:12,CSV,Unreadable,Further Evidence Required,Yes,Passed
EVD-00003839,PFXC-001589,Receipt,Customer,2026-06-21T04:52:20,PDF,Incomplete,Further Evidence Required,No,Passed
EVD-00003840,PFXC-001590,Other,Customer,2026-04-08T03:59:33,PNG,Complete,Accepted,Yes,Passed
EVD-00003841,PFXC-001590,Screenshot,Customer,2026-04-08T00:03:14,Other,Complete,Accepted,No,Passed
EVD-00003842,PFXC-001590,Merchant Communication,Customer,2026-04-09T11:00:19,PDF,Complete,Accepted,No,Passed
EVD-00003843,PFXC-001591,Merchant Communication,Customer,2025-12-30T04:43:45,PNG,Complete,Accepted,No,Passed
EVD-00003844,PFXC-001591,Receipt,Customer,2025-12-30T16:33:56,PDF,Unreadable,Further Evidence Required,No,Passed
EVD-00003845,PFXC-001591,Bank Statement,Customer,2025-12-29T01:44:25,PDF,Complete,Accepted,No,Passed
EVD-00003846,PFXC-001591,Bank Statement,Customer,2025-12-30T09:35:15,JPG,Complete,Accepted,Yes,Not Applicable
EVD-00003847,PFXC-001592,Merchant Communication,Customer,2025-09-06T17:38:59,PDF,Incomplete,Further Evidence Required,No,Passed
EVD-00003848,PFXC-001592,Other,Customer,2025-09-06T14:54:09,JPG,Complete,Accepted,Yes,Passed
EVD-00003849,PFXC-001593,Receipt,Customer,2026-06-03T01:15:27,Other,Complete,Accepted,Yes,Passed
EVD-00003850,PFXC-001593,Screenshot,Customer,2026-06-01T13:14:09,JPG,Complete,Further Evidence Required,No,Passed
EVD-00003851,PFXC-001593,Bank Statement,Operations,2026-06-03T06:08:53,PDF,Complete,Further Evidence Required,No,Passed
EVD-00003852,PFXC-001594,Bank Statement,Merchant,2025-11-11T18:29:42,Other,Complete,Accepted,No,Passed
EVD-00003853,PFXC-001595,Receipt,Customer,2026-05-03T23:54:34,PDF,Complete,Accepted,No,Failed
EVD-00003854,PFXC-001597,Screenshot,Operations,2026-02-24T05:22:40,PDF,Complete,Accepted,Yes,Passed
EVD-00003855,PFXC-001597,Bank Statement,Customer,2026-02-22T18:58:20,PDF,Incomplete,Further Evidence Required,No,Passed
EVD-00003856,PFXC-001598,Merchant Communication,Customer,2025-03-22T10:54:06,PNG,Complete,Accepted,No,Passed
EVD-00003857,PFXC-001598,Receipt,Customer,2025-03-21T22:57:22,PDF,Complete,Accepted,No,Passed
EVD-00003858,PFXC-001598,Receipt,Customer,2025-03-21T08:38:42,PDF,Complete,Accepted,No,Passed
EVD-00003859,PFXC-001599,Identity Evidence,Customer,2026-01-15T21:52:19,JPG,Complete,Accepted,No,Passed
EVD-00003860,PFXC-001599,Merchant Communication,Customer,2026-01-18T13:34:14,PNG,Incomplete,Rejected,Yes,Passed
EVD-00003861,PFXC-001600,Other,Customer,2026-06-16T09:04:17,PNG,Complete,Accepted,No,Passed
EVD-00003862,PFXC-001600,Screenshot,Customer,2026-06-17T07:53:47,JPG,Incomplete,Further Evidence Required,Yes,Passed
EVD-00003863,PFXC-001600,Merchant Communication,Merchant,2026-06-17T06:15:03,PDF,Complete,Accepted,No,Passed
EVD-00003864,PFXC-001600,Screenshot,Customer,2026-06-18T06:01:39,PDF,Incomplete,Rejected,No,Passed
EVD-00003865,PFXC-001601,Screenshot,Customer,2026-04-14T02:02:44,PDF,Incomplete,Rejected,No,Passed
EVD-00003866,PFXC-001601,Screenshot,Customer,2026-04-14T00:19:53,PDF,Complete,Accepted,No,Passed
EVD-00003867,PFXC-001602,Receipt,Customer,2025-01-05T02:43:14,Other,Complete,Accepted,No,Not Applicable
EVD-00003868,PFXC-001602,Receipt,Operations,2025-01-06T01:18:32,PDF,Unreadable,Further Evidence Required,Yes,Passed
EVD-00003869,PFXC-001604,Receipt,Operations,2026-02-02T05:31:37,JPG,Complete,Accepted,No,Passed
EVD-00003870,PFXC-001605,Screenshot,Customer,2025-09-23T09:44:55,PNG,Unreadable,Rejected,No,Passed
EVD-00003871,PFXC-001605,Screenshot,Customer,2025-09-21T14:52:11,PDF,Complete,Accepted,No,Passed
EVD-00003872,PFXC-001606,Screenshot,Customer,2026-03-02T15:04:36,PNG,Complete,Accepted,No,Passed
EVD-00003873,PFXC-001606,Bank Statement,Customer,2026-03-02T15:58:38,PDF,Complete,Further Evidence Required,No,Passed
EVD-00003874,PFXC-001607,Receipt,Customer,2026-05-04T14:32:42,PNG,Unreadable,Further Evidence Required,No,Passed
EVD-00003875,PFXC-001607,Bank Statement,Customer,2026-05-06T03:04:14,JPG,Unreadable,Rejected,No,Failed
EVD-00003876,PFXC-001609,Receipt,Customer,2026-02-25T21:40:49,JPG,Complete,Accepted,No,Passed
EVD-00003877,PFXC-001609,Screenshot,Customer,2026-02-25T11:28:44,PDF,Complete,Accepted,No,Passed
EVD-00003878,PFXC-001610,Receipt,Operations,2025-03-17T02:46:07,PDF,Complete,Accepted,No,Passed
EVD-00003879,PFXC-001610,Bank Statement,Customer,2025-03-15T09:01:26,PDF,Complete,Accepted,No,Passed
EVD-00003880,PFXC-001611,Merchant Communication,Customer,2025-12-06T06:49:28,PNG,Incomplete,Further Evidence Required,No,Passed
EVD-00003881,PFXC-001611,Screenshot,Merchant,2025-12-06T10:37:41,PDF,Incomplete,Rejected,No,Passed
EVD-00003882,PFXC-001611,Receipt,Customer,2025-12-06T17:47:23,JPG,Incomplete,Rejected,No,Passed
EVD-00003883,PFXC-001611,Receipt,Customer,2025-12-05T08:25:19,JPG,Complete,Further Evidence Required,No,Passed
EVD-00003884,PFXC-001612,Screenshot,Customer,2026-06-04T09:51:23,Other,Complete,Accepted,No,Not Applicable
EVD-00003885,PFXC-001612,Receipt,Merchant,2026-06-04T02:25:40,CSV,Complete,Accepted,No,Passed
EVD-00003886,PFXC-001612,Receipt,Customer,2026-06-04T11:31:51,PNG,Complete,Accepted,No,Passed
EVD-00003887,PFXC-001613,Receipt,Customer,2025-02-09T09:44:46,PDF,Complete,Accepted,No,Not Applicable
EVD-00003888,PFXC-001613,Bank Statement,Customer,2025-02-09T10:05:37,CSV,Complete,Accepted,No,Passed
EVD-00003889,PFXC-001614,Merchant Communication,Customer,2026-06-25T08:55:38,Other,Complete,Accepted,No,Passed
EVD-00003890,PFXC-001614,Merchant Communication,Customer,2026-06-24T21:19:05,PNG,Complete,Accepted,Yes,Passed
EVD-00003891,PFXC-001614,Bank Statement,Customer,2026-06-24T19:49:18,JPG,Complete,Accepted,No,Passed
EVD-00003892,PFXC-001614,Merchant Communication,Customer,2026-06-26T19:55:04,CSV,Complete,Accepted,No,Passed
EVD-00003893,PFXC-001615,Other,Customer,2026-02-16T14:42:15,PDF,Complete,Accepted,No,Passed
EVD-00003894,PFXC-001615,Bank Statement,Customer,2026-02-17T05:02:18,PNG,Complete,Accepted,No,Passed
EVD-00003895,PFXC-001615,Receipt,Customer,2026-02-16T02:01:53,PDF,Incomplete,Further Evidence Required,No,Passed
EVD-00003896,PFXC-001616,Receipt,Customer,2026-02-14T23:45:00,PDF,Unreadable,Further Evidence Required,No,Passed
EVD-00003897,PFXC-001616,Receipt,Customer,2026-02-17T09:36:24,PDF,Complete,Accepted,No,Passed
EVD-00003898,PFXC-001617,Merchant Communication,Customer,2026-01-22T17:32:21,JPG,Incomplete,Rejected,Yes,Passed
EVD-00003899,PFXC-001617,Screenshot,Customer,2026-01-21T12:03:48,PNG,Complete,Further Evidence Required,No,Passed
EVD-00003900,PFXC-001617,Identity Evidence,Customer,2026-01-23T14:35:29,CSV,Complete,Accepted,No,Passed
EVD-00003901,PFXC-001617,Merchant Communication,Customer,2026-01-21T15:33:41,Other,Complete,Accepted,Yes,Passed
EVD-00003902,PFXC-001618,Bank Statement,Customer,2025-09-04T07:17:06,JPG,Complete,Accepted,No,Passed
EVD-00003903,PFXC-001618,Receipt,Customer,2025-09-03T17:55:28,PDF,Complete,Accepted,No,Passed
EVD-00003904,PFXC-001618,Receipt,Operations,2025-09-01T15:58:55,PDF,Incomplete,Rejected,No,Passed
EVD-00003905,PFXC-001619,Receipt,Customer,2026-01-28T00:26:41,PDF,Complete,Accepted,Yes,Passed
EVD-00003906,PFXC-001619,Screenshot,Customer,2026-01-28T02:56:44,JPG,Unreadable,Further Evidence Required,No,Passed
EVD-00003907,PFXC-001619,Identity Evidence,Customer,2026-01-28T08:26:46,Other,Complete,Further Evidence Required,No,Passed
EVD-00003908,PFXC-001619,Merchant Communication,Customer,2026-01-29T15:53:49,CSV,Complete,Accepted,Yes,Passed
EVD-00003909,PFXC-001620,Merchant Communication,Customer,2025-08-24T10:25:25,PDF,Incomplete,Rejected,No,Passed
EVD-00003910,PFXC-001620,Bank Statement,Customer,2025-08-23T18:38:24,PNG,Incomplete,Rejected,No,Passed
EVD-00003911,PFXC-001621,Receipt,Customer,2026-02-28T04:40:31,PDF,Complete,Accepted,No,Passed
EVD-00003912,PFXC-001621,Other,Customer,2026-03-01T09:27:20,PDF,Complete,Accepted,No,Passed
EVD-00003913,PFXC-001622,Screenshot,Customer,2025-05-08T03:12:37,PDF,Incomplete,Rejected,No,Passed
EVD-00003914,PFXC-001622,Receipt,Customer,2025-05-07T12:18:33,Other,Complete,Accepted,Yes,Passed
EVD-00003915,PFXC-001622,Merchant Communication,Operations,2025-05-06T14:20:48,PDF,Complete,Accepted,Yes,Passed
EVD-00003916,PFXC-001622,Merchant Communication,Customer,2025-05-07T05:58:51,PDF,Complete,Accepted,No,Passed
EVD-00003917,PFXC-001623,Receipt,Customer,2026-05-31T20:11:42,JPG,Complete,Accepted,No,Passed
EVD-00003918,PFXC-001623,Other,Customer,2026-06-03T07:26:12,JPG,Incomplete,Further Evidence Required,No,Passed
EVD-00003919,PFXC-001624,Screenshot,Customer,2025-12-06T23:52:03,Other,Complete,Accepted,No,Passed
EVD-00003920,PFXC-001624,Screenshot,Customer,2025-12-06T22:26:49,Other,Complete,Accepted,No,Passed
EVD-00003921,PFXC-001624,Screenshot,Customer,2025-12-06T20:00:55,PDF,Complete,Further Evidence Required,Yes,Not Applicable
EVD-00003922,PFXC-001624,Screenshot,Operations,2025-12-07T01:26:31,PDF,Complete,Accepted,No,Not Applicable
EVD-00003923,PFXC-001625,Screenshot,Customer,2025-01-13T09:34:38,Other,Unreadable,Rejected,No,Passed
EVD-00003924,PFXC-001625,Merchant Communication,Customer,2025-01-14T14:40:53,PDF,Complete,Further Evidence Required,Yes,Passed
EVD-00003925,PFXC-001626,Bank Statement,Customer,2025-12-13T12:31:49,PDF,Complete,Accepted,No,Passed
EVD-00003926,PFXC-001626,Other,Customer,2025-12-11T18:59:22,Other,Complete,Accepted,No,Passed
EVD-00003927,PFXC-001626,Receipt,Customer,2025-12-12T04:36:57,Other,Complete,Accepted,No,Passed
EVD-00003928,PFXC-001626,Screenshot,Customer,2025-12-11T15:09:46,PDF,Incomplete,Further Evidence Required,No,Passed
EVD-00003929,PFXC-001627,Screenshot,Customer,2025-10-24T23:01:20,JPG,Complete,Accepted,No,Passed
EVD-00003930,PFXC-001627,Receipt,Merchant,2025-10-25T00:29:51,JPG,Complete,Accepted,No,Passed
EVD-00003931,PFXC-001628,Bank Statement,Customer,2025-07-17T09:57:26,Other,Complete,Accepted,No,Passed
EVD-00003932,PFXC-001628,Screenshot,Customer,2025-07-16T10:29:16,PDF,Complete,Accepted,No,Passed
EVD-00003933,PFXC-001629,Other,Customer,2025-08-22T08:15:59,PDF,Incomplete,Rejected,No,Passed
EVD-00003934,PFXC-001630,Screenshot,Customer,2025-10-07T19:22:27,JPG,Complete,Accepted,No,Passed
EVD-00003935,PFXC-001632,Identity Evidence,Customer,2025-01-23T01:02:02,JPG,Complete,Accepted,No,Passed
EVD-00003936,PFXC-001633,Other,Customer,2026-05-22T20:17:29,PNG,Complete,Accepted,No,Passed
EVD-00003937,PFXC-001633,Bank Statement,Customer,2026-05-22T23:44:59,PDF,Complete,Further Evidence Required,No,Failed
EVD-00003938,PFXC-001633,Receipt,Customer,2026-05-23T13:08:38,PNG,Complete,Accepted,No,Passed
EVD-00003939,PFXC-001634,Merchant Communication,Customer,2026-02-13T07:23:55,PDF,Complete,Accepted,No,Passed
EVD-00003940,PFXC-001634,Other,Operations,2026-02-15T20:41:56,JPG,Complete,Accepted,No,Passed
EVD-00003941,PFXC-001635,Identity Evidence,Customer,2025-09-28T16:04:08,PNG,Complete,Accepted,No,Passed
EVD-00003942,PFXC-001635,Screenshot,Customer,2025-09-28T11:26:35,Other,Complete,Accepted,No,Passed
EVD-00003943,PFXC-001636,Receipt,Merchant,2026-01-07T14:11:15,PDF,Incomplete,Further Evidence Required,Yes,Not Applicable
EVD-00003944,PFXC-001636,Merchant Communication,Customer,2026-01-08T09:39:54,PNG,Complete,Accepted,No,Passed
EVD-00003945,PFXC-001636,Bank Statement,Customer,2026-01-08T21:08:42,JPG,Complete,Accepted,Yes,Passed
EVD-00003946,PFXC-001636,Identity Evidence,Customer,2026-01-08T05:10:15,PDF,Incomplete,Further Evidence Required,No,Passed
EVD-00003947,PFXC-001637,Bank Statement,Customer,2026-06-24T17:49:49,JPG,Complete,Accepted,No,Passed
EVD-00003948,PFXC-001637,Receipt,Customer,2026-06-26T04:29:51,PNG,Complete,Accepted,No,Passed
EVD-00003949,PFXC-001638,Identity Evidence,Customer,2025-04-22T07:22:24,PNG,Complete,Accepted,No,Not Applicable
EVD-00003950,PFXC-001639,Merchant Communication,Customer,2026-04-14T21:13:18,PDF,Complete,Accepted,No,Passed
EVD-00003951,PFXC-001639,Receipt,Customer,2026-04-15T14:37:41,PDF,Complete,Accepted,No,Not Applicable
EVD-00003952,PFXC-001640,Receipt,Customer,2025-10-23T13:14:16,PDF,Complete,Accepted,No,Passed
EVD-00003953,PFXC-001640,Merchant Communication,Customer,2025-10-22T06:08:23,PNG,Complete,Accepted,No,Passed
EVD-00003954,PFXC-001641,Merchant Communication,Customer,2026-01-22T05:29:36,PNG,Complete,Further Evidence Required,No,Passed
EVD-00003955,PFXC-001641,Bank Statement,Customer,2026-01-22T16:11:14,PDF,Complete,Further Evidence Required,No,Not Applicable
EVD-00003956,PFXC-001641,Receipt,Customer,2026-01-22T13:16:13,PNG,Complete,Accepted,No,Failed
EVD-00003957,PFXC-001641,Identity Evidence,Customer,2026-01-21T05:34:54,PDF,Complete,Accepted,Yes,Passed
EVD-00003958,PFXC-001643,Screenshot,Customer,2025-10-16T15:11:16,PDF,Complete,Accepted,Yes,Passed
EVD-00003959,PFXC-001644,Merchant Communication,Customer,2025-08-04T22:48:39,PDF,Complete,Accepted,No,Passed
EVD-00003960,PFXC-001644,Receipt,Customer,2025-08-05T02:24:22,PNG,Complete,Accepted,No,Passed
EVD-00003961,PFXC-001644,Screenshot,Customer,2025-08-04T20:08:15,PDF,Incomplete,Further Evidence Required,No,Passed
EVD-00003962,PFXC-001645,Merchant Communication,Customer,2025-02-15T16:01:50,CSV,Incomplete,Rejected,No,Passed
EVD-00003963,PFXC-001645,Identity Evidence,Customer,2025-02-16T06:47:29,PDF,Complete,Accepted,No,Passed
EVD-00003964,PFXC-001647,Receipt,Customer,2026-05-22T16:35:07,Other,Complete,Accepted,Yes,Passed
EVD-00003965,PFXC-001647,Bank Statement,Customer,2026-05-23T21:38:53,PDF,Complete,Accepted,Yes,Passed
EVD-00003966,PFXC-001647,Receipt,Merchant,2026-05-24T16:26:30,JPG,Unreadable,Further Evidence Required,No,Passed
EVD-00003967,PFXC-001648,Merchant Communication,Customer,2026-01-20T06:07:32,PNG,Complete,Accepted,Yes,Passed
EVD-00003968,PFXC-001648,Bank Statement,Customer,2026-01-20T13:34:35,Other,Complete,Accepted,No,Passed
EVD-00003969,PFXC-001649,Merchant Communication,Customer,2025-03-08T05:26:29,JPG,Complete,Accepted,No,Passed
EVD-00003970,PFXC-001649,Other,Customer,2025-03-08T17:36:07,PDF,Complete,Accepted,No,Passed
EVD-00003971,PFXC-001649,Receipt,Operations,2025-03-10T01:42:57,PDF,Incomplete,Rejected,No,Not Applicable
EVD-00003972,PFXC-001650,Identity Evidence,Customer,2025-11-21T20:39:16,JPG,Complete,Accepted,Yes,Passed
EVD-00003973,PFXC-001650,Receipt,Customer,2025-11-22T20:58:53,Other,Complete,Accepted,No,Not Applicable
EVD-00003974,PFXC-001651,Bank Statement,Customer,2025-03-22T02:12:32,PNG,Complete,Accepted,No,Passed
EVD-00003975,PFXC-001651,Bank Statement,Merchant,2025-03-24T07:18:19,PNG,Complete,Accepted,No,Passed
EVD-00003976,PFXC-001651,Bank Statement,Customer,2025-03-22T00:51:09,PNG,Complete,Accepted,No,Passed
EVD-00003977,PFXC-001652,Merchant Communication,Merchant,2026-05-18T21:14:32,Other,Complete,Accepted,No,Passed
EVD-00003978,PFXC-001652,Receipt,Customer,2026-05-18T22:00:32,PDF,Complete,Accepted,No,Passed
EVD-00003979,PFXC-001652,Receipt,Customer,2026-05-20T03:58:29,PDF,Incomplete,Further Evidence Required,Yes,Passed
EVD-00003980,PFXC-001653,Screenshot,Customer,2026-06-05T21:33:03,Other,Complete,Accepted,No,Passed
EVD-00003981,PFXC-001653,Other,Operations,2026-06-05T05:29:04,PNG,Complete,Accepted,No,Passed
EVD-00003982,PFXC-001654,Receipt,Customer,2025-08-06T19:12:26,PNG,Complete,Further Evidence Required,No,Passed
EVD-00003983,PFXC-001654,Screenshot,Merchant,2025-08-05T01:36:00,Other,Incomplete,Rejected,No,Passed
EVD-00003984,PFXC-001654,Bank Statement,Customer,2025-08-05T15:51:25,Other,Complete,Further Evidence Required,No,Passed
EVD-00003985,PFXC-001655,Screenshot,Customer,2025-12-22T10:46:49,PNG,Complete,Accepted,No,Passed
EVD-00003986,PFXC-001656,Bank Statement,Merchant,2025-03-21T18:30:28,PDF,Complete,Accepted,No,Passed
EVD-00003987,PFXC-001656,Merchant Communication,Customer,2025-03-21T03:12:26,JPG,Complete,Accepted,No,Passed
EVD-00003988,PFXC-001657,Merchant Communication,Customer,2025-12-07T19:45:38,PNG,Complete,Further Evidence Required,No,Passed
EVD-00003989,PFXC-001657,Bank Statement,Customer,2025-12-09T00:28:27,PNG,Complete,Accepted,No,Passed
EVD-00003990,PFXC-001657,Screenshot,Operations,2025-12-07T00:27:26,PDF,Complete,Accepted,No,Passed
EVD-00003991,PFXC-001657,Screenshot,Customer,2025-12-07T15:52:48,JPG,Complete,Accepted,No,Passed
EVD-00003992,PFXC-001658,Receipt,Customer,2025-06-21T22:34:21,Other,Complete,Accepted,No,Passed
EVD-00003993,PFXC-001658,Screenshot,Merchant,2025-06-22T10:18:22,PNG,Complete,Accepted,Yes,Passed
EVD-00003994,PFXC-001659,Bank Statement,Operations,2026-03-05T18:00:46,PNG,Incomplete,Further Evidence Required,No,Passed
EVD-00003995,PFXC-001659,Screenshot,Customer,2026-03-04T18:47:31,PDF,Incomplete,Further Evidence Required,No,Passed
EVD-00003996,PFXC-001659,Merchant Communication,Customer,2026-03-04T20:04:58,Other,Unreadable,Further Evidence Required,No,Passed
EVD-00003997,PFXC-001660,Other,Customer,2025-09-11T05:13:00,PDF,Complete,Accepted,No,Passed
EVD-00003998,PFXC-001660,Merchant Communication,Customer,2025-09-10T14:10:29,PDF,Complete,Accepted,No,Passed
EVD-00003999,PFXC-001661,Merchant Communication,Operations,2025-02-01T11:22:37,PNG,Complete,Accepted,No,Passed
EVD-00004000,PFXC-001661,Identity Evidence,Customer,2025-01-31T04:14:45,PNG,Complete,Accepted,No,Passed
EVD-00004001,PFXC-001662,Bank Statement,Customer,2025-03-08T18:39:38,JPG,Complete,Accepted,Yes,Passed
EVD-00004002,PFXC-001662,Bank Statement,Operations,2025-03-10T03:22:40,JPG,Complete,Accepted,No,Passed
EVD-00004003,PFXC-001662,Screenshot,Operations,2025-03-10T16:56:04,Other,Complete,Accepted,No,Passed
EVD-00004004,PFXC-001663,Bank Statement,Operations,2025-04-15T23:36:10,PDF,Unreadable,Further Evidence Required,Yes,Passed
EVD-00004005,PFXC-001663,Bank Statement,Operations,2025-04-15T06:16:04,PNG,Incomplete,Rejected,No,Passed
EVD-00004006,PFXC-001663,Other,Operations,2025-04-15T17:19:10,PDF,Complete,Accepted,No,Passed
EVD-00004007,PFXC-001664,Merchant Communication,Customer,2025-10-26T00:17:03,PDF,Incomplete,Further Evidence Required,No,Passed
EVD-00004008,PFXC-001664,Merchant Communication,Customer,2025-10-26T07:47:53,PDF,Complete,Accepted,Yes,Passed
EVD-00004009,PFXC-001665,Identity Evidence,Customer,2025-05-21T23:24:30,PDF,Complete,Accepted,Yes,Passed
EVD-00004010,PFXC-001665,Receipt,Customer,2025-05-20T02:15:35,PDF,Complete,Accepted,No,Passed
EVD-00004011,PFXC-001665,Receipt,Customer,2025-05-20T10:20:14,CSV,Complete,Accepted,No,Passed
EVD-00004012,PFXC-001666,Bank Statement,Customer,2025-04-29T10:59:57,Other,Complete,Further Evidence Required,No,Passed
EVD-00004013,PFXC-001666,Bank Statement,Merchant,2025-04-28T08:26:01,Other,Complete,Accepted,No,Passed
EVD-00004014,PFXC-001667,Other,Customer,2026-06-14T21:11:42,JPG,Complete,Accepted,Yes,Passed
EVD-00004015,PFXC-001668,Screenshot,Operations,2025-08-21T15:55:20,JPG,Complete,Further Evidence Required,Yes,Passed
EVD-00004016,PFXC-001668,Merchant Communication,Customer,2025-08-23T03:22:55,PNG,Incomplete,Further Evidence Required,No,Passed
EVD-00004017,PFXC-001669,Bank Statement,Merchant,2025-06-30T20:15:26,PDF,Complete,Accepted,No,Passed
EVD-00004018,PFXC-001669,Bank Statement,Customer,2025-06-29T20:25:32,PNG,Complete,Further Evidence Required,No,Passed
EVD-00004019,PFXC-001669,Other,Customer,2025-07-01T10:31:04,PDF,Complete,Accepted,No,Passed
EVD-00004020,PFXC-001669,Bank Statement,Customer,2025-07-01T15:10:23,CSV,Complete,Accepted,Yes,Passed
EVD-00004021,PFXC-001670,Screenshot,Merchant,2026-02-12T00:13:51,PNG,Complete,Accepted,No,Passed
EVD-00004022,PFXC-001670,Screenshot,Merchant,2026-02-11T11:49:32,PDF,Complete,Accepted,No,Not Applicable
EVD-00004023,PFXC-001671,Merchant Communication,Customer,2025-04-21T07:12:32,PDF,Complete,Accepted,No,Passed
EVD-00004024,PFXC-001671,Screenshot,Merchant,2025-04-20T06:55:06,PNG,Complete,Accepted,Yes,Passed
EVD-00004025,PFXC-001672,Screenshot,Customer,2026-06-10T13:06:18,PNG,Complete,Accepted,No,Not Applicable
EVD-00004026,PFXC-001672,Screenshot,Customer,2026-06-09T17:04:27,Other,Complete,Accepted,No,Passed
EVD-00004027,PFXC-001673,Receipt,Customer,2025-04-20T11:21:38,PDF,Complete,Accepted,No,Passed
EVD-00004028,PFXC-001673,Screenshot,Customer,2025-04-19T18:05:23,PDF,Incomplete,Rejected,Yes,Passed
EVD-00004029,PFXC-001675,Receipt,Customer,2025-01-11T23:46:04,Other,Complete,Accepted,No,Passed
EVD-00004030,PFXC-001677,Receipt,Customer,2025-06-28T22:11:40,JPG,Complete,Accepted,No,Passed
EVD-00004031,PFXC-001677,Receipt,Customer,2025-06-30T17:30:04,Other,Complete,Accepted,No,Passed
EVD-00004032,PFXC-001677,Screenshot,Operations,2025-06-29T09:15:54,PDF,Incomplete,Further Evidence Required,No,Passed
EVD-00004033,PFXC-001677,Other,Operations,2025-07-01T09:28:06,PDF,Unreadable,Rejected,No,Passed
EVD-00004034,PFXC-001678,Receipt,Customer,2025-04-16T21:03:06,PDF,Complete,Accepted,No,Passed
EVD-00004035,PFXC-001679,Merchant Communication,Customer,2025-12-01T01:04:33,PDF,Complete,Accepted,No,Passed
EVD-00004036,PFXC-001679,Bank Statement,Customer,2025-12-02T13:34:03,JPG,Complete,Accepted,No,Passed
EVD-00004037,PFXC-001679,Merchant Communication,Operations,2025-12-01T18:42:11,JPG,Complete,Further Evidence Required,No,Passed
EVD-00004038,PFXC-001681,Other,Merchant,2025-12-06T20:51:44,PDF,Complete,Accepted,No,Passed
EVD-00004039,PFXC-001681,Receipt,Customer,2025-12-07T17:01:02,PDF,Complete,Further Evidence Required,No,Passed
EVD-00004040,PFXC-001681,Screenshot,Customer,2025-12-08T02:11:19,PDF,Complete,Accepted,No,Passed
EVD-00004041,PFXC-001682,Other,Customer,2025-01-09T20:19:01,Other,Incomplete,Rejected,No,Passed
EVD-00004042,PFXC-001682,Bank Statement,Customer,2025-01-07T04:04:28,PNG,Complete,Accepted,No,Passed
EVD-00004043,PFXC-001683,Other,Customer,2025-05-17T05:40:17,PDF,Incomplete,Further Evidence Required,No,Passed
EVD-00004044,PFXC-001683,Screenshot,Customer,2025-05-16T13:10:54,PNG,Complete,Accepted,No,Passed
EVD-00004045,PFXC-001684,Screenshot,Customer,2025-07-18T13:13:37,PDF,Complete,Accepted,No,Passed
EVD-00004046,PFXC-001684,Other,Customer,2025-07-18T06:02:19,Other,Complete,Accepted,No,Passed
EVD-00004047,PFXC-001684,Screenshot,Customer,2025-07-18T02:20:35,Other,Complete,Accepted,No,Passed
EVD-00004048,PFXC-001685,Receipt,Customer,2026-03-17T23:57:48,PDF,Complete,Accepted,No,Passed
EVD-00004049,PFXC-001685,Merchant Communication,Customer,2026-03-17T20:22:23,PDF,Complete,Accepted,No,Passed
EVD-00004050,PFXC-001685,Receipt,Customer,2026-03-16T20:10:45,PDF,Incomplete,Further Evidence Required,No,Passed
EVD-00004051,PFXC-001686,Screenshot,Customer,2026-03-30T22:45:36,PNG,Complete,Accepted,No,Passed
EVD-00004052,PFXC-001687,Bank Statement,Customer,2026-01-13T10:39:18,PDF,Complete,Accepted,No,Passed
EVD-00004053,PFXC-001687,Merchant Communication,Merchant,2026-01-11T21:07:48,PDF,Complete,Accepted,No,Passed
EVD-00004054,PFXC-001687,Receipt,Customer,2026-01-13T11:02:29,PDF,Complete,Accepted,No,Passed
EVD-00004055,PFXC-001688,Other,Customer,2026-05-31T12:05:02,PDF,Complete,Accepted,No,Passed
EVD-00004056,PFXC-001688,Other,Customer,2026-06-01T17:45:07,Other,Complete,Accepted,No,Passed
EVD-00004057,PFXC-001688,Receipt,Customer,2026-05-31T13:58:15,PDF,Complete,Accepted,No,Passed
EVD-00004058,PFXC-001689,Screenshot,Merchant,2025-04-14T22:13:01,CSV,Complete,Accepted,Yes,Passed
EVD-00004059,PFXC-001689,Receipt,Customer,2025-04-16T05:11:40,PDF,Complete,Accepted,No,Passed
EVD-00004060,PFXC-001690,Merchant Communication,Customer,2025-09-16T19:48:09,PDF,Complete,Accepted,No,Passed
EVD-00004061,PFXC-001690,Merchant Communication,Customer,2025-09-18T12:16:18,PDF,Complete,Accepted,No,Passed
EVD-00004062,PFXC-001691,Receipt,Customer,2026-03-04T16:04:42,PDF,Complete,Accepted,No,Passed
EVD-00004063,PFXC-001691,Receipt,Customer,2026-03-04T02:19:32,PDF,Incomplete,Rejected,No,Not Applicable
EVD-00004064,PFXC-001692,Bank Statement,Customer,2026-04-01T16:46:04,JPG,Complete,Accepted,No,Passed
EVD-00004065,PFXC-001692,Bank Statement,Customer,2026-04-02T01:15:15,PNG,Incomplete,Rejected,No,Passed
EVD-00004066,PFXC-001692,Screenshot,Customer,2026-03-30T11:55:38,PDF,Complete,Accepted,No,Passed
EVD-00004067,PFXC-001693,Receipt,Operations,2025-11-26T20:52:55,PNG,Complete,Accepted,No,Not Applicable
EVD-00004068,PFXC-001693,Bank Statement,Merchant,2025-11-26T14:20:19,PDF,Incomplete,Rejected,No,Passed
EVD-00004069,PFXC-001693,Identity Evidence,Customer,2025-11-25T05:30:52,JPG,Complete,Accepted,No,Passed
EVD-00004070,PFXC-001694,Other,Customer,2025-09-21T10:03:21,Other,Complete,Accepted,No,Passed
EVD-00004071,PFXC-001694,Bank Statement,Customer,2025-09-21T16:48:34,PDF,Complete,Accepted,No,Passed
EVD-00004072,PFXC-001694,Receipt,Customer,2025-09-21T15:10:53,JPG,Complete,Accepted,No,Passed
EVD-00004073,PFXC-001694,Bank Statement,Customer,2025-09-23T14:32:33,JPG,Complete,Accepted,Yes,Passed
EVD-00004074,PFXC-001696,Receipt,Customer,2025-08-13T19:25:39,PDF,Complete,Accepted,No,Passed
EVD-00004075,PFXC-001696,Merchant Communication,Merchant,2025-08-14T09:37:23,JPG,Complete,Accepted,No,Passed
EVD-00004076,PFXC-001696,Receipt,Merchant,2025-08-13T04:06:43,JPG,Complete,Accepted,No,Passed
EVD-00004077,PFXC-001697,Receipt,Customer,2025-07-17T02:44:01,PDF,Complete,Accepted,No,Passed
EVD-00004078,PFXC-001697,Identity Evidence,Customer,2025-07-16T21:59:31,Other,Complete,Accepted,No,Passed
EVD-00004079,PFXC-001697,Other,Customer,2025-07-17T04:48:35,PNG,Complete,Accepted,No,Failed
EVD-00004080,PFXC-001697,Merchant Communication,Customer,2025-07-18T13:58:37,JPG,Complete,Accepted,Yes,Passed
EVD-00004081,PFXC-001698,Screenshot,Operations,2025-05-16T17:59:04,PDF,Incomplete,Rejected,No,Failed
EVD-00004082,PFXC-001698,Bank Statement,Customer,2025-05-17T12:48:34,PNG,Complete,Accepted,No,Passed
EVD-00004083,PFXC-001699,Bank Statement,Customer,2026-05-09T06:13:59,PDF,Unreadable,Further Evidence Required,No,Passed
EVD-00004084,PFXC-001699,Other,Customer,2026-05-09T13:40:39,JPG,Complete,Accepted,Yes,Passed
EVD-00004085,PFXC-001700,Bank Statement,Customer,2025-01-26T07:16:51,PNG,Incomplete,Further Evidence Required,No,Passed
EVD-00004086,PFXC-001700,Merchant Communication,Customer,2025-01-26T04:45:31,PDF,Incomplete,Further Evidence Required,No,Failed
EVD-00004087,PFXC-001700,Merchant Communication,Customer,2025-01-28T00:12:56,PDF,Complete,Accepted,Yes,Passed
EVD-00004088,PFXC-001701,Receipt,Merchant,2025-03-18T07:30:32,PDF,Complete,Accepted,No,Passed
EVD-00004089,PFXC-001701,Merchant Communication,Customer,2025-03-18T05:19:49,CSV,Complete,Accepted,Yes,Passed
EVD-00004090,PFXC-001702,Receipt,Customer,2026-02-25T01:33:37,PDF,Complete,Accepted,No,Passed
EVD-00004091,PFXC-001702,Bank Statement,Customer,2026-02-26T10:41:06,PNG,Complete,Further Evidence Required,No,Passed
EVD-00004092,PFXC-001703,Merchant Communication,Customer,2026-06-29T14:54:16,PDF,Complete,Further Evidence Required,Yes,Passed
EVD-00004093,PFXC-001703,Screenshot,Customer,2026-06-27T08:10:12,JPG,Complete,Accepted,No,Passed
EVD-00004094,PFXC-001703,Bank Statement,Merchant,2026-06-27T17:35:18,PDF,Complete,Accepted,No,Passed
EVD-00004095,PFXC-001704,Screenshot,Customer,2025-05-26T06:10:21,JPG,Complete,Accepted,No,Passed
EVD-00004096,PFXC-001705,Merchant Communication,Customer,2025-03-17T18:23:33,PDF,Incomplete,Further Evidence Required,No,Passed
EVD-00004097,PFXC-001705,Screenshot,Customer,2025-03-17T03:02:09,Other,Complete,Accepted,No,Passed
EVD-00004098,PFXC-001706,Other,Customer,2026-04-18T11:16:22,PDF,Complete,Accepted,No,Passed
EVD-00004099,PFXC-001706,Receipt,Customer,2026-04-16T04:17:07,JPG,Complete,Accepted,No,Passed
EVD-00004100,PFXC-001706,Receipt,Merchant,2026-04-15T16:35:18,PDF,Complete,Accepted,No,Passed
EVD-00004101,PFXC-001707,Receipt,Merchant,2025-01-22T04:25:49,PDF,Complete,Accepted,No,Passed
EVD-00004102,PFXC-001707,Bank Statement,Customer,2025-01-20T11:08:45,PDF,Complete,Accepted,No,Passed
EVD-00004103,PFXC-001707,Receipt,Customer,2025-01-20T13:49:04,CSV,Complete,Accepted,No,Passed
EVD-00004104,PFXC-001707,Other,Customer,2025-01-22T17:46:08,Other,Complete,Further Evidence Required,Yes,Passed
EVD-00004105,PFXC-001708,Merchant Communication,Customer,2025-06-02T22:30:17,PNG,Complete,Further Evidence Required,No,Passed
EVD-00004106,PFXC-001708,Screenshot,Customer,2025-06-02T17:09:05,JPG,Incomplete,Further Evidence Required,No,Passed
EVD-00004107,PFXC-001708,Receipt,Customer,2025-06-01T02:14:23,CSV,Complete,Accepted,No,Passed
EVD-00004108,PFXC-001709,Receipt,Customer,2025-07-23T17:49:45,PDF,Incomplete,Further Evidence Required,No,Passed
EVD-00004109,PFXC-001709,Screenshot,Customer,2025-07-24T00:14:33,JPG,Complete,Accepted,No,Passed
EVD-00004110,PFXC-001709,Bank Statement,Operations,2025-07-23T23:12:28,PDF,Incomplete,Further Evidence Required,No,Passed
EVD-00004111,PFXC-001709,Screenshot,Operations,2025-07-23T06:45:38,JPG,Complete,Accepted,No,Passed
EVD-00004112,PFXC-001710,Screenshot,Customer,2026-06-21T04:55:32,JPG,Complete,Accepted,No,Passed
EVD-00004113,PFXC-001710,Merchant Communication,Customer,2026-06-21T15:16:16,PNG,Complete,Accepted,No,Passed
EVD-00004114,PFXC-001710,Bank Statement,Customer,2026-06-19T01:10:00,Other,Complete,Accepted,Yes,Passed
EVD-00004115,PFXC-001710,Receipt,Customer,2026-06-19T22:16:15,JPG,Incomplete,Further Evidence Required,No,Passed
EVD-00004116,PFXC-001711,Receipt,Customer,2025-03-17T06:32:29,JPG,Complete,Further Evidence Required,No,Passed
EVD-00004117,PFXC-001711,Merchant Communication,Customer,2025-03-17T22:56:35,JPG,Unreadable,Further Evidence Required,Yes,Not Applicable
EVD-00004118,PFXC-001712,Screenshot,Customer,2026-02-25T16:09:44,PDF,Incomplete,Rejected,No,Passed
EVD-00004119,PFXC-001713,Screenshot,Customer,2025-08-19T15:15:41,PDF,Complete,Accepted,No,Passed
EVD-00004120,PFXC-001715,Screenshot,Customer,2026-05-08T17:36:19,PNG,Incomplete,Rejected,Yes,Passed
EVD-00004121,PFXC-001715,Bank Statement,Merchant,2026-05-06T18:51:55,PNG,Complete,Accepted,No,Passed
EVD-00004122,PFXC-001715,Merchant Communication,Merchant,2026-05-06T13:15:18,PNG,Complete,Further Evidence Required,No,Passed
EVD-00004123,PFXC-001715,Receipt,Customer,2026-05-06T09:51:47,JPG,Complete,Accepted,No,Not Applicable
EVD-00004124,PFXC-001716,Bank Statement,Operations,2025-01-20T19:23:26,PDF,Complete,Accepted,No,Passed
EVD-00004125,PFXC-001717,Merchant Communication,Customer,2026-06-29T17:30:55,PDF,Complete,Accepted,No,Passed
EVD-00004126,PFXC-001717,Receipt,Customer,2026-06-29T22:26:03,PDF,Complete,Further Evidence Required,No,Not Applicable
EVD-00004127,PFXC-001718,Bank Statement,Customer,2026-04-21T13:03:10,Other,Complete,Accepted,No,Passed
EVD-00004128,PFXC-001719,Receipt,Customer,2025-03-18T06:35:25,PNG,Complete,Accepted,No,Passed
EVD-00004129,PFXC-001719,Screenshot,Customer,2025-03-17T22:56:24,PDF,Complete,Accepted,No,Passed
EVD-00004130,PFXC-001719,Screenshot,Customer,2025-03-20T12:19:15,JPG,Complete,Accepted,No,Passed
EVD-00004131,PFXC-001719,Merchant Communication,Customer,2025-03-18T06:57:07,PNG,Complete,Accepted,Yes,Passed
EVD-00004132,PFXC-001720,Bank Statement,Customer,2026-03-19T01:10:39,PDF,Complete,Accepted,No,Passed
EVD-00004133,PFXC-001720,Receipt,Customer,2026-03-17T06:47:11,JPG,Complete,Accepted,No,Passed
EVD-00004134,PFXC-001720,Merchant Communication,Customer,2026-03-19T17:45:00,JPG,Complete,Accepted,No,Passed
EVD-00004135,PFXC-001720,Other,Customer,2026-03-17T07:58:01,PDF,Complete,Accepted,No,Passed
EVD-00004136,PFXC-001721,Screenshot,Customer,2025-10-26T09:40:30,JPG,Complete,Accepted,No,Passed
EVD-00004137,PFXC-001721,Screenshot,Customer,2025-10-26T18:46:47,PDF,Unreadable,Rejected,No,Passed
EVD-00004138,PFXC-001721,Receipt,Customer,2025-10-27T09:07:05,JPG,Complete,Further Evidence Required,No,Passed
EVD-00004139,PFXC-001721,Screenshot,Merchant,2025-10-27T16:31:24,JPG,Incomplete,Further Evidence Required,No,Passed
EVD-00004140,PFXC-001722,Receipt,Customer,2025-09-15T03:17:21,PDF,Complete,Accepted,Yes,Passed
EVD-00004141,PFXC-001722,Screenshot,Operations,2025-09-13T04:16:54,Other,Complete,Accepted,Yes,Passed
EVD-00004142,PFXC-001723,Other,Customer,2025-07-14T17:39:00,JPG,Complete,Accepted,No,Passed
EVD-00004143,PFXC-001723,Receipt,Customer,2025-07-14T22:15:14,PDF,Complete,Further Evidence Required,No,Passed
EVD-00004144,PFXC-001723,Screenshot,Operations,2025-07-15T13:50:43,PDF,Complete,Accepted,No,Passed
EVD-00004145,PFXC-001723,Identity Evidence,Customer,2025-07-13T22:45:02,PNG,Complete,Accepted,No,Passed
EVD-00004146,PFXC-001724,Bank Statement,Customer,2025-12-05T12:22:30,Other,Complete,Accepted,No,Not Applicable
EVD-00004147,PFXC-001724,Bank Statement,Customer,2025-12-06T21:08:32,PDF,Complete,Accepted,No,Passed
EVD-00004148,PFXC-001724,Receipt,Customer,2025-12-06T18:55:02,PDF,Complete,Accepted,No,Passed
EVD-00004149,PFXC-001725,Screenshot,Customer,2025-11-05T02:15:38,PDF,Complete,Accepted,No,Passed
EVD-00004150,PFXC-001725,Screenshot,Operations,2025-11-04T23:00:50,CSV,Complete,Accepted,No,Passed
EVD-00004151,PFXC-001726,Receipt,Customer,2025-12-16T02:28:37,Other,Unreadable,Rejected,Yes,Passed
EVD-00004152,PFXC-001727,Bank Statement,Customer,2025-07-23T00:04:21,PNG,Incomplete,Rejected,No,Not Applicable
EVD-00004153,PFXC-001727,Receipt,Customer,2025-07-22T12:56:14,PNG,Complete,Further Evidence Required,Yes,Passed
EVD-00004154,PFXC-001728,Receipt,Merchant,2025-04-20T02:00:11,PDF,Incomplete,Further Evidence Required,No,Passed
EVD-00004155,PFXC-001728,Other,Customer,2025-04-20T00:07:57,CSV,Complete,Accepted,No,Passed
EVD-00004156,PFXC-001728,Receipt,Customer,2025-04-20T14:58:07,CSV,Complete,Further Evidence Required,No,Passed
EVD-00004157,PFXC-001729,Receipt,Customer,2025-02-23T04:21:41,PDF,Complete,Accepted,No,Passed
EVD-00004158,PFXC-001729,Bank Statement,Customer,2025-02-20T16:57:50,Other,Complete,Accepted,No,Passed
EVD-00004159,PFXC-001729,Bank Statement,Customer,2025-02-21T18:22:48,CSV,Complete,Accepted,Yes,Passed
EVD-00004160,PFXC-001730,Receipt,Operations,2025-07-04T17:34:10,JPG,Complete,Accepted,No,Passed
EVD-00004161,PFXC-001730,Screenshot,Customer,2025-07-03T15:45:36,PNG,Complete,Further Evidence Required,No,Passed
EVD-00004162,PFXC-001730,Bank Statement,Merchant,2025-07-04T03:29:11,PNG,Complete,Accepted,No,Passed
EVD-00004163,PFXC-001731,Identity Evidence,Customer,2025-06-04T02:17:53,CSV,Complete,Accepted,No,Passed
EVD-00004164,PFXC-001731,Merchant Communication,Operations,2025-06-02T15:50:22,PDF,Complete,Accepted,No,Passed
EVD-00004165,PFXC-001731,Receipt,Customer,2025-06-03T05:52:09,PDF,Complete,Accepted,No,Passed
EVD-00004166,PFXC-001731,Merchant Communication,Merchant,2025-06-02T06:54:38,PDF,Complete,Accepted,No,Passed
EVD-00004167,PFXC-001732,Merchant Communication,Customer,2026-04-18T22:17:26,PDF,Complete,Accepted,Yes,Passed
EVD-00004168,PFXC-001732,Bank Statement,Operations,2026-04-20T04:17:41,PNG,Complete,Further Evidence Required,No,Passed
EVD-00004169,PFXC-001733,Screenshot,Customer,2026-03-18T08:40:26,PDF,Complete,Accepted,No,Passed
EVD-00004170,PFXC-001733,Screenshot,Customer,2026-03-20T14:20:25,PDF,Complete,Accepted,No,Passed
EVD-00004171,PFXC-001734,Screenshot,Merchant,2026-03-27T14:31:58,PDF,Complete,Accepted,No,Passed
EVD-00004172,PFXC-001734,Bank Statement,Merchant,2026-03-27T08:32:43,PDF,Complete,Accepted,No,Passed
EVD-00004173,PFXC-001735,Receipt,Customer,2025-07-08T13:27:51,PDF,Complete,Further Evidence Required,No,Passed
EVD-00004174,PFXC-001735,Screenshot,Customer,2025-07-08T05:06:59,PDF,Complete,Accepted,No,Passed
EVD-00004175,PFXC-001735,Merchant Communication,Customer,2025-07-09T23:51:08,PDF,Complete,Accepted,No,Passed
EVD-00004176,PFXC-001736,Merchant Communication,Merchant,2025-06-18T07:28:53,PDF,Complete,Accepted,No,Passed
EVD-00004177,PFXC-001736,Screenshot,Customer,2025-06-16T12:24:41,Other,Complete,Accepted,No,Passed
EVD-00004178,PFXC-001736,Screenshot,Customer,2025-06-17T01:02:28,CSV,Complete,Accepted,No,Passed
EVD-00004179,PFXC-001736,Merchant Communication,Customer,2025-06-18T12:57:03,PDF,Complete,Accepted,Yes,Passed
EVD-00004180,PFXC-001737,Screenshot,Customer,2026-01-11T04:02:54,PDF,Incomplete,Rejected,No,Not Applicable
EVD-00004181,PFXC-001737,Other,Merchant,2026-01-11T18:03:47,Other,Complete,Accepted,No,Passed
EVD-00004182,PFXC-001737,Bank Statement,Merchant,2026-01-09T08:22:24,PDF,Complete,Accepted,No,Passed
EVD-00004183,PFXC-001738,Screenshot,Merchant,2025-02-19T15:09:02,JPG,Complete,Accepted,No,Passed
EVD-00004184,PFXC-001738,Receipt,Operations,2025-02-20T15:43:04,PDF,Complete,Accepted,No,Passed
EVD-00004185,PFXC-001739,Receipt,Customer,2025-10-25T03:18:32,JPG,Unreadable,Rejected,Yes,Passed
EVD-00004186,PFXC-001739,Screenshot,Customer,2025-10-25T01:24:33,PDF,Complete,Accepted,Yes,Passed
EVD-00004187,PFXC-001740,Merchant Communication,Customer,2025-11-11T03:55:56,JPG,Unreadable,Further Evidence Required,No,Passed
EVD-00004188,PFXC-001740,Merchant Communication,Customer,2025-11-10T12:05:33,Other,Complete,Accepted,No,Passed
EVD-00004189,PFXC-001741,Receipt,Customer,2025-06-08T14:04:03,PDF,Complete,Accepted,Yes,Passed
EVD-00004190,PFXC-001741,Bank Statement,Customer,2025-06-10T11:54:33,CSV,Complete,Accepted,No,Passed
EVD-00004191,PFXC-001742,Bank Statement,Operations,2026-02-16T09:24:22,PDF,Complete,Accepted,No,Passed
EVD-00004192,PFXC-001742,Receipt,Customer,2026-02-18T04:07:32,PNG,Complete,Accepted,No,Passed
EVD-00004193,PFXC-001742,Merchant Communication,Customer,2026-02-16T09:23:34,PNG,Complete,Accepted,Yes,Passed
EVD-00004194,PFXC-001743,Screenshot,Operations,2026-04-05T03:23:01,PDF,Complete,Accepted,No,Passed
EVD-00004195,PFXC-001743,Other,Customer,2026-04-05T20:33:54,Other,Complete,Accepted,No,Passed
EVD-00004196,PFXC-001743,Screenshot,Customer,2026-04-06T18:34:13,JPG,Complete,Accepted,No,Passed
EVD-00004197,PFXC-001743,Bank Statement,Customer,2026-04-05T05:21:27,PNG,Complete,Further Evidence Required,Yes,Passed
EVD-00004198,PFXC-001744,Receipt,Operations,2025-09-19T12:04:35,PDF,Complete,Accepted,No,Passed
EVD-00004199,PFXC-001744,Merchant Communication,Operations,2025-09-17T09:46:22,JPG,Incomplete,Further Evidence Required,No,Failed
EVD-00004200,PFXC-001745,Bank Statement,Customer,2025-04-28T12:42:27,Other,Complete,Accepted,Yes,Passed
EVD-00004201,PFXC-001745,Bank Statement,Customer,2025-04-28T03:29:58,JPG,Incomplete,Further Evidence Required,No,Passed
EVD-00004202,PFXC-001746,Bank Statement,Merchant,2026-06-27T16:02:45,PDF,Complete,Accepted,No,Passed
EVD-00004203,PFXC-001746,Merchant Communication,Customer,2026-06-27T21:30:04,PNG,Complete,Accepted,No,Passed
EVD-00004204,PFXC-001746,Merchant Communication,Customer,2026-06-27T02:49:59,Other,Complete,Accepted,Yes,Passed
EVD-00004205,PFXC-001747,Merchant Communication,Customer,2025-09-18T09:49:34,PNG,Complete,Further Evidence Required,No,Passed
EVD-00004206,PFXC-001747,Merchant Communication,Merchant,2025-09-17T18:30:56,PDF,Complete,Accepted,No,Passed
EVD-00004207,PFXC-001747,Other,Operations,2025-09-18T08:57:51,PDF,Incomplete,Further Evidence Required,No,Passed
EVD-00004208,PFXC-001748,Receipt,Customer,2025-08-30T16:35:45,PDF,Complete,Accepted,No,Passed
EVD-00004209,PFXC-001748,Receipt,Customer,2025-09-01T05:00:27,PNG,Complete,Accepted,No,Passed
EVD-00004210,PFXC-001748,Screenshot,Merchant,2025-08-30T05:39:21,JPG,Complete,Accepted,No,Passed
EVD-00004211,PFXC-001749,Receipt,Customer,2026-06-11T15:50:43,PDF,Incomplete,Further Evidence Required,No,Passed
EVD-00004212,PFXC-001749,Merchant Communication,Merchant,2026-06-13T12:45:55,PDF,Complete,Further Evidence Required,No,Passed
EVD-00004213,PFXC-001749,Merchant Communication,Customer,2026-06-13T17:42:30,PDF,Complete,Accepted,No,Passed
EVD-00004214,PFXC-001750,Merchant Communication,Customer,2025-02-28T17:09:37,PDF,Complete,Accepted,No,Passed
EVD-00004215,PFXC-001750,Merchant Communication,Operations,2025-02-28T22:44:03,PNG,Unreadable,Rejected,No,Passed
EVD-00004216,PFXC-001752,Other,Customer,2025-06-08T00:14:52,PDF,Incomplete,Further Evidence Required,No,Failed
EVD-00004217,PFXC-001752,Screenshot,Customer,2025-06-05T05:38:24,PDF,Complete,Accepted,No,Passed
EVD-00004218,PFXC-001753,Merchant Communication,Customer,2025-05-17T09:17:19,PNG,Complete,Accepted,No,Passed
EVD-00004219,PFXC-001753,Screenshot,Operations,2025-05-17T21:44:41,PDF,Complete,Accepted,No,Failed
EVD-00004220,PFXC-001754,Other,Customer,2025-04-22T07:02:40,Other,Unreadable,Rejected,Yes,Passed
EVD-00004221,PFXC-001754,Receipt,Customer,2025-04-20T02:17:48,PDF,Complete,Accepted,No,Passed
EVD-00004222,PFXC-001754,Bank Statement,Merchant,2025-04-19T18:02:51,JPG,Complete,Accepted,No,Passed
EVD-00004223,PFXC-001754,Other,Customer,2025-04-20T03:43:19,Other,Complete,Accepted,No,Passed
EVD-00004224,PFXC-001755,Receipt,Customer,2025-05-14T14:50:55,PDF,Incomplete,Rejected,No,Not Applicable
EVD-00004225,PFXC-001755,Bank Statement,Customer,2025-05-16T01:04:07,PDF,Complete,Accepted,No,Passed
EVD-00004226,PFXC-001755,Merchant Communication,Merchant,2025-05-16T22:47:50,PDF,Complete,Accepted,No,Not Applicable
EVD-00004227,PFXC-001755,Receipt,Customer,2025-05-15T04:15:11,CSV,Complete,Accepted,No,Not Applicable
EVD-00004228,PFXC-001756,Bank Statement,Customer,2025-08-08T11:46:41,PDF,Complete,Accepted,No,Passed
EVD-00004229,PFXC-001757,Merchant Communication,Customer,2025-11-19T03:29:14,PDF,Incomplete,Rejected,No,Passed
EVD-00004230,PFXC-001757,Merchant Communication,Customer,2025-11-19T23:34:31,JPG,Incomplete,Further Evidence Required,No,Passed
EVD-00004231,PFXC-001758,Receipt,Merchant,2025-02-19T04:13:36,PNG,Complete,Accepted,No,Passed
EVD-00004232,PFXC-001758,Receipt,Operations,2025-02-18T22:05:49,PDF,Complete,Accepted,No,Passed
EVD-00004233,PFXC-001759,Bank Statement,Customer,2026-02-16T19:55:37,PNG,Complete,Accepted,No,Passed
EVD-00004234,PFXC-001759,Merchant Communication,Customer,2026-02-16T00:05:28,PDF,Unreadable,Further Evidence Required,No,Passed
EVD-00004235,PFXC-001760,Receipt,Customer,2026-04-23T18:20:42,JPG,Complete,Accepted,No,Passed
EVD-00004236,PFXC-001760,Receipt,Merchant,2026-04-23T07:14:04,PDF,Incomplete,Rejected,No,Passed
EVD-00004237,PFXC-001761,Screenshot,Customer,2026-05-16T16:19:46,PDF,Complete,Accepted,No,Passed
EVD-00004238,PFXC-001761,Receipt,Customer,2026-05-16T23:23:15,JPG,Unreadable,Rejected,No,Passed
EVD-00004239,PFXC-001761,Receipt,Customer,2026-05-17T02:23:52,PNG,Complete,Accepted,No,Passed
EVD-00004240,PFXC-001761,Merchant Communication,Customer,2026-05-15T07:36:14,JPG,Complete,Further Evidence Required,No,Passed
EVD-00004241,PFXC-001762,Receipt,Customer,2026-05-06T22:00:43,PNG,Complete,Further Evidence Required,No,Passed
EVD-00004242,PFXC-001762,Bank Statement,Merchant,2026-05-06T04:53:23,PNG,Complete,Accepted,No,Passed
EVD-00004243,PFXC-001763,Screenshot,Customer,2025-06-22T04:38:00,JPG,Complete,Further Evidence Required,No,Passed
EVD-00004244,PFXC-001763,Merchant Communication,Customer,2025-06-23T17:02:48,PNG,Incomplete,Rejected,No,Passed
EVD-00004245,PFXC-001764,Screenshot,Customer,2025-08-19T09:49:59,PDF,Complete,Accepted,No,Passed
EVD-00004246,PFXC-001764,Screenshot,Merchant,2025-08-19T09:17:54,PDF,Complete,Further Evidence Required,No,Passed
EVD-00004247,PFXC-001764,Receipt,Customer,2025-08-20T11:45:18,Other,Complete,Accepted,No,Passed
EVD-00004248,PFXC-001764,Screenshot,Customer,2025-08-19T01:28:07,JPG,Complete,Accepted,No,Passed
EVD-00004249,PFXC-001765,Other,Customer,2025-09-23T02:39:46,JPG,Complete,Accepted,Yes,Passed
EVD-00004250,PFXC-001766,Other,Merchant,2026-04-27T17:21:28,PNG,Complete,Accepted,No,Passed
EVD-00004251,PFXC-001766,Merchant Communication,Customer,2026-04-28T02:07:15,PDF,Complete,Accepted,Yes,Passed
EVD-00004252,PFXC-001766,Merchant Communication,Operations,2026-04-28T00:14:08,Other,Complete,Accepted,No,Passed
EVD-00004253,PFXC-001766,Identity Evidence,Customer,2026-04-27T16:56:54,JPG,Unreadable,Further Evidence Required,Yes,Passed
EVD-00004254,PFXC-001767,Merchant Communication,Customer,2025-06-18T01:18:51,JPG,Complete,Accepted,No,Passed
EVD-00004255,PFXC-001767,Other,Customer,2025-06-16T19:08:15,PNG,Complete,Accepted,No,Passed
EVD-00004256,PFXC-001767,Receipt,Customer,2025-06-18T04:14:28,JPG,Incomplete,Rejected,No,Passed
EVD-00004257,PFXC-001767,Screenshot,Merchant,2025-06-16T00:14:19,PDF,Complete,Accepted,No,Passed
EVD-00004258,PFXC-001768,Bank Statement,Merchant,2025-12-10T17:23:04,PDF,Complete,Further Evidence Required,No,Passed
EVD-00004259,PFXC-001768,Receipt,Customer,2025-12-09T12:41:35,PNG,Incomplete,Further Evidence Required,No,Passed
EVD-00004260,PFXC-001769,Receipt,Customer,2025-07-13T23:17:22,PDF,Complete,Accepted,No,Passed
EVD-00004261,PFXC-001769,Screenshot,Customer,2025-07-14T14:23:15,JPG,Complete,Accepted,No,Passed
EVD-00004262,PFXC-001770,Receipt,Customer,2025-12-15T14:33:28,PNG,Unreadable,Rejected,No,Not Applicable
EVD-00004263,PFXC-001770,Identity Evidence,Customer,2025-12-14T01:04:26,JPG,Complete,Accepted,No,Passed
EVD-00004264,PFXC-001770,Merchant Communication,Customer,2025-12-15T13:45:44,PNG,Complete,Accepted,No,Passed
EVD-00004265,PFXC-001771,Bank Statement,Customer,2025-06-28T10:11:05,PDF,Complete,Accepted,No,Failed
EVD-00004266,PFXC-001771,Bank Statement,Customer,2025-06-26T18:30:59,PDF,Complete,Accepted,No,Passed
EVD-00004267,PFXC-001771,Bank Statement,Customer,2025-06-28T09:01:27,PNG,Complete,Further Evidence Required,No,Passed
EVD-00004268,PFXC-001772,Identity Evidence,Customer,2025-09-23T06:50:58,PDF,Incomplete,Further Evidence Required,No,Passed
EVD-00004269,PFXC-001773,Screenshot,Customer,2026-06-09T08:36:00,JPG,Complete,Accepted,No,Passed
EVD-00004270,PFXC-001774,Receipt,Merchant,2025-01-03T22:00:12,PNG,Complete,Accepted,No,Passed
EVD-00004271,PFXC-001774,Receipt,Customer,2025-01-05T15:22:17,PDF,Complete,Accepted,No,Passed
EVD-00004272,PFXC-001775,Receipt,Customer,2025-07-30T00:09:25,PNG,Incomplete,Rejected,No,Passed
EVD-00004273,PFXC-001776,Merchant Communication,Customer,2025-10-25T21:21:18,PDF,Unreadable,Further Evidence Required,No,Passed
EVD-00004274,PFXC-001776,Screenshot,Customer,2025-10-26T22:22:36,Other,Complete,Accepted,No,Passed
EVD-00004275,PFXC-001778,Bank Statement,Customer,2026-03-27T15:09:05,Other,Unreadable,Further Evidence Required,No,Passed
EVD-00004276,PFXC-001778,Receipt,Customer,2026-03-27T00:13:24,PDF,Complete,Accepted,No,Passed
EVD-00004277,PFXC-001779,Other,Customer,2026-01-11T18:55:34,Other,Complete,Accepted,No,Passed
EVD-00004278,PFXC-001779,Bank Statement,Customer,2026-01-11T21:35:33,Other,Complete,Accepted,Yes,Passed
EVD-00004279,PFXC-001780,Receipt,Customer,2026-02-08T00:43:24,PNG,Complete,Accepted,No,Passed
EVD-00004280,PFXC-001780,Bank Statement,Customer,2026-02-09T12:35:08,JPG,Complete,Further Evidence Required,No,Not Applicable
EVD-00004281,PFXC-001781,Bank Statement,Customer,2026-03-23T11:59:06,JPG,Complete,Accepted,Yes,Passed
EVD-00004282,PFXC-001782,Receipt,Customer,2025-06-01T10:38:28,JPG,Complete,Accepted,No,Passed
EVD-00004283,PFXC-001782,Receipt,Merchant,2025-06-03T22:11:25,PDF,Incomplete,Rejected,No,Passed
EVD-00004284,PFXC-001783,Screenshot,Customer,2025-08-05T07:16:25,PDF,Unreadable,Further Evidence Required,No,Passed
EVD-00004285,PFXC-001783,Receipt,Customer,2025-08-02T18:34:11,CSV,Complete,Accepted,No,Passed
EVD-00004286,PFXC-001784,Receipt,Customer,2026-02-22T13:32:55,JPG,Complete,Accepted,No,Passed
EVD-00004287,PFXC-001784,Merchant Communication,Customer,2026-02-23T21:14:47,Other,Complete,Accepted,No,Passed
EVD-00004288,PFXC-001785,Receipt,Operations,2025-08-05T02:27:02,Other,Complete,Further Evidence Required,Yes,Passed
EVD-00004289,PFXC-001785,Bank Statement,Customer,2025-08-06T02:04:23,PNG,Incomplete,Rejected,Yes,Passed
EVD-00004290,PFXC-001786,Merchant Communication,Customer,2026-01-06T04:42:35,Other,Complete,Accepted,No,Passed
EVD-00004291,PFXC-001786,Merchant Communication,Customer,2026-01-06T17:27:04,PDF,Complete,Further Evidence Required,No,Passed
EVD-00004292,PFXC-001787,Identity Evidence,Customer,2025-08-12T19:27:31,CSV,Complete,Further Evidence Required,No,Passed
EVD-00004293,PFXC-001787,Receipt,Customer,2025-08-14T04:35:02,PDF,Complete,Further Evidence Required,No,Passed
EVD-00004294,PFXC-001787,Other,Customer,2025-08-12T02:40:12,JPG,Complete,Accepted,No,Passed
EVD-00004295,PFXC-001788,Merchant Communication,Customer,2026-01-18T22:29:21,JPG,Complete,Accepted,Yes,Passed
EVD-00004296,PFXC-001788,Merchant Communication,Customer,2026-01-20T12:48:50,PDF,Complete,Further Evidence Required,No,Passed
EVD-00004297,PFXC-001788,Receipt,Customer,2026-01-19T19:52:15,PDF,Complete,Accepted,No,Passed
EVD-00004298,PFXC-001788,Other,Customer,2026-01-19T01:48:38,PNG,Complete,Accepted,No,Passed
EVD-00004299,PFXC-001789,Receipt,Customer,2026-02-15T01:39:24,PNG,Complete,Accepted,Yes,Passed
EVD-00004300,PFXC-001790,Screenshot,Merchant,2025-09-04T23:39:34,PDF,Complete,Accepted,No,Passed
EVD-00004301,PFXC-001791,Identity Evidence,Customer,2025-12-19T11:56:39,PNG,Complete,Accepted,No,Passed
EVD-00004302,PFXC-001791,Bank Statement,Customer,2025-12-18T23:31:22,PDF,Complete,Accepted,No,Passed
EVD-00004303,PFXC-001791,Receipt,Customer,2025-12-18T16:19:54,PDF,Complete,Accepted,No,Passed
EVD-00004304,PFXC-001792,Identity Evidence,Customer,2026-02-12T13:39:51,Other,Complete,Further Evidence Required,Yes,Passed
EVD-00004305,PFXC-001792,Identity Evidence,Customer,2026-02-12T05:28:34,PNG,Complete,Accepted,No,Passed
EVD-00004306,PFXC-001792,Receipt,Customer,2026-02-12T13:02:18,PDF,Complete,Further Evidence Required,Yes,Passed
EVD-00004307,PFXC-001793,Receipt,Customer,2025-07-10T04:03:53,PDF,Complete,Accepted,No,Passed
EVD-00004308,PFXC-001793,Screenshot,Customer,2025-07-11T09:23:54,PDF,Complete,Accepted,No,Passed
EVD-00004309,PFXC-001793,Merchant Communication,Customer,2025-07-12T16:49:34,JPG,Complete,Accepted,No,Passed
EVD-00004310,PFXC-001794,Receipt,Customer,2025-11-13T03:23:16,PDF,Complete,Accepted,No,Passed
EVD-00004311,PFXC-001794,Screenshot,Customer,2025-11-13T17:32:51,PDF,Complete,Accepted,Yes,Passed
EVD-00004312,PFXC-001795,Screenshot,Customer,2025-05-25T03:29:20,PDF,Complete,Accepted,No,Passed
EVD-00004313,PFXC-001795,Receipt,Customer,2025-05-26T19:20:45,PNG,Incomplete,Further Evidence Required,No,Passed
EVD-00004314,PFXC-001795,Bank Statement,Operations,2025-05-25T03:32:55,PDF,Incomplete,Further Evidence Required,No,Failed
EVD-00004315,PFXC-001796,Bank Statement,Customer,2025-07-11T03:31:43,JPG,Incomplete,Rejected,No,Passed
EVD-00004316,PFXC-001796,Receipt,Merchant,2025-07-10T09:37:17,PDF,Unreadable,Rejected,No,Not Applicable
EVD-00004317,PFXC-001797,Bank Statement,Operations,2026-06-01T18:29:55,Other,Unreadable,Rejected,No,Passed
EVD-00004318,PFXC-001797,Bank Statement,Operations,2026-06-01T20:37:21,PNG,Complete,Accepted,No,Passed
EVD-00004319,PFXC-001797,Bank Statement,Customer,2026-05-31T06:24:43,PNG,Complete,Accepted,No,Passed
EVD-00004320,PFXC-001797,Bank Statement,Merchant,2026-06-01T03:24:25,JPG,Complete,Accepted,No,Not Applicable
EVD-00004321,PFXC-001798,Screenshot,Customer,2025-03-13T13:01:41,Other,Complete,Accepted,Yes,Not Applicable
EVD-00004322,PFXC-001798,Receipt,Operations,2025-03-14T05:31:40,CSV,Complete,Accepted,No,Passed
EVD-00004323,PFXC-001798,Merchant Communication,Customer,2025-03-14T01:49:49,PDF,Complete,Accepted,No,Passed
EVD-00004324,PFXC-001799,Screenshot,Merchant,2025-12-25T17:49:12,PDF,Complete,Accepted,No,Passed
EVD-00004325,PFXC-001800,Bank Statement,Customer,2026-06-27T13:00:43,PDF,Complete,Accepted,No,Passed
EVD-00004326,PFXC-001800,Receipt,Customer,2026-06-27T15:42:24,JPG,Complete,Accepted,No,Passed
EVD-00004327,PFXC-001800,Other,Customer,2026-06-28T01:25:36,PNG,Complete,Accepted,No,Passed
EVD-00004328,PFXC-001800,Merchant Communication,Operations,2026-06-27T16:28:43,PDF,Complete,Accepted,No,Passed
EVD-00004329,PFXC-001801,Bank Statement,Customer,2025-03-12T22:36:04,PNG,Incomplete,Rejected,No,Passed
EVD-00004330,PFXC-001801,Screenshot,Customer,2025-03-13T01:53:19,PNG,Complete,Accepted,No,Passed
EVD-00004331,PFXC-001802,Other,Customer,2026-02-05T05:26:17,JPG,Complete,Accepted,No,Passed
EVD-00004332,PFXC-001802,Other,Customer,2026-02-04T14:38:12,JPG,Complete,Accepted,No,Passed
EVD-00004333,PFXC-001803,Merchant Communication,Merchant,2025-08-26T03:12:57,PDF,Incomplete,Further Evidence Required,No,Passed
EVD-00004334,PFXC-001803,Other,Customer,2025-08-26T08:42:24,PDF,Complete,Accepted,No,Passed
EVD-00004335,PFXC-001803,Merchant Communication,Customer,2025-08-26T00:09:51,PNG,Unreadable,Rejected,No,Passed
EVD-00004336,PFXC-001805,Receipt,Customer,2025-06-29T15:03:06,PDF,Complete,Accepted,No,Passed
EVD-00004337,PFXC-001805,Receipt,Customer,2025-06-29T19:43:05,PDF,Complete,Accepted,No,Passed
EVD-00004338,PFXC-001806,Screenshot,Customer,2025-06-28T02:14:54,JPG,Complete,Accepted,No,Passed
EVD-00004339,PFXC-001807,Bank Statement,Customer,2025-07-19T12:01:05,JPG,Complete,Accepted,No,Passed
EVD-00004340,PFXC-001807,Merchant Communication,Customer,2025-07-18T00:12:38,Other,Incomplete,Further Evidence Required,No,Passed
EVD-00004341,PFXC-001807,Merchant Communication,Customer,2025-07-18T04:00:52,PDF,Unreadable,Further Evidence Required,No,Not Applicable
EVD-00004342,PFXC-001807,Merchant Communication,Operations,2025-07-19T14:10:14,PDF,Complete,Accepted,No,Passed
EVD-00004343,PFXC-001808,Merchant Communication,Customer,2025-01-20T05:45:06,PDF,Complete,Further Evidence Required,No,Passed
EVD-00004344,PFXC-001809,Screenshot,Merchant,2026-03-19T07:25:32,PDF,Complete,Accepted,No,Passed
EVD-00004345,PFXC-001809,Bank Statement,Customer,2026-03-19T20:36:51,PDF,Complete,Further Evidence Required,Yes,Passed
EVD-00004346,PFXC-001809,Other,Customer,2026-03-19T04:28:05,PDF,Complete,Further Evidence Required,No,Passed
EVD-00004347,PFXC-001809,Receipt,Customer,2026-03-20T09:26:17,JPG,Incomplete,Further Evidence Required,No,Passed
EVD-00004348,PFXC-001810,Bank Statement,Customer,2025-03-30T22:53:13,PDF,Complete,Accepted,No,Passed
EVD-00004349,PFXC-001810,Screenshot,Customer,2025-03-31T01:05:43,JPG,Complete,Further Evidence Required,No,Not Applicable
EVD-00004350,PFXC-001810,Receipt,Customer,2025-03-29T23:58:52,JPG,Complete,Accepted,No,Passed
EVD-00004351,PFXC-001810,Receipt,Customer,2025-03-31T13:17:55,Other,Complete,Accepted,No,Passed
EVD-00004352,PFXC-001811,Receipt,Customer,2025-08-11T10:40:15,PNG,Complete,Accepted,No,Passed
EVD-00004353,PFXC-001811,Bank Statement,Customer,2025-08-11T12:50:47,PNG,Complete,Accepted,Yes,Not Applicable
EVD-00004354,PFXC-001811,Identity Evidence,Merchant,2025-08-12T17:44:52,PDF,Complete,Accepted,Yes,Not Applicable
EVD-00004355,PFXC-001811,Receipt,Customer,2025-08-13T15:47:19,PDF,Complete,Accepted,No,Passed
EVD-00004356,PFXC-001812,Merchant Communication,Customer,2025-06-15T22:49:21,Other,Incomplete,Rejected,No,Passed
EVD-00004357,PFXC-001812,Bank Statement,Customer,2025-06-16T23:12:51,Other,Complete,Accepted,No,Passed
EVD-00004358,PFXC-001813,Receipt,Customer,2025-12-18T13:36:10,JPG,Complete,Accepted,No,Passed
EVD-00004359,PFXC-001813,Other,Customer,2025-12-16T18:34:17,PDF,Complete,Accepted,No,Passed
EVD-00004360,PFXC-001813,Bank Statement,Operations,2025-12-17T07:45:44,PDF,Complete,Accepted,Yes,Passed
EVD-00004361,PFXC-001814,Screenshot,Customer,2025-06-12T00:36:57,Other,Complete,Accepted,No,Passed
EVD-00004362,PFXC-001815,Receipt,Customer,2026-06-15T11:14:25,PNG,Complete,Accepted,No,Passed
EVD-00004363,PFXC-001815,Bank Statement,Customer,2026-06-17T14:55:02,PNG,Complete,Further Evidence Required,No,Passed
EVD-00004364,PFXC-001816,Bank Statement,Merchant,2025-08-25T23:58:26,PDF,Complete,Accepted,No,Passed
EVD-00004365,PFXC-001816,Screenshot,Customer,2025-08-24T15:07:33,JPG,Complete,Accepted,No,Passed
EVD-00004366,PFXC-001817,Receipt,Customer,2025-11-20T05:36:13,PDF,Complete,Accepted,No,Passed
EVD-00004367,PFXC-001817,Receipt,Customer,2025-11-21T12:24:58,PNG,Complete,Accepted,No,Passed
EVD-00004368,PFXC-001818,Receipt,Customer,2025-11-12T06:53:02,Other,Complete,Accepted,No,Passed
EVD-00004369,PFXC-001818,Other,Customer,2025-11-10T17:15:59,PNG,Complete,Accepted,No,Passed
EVD-00004370,PFXC-001820,Bank Statement,Customer,2025-05-03T18:11:08,JPG,Unreadable,Further Evidence Required,No,Passed
EVD-00004371,PFXC-001820,Screenshot,Customer,2025-05-03T01:59:55,PNG,Complete,Accepted,No,Passed
EVD-00004372,PFXC-001820,Bank Statement,Customer,2025-05-03T13:55:13,PNG,Complete,Accepted,No,Not Applicable
EVD-00004373,PFXC-001821,Merchant Communication,Merchant,2025-06-26T12:23:50,PNG,Complete,Accepted,No,Passed
EVD-00004374,PFXC-001822,Receipt,Customer,2026-02-27T08:20:46,PDF,Complete,Further Evidence Required,Yes,Passed
EVD-00004375,PFXC-001822,Other,Merchant,2026-02-28T21:12:28,PDF,Complete,Accepted,No,Passed
EVD-00004376,PFXC-001822,Screenshot,Customer,2026-02-27T16:46:26,JPG,Incomplete,Further Evidence Required,No,Passed
EVD-00004377,PFXC-001823,Identity Evidence,Customer,2025-05-30T15:47:47,PNG,Incomplete,Further Evidence Required,No,Passed
EVD-00004378,PFXC-001823,Other,Customer,2025-05-29T16:48:39,PDF,Incomplete,Further Evidence Required,No,Passed
EVD-00004379,PFXC-001824,Merchant Communication,Customer,2025-02-10T19:14:13,PNG,Complete,Accepted,No,Passed
EVD-00004380,PFXC-001824,Screenshot,Customer,2025-02-12T09:01:10,PDF,Complete,Further Evidence Required,No,Passed
EVD-00004381,PFXC-001824,Receipt,Customer,2025-02-11T01:42:03,Other,Complete,Accepted,Yes,Passed
EVD-00004382,PFXC-001824,Screenshot,Customer,2025-02-12T05:26:30,PNG,Complete,Accepted,No,Passed
EVD-00004383,PFXC-001825,Identity Evidence,Customer,2025-07-01T19:38:00,PNG,Incomplete,Rejected,No,Passed
EVD-00004384,PFXC-001825,Screenshot,Customer,2025-06-29T21:31:45,JPG,Complete,Accepted,No,Passed
EVD-00004385,PFXC-001826,Screenshot,Customer,2025-06-14T22:56:55,JPG,Complete,Accepted,No,Passed
EVD-00004386,PFXC-001826,Screenshot,Customer,2025-06-14T05:08:38,PDF,Complete,Accepted,Yes,Passed
EVD-00004387,PFXC-001827,Merchant Communication,Operations,2026-05-12T06:49:52,Other,Complete,Accepted,No,Passed
EVD-00004388,PFXC-001827,Merchant Communication,Operations,2026-05-11T07:50:45,Other,Complete,Accepted,No,Passed
EVD-00004389,PFXC-001827,Screenshot,Customer,2026-05-12T18:03:32,PDF,Complete,Accepted,No,Passed
EVD-00004390,PFXC-001828,Bank Statement,Merchant,2026-01-12T18:44:00,JPG,Incomplete,Further Evidence Required,No,Passed
EVD-00004391,PFXC-001828,Merchant Communication,Customer,2026-01-13T19:39:48,PDF,Incomplete,Further Evidence Required,No,Passed
EVD-00004392,PFXC-001829,Merchant Communication,Customer,2025-02-01T23:35:09,PDF,Complete,Further Evidence Required,No,Passed
EVD-00004393,PFXC-001829,Bank Statement,Operations,2025-02-02T19:53:58,PNG,Complete,Accepted,No,Passed
EVD-00004394,PFXC-001830,Other,Customer,2025-12-21T10:00:52,PDF,Incomplete,Further Evidence Required,No,Passed
EVD-00004395,PFXC-001830,Merchant Communication,Merchant,2025-12-21T16:05:35,PDF,Incomplete,Rejected,Yes,Passed
EVD-00004396,PFXC-001831,Bank Statement,Customer,2025-08-20T11:44:58,PDF,Complete,Accepted,No,Passed
EVD-00004397,PFXC-001831,Screenshot,Customer,2025-08-18T18:54:02,PDF,Incomplete,Rejected,Yes,Passed
EVD-00004398,PFXC-001831,Receipt,Customer,2025-08-19T07:10:37,Other,Incomplete,Rejected,No,Passed
EVD-00004399,PFXC-001832,Other,Customer,2025-02-03T08:15:19,PDF,Complete,Accepted,No,Passed
EVD-00004400,PFXC-001832,Receipt,Customer,2025-02-03T23:05:09,Other,Incomplete,Rejected,No,Passed
EVD-00004401,PFXC-001833,Receipt,Customer,2026-02-15T10:04:38,PDF,Unreadable,Rejected,Yes,Passed
EVD-00004402,PFXC-001833,Screenshot,Customer,2026-02-16T11:01:16,PNG,Complete,Accepted,No,Passed
EVD-00004403,PFXC-001834,Bank Statement,Customer,2025-06-29T11:14:19,Other,Complete,Further Evidence Required,No,Passed
EVD-00004404,PFXC-001834,Receipt,Customer,2025-06-30T05:36:49,PDF,Complete,Accepted,No,Passed
EVD-00004405,PFXC-001835,Other,Customer,2025-04-13T06:49:57,Other,Complete,Accepted,No,Passed
EVD-00004406,PFXC-001835,Identity Evidence,Operations,2025-04-13T22:02:23,Other,Complete,Further Evidence Required,No,Passed
EVD-00004407,PFXC-001836,Screenshot,Customer,2025-11-02T23:38:55,PDF,Complete,Accepted,No,Passed
EVD-00004408,PFXC-001836,Other,Customer,2025-11-01T13:56:26,CSV,Complete,Accepted,No,Passed
EVD-00004409,PFXC-001837,Bank Statement,Customer,2026-03-31T12:59:03,JPG,Complete,Accepted,No,Passed
EVD-00004410,PFXC-001837,Merchant Communication,Customer,2026-04-02T08:29:46,JPG,Complete,Accepted,No,Passed
EVD-00004411,PFXC-001838,Screenshot,Customer,2026-05-21T07:20:45,JPG,Complete,Accepted,No,Not Applicable
EVD-00004412,PFXC-001838,Screenshot,Customer,2026-05-22T02:48:37,PDF,Complete,Accepted,No,Passed
EVD-00004413,PFXC-001838,Receipt,Customer,2026-05-21T07:21:21,PDF,Complete,Further Evidence Required,No,Passed
EVD-00004414,PFXC-001838,Screenshot,Customer,2026-05-20T10:23:31,PNG,Complete,Accepted,No,Passed
EVD-00004415,PFXC-001839,Receipt,Customer,2026-03-23T21:07:09,JPG,Complete,Accepted,No,Not Applicable
EVD-00004416,PFXC-001839,Screenshot,Customer,2026-03-24T00:12:23,PNG,Incomplete,Further Evidence Required,Yes,Passed
EVD-00004417,PFXC-001839,Screenshot,Merchant,2026-03-21T20:16:45,CSV,Complete,Accepted,No,Passed
EVD-00004418,PFXC-001840,Other,Customer,2025-12-16T10:28:57,PDF,Complete,Further Evidence Required,No,Passed
EVD-00004419,PFXC-001840,Other,Customer,2025-12-16T06:43:32,JPG,Complete,Accepted,Yes,Passed
EVD-00004420,PFXC-001841,Merchant Communication,Merchant,2025-11-08T00:39:46,PNG,Complete,Accepted,Yes,Passed
EVD-00004421,PFXC-001841,Receipt,Customer,2025-11-08T19:41:40,PDF,Complete,Further Evidence Required,No,Not Applicable
EVD-00004422,PFXC-001841,Receipt,Customer,2025-11-07T15:36:48,PDF,Complete,Accepted,Yes,Passed
EVD-00004423,PFXC-001842,Screenshot,Customer,2025-09-30T15:11:48,PDF,Complete,Accepted,Yes,Passed
EVD-00004424,PFXC-001843,Bank Statement,Customer,2026-05-31T05:40:42,PNG,Incomplete,Further Evidence Required,No,Passed
EVD-00004425,PFXC-001843,Identity Evidence,Customer,2026-05-30T00:49:33,PDF,Complete,Accepted,No,Passed
EVD-00004426,PFXC-001843,Merchant Communication,Customer,2026-05-30T18:56:41,PDF,Complete,Accepted,No,Not Applicable
EVD-00004427,PFXC-001843,Identity Evidence,Merchant,2026-05-31T10:26:51,PDF,Complete,Accepted,No,Passed
EVD-00004428,PFXC-001844,Screenshot,Customer,2025-02-03T20:18:34,PNG,Complete,Accepted,No,Passed
EVD-00004429,PFXC-001844,Screenshot,Customer,2025-02-03T01:01:15,PDF,Incomplete,Further Evidence Required,No,Not Applicable
EVD-00004430,PFXC-001844,Screenshot,Customer,2025-02-03T08:53:14,PDF,Complete,Accepted,No,Passed
EVD-00004431,PFXC-001845,Screenshot,Operations,2025-09-08T15:16:08,PDF,Complete,Accepted,No,Passed
EVD-00004432,PFXC-001845,Bank Statement,Customer,2025-09-06T18:51:17,CSV,Complete,Accepted,No,Passed
EVD-00004433,PFXC-001845,Screenshot,Customer,2025-09-07T22:16:10,JPG,Complete,Further Evidence Required,No,Passed
EVD-00004434,PFXC-001846,Merchant Communication,Customer,2026-02-04T19:59:44,PDF,Unreadable,Further Evidence Required,No,Not Applicable
EVD-00004435,PFXC-001846,Screenshot,Customer,2026-02-03T08:28:31,PDF,Complete,Accepted,Yes,Passed
EVD-00004436,PFXC-001847,Bank Statement,Customer,2025-04-25T16:23:13,PDF,Complete,Accepted,No,Passed
EVD-00004437,PFXC-001847,Screenshot,Customer,2025-04-27T18:48:37,Other,Unreadable,Rejected,No,Passed
EVD-00004438,PFXC-001848,Screenshot,Operations,2025-06-27T19:43:58,Other,Incomplete,Further Evidence Required,No,Passed
EVD-00004439,PFXC-001849,Merchant Communication,Customer,2026-06-17T02:16:10,JPG,Incomplete,Further Evidence Required,No,Passed
EVD-00004440,PFXC-001849,Merchant Communication,Customer,2026-06-16T11:03:53,JPG,Complete,Accepted,No,Passed
EVD-00004441,PFXC-001849,Bank Statement,Customer,2026-06-17T13:18:31,PDF,Complete,Accepted,No,Passed
EVD-00004442,PFXC-001849,Bank Statement,Merchant,2026-06-16T11:40:13,JPG,Complete,Accepted,No,Passed
EVD-00004443,PFXC-001850,Other,Operations,2025-03-29T07:36:01,JPG,Complete,Accepted,No,Not Applicable
EVD-00004444,PFXC-001850,Screenshot,Customer,2025-03-27T17:27:33,PDF,Complete,Accepted,No,Passed
EVD-00004445,PFXC-001850,Merchant Communication,Merchant,2025-03-28T06:48:01,PDF,Complete,Accepted,No,Passed
EVD-00004446,PFXC-001851,Merchant Communication,Operations,2026-02-21T21:17:51,JPG,Complete,Accepted,No,Passed
EVD-00004447,PFXC-001851,Merchant Communication,Customer,2026-02-21T07:31:52,PDF,Complete,Accepted,No,Passed
EVD-00004448,PFXC-001851,Receipt,Customer,2026-02-21T15:04:37,PDF,Complete,Accepted,Yes,Passed
EVD-00004449,PFXC-001851,Bank Statement,Customer,2026-02-21T06:56:52,PDF,Complete,Further Evidence Required,No,Passed
EVD-00004450,PFXC-001853,Receipt,Customer,2025-12-13T07:44:28,JPG,Complete,Accepted,No,Passed
EVD-00004451,PFXC-001853,Receipt,Customer,2025-12-11T04:53:50,PDF,Complete,Further Evidence Required,No,Passed
EVD-00004452,PFXC-001854,Merchant Communication,Customer,2025-11-30T05:33:44,PDF,Complete,Further Evidence Required,No,Passed
EVD-00004453,PFXC-001854,Receipt,Customer,2025-11-29T04:56:15,PDF,Complete,Accepted,No,Passed
EVD-00004454,PFXC-001854,Receipt,Customer,2025-11-30T04:33:25,JPG,Incomplete,Further Evidence Required,No,Passed
EVD-00004455,PFXC-001854,Receipt,Customer,2025-12-01T05:51:53,PNG,Complete,Accepted,No,Passed
EVD-00004456,PFXC-001855,Screenshot,Customer,2026-03-10T20:58:33,Other,Incomplete,Further Evidence Required,No,Passed
EVD-00004457,PFXC-001855,Merchant Communication,Operations,2026-03-11T15:26:40,Other,Complete,Further Evidence Required,No,Passed
EVD-00004458,PFXC-001857,Receipt,Customer,2025-10-08T13:49:49,PDF,Complete,Accepted,Yes,Passed
EVD-00004459,PFXC-001857,Bank Statement,Customer,2025-10-09T13:20:55,PDF,Complete,Further Evidence Required,No,Failed
EVD-00004460,PFXC-001857,Receipt,Operations,2025-10-10T17:53:05,PDF,Complete,Accepted,No,Passed
EVD-00004461,PFXC-001858,Receipt,Customer,2025-02-24T17:58:48,PNG,Incomplete,Rejected,No,Passed
EVD-00004462,PFXC-001858,Bank Statement,Customer,2025-02-24T03:39:33,JPG,Incomplete,Further Evidence Required,No,Passed
EVD-00004463,PFXC-001858,Merchant Communication,Customer,2025-02-22T11:11:54,PDF,Complete,Accepted,No,Passed
EVD-00004464,PFXC-001859,Bank Statement,Customer,2025-06-22T04:51:03,PDF,Complete,Accepted,No,Passed
EVD-00004465,PFXC-001859,Receipt,Customer,2025-06-22T01:34:28,Other,Complete,Accepted,No,Not Applicable
EVD-00004466,PFXC-001859,Screenshot,Customer,2025-06-20T10:47:27,PDF,Unreadable,Rejected,No,Passed
EVD-00004467,PFXC-001859,Bank Statement,Merchant,2025-06-21T21:51:56,Other,Complete,Accepted,No,Passed
EVD-00004468,PFXC-001860,Merchant Communication,Customer,2026-05-28T15:59:03,PNG,Complete,Accepted,Yes,Passed
EVD-00004469,PFXC-001860,Receipt,Customer,2026-05-28T10:15:28,PDF,Complete,Accepted,No,Passed
EVD-00004470,PFXC-001860,Merchant Communication,Customer,2026-05-27T22:45:50,CSV,Complete,Further Evidence Required,Yes,Passed
EVD-00004471,PFXC-001860,Merchant Communication,Operations,2026-05-27T23:45:04,JPG,Complete,Accepted,Yes,Failed
EVD-00004472,PFXC-001861,Bank Statement,Customer,2025-01-21T21:55:39,PDF,Complete,Accepted,No,Failed
EVD-00004473,PFXC-001861,Screenshot,Customer,2025-01-21T09:32:54,PDF,Complete,Accepted,Yes,Passed
EVD-00004474,PFXC-001861,Other,Customer,2025-01-20T18:16:30,Other,Complete,Accepted,Yes,Passed
EVD-00004475,PFXC-001862,Merchant Communication,Customer,2025-07-27T04:06:59,JPG,Complete,Accepted,No,Passed
EVD-00004476,PFXC-001862,Screenshot,Customer,2025-07-25T23:12:49,Other,Complete,Accepted,No,Passed
EVD-00004477,PFXC-001862,Bank Statement,Customer,2025-07-26T10:45:47,Other,Complete,Accepted,No,Passed
EVD-00004478,PFXC-001862,Screenshot,Customer,2025-07-26T18:52:27,JPG,Complete,Further Evidence Required,No,Not Applicable
EVD-00004479,PFXC-001863,Bank Statement,Customer,2025-08-07T08:09:35,Other,Complete,Accepted,No,Passed
EVD-00004480,PFXC-001863,Screenshot,Customer,2025-08-08T03:55:20,PNG,Complete,Accepted,No,Passed
EVD-00004481,PFXC-001864,Screenshot,Customer,2025-10-07T18:05:23,PDF,Unreadable,Further Evidence Required,No,Passed
EVD-00004482,PFXC-001864,Receipt,Customer,2025-10-05T16:19:19,Other,Complete,Accepted,Yes,Passed
EVD-00004483,PFXC-001865,Screenshot,Customer,2025-04-15T01:23:07,JPG,Complete,Accepted,No,Passed
EVD-00004484,PFXC-001865,Bank Statement,Operations,2025-04-13T17:26:38,Other,Complete,Accepted,No,Passed
EVD-00004485,PFXC-001866,Screenshot,Customer,2025-10-25T11:13:46,PDF,Unreadable,Rejected,No,Passed
EVD-00004486,PFXC-001866,Bank Statement,Customer,2025-10-26T00:04:41,PDF,Complete,Accepted,No,Passed
EVD-00004487,PFXC-001867,Receipt,Customer,2025-12-04T16:07:46,JPG,Complete,Accepted,No,Passed
EVD-00004488,PFXC-001867,Bank Statement,Customer,2025-12-04T11:38:21,JPG,Complete,Accepted,No,Passed
EVD-00004489,PFXC-001867,Bank Statement,Customer,2025-12-03T05:44:07,PDF,Complete,Accepted,No,Passed
EVD-00004490,PFXC-001867,Receipt,Customer,2025-12-03T10:51:55,PDF,Incomplete,Rejected,Yes,Passed
EVD-00004491,PFXC-001868,Receipt,Customer,2026-05-29T00:24:57,PDF,Complete,Accepted,No,Passed
EVD-00004492,PFXC-001868,Receipt,Customer,2026-05-29T02:01:50,PDF,Complete,Accepted,No,Passed
EVD-00004493,PFXC-001868,Screenshot,Customer,2026-05-28T07:26:54,Other,Complete,Further Evidence Required,No,Passed
EVD-00004494,PFXC-001868,Screenshot,Customer,2026-05-28T23:04:23,JPG,Complete,Accepted,No,Passed
EVD-00004495,PFXC-001869,Identity Evidence,Customer,2026-02-25T08:56:54,PDF,Incomplete,Further Evidence Required,No,Not Applicable
EVD-00004496,PFXC-001869,Merchant Communication,Operations,2026-02-27T05:58:59,JPG,Complete,Accepted,Yes,Passed
EVD-00004497,PFXC-001870,Merchant Communication,Merchant,2025-01-06T08:24:46,Other,Complete,Accepted,No,Passed
EVD-00004498,PFXC-001870,Merchant Communication,Customer,2025-01-08T07:09:07,JPG,Complete,Accepted,No,Passed
EVD-00004499,PFXC-001870,Other,Customer,2025-01-08T15:41:39,PNG,Incomplete,Further Evidence Required,No,Passed
EVD-00004500,PFXC-001870,Screenshot,Customer,2025-01-08T07:46:54,PNG,Complete,Further Evidence Required,No,Passed
EVD-00004501,PFXC-001871,Receipt,Customer,2025-08-27T04:50:20,PNG,Incomplete,Rejected,No,Passed
EVD-00004502,PFXC-001871,Bank Statement,Merchant,2025-08-27T20:03:11,CSV,Complete,Accepted,Yes,Passed
EVD-00004503,PFXC-001872,Screenshot,Customer,2025-04-05T00:36:50,Other,Incomplete,Rejected,No,Passed
EVD-00004504,PFXC-001873,Merchant Communication,Merchant,2025-03-13T13:19:46,PDF,Complete,Accepted,No,Passed
EVD-00004505,PFXC-001873,Merchant Communication,Customer,2025-03-13T14:35:34,PDF,Unreadable,Rejected,No,Passed
EVD-00004506,PFXC-001873,Bank Statement,Operations,2025-03-13T10:22:42,PNG,Incomplete,Further Evidence Required,No,Passed
EVD-00004507,PFXC-001874,Screenshot,Customer,2026-02-23T06:28:11,PDF,Complete,Further Evidence Required,No,Passed
EVD-00004508,PFXC-001874,Bank Statement,Customer,2026-02-24T17:28:38,PDF,Incomplete,Further Evidence Required,Yes,Passed
EVD-00004509,PFXC-001874,Merchant Communication,Customer,2026-02-23T00:19:05,PDF,Incomplete,Further Evidence Required,Yes,Passed
EVD-00004510,PFXC-001874,Merchant Communication,Customer,2026-02-23T05:19:38,PDF,Complete,Accepted,No,Passed
EVD-00004511,PFXC-001875,Other,Customer,2026-04-30T13:35:42,PDF,Complete,Accepted,No,Passed
EVD-00004512,PFXC-001875,Receipt,Customer,2026-04-29T17:40:12,Other,Complete,Accepted,No,Passed
EVD-00004513,PFXC-001875,Bank Statement,Customer,2026-04-28T10:35:06,JPG,Complete,Accepted,No,Passed
EVD-00004514,PFXC-001875,Receipt,Customer,2026-04-30T04:34:07,JPG,Incomplete,Further Evidence Required,No,Passed
EVD-00004515,PFXC-001876,Merchant Communication,Customer,2025-03-06T16:09:01,PDF,Complete,Accepted,No,Passed
EVD-00004516,PFXC-001876,Screenshot,Customer,2025-03-07T18:09:23,PDF,Incomplete,Further Evidence Required,Yes,Passed
EVD-00004517,PFXC-001877,Receipt,Customer,2025-03-10T01:12:32,JPG,Complete,Accepted,No,Not Applicable
EVD-00004518,PFXC-001878,Receipt,Merchant,2025-06-13T20:42:36,JPG,Complete,Accepted,No,Passed
EVD-00004519,PFXC-001878,Receipt,Customer,2025-06-12T10:49:31,Other,Complete,Accepted,No,Passed
EVD-00004520,PFXC-001879,Merchant Communication,Customer,2025-02-17T22:25:03,JPG,Complete,Accepted,No,Passed
EVD-00004521,PFXC-001879,Merchant Communication,Merchant,2025-02-17T15:24:56,PNG,Unreadable,Rejected,No,Passed
EVD-00004522,PFXC-001879,Other,Customer,2025-02-19T14:44:20,PDF,Complete,Accepted,No,Passed
EVD-00004523,PFXC-001879,Receipt,Merchant,2025-02-19T09:52:36,PNG,Complete,Accepted,No,Passed
EVD-00004524,PFXC-001880,Screenshot,Customer,2026-02-12T13:30:40,PNG,Complete,Accepted,No,Passed
EVD-00004525,PFXC-001880,Receipt,Customer,2026-02-11T06:13:33,PDF,Complete,Accepted,No,Passed
EVD-00004526,PFXC-001880,Merchant Communication,Customer,2026-02-11T05:43:22,JPG,Incomplete,Further Evidence Required,No,Passed
EVD-00004527,PFXC-001880,Screenshot,Customer,2026-02-11T03:16:10,PDF,Complete,Accepted,No,Passed
EVD-00004528,PFXC-001881,Receipt,Customer,2026-05-11T01:21:46,PNG,Complete,Accepted,No,Passed
EVD-00004529,PFXC-001881,Bank Statement,Customer,2026-05-12T12:17:53,PDF,Complete,Accepted,No,Passed
EVD-00004530,PFXC-001881,Bank Statement,Customer,2026-05-11T11:17:24,PDF,Complete,Accepted,No,Passed
EVD-00004531,PFXC-001882,Other,Customer,2026-01-08T07:45:54,PNG,Complete,Accepted,No,Passed
EVD-00004532,PFXC-001883,Receipt,Customer,2025-06-02T14:45:28,JPG,Complete,Accepted,No,Passed
EVD-00004533,PFXC-001883,Identity Evidence,Customer,2025-06-02T02:47:23,PDF,Complete,Accepted,No,Passed
EVD-00004534,PFXC-001884,Receipt,Merchant,2025-05-02T18:23:34,PDF,Complete,Accepted,No,Passed
EVD-00004535,PFXC-001884,Screenshot,Customer,2025-05-02T20:40:36,PDF,Complete,Accepted,No,Passed
EVD-00004536,PFXC-001884,Merchant Communication,Customer,2025-05-02T03:27:51,PDF,Complete,Accepted,No,Passed
EVD-00004537,PFXC-001884,Screenshot,Customer,2025-05-03T00:24:07,PNG,Complete,Further Evidence Required,No,Passed
EVD-00004538,PFXC-001885,Receipt,Operations,2026-03-02T18:25:58,PDF,Incomplete,Further Evidence Required,Yes,Passed
EVD-00004539,PFXC-001885,Merchant Communication,Customer,2026-02-28T19:55:46,PDF,Complete,Accepted,No,Passed
EVD-00004540,PFXC-001885,Bank Statement,Customer,2026-02-28T23:42:53,PNG,Complete,Accepted,No,Passed
EVD-00004541,PFXC-001885,Bank Statement,Customer,2026-03-02T02:17:19,PDF,Complete,Accepted,No,Passed
EVD-00004542,PFXC-001886,Merchant Communication,Customer,2025-07-22T17:21:55,JPG,Complete,Accepted,Yes,Not Applicable
EVD-00004543,PFXC-001886,Screenshot,Operations,2025-07-23T22:59:09,PDF,Incomplete,Rejected,No,Passed
EVD-00004544,PFXC-001888,Merchant Communication,Customer,2025-12-17T20:31:43,PDF,Complete,Accepted,No,Passed
EVD-00004545,PFXC-001889,Screenshot,Operations,2025-01-26T23:39:00,JPG,Complete,Accepted,No,Passed
EVD-00004546,PFXC-001889,Screenshot,Customer,2025-01-25T17:40:27,PNG,Unreadable,Further Evidence Required,No,Passed
EVD-00004547,PFXC-001889,Screenshot,Customer,2025-01-26T11:51:42,Other,Unreadable,Further Evidence Required,Yes,Not Applicable
EVD-00004548,PFXC-001889,Merchant Communication,Merchant,2025-01-26T03:46:02,PDF,Incomplete,Further Evidence Required,No,Passed
EVD-00004549,PFXC-001890,Merchant Communication,Merchant,2025-06-07T02:11:00,PNG,Complete,Accepted,No,Passed
EVD-00004550,PFXC-001890,Receipt,Customer,2025-06-06T02:23:55,Other,Complete,Accepted,No,Passed
EVD-00004551,PFXC-001891,Screenshot,Customer,2025-06-07T17:01:28,PDF,Complete,Accepted,Yes,Passed
EVD-00004552,PFXC-001891,Merchant Communication,Customer,2025-06-07T18:30:42,Other,Complete,Accepted,No,Passed
EVD-00004553,PFXC-001891,Other,Customer,2025-06-10T07:26:58,PNG,Complete,Accepted,No,Passed
EVD-00004554,PFXC-001892,Receipt,Operations,2025-09-05T19:23:39,PDF,Complete,Accepted,No,Passed
EVD-00004555,PFXC-001892,Bank Statement,Operations,2025-09-05T12:06:32,Other,Complete,Accepted,No,Passed
EVD-00004556,PFXC-001892,Other,Customer,2025-09-07T10:04:27,JPG,Complete,Accepted,No,Not Applicable
EVD-00004557,PFXC-001893,Screenshot,Customer,2025-03-26T01:13:42,PDF,Complete,Further Evidence Required,No,Passed
EVD-00004558,PFXC-001894,Merchant Communication,Customer,2026-01-23T22:58:54,PDF,Complete,Accepted,No,Not Applicable
EVD-00004559,PFXC-001894,Screenshot,Customer,2026-01-23T15:24:42,Other,Incomplete,Rejected,No,Passed
EVD-00004560,PFXC-001894,Screenshot,Operations,2026-01-23T23:35:35,PDF,Complete,Accepted,No,Passed
EVD-00004561,PFXC-001895,Merchant Communication,Customer,2026-04-23T00:20:48,JPG,Unreadable,Rejected,No,Passed
EVD-00004562,PFXC-001895,Receipt,Merchant,2026-04-22T11:11:26,Other,Incomplete,Further Evidence Required,No,Passed
EVD-00004563,PFXC-001895,Receipt,Customer,2026-04-23T15:02:01,Other,Complete,Accepted,No,Passed
EVD-00004564,PFXC-001896,Merchant Communication,Customer,2025-03-13T18:02:35,PDF,Complete,Further Evidence Required,No,Passed
EVD-00004565,PFXC-001896,Bank Statement,Customer,2025-03-14T11:58:04,PNG,Unreadable,Further Evidence Required,Yes,Passed
EVD-00004566,PFXC-001897,Merchant Communication,Customer,2025-02-10T01:27:16,PDF,Complete,Accepted,Yes,Passed
EVD-00004567,PFXC-001897,Screenshot,Customer,2025-02-12T06:35:01,PDF,Complete,Accepted,No,Passed
EVD-00004568,PFXC-001898,Screenshot,Customer,2026-01-13T12:27:13,PDF,Complete,Accepted,No,Passed
EVD-00004569,PFXC-001898,Merchant Communication,Merchant,2026-01-13T10:04:56,PDF,Complete,Accepted,Yes,Failed
EVD-00004570,PFXC-001898,Screenshot,Operations,2026-01-11T05:45:38,PNG,Complete,Accepted,No,Passed
EVD-00004571,PFXC-001898,Bank Statement,Customer,2026-01-11T02:24:17,Other,Complete,Accepted,No,Passed
EVD-00004572,PFXC-001899,Screenshot,Customer,2026-04-15T07:08:49,PDF,Complete,Accepted,No,Passed
EVD-00004573,PFXC-001899,Bank Statement,Customer,2026-04-16T03:31:47,PDF,Complete,Accepted,No,Passed
EVD-00004574,PFXC-001900,Merchant Communication,Customer,2025-04-08T02:09:22,Other,Complete,Accepted,No,Not Applicable
EVD-00004575,PFXC-001900,Receipt,Customer,2025-04-06T13:31:56,JPG,Incomplete,Rejected,No,Passed
EVD-00004576,PFXC-001900,Screenshot,Customer,2025-04-07T08:55:08,Other,Complete,Further Evidence Required,No,Passed
EVD-00004577,PFXC-001900,Screenshot,Customer,2025-04-08T05:10:44,PDF,Complete,Accepted,No,Passed
EVD-00004578,PFXC-001901,Merchant Communication,Customer,2026-06-23T11:00:13,PDF,Complete,Accepted,No,Passed
EVD-00004579,PFXC-001901,Receipt,Customer,2026-06-22T01:59:35,PDF,Complete,Accepted,Yes,Passed
EVD-00004580,PFXC-001901,Receipt,Customer,2026-06-24T05:05:14,CSV,Complete,Accepted,No,Passed
EVD-00004581,PFXC-001902,Screenshot,Customer,2026-02-14T23:05:00,PNG,Complete,Accepted,No,Passed
EVD-00004582,PFXC-001902,Merchant Communication,Customer,2026-02-14T18:10:43,PDF,Complete,Accepted,No,Passed
EVD-00004583,PFXC-001902,Screenshot,Customer,2026-02-16T23:43:51,PDF,Complete,Accepted,No,Passed
EVD-00004584,PFXC-001902,Identity Evidence,Customer,2026-02-16T22:42:27,PDF,Complete,Accepted,No,Passed
EVD-00004585,PFXC-001903,Screenshot,Customer,2026-01-23T02:06:25,JPG,Complete,Accepted,No,Passed
EVD-00004586,PFXC-001903,Merchant Communication,Customer,2026-01-21T12:19:27,CSV,Complete,Accepted,No,Passed
EVD-00004587,PFXC-001904,Receipt,Customer,2025-11-29T03:56:52,PDF,Complete,Accepted,No,Passed
EVD-00004588,PFXC-001904,Screenshot,Customer,2025-11-29T11:10:49,PDF,Complete,Accepted,Yes,Passed
EVD-00004589,PFXC-001904,Other,Customer,2025-11-30T20:48:18,Other,Unreadable,Further Evidence Required,Yes,Passed
EVD-00004590,PFXC-001905,Identity Evidence,Customer,2025-05-13T08:44:21,JPG,Complete,Accepted,Yes,Not Applicable
EVD-00004591,PFXC-001905,Screenshot,Customer,2025-05-14T09:56:27,JPG,Complete,Accepted,No,Passed
EVD-00004592,PFXC-001906,Receipt,Merchant,2025-07-16T15:29:20,PDF,Complete,Accepted,No,Not Applicable
EVD-00004593,PFXC-001907,Other,Operations,2025-10-02T03:21:16,PDF,Unreadable,Rejected,No,Passed
EVD-00004594,PFXC-001907,Other,Merchant,2025-10-04T12:02:45,CSV,Complete,Accepted,No,Passed
EVD-00004595,PFXC-001907,Receipt,Customer,2025-10-04T09:58:21,PDF,Complete,Accepted,No,Passed
EVD-00004596,PFXC-001908,Screenshot,Customer,2025-01-16T09:56:08,PNG,Complete,Accepted,No,Passed
EVD-00004597,PFXC-001908,Screenshot,Customer,2025-01-17T07:20:47,PDF,Complete,Accepted,No,Passed
EVD-00004598,PFXC-001909,Receipt,Customer,2025-06-10T13:59:41,PDF,Unreadable,Rejected,Yes,Passed
EVD-00004599,PFXC-001909,Receipt,Customer,2025-06-09T17:30:23,JPG,Complete,Accepted,No,Passed
EVD-00004600,PFXC-001910,Receipt,Operations,2026-03-17T22:00:42,JPG,Complete,Accepted,No,Passed
EVD-00004601,PFXC-001911,Receipt,Customer,2025-07-01T08:10:17,PDF,Complete,Accepted,No,Passed
EVD-00004602,PFXC-001911,Receipt,Customer,2025-07-01T16:42:04,PDF,Complete,Accepted,No,Passed
EVD-00004603,PFXC-001911,Merchant Communication,Customer,2025-06-30T18:54:49,PDF,Incomplete,Further Evidence Required,No,Passed
EVD-00004604,PFXC-001911,Merchant Communication,Operations,2025-06-30T00:35:02,Other,Incomplete,Further Evidence Required,No,Passed
EVD-00004605,PFXC-001912,Bank Statement,Customer,2025-09-18T08:57:51,JPG,Incomplete,Rejected,Yes,Passed
EVD-00004606,PFXC-001912,Screenshot,Customer,2025-09-16T13:50:16,Other,Complete,Accepted,No,Passed
EVD-00004607,PFXC-001912,Screenshot,Customer,2025-09-17T11:57:07,JPG,Complete,Accepted,No,Passed
EVD-00004608,PFXC-001913,Screenshot,Customer,2025-04-17T14:38:23,PNG,Incomplete,Further Evidence Required,No,Passed
EVD-00004609,PFXC-001913,Other,Customer,2025-04-19T08:42:20,PNG,Unreadable,Further Evidence Required,No,Passed
EVD-00004610,PFXC-001914,Screenshot,Customer,2026-06-17T09:36:17,PDF,Complete,Accepted,No,Passed
EVD-00004611,PFXC-001914,Receipt,Customer,2026-06-20T00:02:55,Other,Complete,Accepted,No,Passed
EVD-00004612,PFXC-001914,Receipt,Customer,2026-06-19T11:10:34,PDF,Complete,Accepted,No,Not Applicable
EVD-00004613,PFXC-001915,Bank Statement,Customer,2025-04-21T11:25:22,Other,Complete,Further Evidence Required,No,Passed
EVD-00004614,PFXC-001915,Screenshot,Customer,2025-04-23T10:32:00,PDF,Complete,Accepted,No,Passed
EVD-00004615,PFXC-001917,Receipt,Customer,2026-01-17T21:37:21,PDF,Complete,Further Evidence Required,No,Passed
EVD-00004616,PFXC-001917,Merchant Communication,Merchant,2026-01-19T12:05:34,JPG,Complete,Further Evidence Required,Yes,Passed
EVD-00004617,PFXC-001918,Bank Statement,Customer,2026-06-15T02:59:45,PNG,Unreadable,Rejected,No,Passed
EVD-00004618,PFXC-001918,Screenshot,Customer,2026-06-16T15:33:24,PNG,Complete,Accepted,No,Passed
EVD-00004619,PFXC-001918,Merchant Communication,Customer,2026-06-17T19:48:17,JPG,Incomplete,Further Evidence Required,No,Passed
EVD-00004620,PFXC-001918,Bank Statement,Merchant,2026-06-15T22:31:45,PDF,Complete,Accepted,No,Passed
EVD-00004621,PFXC-001919,Screenshot,Customer,2025-03-01T09:39:06,PNG,Incomplete,Rejected,No,Passed
EVD-00004622,PFXC-001919,Bank Statement,Merchant,2025-03-01T09:01:16,JPG,Complete,Accepted,No,Passed
EVD-00004623,PFXC-001919,Receipt,Customer,2025-03-02T02:53:26,PDF,Complete,Accepted,No,Passed
EVD-00004624,PFXC-001919,Bank Statement,Customer,2025-03-02T18:10:09,JPG,Complete,Accepted,No,Passed
EVD-00004625,PFXC-001920,Receipt,Merchant,2026-03-24T08:24:01,PDF,Complete,Accepted,No,Passed
EVD-00004626,PFXC-001920,Screenshot,Customer,2026-03-25T01:33:52,PDF,Complete,Further Evidence Required,No,Failed
EVD-00004627,PFXC-001920,Screenshot,Customer,2026-03-24T20:05:28,PNG,Incomplete,Further Evidence Required,No,Passed
EVD-00004628,PFXC-001921,Receipt,Customer,2026-03-15T03:11:03,PDF,Unreadable,Further Evidence Required,Yes,Passed
EVD-00004629,PFXC-001921,Merchant Communication,Merchant,2026-03-16T15:29:10,PDF,Incomplete,Further Evidence Required,No,Passed
EVD-00004630,PFXC-001921,Other,Customer,2026-03-16T09:27:18,PDF,Complete,Accepted,No,Passed
EVD-00004631,PFXC-001922,Merchant Communication,Merchant,2025-02-01T01:03:47,Other,Complete,Accepted,No,Passed
EVD-00004632,PFXC-001923,Bank Statement,Customer,2026-01-30T21:55:48,JPG,Incomplete,Rejected,Yes,Passed
EVD-00004633,PFXC-001923,Identity Evidence,Merchant,2026-01-31T06:46:22,Other,Complete,Accepted,No,Passed
EVD-00004634,PFXC-001924,Other,Customer,2025-03-27T08:09:18,Other,Complete,Further Evidence Required,No,Passed
EVD-00004635,PFXC-001924,Other,Customer,2025-03-29T01:18:33,PNG,Incomplete,Further Evidence Required,No,Passed
EVD-00004636,PFXC-001924,Bank Statement,Customer,2025-03-27T14:09:53,PDF,Complete,Accepted,Yes,Passed
EVD-00004637,PFXC-001925,Receipt,Operations,2025-06-26T23:48:27,PNG,Complete,Accepted,No,Passed
EVD-00004638,PFXC-001925,Screenshot,Customer,2025-06-26T19:48:11,PDF,Incomplete,Further Evidence Required,No,Passed
EVD-00004639,PFXC-001926,Bank Statement,Customer,2026-03-10T15:12:50,PNG,Incomplete,Further Evidence Required,No,Passed
EVD-00004640,PFXC-001926,Other,Operations,2026-03-10T14:44:57,PDF,Incomplete,Further Evidence Required,No,Passed
EVD-00004641,PFXC-001927,Receipt,Customer,2025-03-11T19:09:48,PNG,Complete,Accepted,Yes,Passed
EVD-00004642,PFXC-001928,Merchant Communication,Customer,2025-01-06T03:51:23,Other,Complete,Accepted,Yes,Passed
EVD-00004643,PFXC-001929,Receipt,Customer,2025-04-25T12:59:39,PDF,Complete,Accepted,No,Passed
EVD-00004644,PFXC-001930,Screenshot,Customer,2025-04-05T05:02:20,PDF,Complete,Accepted,No,Not Applicable
EVD-00004645,PFXC-001930,Receipt,Customer,2025-04-04T00:54:00,JPG,Complete,Further Evidence Required,No,Passed
EVD-00004646,PFXC-001930,Merchant Communication,Customer,2025-04-06T14:26:06,PDF,Complete,Accepted,No,Passed
EVD-00004647,PFXC-001930,Merchant Communication,Operations,2025-04-06T11:30:35,Other,Incomplete,Rejected,No,Passed
EVD-00004648,PFXC-001931,Other,Operations,2025-01-12T15:29:01,CSV,Complete,Accepted,No,Passed
EVD-00004649,PFXC-001931,Bank Statement,Customer,2025-01-12T13:40:07,PDF,Complete,Accepted,Yes,Passed
EVD-00004650,PFXC-001932,Receipt,Merchant,2026-06-19T16:46:52,Other,Incomplete,Further Evidence Required,No,Passed
EVD-00004651,PFXC-001932,Receipt,Customer,2026-06-19T01:49:40,JPG,Complete,Accepted,No,Passed
EVD-00004652,PFXC-001932,Bank Statement,Operations,2026-06-19T03:39:08,PDF,Complete,Further Evidence Required,No,Not Applicable
EVD-00004653,PFXC-001933,Merchant Communication,Customer,2026-02-06T13:35:55,PNG,Incomplete,Rejected,No,Passed
EVD-00004654,PFXC-001933,Receipt,Customer,2026-02-04T21:02:02,PNG,Incomplete,Further Evidence Required,Yes,Passed
EVD-00004655,PFXC-001934,Receipt,Merchant,2025-05-15T16:05:48,JPG,Complete,Accepted,Yes,Passed
EVD-00004656,PFXC-001934,Bank Statement,Customer,2025-05-18T05:23:08,Other,Complete,Accepted,No,Passed
EVD-00004657,PFXC-001934,Screenshot,Customer,2025-05-17T23:10:03,PDF,Complete,Further Evidence Required,No,Passed
EVD-00004658,PFXC-001935,Bank Statement,Customer,2026-03-20T21:41:42,PNG,Complete,Further Evidence Required,No,Passed
EVD-00004659,PFXC-001935,Bank Statement,Customer,2026-03-20T02:54:53,JPG,Complete,Accepted,No,Passed
EVD-00004660,PFXC-001936,Merchant Communication,Customer,2025-12-08T19:31:00,PDF,Complete,Accepted,No,Passed
EVD-00004661,PFXC-001936,Identity Evidence,Customer,2025-12-08T02:11:44,Other,Incomplete,Further Evidence Required,No,Passed
EVD-00004662,PFXC-001937,Receipt,Operations,2026-05-15T10:25:55,Other,Complete,Accepted,No,Passed
EVD-00004663,PFXC-001937,Identity Evidence,Customer,2026-05-14T19:07:59,PNG,Complete,Accepted,No,Passed
EVD-00004664,PFXC-001937,Receipt,Operations,2026-05-15T06:12:43,PNG,Complete,Accepted,No,Passed
EVD-00004665,PFXC-001938,Screenshot,Customer,2025-04-08T03:50:05,JPG,Complete,Accepted,No,Passed
EVD-00004666,PFXC-001938,Identity Evidence,Customer,2025-04-08T00:18:16,JPG,Incomplete,Further Evidence Required,No,Passed
EVD-00004667,PFXC-001938,Bank Statement,Customer,2025-04-08T00:49:30,PNG,Complete,Accepted,No,Passed
EVD-00004668,PFXC-001938,Identity Evidence,Customer,2025-04-07T06:08:27,JPG,Incomplete,Rejected,No,Passed
EVD-00004669,PFXC-001939,Receipt,Customer,2025-12-13T17:27:59,JPG,Complete,Accepted,No,Passed
EVD-00004670,PFXC-001939,Merchant Communication,Customer,2025-12-13T18:46:36,JPG,Complete,Accepted,No,Passed
EVD-00004671,PFXC-001940,Other,Merchant,2026-03-02T19:23:16,JPG,Complete,Accepted,No,Passed
EVD-00004672,PFXC-001940,Receipt,Merchant,2026-03-02T00:00:02,PDF,Complete,Accepted,No,Passed
EVD-00004673,PFXC-001940,Bank Statement,Customer,2026-03-02T09:31:11,PDF,Complete,Accepted,Yes,Passed
EVD-00004674,PFXC-001941,Receipt,Customer,2025-11-06T09:01:48,Other,Complete,Further Evidence Required,No,Not Applicable
EVD-00004675,PFXC-001941,Merchant Communication,Operations,2025-11-04T18:58:01,PNG,Complete,Accepted,No,Passed
EVD-00004676,PFXC-001942,Receipt,Operations,2025-10-20T10:48:01,PNG,Incomplete,Rejected,No,Passed
EVD-00004677,PFXC-001942,Receipt,Customer,2025-10-21T14:02:22,PDF,Incomplete,Rejected,No,Passed
EVD-00004678,PFXC-001942,Bank Statement,Customer,2025-10-20T19:10:54,PNG,Incomplete,Rejected,No,Passed
EVD-00004679,PFXC-001942,Receipt,Customer,2025-10-19T18:05:10,JPG,Incomplete,Rejected,No,Passed
EVD-00004680,PFXC-001943,Merchant Communication,Merchant,2025-04-12T15:35:38,PDF,Complete,Accepted,No,Passed
EVD-00004681,PFXC-001943,Merchant Communication,Operations,2025-04-12T20:32:15,PNG,Incomplete,Further Evidence Required,No,Not Applicable
EVD-00004682,PFXC-001943,Receipt,Merchant,2025-04-13T06:28:57,PDF,Complete,Accepted,No,Passed
EVD-00004683,PFXC-001943,Screenshot,Merchant,2025-04-12T01:55:52,PNG,Complete,Accepted,Yes,Passed
EVD-00004684,PFXC-001944,Screenshot,Customer,2025-09-16T22:04:44,JPG,Complete,Accepted,No,Not Applicable
EVD-00004685,PFXC-001945,Merchant Communication,Customer,2025-01-28T04:49:22,Other,Complete,Accepted,No,Passed
EVD-00004686,PFXC-001945,Bank Statement,Customer,2025-01-29T21:14:04,Other,Incomplete,Further Evidence Required,No,Passed
EVD-00004687,PFXC-001946,Screenshot,Customer,2025-12-29T12:06:03,JPG,Complete,Accepted,Yes,Passed
EVD-00004688,PFXC-001946,Merchant Communication,Customer,2025-12-27T10:29:38,JPG,Incomplete,Rejected,Yes,Passed
EVD-00004689,PFXC-001946,Receipt,Customer,2025-12-29T09:21:59,PNG,Complete,Accepted,No,Not Applicable
EVD-00004690,PFXC-001946,Screenshot,Customer,2025-12-29T18:45:44,JPG,Complete,Accepted,No,Passed
EVD-00004691,PFXC-001947,Receipt,Merchant,2025-04-29T03:34:47,PDF,Complete,Accepted,No,Passed
EVD-00004692,PFXC-001947,Screenshot,Merchant,2025-04-30T01:00:31,PDF,Complete,Accepted,No,Passed
EVD-00004693,PFXC-001947,Identity Evidence,Customer,2025-04-29T07:37:08,PDF,Complete,Accepted,No,Passed
EVD-00004694,PFXC-001947,Identity Evidence,Customer,2025-04-29T01:39:32,PDF,Complete,Accepted,No,Passed
EVD-00004695,PFXC-001948,Screenshot,Customer,2025-07-18T08:22:24,PNG,Complete,Accepted,No,Passed
EVD-00004696,PFXC-001948,Other,Customer,2025-07-19T04:45:35,PNG,Complete,Accepted,No,Passed
EVD-00004697,PFXC-001949,Other,Customer,2025-12-17T15:37:45,JPG,Complete,Accepted,No,Passed
EVD-00004698,PFXC-001949,Screenshot,Customer,2025-12-16T15:26:07,PDF,Complete,Further Evidence Required,No,Passed
EVD-00004699,PFXC-001949,Receipt,Customer,2025-12-16T14:35:45,PDF,Incomplete,Rejected,No,Passed
EVD-00004700,PFXC-001949,Bank Statement,Operations,2025-12-18T04:02:53,PNG,Complete,Accepted,No,Not Applicable
EVD-00004701,PFXC-001950,Screenshot,Operations,2026-03-06T05:37:55,JPG,Complete,Accepted,Yes,Passed
EVD-00004702,PFXC-001950,Receipt,Customer,2026-03-06T17:02:30,PDF,Complete,Accepted,Yes,Failed
EVD-00004703,PFXC-001952,Merchant Communication,Customer,2025-02-04T03:30:45,JPG,Complete,Accepted,No,Passed
EVD-00004704,PFXC-001952,Receipt,Customer,2025-02-04T14:44:36,PDF,Complete,Accepted,No,Passed
EVD-00004705,PFXC-001952,Bank Statement,Customer,2025-02-06T06:38:28,JPG,Complete,Accepted,No,Passed
EVD-00004706,PFXC-001952,Bank Statement,Customer,2025-02-05T12:18:18,PDF,Complete,Further Evidence Required,No,Passed
EVD-00004707,PFXC-001953,Receipt,Operations,2025-01-08T13:17:47,Other,Unreadable,Rejected,Yes,Passed
EVD-00004708,PFXC-001953,Receipt,Customer,2025-01-09T00:34:56,PDF,Complete,Accepted,No,Passed
EVD-00004709,PFXC-001954,Screenshot,Customer,2026-02-06T01:19:50,JPG,Complete,Accepted,Yes,Passed
EVD-00004710,PFXC-001955,Receipt,Customer,2026-04-02T08:33:10,JPG,Incomplete,Further Evidence Required,No,Passed
EVD-00004711,PFXC-001955,Receipt,Customer,2026-04-03T18:09:38,JPG,Complete,Accepted,No,Passed
EVD-00004712,PFXC-001956,Screenshot,Customer,2025-05-28T13:37:04,PNG,Complete,Accepted,No,Passed
EVD-00004713,PFXC-001956,Receipt,Customer,2025-05-30T09:04:40,PNG,Complete,Accepted,Yes,Passed
EVD-00004714,PFXC-001957,Merchant Communication,Customer,2025-12-19T08:47:35,JPG,Complete,Further Evidence Required,No,Passed
EVD-00004715,PFXC-001957,Receipt,Merchant,2025-12-17T18:11:30,PNG,Complete,Accepted,No,Passed
EVD-00004716,PFXC-001958,Bank Statement,Customer,2025-09-04T10:47:09,JPG,Complete,Accepted,No,Passed
EVD-00004717,PFXC-001958,Bank Statement,Customer,2025-09-03T18:34:19,PDF,Complete,Further Evidence Required,No,Passed
EVD-00004718,PFXC-001958,Bank Statement,Customer,2025-09-03T03:15:40,PDF,Complete,Further Evidence Required,Yes,Passed
EVD-00004719,PFXC-001958,Bank Statement,Customer,2025-09-02T14:07:38,PNG,Complete,Accepted,Yes,Passed
EVD-00004720,PFXC-001959,Other,Customer,2026-04-03T08:29:27,PDF,Complete,Accepted,No,Passed
EVD-00004721,PFXC-001959,Screenshot,Customer,2026-04-03T13:53:56,PDF,Complete,Accepted,Yes,Passed
EVD-00004722,PFXC-001959,Bank Statement,Merchant,2026-04-03T12:58:20,PNG,Complete,Accepted,No,Passed
EVD-00004723,PFXC-001960,Receipt,Customer,2025-11-24T13:46:26,PNG,Incomplete,Further Evidence Required,Yes,Passed
EVD-00004724,PFXC-001960,Receipt,Customer,2025-11-23T07:01:18,PNG,Complete,Accepted,No,Passed
EVD-00004725,PFXC-001960,Bank Statement,Customer,2025-11-25T09:01:54,PNG,Complete,Further Evidence Required,No,Passed
EVD-00004726,PFXC-001961,Receipt,Customer,2025-05-31T01:54:36,PDF,Complete,Accepted,No,Passed
EVD-00004727,PFXC-001961,Merchant Communication,Merchant,2025-06-01T08:08:49,Other,Incomplete,Further Evidence Required,No,Passed
EVD-00004728,PFXC-001961,Screenshot,Customer,2025-05-30T18:36:43,PDF,Incomplete,Rejected,No,Passed
EVD-00004729,PFXC-001961,Identity Evidence,Operations,2025-05-30T14:31:31,PDF,Complete,Accepted,Yes,Passed
EVD-00004730,PFXC-001962,Merchant Communication,Customer,2025-12-31T07:10:06,PDF,Complete,Accepted,Yes,Passed
EVD-00004731,PFXC-001962,Receipt,Customer,2025-12-31T23:31:24,PDF,Complete,Accepted,No,Not Applicable
EVD-00004732,PFXC-001962,Bank Statement,Customer,2026-01-02T00:52:10,JPG,Complete,Accepted,No,Passed
EVD-00004733,PFXC-001962,Merchant Communication,Customer,2026-01-01T05:21:03,JPG,Unreadable,Further Evidence Required,No,Passed
EVD-00004734,PFXC-001963,Screenshot,Customer,2026-06-14T06:45:21,JPG,Complete,Accepted,No,Not Applicable
EVD-00004735,PFXC-001963,Screenshot,Customer,2026-06-12T19:31:23,Other,Complete,Accepted,No,Passed
EVD-00004736,PFXC-001964,Bank Statement,Customer,2025-06-28T13:31:11,JPG,Complete,Accepted,No,Passed
EVD-00004737,PFXC-001964,Receipt,Customer,2025-06-29T03:26:12,PDF,Complete,Accepted,No,Passed
EVD-00004738,PFXC-001965,Bank Statement,Customer,2025-08-16T14:58:47,PDF,Complete,Accepted,Yes,Passed
EVD-00004739,PFXC-001965,Other,Customer,2025-08-14T08:33:12,Other,Complete,Accepted,No,Passed
EVD-00004740,PFXC-001965,Receipt,Customer,2025-08-15T01:26:50,PNG,Complete,Accepted,No,Passed
EVD-00004741,PFXC-001966,Screenshot,Customer,2026-03-11T11:23:07,PDF,Complete,Further Evidence Required,No,Passed
EVD-00004742,PFXC-001966,Merchant Communication,Customer,2026-03-10T18:36:34,PDF,Unreadable,Rejected,No,Passed
EVD-00004743,PFXC-001968,Screenshot,Customer,2025-03-26T17:20:53,PDF,Incomplete,Rejected,No,Not Applicable
EVD-00004744,PFXC-001968,Receipt,Customer,2025-03-26T22:01:48,PDF,Complete,Accepted,No,Passed
EVD-00004745,PFXC-001968,Receipt,Customer,2025-03-27T14:37:07,PDF,Complete,Accepted,No,Passed
EVD-00004746,PFXC-001968,Screenshot,Customer,2025-03-26T11:04:16,PDF,Complete,Accepted,No,Passed
EVD-00004747,PFXC-001969,Screenshot,Merchant,2026-05-20T14:26:42,JPG,Complete,Accepted,No,Passed
EVD-00004748,PFXC-001969,Merchant Communication,Customer,2026-05-20T09:33:39,PNG,Incomplete,Rejected,No,Passed
EVD-00004749,PFXC-001969,Merchant Communication,Merchant,2026-05-20T09:19:11,JPG,Complete,Accepted,No,Passed
EVD-00004750,PFXC-001970,Other,Customer,2025-03-17T11:03:47,JPG,Complete,Accepted,No,Passed
EVD-00004751,PFXC-001970,Identity Evidence,Customer,2025-03-19T05:41:20,CSV,Complete,Accepted,Yes,Passed
EVD-00004752,PFXC-001971,Screenshot,Customer,2025-06-05T16:34:43,PDF,Complete,Further Evidence Required,Yes,Passed
EVD-00004753,PFXC-001972,Bank Statement,Customer,2026-04-14T22:10:42,Other,Complete,Accepted,No,Passed
EVD-00004754,PFXC-001972,Merchant Communication,Customer,2026-04-15T06:37:07,PDF,Incomplete,Further Evidence Required,No,Passed
EVD-00004755,PFXC-001973,Screenshot,Merchant,2025-04-30T23:56:47,Other,Complete,Accepted,No,Passed
EVD-00004756,PFXC-001973,Identity Evidence,Customer,2025-05-01T22:35:56,PNG,Complete,Accepted,Yes,Passed
EVD-00004757,PFXC-001973,Screenshot,Operations,2025-04-30T20:03:17,PNG,Incomplete,Rejected,No,Passed
EVD-00004758,PFXC-001974,Merchant Communication,Customer,2025-03-31T14:07:39,PDF,Complete,Accepted,No,Passed
EVD-00004759,PFXC-001974,Screenshot,Customer,2025-04-01T14:42:42,JPG,Unreadable,Rejected,No,Passed
EVD-00004760,PFXC-001974,Receipt,Customer,2025-04-01T14:45:10,PDF,Complete,Accepted,Yes,Not Applicable
EVD-00004761,PFXC-001974,Bank Statement,Customer,2025-04-01T10:51:09,PNG,Complete,Accepted,No,Passed
EVD-00004762,PFXC-001975,Receipt,Customer,2026-04-11T23:20:12,JPG,Complete,Accepted,No,Passed
EVD-00004763,PFXC-001976,Receipt,Operations,2026-03-09T06:53:48,PDF,Incomplete,Further Evidence Required,Yes,Passed
EVD-00004764,PFXC-001976,Merchant Communication,Customer,2026-03-09T05:21:51,JPG,Complete,Accepted,Yes,Passed
EVD-00004765,PFXC-001976,Bank Statement,Merchant,2026-03-10T12:14:21,JPG,Complete,Accepted,Yes,Passed
EVD-00004766,PFXC-001976,Merchant Communication,Customer,2026-03-09T02:14:17,PNG,Complete,Further Evidence Required,No,Passed
EVD-00004767,PFXC-001977,Other,Merchant,2025-01-20T23:13:06,PDF,Complete,Accepted,No,Passed
EVD-00004768,PFXC-001977,Screenshot,Customer,2025-01-23T09:44:48,PDF,Complete,Further Evidence Required,No,Passed
EVD-00004769,PFXC-001978,Receipt,Customer,2026-06-11T01:30:52,PDF,Unreadable,Further Evidence Required,No,Passed
EVD-00004770,PFXC-001978,Screenshot,Merchant,2026-06-10T16:33:12,PNG,Incomplete,Further Evidence Required,No,Passed
EVD-00004771,PFXC-001979,Bank Statement,Customer,2025-08-30T04:06:03,PDF,Complete,Accepted,Yes,Not Applicable
EVD-00004772,PFXC-001979,Other,Customer,2025-08-28T22:44:38,Other,Incomplete,Further Evidence Required,No,Passed
EVD-00004773,PFXC-001980,Merchant Communication,Operations,2025-01-04T18:06:50,PDF,Complete,Accepted,No,Passed
EVD-00004774,PFXC-001980,Bank Statement,Customer,2025-01-03T02:32:52,PNG,Complete,Accepted,Yes,Passed
EVD-00004775,PFXC-001980,Merchant Communication,Customer,2025-01-04T08:34:49,PDF,Complete,Accepted,No,Passed
EVD-00004776,PFXC-001981,Screenshot,Merchant,2025-05-08T13:41:41,PDF,Complete,Accepted,No,Passed
EVD-00004777,PFXC-001981,Screenshot,Customer,2025-05-10T06:00:55,PDF,Complete,Accepted,No,Not Applicable
EVD-00004778,PFXC-001982,Screenshot,Merchant,2025-09-15T01:50:11,PNG,Incomplete,Further Evidence Required,Yes,Passed
EVD-00004779,PFXC-001983,Receipt,Customer,2026-06-08T22:16:45,PNG,Complete,Accepted,No,Passed
EVD-00004780,PFXC-001983,Merchant Communication,Customer,2026-06-10T01:51:15,Other,Complete,Accepted,No,Passed
EVD-00004781,PFXC-001983,Receipt,Customer,2026-06-10T02:50:22,PNG,Complete,Accepted,No,Passed
EVD-00004782,PFXC-001984,Merchant Communication,Customer,2025-02-08T08:28:16,CSV,Complete,Accepted,No,Passed
EVD-00004783,PFXC-001984,Merchant Communication,Merchant,2025-02-09T17:39:09,PDF,Unreadable,Further Evidence Required,No,Passed
EVD-00004784,PFXC-001984,Merchant Communication,Customer,2025-02-07T22:13:48,PNG,Complete,Accepted,Yes,Passed
EVD-00004785,PFXC-001985,Bank Statement,Customer,2025-03-26T16:40:14,JPG,Complete,Accepted,No,Passed
EVD-00004786,PFXC-001985,Screenshot,Operations,2025-03-26T20:17:32,PDF,Complete,Accepted,No,Passed
EVD-00004787,PFXC-001986,Bank Statement,Customer,2025-10-06T22:29:58,PDF,Complete,Accepted,No,Passed
EVD-00004788,PFXC-001986,Receipt,Customer,2025-10-06T03:42:20,PDF,Complete,Accepted,No,Not Applicable
EVD-00004789,PFXC-001986,Receipt,Operations,2025-10-06T14:05:15,PDF,Complete,Accepted,No,Passed
EVD-00004790,PFXC-001986,Screenshot,Customer,2025-10-05T03:10:11,PDF,Complete,Accepted,No,Passed
EVD-00004791,PFXC-001987,Bank Statement,Customer,2025-07-07T12:58:41,Other,Complete,Accepted,No,Passed
EVD-00004792,PFXC-001987,Bank Statement,Customer,2025-07-06T22:32:45,JPG,Complete,Accepted,Yes,Passed
EVD-00004793,PFXC-001987,Merchant Communication,Customer,2025-07-07T07:06:45,PNG,Complete,Accepted,No,Passed
EVD-00004794,PFXC-001987,Receipt,Customer,2025-07-07T18:34:14,Other,Complete,Accepted,No,Failed
EVD-00004795,PFXC-001988,Merchant Communication,Customer,2026-06-26T09:15:09,PDF,Incomplete,Further Evidence Required,No,Passed
EVD-00004796,PFXC-001988,Receipt,Customer,2026-06-28T00:39:00,PNG,Incomplete,Further Evidence Required,No,Passed
EVD-00004797,PFXC-001989,Screenshot,Operations,2025-08-28T20:45:47,PNG,Complete,Accepted,No,Passed
EVD-00004798,PFXC-001989,Bank Statement,Customer,2025-08-28T23:57:04,PNG,Complete,Accepted,No,Passed
EVD-00004799,PFXC-001990,Screenshot,Customer,2026-03-20T16:08:36,PDF,Complete,Accepted,No,Passed
EVD-00004800,PFXC-001990,Bank Statement,Customer,2026-03-22T08:29:29,PDF,Incomplete,Further Evidence Required,No,Passed
EVD-00004801,PFXC-001992,Receipt,Operations,2025-03-17T05:27:21,PDF,Complete,Accepted,No,Passed
EVD-00004802,PFXC-001993,Receipt,Customer,2025-08-19T09:39:40,PNG,Incomplete,Rejected,No,Passed
EVD-00004803,PFXC-001993,Screenshot,Customer,2025-08-18T06:02:57,JPG,Complete,Further Evidence Required,Yes,Passed
EVD-00004804,PFXC-001993,Screenshot,Customer,2025-08-18T08:32:35,JPG,Incomplete,Rejected,No,Passed
EVD-00004805,PFXC-001994,Screenshot,Merchant,2025-08-17T02:07:01,PDF,Complete,Further Evidence Required,No,Passed
EVD-00004806,PFXC-001994,Merchant Communication,Customer,2025-08-17T07:58:18,PDF,Complete,Accepted,No,Passed
EVD-00004807,PFXC-001994,Screenshot,Customer,2025-08-15T06:00:32,PDF,Complete,Accepted,No,Passed
EVD-00004808,PFXC-001994,Receipt,Merchant,2025-08-15T04:54:19,PNG,Complete,Accepted,No,Passed
EVD-00004809,PFXC-001995,Merchant Communication,Customer,2025-02-25T22:57:58,JPG,Complete,Accepted,No,Passed
EVD-00004810,PFXC-001996,Bank Statement,Customer,2026-05-06T15:46:24,JPG,Complete,Accepted,No,Passed
EVD-00004811,PFXC-001996,Other,Customer,2026-05-06T18:43:54,PNG,Complete,Accepted,No,Passed
EVD-00004812,PFXC-001997,Identity Evidence,Customer,2025-06-09T22:05:52,PDF,Complete,Accepted,No,Passed
EVD-00004813,PFXC-001997,Merchant Communication,Customer,2025-06-08T00:07:50,JPG,Complete,Accepted,Yes,Passed
EVD-00004814,PFXC-001998,Bank Statement,Customer,2025-03-09T07:07:38,Other,Complete,Accepted,Yes,Passed
EVD-00004815,PFXC-001998,Merchant Communication,Customer,2025-03-12T04:26:36,PDF,Incomplete,Further Evidence Required,Yes,Passed
EVD-00004816,PFXC-001998,Other,Merchant,2025-03-10T17:06:18,Other,Complete,Accepted,No,Passed
EVD-00004817,PFXC-001999,Bank Statement,Merchant,2025-01-17T10:45:29,JPG,Complete,Accepted,No,Passed
EVD-00004818,PFXC-001999,Other,Customer,2025-01-16T21:30:54,PNG,Complete,Accepted,No,Passed
EVD-00004819,PFXC-002000,Identity Evidence,Customer,2026-03-19T19:56:20,PDF,Complete,Accepted,No,Passed
EVD-00004820,PFXC-002000,Bank Statement,Customer,2026-03-21T21:04:57,PDF,Incomplete,Further Evidence Required,No,Not Applicable
EVD-00004821,PFXC-002001,Receipt,Customer,2025-07-15T08:26:08,Other,Complete,Accepted,No,Passed
EVD-00004822,PFXC-002001,Merchant Communication,Customer,2025-07-13T15:16:52,JPG,Complete,Further Evidence Required,No,Not Applicable
EVD-00004823,PFXC-002001,Bank Statement,Operations,2025-07-14T00:57:27,PDF,Complete,Accepted,No,Passed
EVD-00004824,PFXC-002001,Other,Customer,2025-07-13T22:25:47,CSV,Complete,Accepted,No,Passed
EVD-00004825,PFXC-002002,Screenshot,Customer,2025-02-24T03:16:06,PNG,Complete,Accepted,No,Passed
EVD-00004826,PFXC-002002,Screenshot,Customer,2025-02-24T18:27:57,PDF,Complete,Accepted,No,Passed
EVD-00004827,PFXC-002002,Receipt,Customer,2025-02-25T13:51:59,PDF,Complete,Accepted,No,Passed
EVD-00004828,PFXC-002004,Identity Evidence,Customer,2026-02-16T00:03:07,Other,Incomplete,Rejected,No,Passed
EVD-00004829,PFXC-002005,Receipt,Merchant,2026-06-18T17:44:40,PNG,Incomplete,Further Evidence Required,No,Passed
EVD-00004830,PFXC-002005,Bank Statement,Merchant,2026-06-18T18:52:49,JPG,Complete,Further Evidence Required,No,Passed
EVD-00004831,PFXC-002005,Bank Statement,Customer,2026-06-16T21:18:05,Other,Incomplete,Further Evidence Required,No,Passed
EVD-00004832,PFXC-002006,Bank Statement,Customer,2026-04-05T19:54:27,PDF,Complete,Further Evidence Required,No,Not Applicable
EVD-00004833,PFXC-002006,Bank Statement,Customer,2026-04-05T07:47:15,JPG,Unreadable,Rejected,Yes,Passed
EVD-00004834,PFXC-002007,Other,Customer,2025-05-19T00:39:02,PNG,Incomplete,Rejected,No,Passed
EVD-00004835,PFXC-002007,Merchant Communication,Customer,2025-05-18T07:55:06,PDF,Complete,Accepted,No,Passed
EVD-00004836,PFXC-002008,Receipt,Customer,2025-04-22T19:58:21,PNG,Complete,Accepted,No,Not Applicable
EVD-00004837,PFXC-002008,Bank Statement,Customer,2025-04-23T06:08:45,PDF,Complete,Accepted,No,Passed
EVD-00004838,PFXC-002008,Bank Statement,Customer,2025-04-23T03:12:11,Other,Complete,Accepted,No,Passed
EVD-00004839,PFXC-002010,Receipt,Customer,2026-05-15T18:29:39,PDF,Complete,Accepted,No,Passed
EVD-00004840,PFXC-002010,Other,Operations,2026-05-14T12:16:47,JPG,Complete,Accepted,No,Passed
EVD-00004841,PFXC-002010,Merchant Communication,Operations,2026-05-15T07:25:03,CSV,Complete,Accepted,No,Passed
EVD-00004842,PFXC-002010,Receipt,Customer,2026-05-15T09:55:50,JPG,Incomplete,Rejected,No,Passed
EVD-00004843,PFXC-002011,Receipt,Customer,2025-04-08T17:33:13,PDF,Incomplete,Further Evidence Required,No,Passed
EVD-00004844,PFXC-002011,Screenshot,Customer,2025-04-07T14:02:47,PNG,Incomplete,Further Evidence Required,No,Passed
EVD-00004845,PFXC-002011,Merchant Communication,Customer,2025-04-06T13:25:21,JPG,Complete,Accepted,Yes,Passed
EVD-00004846,PFXC-002011,Bank Statement,Customer,2025-04-07T18:29:35,PDF,Complete,Accepted,Yes,Passed
EVD-00004847,PFXC-002012,Other,Customer,2026-03-22T16:30:09,PDF,Complete,Accepted,Yes,Passed
EVD-00004848,PFXC-002012,Merchant Communication,Customer,2026-03-23T09:47:47,PDF,Complete,Accepted,No,Passed
EVD-00004849,PFXC-002012,Identity Evidence,Customer,2026-03-22T15:42:31,JPG,Complete,Accepted,No,Passed
EVD-00004850,PFXC-002013,Receipt,Customer,2026-01-15T02:59:48,Other,Incomplete,Rejected,No,Passed
EVD-00004851,PFXC-002013,Merchant Communication,Customer,2026-01-15T00:21:49,PNG,Complete,Accepted,No,Passed
EVD-00004852,PFXC-002014,Merchant Communication,Customer,2025-08-02T02:24:36,JPG,Complete,Accepted,No,Passed
EVD-00004853,PFXC-002014,Other,Operations,2025-08-02T16:23:07,PNG,Complete,Further Evidence Required,Yes,Passed
EVD-00004854,PFXC-002014,Other,Merchant,2025-08-02T06:30:04,PDF,Unreadable,Further Evidence Required,Yes,Passed
EVD-00004855,PFXC-002015,Screenshot,Customer,2025-11-08T19:38:11,JPG,Incomplete,Further Evidence Required,No,Passed
EVD-00004856,PFXC-002015,Screenshot,Merchant,2025-11-09T11:45:23,PDF,Incomplete,Further Evidence Required,No,Passed
EVD-00004857,PFXC-002016,Receipt,Customer,2025-11-17T09:40:15,PDF,Complete,Accepted,No,Passed
EVD-00004858,PFXC-002016,Merchant Communication,Customer,2025-11-18T00:46:19,PDF,Complete,Further Evidence Required,No,Passed
EVD-00004859,PFXC-002016,Receipt,Customer,2025-11-18T20:15:35,PDF,Complete,Accepted,Yes,Passed
EVD-00004860,PFXC-002017,Receipt,Customer,2025-11-01T03:12:40,PDF,Complete,Accepted,No,Passed
EVD-00004861,PFXC-002017,Screenshot,Merchant,2025-10-31T23:10:37,PDF,Incomplete,Further Evidence Required,No,Passed
EVD-00004862,PFXC-002017,Bank Statement,Customer,2025-11-01T19:31:05,PNG,Complete,Accepted,No,Passed
EVD-00004863,PFXC-002018,Bank Statement,Customer,2025-04-23T00:45:02,JPG,Complete,Accepted,No,Passed
EVD-00004864,PFXC-002018,Merchant Communication,Operations,2025-04-23T15:39:02,JPG,Complete,Accepted,No,Passed
EVD-00004865,PFXC-002018,Receipt,Operations,2025-04-22T12:51:36,PDF,Unreadable,Rejected,No,Passed
EVD-00004866,PFXC-002018,Screenshot,Customer,2025-04-24T18:09:36,Other,Complete,Accepted,No,Passed
EVD-00004867,PFXC-002020,Receipt,Customer,2026-06-14T03:20:34,PDF,Complete,Accepted,No,Passed
EVD-00004868,PFXC-002021,Receipt,Operations,2025-07-15T19:28:52,Other,Complete,Accepted,Yes,Passed
EVD-00004869,PFXC-002021,Receipt,Customer,2025-07-15T09:35:11,PNG,Incomplete,Further Evidence Required,No,Passed
EVD-00004870,PFXC-002021,Bank Statement,Merchant,2025-07-17T07:45:43,JPG,Complete,Accepted,No,Passed
EVD-00004871,PFXC-002022,Identity Evidence,Customer,2026-03-15T04:12:29,PDF,Unreadable,Further Evidence Required,No,Not Applicable
EVD-00004872,PFXC-002022,Receipt,Customer,2026-03-13T05:29:15,Other,Complete,Accepted,No,Not Applicable
EVD-00004873,PFXC-002023,Receipt,Merchant,2025-11-05T22:50:12,PNG,Complete,Accepted,No,Passed
EVD-00004874,PFXC-002023,Screenshot,Customer,2025-11-04T19:16:51,PNG,Complete,Accepted,No,Passed
EVD-00004875,PFXC-002023,Receipt,Operations,2025-11-06T03:02:29,PDF,Complete,Accepted,No,Passed
EVD-00004876,PFXC-002024,Merchant Communication,Customer,2025-07-20T04:17:28,PNG,Unreadable,Rejected,No,Passed
EVD-00004877,PFXC-002024,Merchant Communication,Customer,2025-07-22T04:08:28,JPG,Complete,Accepted,Yes,Passed
EVD-00004878,PFXC-002024,Merchant Communication,Operations,2025-07-22T17:55:53,PNG,Complete,Accepted,No,Passed
EVD-00004879,PFXC-002024,Identity Evidence,Customer,2025-07-21T01:35:11,PNG,Complete,Accepted,No,Passed
EVD-00004880,PFXC-002025,Receipt,Customer,2025-02-15T14:00:55,PDF,Complete,Accepted,No,Passed
EVD-00004881,PFXC-002025,Other,Customer,2025-02-13T22:16:50,JPG,Unreadable,Further Evidence Required,No,Not Applicable
EVD-00004882,PFXC-002026,Screenshot,Customer,2026-02-10T00:05:45,JPG,Complete,Accepted,No,Passed
EVD-00004883,PFXC-002026,Other,Customer,2026-02-10T16:12:27,PDF,Incomplete,Rejected,Yes,Passed
EVD-00004884,PFXC-002027,Screenshot,Customer,2025-05-17T02:16:47,PNG,Complete,Accepted,No,Passed
EVD-00004885,PFXC-002027,Other,Customer,2025-05-15T18:40:39,PNG,Complete,Accepted,Yes,Passed
EVD-00004886,PFXC-002027,Screenshot,Customer,2025-05-16T20:37:50,PDF,Complete,Accepted,No,Passed
EVD-00004887,PFXC-002028,Identity Evidence,Merchant,2025-05-04T15:44:20,PDF,Complete,Accepted,No,Passed
EVD-00004888,PFXC-002029,Receipt,Customer,2025-05-18T22:25:42,PNG,Incomplete,Rejected,No,Passed
EVD-00004889,PFXC-002030,Bank Statement,Customer,2026-05-19T02:28:49,PNG,Complete,Accepted,No,Passed
EVD-00004890,PFXC-002030,Bank Statement,Customer,2026-05-20T09:03:02,PNG,Complete,Accepted,No,Not Applicable
EVD-00004891,PFXC-002030,Merchant Communication,Operations,2026-05-20T18:38:50,PNG,Complete,Accepted,No,Passed
EVD-00004892,PFXC-002030,Identity Evidence,Customer,2026-05-20T23:05:22,JPG,Complete,Accepted,No,Passed
EVD-00004893,PFXC-002031,Receipt,Customer,2025-08-31T10:26:40,PDF,Complete,Accepted,No,Passed
EVD-00004894,PFXC-002031,Identity Evidence,Merchant,2025-08-31T12:34:14,JPG,Incomplete,Rejected,No,Passed
EVD-00004895,PFXC-002032,Bank Statement,Customer,2025-09-10T11:52:56,JPG,Complete,Accepted,No,Passed
EVD-00004896,PFXC-002032,Receipt,Customer,2025-09-10T20:39:40,PDF,Complete,Accepted,No,Not Applicable
EVD-00004897,PFXC-002032,Receipt,Customer,2025-09-11T10:56:54,PDF,Complete,Accepted,No,Passed
EVD-00004898,PFXC-002033,Bank Statement,Customer,2026-05-10T13:49:00,PDF,Complete,Further Evidence Required,No,Passed
EVD-00004899,PFXC-002033,Merchant Communication,Customer,2026-05-08T02:37:30,PDF,Incomplete,Further Evidence Required,No,Passed
EVD-00004900,PFXC-002033,Receipt,Operations,2026-05-09T06:46:30,PDF,Complete,Accepted,No,Passed
EVD-00004901,PFXC-002033,Receipt,Customer,2026-05-10T07:29:58,PDF,Complete,Accepted,No,Passed
EVD-00004902,PFXC-002034,Merchant Communication,Customer,2025-09-04T20:46:34,PDF,Complete,Further Evidence Required,No,Passed
EVD-00004903,PFXC-002034,Screenshot,Merchant,2025-09-04T22:16:27,PDF,Complete,Accepted,Yes,Passed
EVD-00004904,PFXC-002035,Merchant Communication,Merchant,2025-03-23T07:15:15,JPG,Complete,Accepted,No,Not Applicable
EVD-00004905,PFXC-002035,Receipt,Customer,2025-03-25T03:24:21,PDF,Complete,Accepted,No,Passed
EVD-00004906,PFXC-002035,Receipt,Merchant,2025-03-23T07:52:43,PDF,Complete,Accepted,No,Passed
EVD-00004907,PFXC-002035,Screenshot,Customer,2025-03-23T10:31:47,JPG,Complete,Accepted,Yes,Passed
EVD-00004908,PFXC-002036,Screenshot,Customer,2025-05-25T16:56:50,PDF,Complete,Accepted,No,Passed
EVD-00004909,PFXC-002036,Merchant Communication,Customer,2025-05-25T15:01:09,Other,Complete,Accepted,No,Not Applicable
EVD-00004910,PFXC-002036,Screenshot,Customer,2025-05-27T02:54:23,JPG,Complete,Accepted,No,Passed
EVD-00004911,PFXC-002036,Screenshot,Customer,2025-05-27T01:27:08,JPG,Unreadable,Rejected,No,Passed
EVD-00004912,PFXC-002037,Bank Statement,Customer,2025-10-19T08:36:06,PNG,Complete,Accepted,Yes,Passed
EVD-00004913,PFXC-002037,Receipt,Customer,2025-10-17T07:33:40,PNG,Complete,Accepted,No,Passed
EVD-00004914,PFXC-002037,Receipt,Operations,2025-10-17T22:21:33,PDF,Complete,Accepted,No,Passed
EVD-00004915,PFXC-002037,Screenshot,Customer,2025-10-18T09:59:04,PDF,Complete,Accepted,No,Passed
EVD-00004916,PFXC-002038,Receipt,Customer,2025-07-08T06:39:16,PDF,Complete,Accepted,No,Passed
EVD-00004917,PFXC-002038,Receipt,Customer,2025-07-07T18:40:40,PDF,Complete,Accepted,Yes,Passed
EVD-00004918,PFXC-002039,Receipt,Customer,2025-06-07T19:04:19,PDF,Complete,Accepted,No,Passed
EVD-00004919,PFXC-002039,Screenshot,Customer,2025-06-07T12:10:09,JPG,Complete,Accepted,No,Passed
EVD-00004920,PFXC-002041,Bank Statement,Customer,2025-11-12T15:23:55,PNG,Complete,Accepted,No,Passed
EVD-00004921,PFXC-002041,Bank Statement,Customer,2025-11-12T22:14:45,PDF,Complete,Accepted,No,Passed
EVD-00004922,PFXC-002041,Bank Statement,Customer,2025-11-13T10:36:19,PDF,Complete,Accepted,No,Passed
EVD-00004923,PFXC-002041,Identity Evidence,Merchant,2025-11-13T09:29:30,PDF,Complete,Accepted,Yes,Not Applicable
EVD-00004924,PFXC-002042,Other,Customer,2026-04-03T00:15:22,Other,Complete,Further Evidence Required,No,Passed
EVD-00004925,PFXC-002043,Merchant Communication,Customer,2025-03-14T17:25:56,Other,Complete,Accepted,No,Passed
EVD-00004926,PFXC-002043,Bank Statement,Customer,2025-03-13T19:06:30,PNG,Complete,Accepted,No,Passed
EVD-00004927,PFXC-002043,Bank Statement,Customer,2025-03-13T08:55:12,PDF,Complete,Further Evidence Required,No,Passed
EVD-00004928,PFXC-002043,Merchant Communication,Merchant,2025-03-14T18:40:32,PNG,Incomplete,Rejected,No,Passed
EVD-00004929,PFXC-002044,Screenshot,Customer,2026-03-29T01:52:58,PDF,Complete,Accepted,No,Passed
EVD-00004930,PFXC-002046,Screenshot,Customer,2025-07-25T16:34:51,PDF,Complete,Further Evidence Required,No,Passed
EVD-00004931,PFXC-002047,Receipt,Customer,2026-04-27T04:24:05,PNG,Complete,Accepted,No,Passed
EVD-00004932,PFXC-002048,Screenshot,Merchant,2026-06-26T19:06:08,PDF,Complete,Further Evidence Required,No,Passed
EVD-00004933,PFXC-002048,Receipt,Customer,2026-06-25T14:07:48,PDF,Complete,Further Evidence Required,No,Passed
EVD-00004934,PFXC-002048,Other,Merchant,2026-06-27T17:58:56,Other,Incomplete,Rejected,No,Passed
EVD-00004935,PFXC-002048,Screenshot,Customer,2026-06-25T17:27:35,PDF,Complete,Accepted,Yes,Passed
EVD-00004936,PFXC-002049,Bank Statement,Operations,2026-02-07T18:06:11,PDF,Complete,Accepted,Yes,Passed
EVD-00004937,PFXC-002049,Screenshot,Operations,2026-02-06T07:43:15,PDF,Complete,Accepted,No,Passed
EVD-00004938,PFXC-002049,Merchant Communication,Customer,2026-02-06T13:10:05,PDF,Incomplete,Rejected,Yes,Passed
EVD-00004939,PFXC-002049,Bank Statement,Customer,2026-02-06T13:06:57,PDF,Complete,Accepted,No,Passed
EVD-00004940,PFXC-002050,Bank Statement,Customer,2026-06-09T21:51:08,Other,Complete,Accepted,No,Passed
EVD-00004941,PFXC-002050,Other,Merchant,2026-06-09T04:09:13,PDF,Complete,Further Evidence Required,No,Passed
EVD-00004942,PFXC-002050,Other,Merchant,2026-06-09T09:47:47,PDF,Complete,Accepted,No,Passed
EVD-00004943,PFXC-002051,Receipt,Customer,2025-03-14T13:26:59,JPG,Complete,Accepted,No,Not Applicable
EVD-00004944,PFXC-002052,Screenshot,Customer,2025-10-26T02:33:59,JPG,Incomplete,Further Evidence Required,No,Passed
EVD-00004945,PFXC-002053,Receipt,Operations,2025-08-24T17:20:07,JPG,Incomplete,Further Evidence Required,No,Passed
EVD-00004946,PFXC-002053,Screenshot,Customer,2025-08-25T16:53:12,PDF,Complete,Accepted,No,Passed
EVD-00004947,PFXC-002054,Screenshot,Customer,2025-09-28T16:00:29,Other,Complete,Accepted,No,Passed
EVD-00004948,PFXC-002055,Merchant Communication,Customer,2025-01-19T16:23:32,PDF,Complete,Accepted,No,Failed
EVD-00004949,PFXC-002055,Merchant Communication,Customer,2025-01-19T00:51:44,PDF,Incomplete,Rejected,No,Passed
EVD-00004950,PFXC-002055,Screenshot,Customer,2025-01-18T11:02:23,PDF,Complete,Accepted,No,Passed
EVD-00004951,PFXC-002055,Receipt,Merchant,2025-01-19T08:19:28,JPG,Complete,Accepted,No,Passed
EVD-00004952,PFXC-002056,Identity Evidence,Customer,2025-09-14T16:49:11,PDF,Complete,Accepted,Yes,Not Applicable
EVD-00004953,PFXC-002056,Receipt,Customer,2025-09-13T20:44:48,Other,Complete,Accepted,No,Passed
EVD-00004954,PFXC-002056,Screenshot,Merchant,2025-09-15T10:31:09,PNG,Complete,Accepted,No,Passed
EVD-00004955,PFXC-002057,Screenshot,Customer,2025-03-23T14:48:29,Other,Complete,Accepted,No,Passed
EVD-00004956,PFXC-002057,Identity Evidence,Customer,2025-03-24T22:11:26,JPG,Complete,Accepted,No,Passed
EVD-00004957,PFXC-002057,Merchant Communication,Customer,2025-03-23T18:11:29,PDF,Complete,Accepted,No,Passed
EVD-00004958,PFXC-002058,Merchant Communication,Customer,2025-02-28T23:22:16,JPG,Incomplete,Rejected,No,Passed
EVD-00004959,PFXC-002058,Merchant Communication,Customer,2025-03-02T20:27:18,PNG,Incomplete,Rejected,No,Passed
EVD-00004960,PFXC-002060,Screenshot,Customer,2025-03-27T11:23:54,PDF,Complete,Further Evidence Required,Yes,Passed
EVD-00004961,PFXC-002061,Identity Evidence,Operations,2026-05-25T14:31:55,PDF,Complete,Accepted,No,Passed
EVD-00004962,PFXC-002061,Receipt,Customer,2026-05-23T09:30:02,PNG,Complete,Accepted,No,Passed
EVD-00004963,PFXC-002061,Bank Statement,Operations,2026-05-25T20:26:57,Other,Complete,Accepted,No,Passed
EVD-00004964,PFXC-002062,Screenshot,Customer,2025-07-08T12:23:30,PNG,Complete,Accepted,Yes,Passed
EVD-00004965,PFXC-002062,Receipt,Operations,2025-07-08T00:04:54,PDF,Incomplete,Further Evidence Required,No,Passed
EVD-00004966,PFXC-002063,Bank Statement,Customer,2025-08-28T21:51:10,PDF,Complete,Accepted,No,Passed
EVD-00004967,PFXC-002063,Receipt,Customer,2025-08-30T14:07:25,JPG,Incomplete,Rejected,No,Passed
EVD-00004968,PFXC-002063,Screenshot,Customer,2025-08-28T09:24:04,PDF,Complete,Accepted,No,Passed
EVD-00004969,PFXC-002064,Bank Statement,Customer,2025-12-30T08:50:05,PDF,Complete,Accepted,No,Passed
EVD-00004970,PFXC-002064,Merchant Communication,Customer,2025-12-29T14:11:59,PNG,Complete,Accepted,No,Not Applicable
EVD-00004971,PFXC-002064,Other,Merchant,2025-12-28T18:34:45,PDF,Complete,Accepted,No,Passed
EVD-00004972,PFXC-002065,Bank Statement,Merchant,2025-09-11T05:01:22,PDF,Complete,Accepted,No,Passed
EVD-00004973,PFXC-002066,Screenshot,Customer,2025-05-25T09:08:04,PNG,Complete,Accepted,No,Passed
EVD-00004974,PFXC-002066,Other,Merchant,2025-05-23T08:04:50,PDF,Complete,Accepted,No,Passed
EVD-00004975,PFXC-002066,Screenshot,Customer,2025-05-25T10:44:14,PDF,Complete,Accepted,No,Passed
EVD-00004976,PFXC-002067,Bank Statement,Customer,2025-04-19T19:25:27,PDF,Complete,Accepted,No,Passed
EVD-00004977,PFXC-002068,Merchant Communication,Customer,2025-08-06T20:51:46,JPG,Complete,Accepted,No,Passed
EVD-00004978,PFXC-002068,Identity Evidence,Customer,2025-08-08T11:37:49,JPG,Complete,Accepted,No,Passed
EVD-00004979,PFXC-002068,Merchant Communication,Customer,2025-08-08T14:55:54,PDF,Incomplete,Further Evidence Required,No,Passed
EVD-00004980,PFXC-002069,Receipt,Customer,2025-05-20T01:00:55,PNG,Complete,Accepted,No,Passed
EVD-00004981,PFXC-002069,Receipt,Operations,2025-05-20T21:21:16,PDF,Complete,Accepted,No,Passed
EVD-00004982,PFXC-002069,Screenshot,Operations,2025-05-20T03:16:37,PDF,Incomplete,Rejected,No,Passed
EVD-00004983,PFXC-002070,Other,Customer,2026-02-02T20:12:46,PDF,Complete,Accepted,No,Passed
EVD-00004984,PFXC-002070,Merchant Communication,Customer,2026-02-01T04:32:57,PDF,Complete,Accepted,No,Passed
EVD-00004985,PFXC-002071,Identity Evidence,Operations,2025-12-17T22:20:07,JPG,Complete,Accepted,No,Passed
EVD-00004986,PFXC-002071,Bank Statement,Customer,2025-12-16T10:53:32,PDF,Complete,Further Evidence Required,No,Passed
EVD-00004987,PFXC-002071,Screenshot,Customer,2025-12-17T19:48:36,JPG,Complete,Further Evidence Required,No,Passed
EVD-00004988,PFXC-002071,Bank Statement,Customer,2025-12-17T14:36:29,Other,Complete,Accepted,No,Passed
EVD-00004989,PFXC-002072,Merchant Communication,Customer,2025-07-05T09:36:21,PDF,Incomplete,Further Evidence Required,No,Passed
EVD-00004990,PFXC-002072,Screenshot,Customer,2025-07-06T22:55:23,CSV,Complete,Accepted,Yes,Failed
EVD-00004991,PFXC-002073,Receipt,Operations,2026-02-15T06:01:42,Other,Complete,Accepted,No,Not Applicable
EVD-00004992,PFXC-002073,Other,Customer,2026-02-13T19:52:08,PDF,Complete,Accepted,Yes,Passed
EVD-00004993,PFXC-002073,Merchant Communication,Customer,2026-02-14T21:00:54,JPG,Complete,Accepted,No,Passed
EVD-00004994,PFXC-002074,Bank Statement,Customer,2025-03-16T19:33:11,JPG,Complete,Accepted,Yes,Passed
EVD-00004995,PFXC-002074,Bank Statement,Customer,2025-03-16T08:49:01,JPG,Incomplete,Further Evidence Required,No,Passed
EVD-00004996,PFXC-002074,Merchant Communication,Customer,2025-03-16T10:47:18,PDF,Complete,Accepted,No,Passed
EVD-00004997,PFXC-002074,Identity Evidence,Customer,2025-03-16T14:58:44,PDF,Complete,Accepted,No,Not Applicable
EVD-00004998,PFXC-002075,Merchant Communication,Customer,2026-06-25T13:10:26,PDF,Incomplete,Further Evidence Required,No,Passed
EVD-00004999,PFXC-002075,Other,Customer,2026-06-25T15:05:54,PDF,Complete,Accepted,No,Passed
EVD-00005000,PFXC-002076,Merchant Communication,Customer,2026-01-08T01:47:25,PNG,Incomplete,Further Evidence Required,No,Passed
EVD-00005001,PFXC-002076,Screenshot,Customer,2026-01-08T19:59:43,JPG,Complete,Accepted,No,Passed
EVD-00005002,PFXC-002076,Screenshot,Customer,2026-01-10T12:41:06,CSV,Complete,Accepted,Yes,Passed
EVD-00005003,PFXC-002076,Screenshot,Customer,2026-01-09T00:22:16,PDF,Incomplete,Rejected,No,Passed
EVD-00005004,PFXC-002077,Screenshot,Customer,2025-04-05T05:22:43,JPG,Incomplete,Rejected,No,Passed
EVD-00005005,PFXC-002077,Screenshot,Customer,2025-04-05T18:58:54,PDF,Complete,Accepted,No,Not Applicable
EVD-00005006,PFXC-002077,Bank Statement,Customer,2025-04-05T00:24:45,Other,Complete,Accepted,No,Failed
EVD-00005007,PFXC-002078,Merchant Communication,Customer,2025-05-25T08:29:15,PDF,Complete,Accepted,No,Passed
EVD-00005008,PFXC-002078,Receipt,Customer,2025-05-25T20:19:06,PDF,Complete,Accepted,No,Passed
EVD-00005009,PFXC-002078,Merchant Communication,Customer,2025-05-25T01:37:05,PNG,Complete,Accepted,No,Passed
EVD-00005010,PFXC-002078,Screenshot,Customer,2025-05-24T12:45:02,PNG,Complete,Accepted,Yes,Passed
EVD-00005011,PFXC-002080,Screenshot,Customer,2025-05-03T07:33:52,PDF,Complete,Accepted,Yes,Passed
EVD-00005012,PFXC-002080,Receipt,Customer,2025-05-02T04:42:39,PNG,Complete,Accepted,Yes,Passed
EVD-00005013,PFXC-002081,Merchant Communication,Operations,2025-07-28T11:35:47,JPG,Complete,Accepted,No,Passed
EVD-00005014,PFXC-002081,Bank Statement,Customer,2025-07-27T09:51:29,Other,Incomplete,Rejected,Yes,Passed
EVD-00005015,PFXC-002082,Merchant Communication,Customer,2025-09-01T15:47:43,PDF,Complete,Accepted,Yes,Passed
EVD-00005016,PFXC-002082,Receipt,Merchant,2025-09-02T14:57:50,JPG,Complete,Accepted,No,Passed
EVD-00005017,PFXC-002083,Bank Statement,Customer,2026-06-30T07:59:30,PNG,Complete,Accepted,No,Passed
EVD-00005018,PFXC-002083,Bank Statement,Customer,2026-06-30T22:34:16,PNG,Complete,Further Evidence Required,No,Not Applicable
EVD-00005019,PFXC-002083,Bank Statement,Customer,2026-06-28T13:09:52,PDF,Complete,Further Evidence Required,No,Passed
EVD-00005020,PFXC-002084,Screenshot,Customer,2026-06-24T15:20:25,PDF,Incomplete,Further Evidence Required,No,Passed
EVD-00005021,PFXC-002084,Screenshot,Customer,2026-06-24T19:39:31,Other,Complete,Accepted,No,Passed
EVD-00005022,PFXC-002084,Bank Statement,Customer,2026-06-26T02:59:08,PDF,Complete,Accepted,No,Passed
EVD-00005023,PFXC-002084,Identity Evidence,Customer,2026-06-27T00:25:57,Other,Complete,Accepted,Yes,Passed
EVD-00005024,PFXC-002085,Other,Customer,2025-03-23T00:00:39,PDF,Complete,Accepted,No,Passed
EVD-00005025,PFXC-002085,Identity Evidence,Customer,2025-03-22T16:44:14,JPG,Complete,Accepted,No,Passed
EVD-00005026,PFXC-002085,Screenshot,Customer,2025-03-22T02:47:07,CSV,Complete,Accepted,No,Passed
EVD-00005027,PFXC-002085,Receipt,Customer,2025-03-23T21:41:35,PDF,Complete,Accepted,No,Not Applicable
EVD-00005028,PFXC-002086,Bank Statement,Merchant,2025-12-23T23:08:13,PDF,Complete,Accepted,No,Passed
EVD-00005029,PFXC-002086,Receipt,Customer,2025-12-21T19:35:31,PDF,Complete,Accepted,No,Passed
EVD-00005030,PFXC-002087,Merchant Communication,Customer,2026-03-24T23:14:31,JPG,Complete,Accepted,No,Passed
EVD-00005031,PFXC-002088,Receipt,Customer,2025-07-16T02:57:05,PDF,Complete,Accepted,Yes,Passed
EVD-00005032,PFXC-002088,Other,Customer,2025-07-15T08:30:58,PDF,Complete,Accepted,No,Passed
EVD-00005033,PFXC-002088,Merchant Communication,Customer,2025-07-14T11:28:57,JPG,Complete,Further Evidence Required,No,Passed
EVD-00005034,PFXC-002089,Screenshot,Merchant,2026-03-18T15:45:10,PDF,Incomplete,Further Evidence Required,No,Passed
EVD-00005035,PFXC-002089,Bank Statement,Customer,2026-03-18T21:16:50,PDF,Complete,Accepted,No,Failed
EVD-00005036,PFXC-002089,Merchant Communication,Operations,2026-03-19T00:25:30,JPG,Complete,Accepted,No,Passed
EVD-00005037,PFXC-002089,Merchant Communication,Merchant,2026-03-17T17:14:07,JPG,Complete,Accepted,No,Passed
EVD-00005038,PFXC-002090,Bank Statement,Customer,2025-09-05T13:56:42,PNG,Complete,Accepted,No,Passed
EVD-00005039,PFXC-002090,Identity Evidence,Customer,2025-09-03T18:23:19,PNG,Complete,Further Evidence Required,No,Passed
EVD-00005040,PFXC-002091,Receipt,Customer,2026-01-02T10:27:59,JPG,Incomplete,Further Evidence Required,No,Passed
EVD-00005041,PFXC-002091,Receipt,Customer,2026-01-03T17:48:38,PDF,Complete,Accepted,No,Passed
EVD-00005042,PFXC-002092,Receipt,Customer,2026-02-27T21:48:17,JPG,Complete,Accepted,No,Passed
EVD-00005043,PFXC-002093,Screenshot,Customer,2026-03-31T06:44:43,JPG,Complete,Accepted,No,Passed
EVD-00005044,PFXC-002093,Screenshot,Customer,2026-04-01T04:34:42,PNG,Complete,Accepted,No,Passed
EVD-00005045,PFXC-002094,Screenshot,Operations,2026-05-13T21:29:22,JPG,Complete,Accepted,No,Passed
EVD-00005046,PFXC-002094,Screenshot,Merchant,2026-05-12T04:47:35,CSV,Complete,Accepted,No,Passed
EVD-00005047,PFXC-002095,Screenshot,Customer,2025-07-04T12:10:21,Other,Complete,Further Evidence Required,No,Passed
EVD-00005048,PFXC-002095,Other,Customer,2025-07-05T18:29:02,PNG,Complete,Accepted,No,Passed
EVD-00005049,PFXC-002095,Receipt,Customer,2025-07-05T00:06:06,PDF,Complete,Accepted,No,Passed
EVD-00005050,PFXC-002095,Receipt,Operations,2025-07-06T21:23:37,PDF,Complete,Accepted,No,Passed
EVD-00005051,PFXC-002097,Merchant Communication,Merchant,2026-01-23T22:04:41,JPG,Complete,Accepted,No,Passed
EVD-00005052,PFXC-002097,Screenshot,Customer,2026-01-25T10:08:18,PNG,Complete,Accepted,No,Passed
EVD-00005053,PFXC-002097,Bank Statement,Customer,2026-01-25T09:12:22,PDF,Complete,Accepted,No,Passed
EVD-00005054,PFXC-002098,Identity Evidence,Customer,2025-12-11T22:14:57,JPG,Complete,Accepted,No,Passed
EVD-00005055,PFXC-002098,Receipt,Customer,2025-12-12T06:02:50,PDF,Complete,Accepted,Yes,Passed
EVD-00005056,PFXC-002098,Screenshot,Customer,2025-12-10T20:15:21,PDF,Complete,Accepted,No,Passed
EVD-00005057,PFXC-002099,Screenshot,Customer,2025-05-28T14:37:41,PDF,Complete,Accepted,No,Passed
EVD-00005058,PFXC-002100,Screenshot,Customer,2025-07-19T10:44:25,PDF,Complete,Accepted,No,Passed
EVD-00005059,PFXC-002100,Screenshot,Customer,2025-07-20T16:17:24,Other,Complete,Accepted,No,Passed
EVD-00005060,PFXC-002101,Receipt,Customer,2025-11-28T17:18:50,Other,Complete,Accepted,No,Passed
EVD-00005061,PFXC-002101,Merchant Communication,Customer,2025-11-27T00:36:38,PNG,Complete,Accepted,Yes,Passed
EVD-00005062,PFXC-002102,Bank Statement,Customer,2026-01-03T04:47:08,PNG,Complete,Accepted,No,Passed
EVD-00005063,PFXC-002102,Merchant Communication,Customer,2026-01-02T23:28:30,PDF,Unreadable,Further Evidence Required,Yes,Passed
EVD-00005064,PFXC-002102,Bank Statement,Customer,2026-01-02T14:31:04,PNG,Complete,Accepted,No,Passed
EVD-00005065,PFXC-002102,Merchant Communication,Customer,2026-01-02T21:18:27,PDF,Incomplete,Rejected,No,Passed
EVD-00005066,PFXC-002103,Merchant Communication,Customer,2025-02-08T17:25:14,PDF,Complete,Accepted,Yes,Passed
EVD-00005067,PFXC-002103,Screenshot,Merchant,2025-02-06T21:58:32,Other,Complete,Further Evidence Required,No,Passed
EVD-00005068,PFXC-002104,Merchant Communication,Customer,2026-06-07T06:14:01,Other,Complete,Further Evidence Required,No,Failed
EVD-00005069,PFXC-002104,Other,Operations,2026-06-07T11:24:01,JPG,Complete,Accepted,No,Passed
EVD-00005070,PFXC-002105,Screenshot,Customer,2025-02-22T16:08:42,JPG,Complete,Accepted,No,Passed
EVD-00005071,PFXC-002105,Bank Statement,Customer,2025-02-21T22:26:04,PDF,Complete,Accepted,No,Passed
EVD-00005072,PFXC-002105,Screenshot,Customer,2025-02-20T23:03:15,PDF,Complete,Further Evidence Required,No,Passed
EVD-00005073,PFXC-002106,Receipt,Customer,2025-10-14T23:17:03,PDF,Incomplete,Rejected,No,Not Applicable
EVD-00005074,PFXC-002106,Screenshot,Customer,2025-10-14T10:09:55,JPG,Complete,Accepted,No,Passed
EVD-00005075,PFXC-002107,Bank Statement,Customer,2025-05-27T09:12:16,Other,Complete,Accepted,No,Passed
EVD-00005076,PFXC-002107,Receipt,Customer,2025-05-25T01:41:58,PDF,Complete,Further Evidence Required,No,Passed
EVD-00005077,PFXC-002107,Merchant Communication,Customer,2025-05-27T17:07:06,PDF,Complete,Accepted,No,Passed
EVD-00005078,PFXC-002107,Screenshot,Customer,2025-05-25T04:20:32,PDF,Complete,Accepted,Yes,Passed
EVD-00005079,PFXC-002108,Receipt,Merchant,2025-08-14T10:17:44,PDF,Complete,Further Evidence Required,No,Passed
EVD-00005080,PFXC-002108,Merchant Communication,Operations,2025-08-15T03:33:14,JPG,Complete,Accepted,No,Passed
EVD-00005081,PFXC-002108,Receipt,Customer,2025-08-14T00:02:41,CSV,Complete,Accepted,No,Passed
EVD-00005082,PFXC-002108,Merchant Communication,Customer,2025-08-13T22:52:50,Other,Complete,Further Evidence Required,Yes,Not Applicable
EVD-00005083,PFXC-002109,Screenshot,Customer,2025-01-28T18:40:02,PDF,Complete,Accepted,Yes,Passed
EVD-00005084,PFXC-002109,Screenshot,Customer,2025-01-26T14:25:27,PNG,Complete,Accepted,No,Passed
EVD-00005085,PFXC-002109,Other,Customer,2025-01-26T18:58:26,PDF,Incomplete,Rejected,No,Passed
EVD-00005086,PFXC-002109,Receipt,Customer,2025-01-28T10:13:44,PDF,Incomplete,Rejected,No,Passed
EVD-00005087,PFXC-002110,Receipt,Customer,2025-07-13T04:00:05,Other,Complete,Accepted,No,Passed
EVD-00005088,PFXC-002110,Merchant Communication,Merchant,2025-07-15T05:33:32,PNG,Complete,Further Evidence Required,Yes,Passed
EVD-00005089,PFXC-002110,Bank Statement,Operations,2025-07-13T12:36:38,PNG,Complete,Accepted,Yes,Passed
EVD-00005090,PFXC-002111,Merchant Communication,Customer,2025-11-12T11:07:15,PNG,Complete,Accepted,No,Passed
EVD-00005091,PFXC-002111,Bank Statement,Customer,2025-11-13T22:13:39,JPG,Unreadable,Rejected,Yes,Passed
EVD-00005092,PFXC-002111,Other,Customer,2025-11-12T07:42:54,Other,Complete,Accepted,Yes,Passed
EVD-00005093,PFXC-002111,Other,Customer,2025-11-11T12:13:21,PDF,Complete,Accepted,No,Passed
EVD-00005094,PFXC-002112,Identity Evidence,Operations,2025-03-29T09:59:18,PNG,Complete,Accepted,No,Not Applicable
EVD-00005095,PFXC-002112,Bank Statement,Customer,2025-03-28T22:45:00,PDF,Complete,Accepted,No,Not Applicable
EVD-00005096,PFXC-002113,Receipt,Customer,2026-01-26T10:53:01,PNG,Complete,Accepted,No,Passed
EVD-00005097,PFXC-002114,Bank Statement,Customer,2025-10-28T17:33:47,PDF,Complete,Accepted,Yes,Passed
EVD-00005098,PFXC-002114,Receipt,Operations,2025-10-27T10:23:37,PDF,Complete,Accepted,No,Passed
EVD-00005099,PFXC-002115,Receipt,Customer,2025-10-23T11:21:19,PNG,Complete,Accepted,Yes,Passed
EVD-00005100,PFXC-002115,Bank Statement,Customer,2025-10-25T12:30:06,PDF,Complete,Accepted,No,Passed
EVD-00005101,PFXC-002116,Bank Statement,Customer,2026-06-19T11:17:37,PNG,Unreadable,Rejected,No,Passed
EVD-00005102,PFXC-002116,Other,Merchant,2026-06-18T07:08:15,PDF,Complete,Accepted,Yes,Passed
EVD-00005103,PFXC-002116,Receipt,Customer,2026-06-19T17:17:25,JPG,Complete,Accepted,No,Passed
EVD-00005104,PFXC-002117,Merchant Communication,Customer,2026-01-11T14:31:21,JPG,Complete,Accepted,No,Passed
EVD-00005105,PFXC-002117,Bank Statement,Operations,2026-01-13T17:52:50,PNG,Complete,Accepted,Yes,Passed
EVD-00005106,PFXC-002118,Receipt,Customer,2026-06-17T23:22:38,PNG,Complete,Accepted,No,Passed
EVD-00005107,PFXC-002118,Identity Evidence,Customer,2026-06-17T01:45:42,PDF,Complete,Accepted,No,Passed
EVD-00005108,PFXC-002119,Screenshot,Customer,2026-03-04T23:14:26,PDF,Incomplete,Rejected,No,Passed
EVD-00005109,PFXC-002119,Screenshot,Customer,2026-03-04T03:54:19,PDF,Incomplete,Further Evidence Required,No,Passed
EVD-00005110,PFXC-002120,Receipt,Customer,2025-07-25T20:41:42,PDF,Complete,Further Evidence Required,No,Passed
EVD-00005111,PFXC-002120,Screenshot,Customer,2025-07-25T15:36:36,PNG,Complete,Accepted,No,Passed
EVD-00005112,PFXC-002121,Receipt,Customer,2026-05-23T22:56:53,Other,Complete,Accepted,Yes,Passed
EVD-00005113,PFXC-002121,Screenshot,Customer,2026-05-24T01:36:44,PDF,Incomplete,Further Evidence Required,No,Passed
EVD-00005114,PFXC-002122,Identity Evidence,Customer,2025-01-22T00:12:59,PDF,Complete,Accepted,No,Passed
EVD-00005115,PFXC-002122,Merchant Communication,Operations,2025-01-21T20:28:45,PDF,Complete,Accepted,No,Not Applicable
EVD-00005116,PFXC-002123,Identity Evidence,Customer,2025-08-12T01:28:52,PNG,Complete,Accepted,Yes,Passed
EVD-00005117,PFXC-002123,Other,Operations,2025-08-13T06:17:45,PDF,Complete,Accepted,No,Passed
EVD-00005118,PFXC-002123,Receipt,Merchant,2025-08-11T17:21:16,PDF,Incomplete,Further Evidence Required,No,Passed
EVD-00005119,PFXC-002124,Bank Statement,Operations,2025-03-25T13:11:16,PDF,Complete,Accepted,No,Passed
EVD-00005120,PFXC-002124,Other,Customer,2025-03-23T21:12:17,JPG,Complete,Accepted,No,Passed
EVD-00005121,PFXC-002124,Identity Evidence,Operations,2025-03-23T00:36:57,PDF,Complete,Accepted,No,Passed
EVD-00005122,PFXC-002124,Bank Statement,Customer,2025-03-23T06:40:40,PDF,Complete,Accepted,No,Passed
EVD-00005123,PFXC-002125,Merchant Communication,Customer,2025-10-13T04:38:54,PDF,Complete,Accepted,Yes,Passed
EVD-00005124,PFXC-002125,Merchant Communication,Customer,2025-10-13T09:34:55,JPG,Complete,Accepted,No,Passed
EVD-00005125,PFXC-002125,Receipt,Customer,2025-10-12T21:48:53,Other,Complete,Further Evidence Required,No,Passed
EVD-00005126,PFXC-002125,Merchant Communication,Customer,2025-10-12T12:02:44,PDF,Complete,Further Evidence Required,No,Passed
EVD-00005127,PFXC-002126,Screenshot,Customer,2026-06-24T18:23:17,PNG,Complete,Accepted,No,Passed
EVD-00005128,PFXC-002126,Receipt,Customer,2026-06-24T04:14:08,Other,Complete,Accepted,No,Passed
EVD-00005129,PFXC-002127,Screenshot,Customer,2025-02-12T01:35:28,PDF,Incomplete,Further Evidence Required,No,Passed
EVD-00005130,PFXC-002127,Receipt,Customer,2025-02-09T11:09:19,PNG,Complete,Accepted,No,Passed
EVD-00005131,PFXC-002127,Receipt,Customer,2025-02-11T16:30:26,PNG,Complete,Accepted,No,Passed
EVD-00005132,PFXC-002128,Receipt,Customer,2026-02-19T13:20:33,PDF,Incomplete,Further Evidence Required,No,Passed
EVD-00005133,PFXC-002128,Receipt,Operations,2026-02-20T05:38:37,PDF,Complete,Accepted,No,Passed
EVD-00005134,PFXC-002129,Merchant Communication,Customer,2026-02-19T08:37:30,PDF,Incomplete,Further Evidence Required,Yes,Passed
EVD-00005135,PFXC-002129,Bank Statement,Merchant,2026-02-20T07:06:49,JPG,Complete,Accepted,Yes,Passed
EVD-00005136,PFXC-002130,Identity Evidence,Operations,2025-06-02T10:48:17,Other,Complete,Accepted,No,Passed
EVD-00005137,PFXC-002130,Receipt,Customer,2025-06-01T03:24:48,PDF,Complete,Accepted,No,Passed
EVD-00005138,PFXC-002130,Screenshot,Customer,2025-05-31T22:59:12,PNG,Complete,Accepted,No,Passed
EVD-00005139,PFXC-002130,Identity Evidence,Operations,2025-06-01T14:40:36,PDF,Complete,Accepted,Yes,Passed
EVD-00005140,PFXC-002131,Screenshot,Customer,2025-06-01T15:07:13,PNG,Complete,Accepted,No,Passed
EVD-00005141,PFXC-002132,Identity Evidence,Operations,2025-09-19T07:18:44,PNG,Complete,Accepted,No,Passed
EVD-00005142,PFXC-002132,Screenshot,Customer,2025-09-19T06:11:31,PDF,Complete,Accepted,No,Passed
EVD-00005143,PFXC-002133,Screenshot,Merchant,2025-06-27T15:50:32,PNG,Complete,Accepted,No,Failed
EVD-00005144,PFXC-002133,Screenshot,Merchant,2025-06-26T14:48:35,PDF,Complete,Accepted,No,Not Applicable
EVD-00005145,PFXC-002134,Receipt,Customer,2025-10-19T23:21:52,PNG,Complete,Accepted,No,Passed
EVD-00005146,PFXC-002134,Receipt,Merchant,2025-10-18T15:44:01,PDF,Complete,Accepted,Yes,Passed
EVD-00005147,PFXC-002135,Merchant Communication,Customer,2026-06-06T04:32:32,PDF,Complete,Accepted,No,Passed
EVD-00005148,PFXC-002135,Receipt,Customer,2026-06-07T11:24:49,PNG,Complete,Further Evidence Required,Yes,Passed
EVD-00005149,PFXC-002136,Merchant Communication,Merchant,2025-08-10T14:15:20,PNG,Complete,Accepted,No,Passed
EVD-00005150,PFXC-002136,Receipt,Customer,2025-08-09T14:55:38,JPG,Complete,Accepted,No,Passed
EVD-00005151,PFXC-002136,Bank Statement,Customer,2025-08-10T10:16:10,JPG,Complete,Accepted,Yes,Passed
EVD-00005152,PFXC-002136,Screenshot,Merchant,2025-08-10T13:42:03,Other,Complete,Accepted,No,Not Applicable
EVD-00005153,PFXC-002137,Screenshot,Merchant,2025-07-26T13:40:30,CSV,Complete,Accepted,No,Passed
EVD-00005154,PFXC-002137,Screenshot,Customer,2025-07-27T04:26:31,PDF,Complete,Further Evidence Required,No,Passed
EVD-00005155,PFXC-002137,Other,Customer,2025-07-26T09:05:13,Other,Unreadable,Rejected,Yes,Passed
EVD-00005156,PFXC-002138,Receipt,Customer,2025-12-19T07:23:58,PNG,Complete,Accepted,No,Passed
EVD-00005157,PFXC-002138,Receipt,Customer,2025-12-19T19:05:57,JPG,Incomplete,Rejected,Yes,Not Applicable
EVD-00005158,PFXC-002138,Receipt,Customer,2025-12-19T04:21:06,Other,Complete,Accepted,No,Passed
EVD-00005159,PFXC-002139,Merchant Communication,Customer,2025-05-31T14:07:23,JPG,Complete,Accepted,No,Passed
EVD-00005160,PFXC-002139,Merchant Communication,Merchant,2025-06-01T11:38:04,JPG,Complete,Accepted,No,Passed
EVD-00005161,PFXC-002139,Bank Statement,Customer,2025-05-31T21:43:22,Other,Complete,Accepted,No,Passed
EVD-00005162,PFXC-002140,Screenshot,Customer,2025-03-09T17:48:09,PDF,Complete,Accepted,No,Passed
EVD-00005163,PFXC-002140,Screenshot,Customer,2025-03-07T13:51:53,Other,Complete,Accepted,No,Passed
EVD-00005164,PFXC-002140,Receipt,Customer,2025-03-08T13:12:01,Other,Complete,Accepted,No,Passed
EVD-00005165,PFXC-002141,Receipt,Customer,2026-01-14T11:50:09,Other,Complete,Accepted,No,Passed
EVD-00005166,PFXC-002141,Bank Statement,Merchant,2026-01-14T01:00:09,JPG,Complete,Accepted,No,Passed
EVD-00005167,PFXC-002141,Receipt,Customer,2026-01-13T23:55:48,PDF,Complete,Accepted,No,Passed
EVD-00005168,PFXC-002141,Other,Customer,2026-01-15T05:25:00,PDF,Complete,Accepted,No,Passed
EVD-00005169,PFXC-002142,Receipt,Merchant,2025-11-16T17:54:27,JPG,Incomplete,Further Evidence Required,No,Passed
EVD-00005170,PFXC-002142,Merchant Communication,Customer,2025-11-16T14:01:29,PDF,Complete,Accepted,No,Passed
EVD-00005171,PFXC-002143,Bank Statement,Customer,2025-06-26T23:00:34,PDF,Complete,Further Evidence Required,No,Passed
EVD-00005172,PFXC-002143,Bank Statement,Operations,2025-06-29T12:43:31,JPG,Incomplete,Further Evidence Required,No,Passed
EVD-00005173,PFXC-002143,Bank Statement,Customer,2025-06-27T10:54:09,PDF,Complete,Accepted,No,Passed
EVD-00005174,PFXC-002143,Screenshot,Customer,2025-06-27T07:05:31,PNG,Incomplete,Further Evidence Required,No,Failed
EVD-00005175,PFXC-002144,Receipt,Merchant,2025-08-11T22:50:28,PNG,Complete,Accepted,Yes,Passed
EVD-00005176,PFXC-002144,Receipt,Operations,2025-08-11T19:13:57,PDF,Complete,Accepted,No,Passed
EVD-00005177,PFXC-002144,Bank Statement,Merchant,2025-08-11T19:06:05,Other,Incomplete,Further Evidence Required,No,Passed
EVD-00005178,PFXC-002145,Merchant Communication,Customer,2026-03-08T19:21:25,PDF,Complete,Further Evidence Required,No,Passed
EVD-00005179,PFXC-002145,Screenshot,Customer,2026-03-08T11:30:06,PDF,Complete,Accepted,No,Passed
EVD-00005180,PFXC-002145,Receipt,Customer,2026-03-06T12:15:26,PDF,Complete,Accepted,No,Passed
EVD-00005181,PFXC-002145,Bank Statement,Customer,2026-03-09T00:30:15,Other,Unreadable,Rejected,Yes,Passed
EVD-00005182,PFXC-002146,Bank Statement,Customer,2026-02-10T07:15:00,PNG,Complete,Accepted,No,Passed
EVD-00005183,PFXC-002146,Receipt,Customer,2026-02-10T02:43:55,Other,Complete,Accepted,Yes,Passed
EVD-00005184,PFXC-002146,Other,Customer,2026-02-12T08:38:41,PDF,Complete,Accepted,Yes,Passed
EVD-00005185,PFXC-002147,Bank Statement,Customer,2025-06-24T15:29:18,PDF,Unreadable,Further Evidence Required,No,Passed
EVD-00005186,PFXC-002147,Receipt,Customer,2025-06-24T16:00:33,Other,Incomplete,Rejected,No,Passed
EVD-00005187,PFXC-002148,Receipt,Customer,2026-01-27T11:02:15,PNG,Complete,Accepted,No,Passed
EVD-00005188,PFXC-002148,Bank Statement,Operations,2026-01-28T13:37:46,PNG,Complete,Accepted,No,Passed
EVD-00005189,PFXC-002149,Receipt,Customer,2025-02-26T22:33:51,Other,Complete,Further Evidence Required,No,Passed
EVD-00005190,PFXC-002150,Identity Evidence,Customer,2025-10-26T20:14:02,PDF,Complete,Accepted,No,Passed
EVD-00005191,PFXC-002150,Bank Statement,Customer,2025-10-26T22:43:29,Other,Incomplete,Further Evidence Required,No,Passed
EVD-00005192,PFXC-002151,Bank Statement,Customer,2025-06-07T11:32:22,PDF,Complete,Accepted,No,Passed
EVD-00005193,PFXC-002151,Screenshot,Merchant,2025-06-07T23:12:31,PDF,Complete,Accepted,No,Passed
EVD-00005194,PFXC-002151,Bank Statement,Operations,2025-06-06T12:53:13,Other,Complete,Accepted,Yes,Passed
EVD-00005195,PFXC-002151,Screenshot,Customer,2025-06-08T11:47:37,PDF,Complete,Accepted,No,Passed
EVD-00005196,PFXC-002152,Receipt,Customer,2025-04-19T21:09:18,PNG,Complete,Accepted,No,Passed
EVD-00005197,PFXC-002152,Other,Customer,2025-04-19T07:05:33,Other,Complete,Accepted,No,Passed
EVD-00005198,PFXC-002152,Bank Statement,Customer,2025-04-17T19:41:31,PDF,Complete,Accepted,No,Passed
EVD-00005199,PFXC-002153,Screenshot,Customer,2025-03-23T01:26:12,PNG,Complete,Accepted,No,Passed
EVD-00005200,PFXC-002154,Merchant Communication,Customer,2025-07-17T05:39:09,PNG,Complete,Accepted,No,Passed
EVD-00005201,PFXC-002155,Receipt,Customer,2025-07-31T02:20:00,JPG,Incomplete,Further Evidence Required,No,Passed
EVD-00005202,PFXC-002155,Receipt,Customer,2025-07-28T14:16:39,PDF,Complete,Further Evidence Required,No,Not Applicable
EVD-00005203,PFXC-002155,Bank Statement,Customer,2025-07-30T05:42:51,JPG,Complete,Accepted,No,Passed
EVD-00005204,PFXC-002156,Screenshot,Customer,2025-05-10T16:13:08,JPG,Incomplete,Further Evidence Required,No,Passed
EVD-00005205,PFXC-002156,Receipt,Customer,2025-05-11T03:41:23,PDF,Unreadable,Further Evidence Required,No,Passed
EVD-00005206,PFXC-002156,Receipt,Customer,2025-05-10T22:11:24,JPG,Complete,Accepted,No,Passed
EVD-00005207,PFXC-002157,Receipt,Customer,2026-04-27T04:00:18,PNG,Complete,Accepted,No,Passed
EVD-00005208,PFXC-002157,Screenshot,Customer,2026-04-26T02:49:33,Other,Complete,Accepted,No,Passed
EVD-00005209,PFXC-002158,Receipt,Merchant,2026-03-11T21:01:18,PDF,Complete,Accepted,Yes,Passed
EVD-00005210,PFXC-002158,Merchant Communication,Customer,2026-03-12T02:18:06,JPG,Complete,Accepted,No,Passed
EVD-00005211,PFXC-002158,Bank Statement,Customer,2026-03-11T17:07:14,PDF,Complete,Accepted,Yes,Passed
EVD-00005212,PFXC-002158,Other,Customer,2026-03-11T15:23:59,PDF,Complete,Accepted,No,Passed
EVD-00005213,PFXC-002159,Receipt,Customer,2025-06-12T13:45:07,PNG,Incomplete,Further Evidence Required,No,Passed
EVD-00005214,PFXC-002159,Screenshot,Customer,2025-06-12T04:30:14,PNG,Complete,Further Evidence Required,No,Passed
EVD-00005215,PFXC-002159,Bank Statement,Merchant,2025-06-12T00:35:16,PNG,Complete,Accepted,Yes,Passed
EVD-00005216,PFXC-002160,Receipt,Customer,2025-03-03T08:50:56,PNG,Complete,Accepted,No,Failed
EVD-00005217,PFXC-002160,Merchant Communication,Operations,2025-03-02T23:12:29,PDF,Complete,Accepted,No,Passed
EVD-00005218,PFXC-002161,Screenshot,Customer,2025-03-30T14:58:04,PDF,Complete,Accepted,Yes,Passed
EVD-00005219,PFXC-002161,Screenshot,Customer,2025-03-31T06:29:32,PNG,Complete,Accepted,Yes,Passed
EVD-00005220,PFXC-002162,Bank Statement,Merchant,2026-03-21T22:47:19,Other,Complete,Accepted,Yes,Passed
EVD-00005221,PFXC-002162,Merchant Communication,Customer,2026-03-23T05:43:39,CSV,Complete,Accepted,No,Passed
EVD-00005222,PFXC-002164,Receipt,Customer,2025-04-02T19:19:46,PDF,Complete,Accepted,No,Passed
EVD-00005223,PFXC-002164,Merchant Communication,Customer,2025-04-03T17:52:48,PDF,Complete,Accepted,No,Passed
EVD-00005224,PFXC-002165,Identity Evidence,Customer,2025-01-02T22:24:11,PNG,Incomplete,Rejected,No,Passed
EVD-00005225,PFXC-002165,Screenshot,Customer,2025-01-02T10:38:53,PNG,Incomplete,Further Evidence Required,No,Passed
EVD-00005226,PFXC-002165,Screenshot,Customer,2025-01-04T04:55:15,PNG,Complete,Accepted,No,Passed
EVD-00005227,PFXC-002166,Other,Customer,2026-03-22T12:03:29,PDF,Incomplete,Rejected,No,Passed
EVD-00005228,PFXC-002166,Receipt,Merchant,2026-03-23T02:01:44,PDF,Complete,Accepted,No,Passed
EVD-00005229,PFXC-002166,Receipt,Customer,2026-03-22T12:36:09,PDF,Complete,Accepted,No,Passed
EVD-00005230,PFXC-002167,Screenshot,Customer,2026-04-10T00:14:15,JPG,Incomplete,Further Evidence Required,Yes,Passed
EVD-00005231,PFXC-002167,Receipt,Customer,2026-04-12T02:20:59,JPG,Incomplete,Further Evidence Required,No,Passed
EVD-00005232,PFXC-002167,Merchant Communication,Customer,2026-04-11T20:38:37,Other,Complete,Accepted,No,Failed
EVD-00005233,PFXC-002167,Merchant Communication,Operations,2026-04-12T13:20:59,JPG,Incomplete,Rejected,Yes,Not Applicable
EVD-00005234,PFXC-002168,Merchant Communication,Customer,2025-07-12T08:29:20,JPG,Complete,Accepted,No,Passed
EVD-00005235,PFXC-002168,Receipt,Customer,2025-07-11T23:55:55,JPG,Complete,Accepted,No,Passed
EVD-00005236,PFXC-002169,Receipt,Customer,2026-02-15T02:17:28,PNG,Complete,Accepted,No,Passed
EVD-00005237,PFXC-002170,Screenshot,Customer,2026-02-19T19:46:44,PDF,Complete,Accepted,No,Passed
EVD-00005238,PFXC-002170,Receipt,Customer,2026-02-20T18:20:09,JPG,Complete,Accepted,No,Passed
EVD-00005239,PFXC-002171,Receipt,Customer,2025-02-05T09:31:16,PDF,Incomplete,Rejected,No,Passed
EVD-00005240,PFXC-002171,Screenshot,Customer,2025-02-04T03:38:13,PDF,Complete,Accepted,No,Passed
EVD-00005241,PFXC-002172,Receipt,Customer,2026-03-19T11:31:25,PNG,Complete,Accepted,No,Passed
EVD-00005242,PFXC-002172,Identity Evidence,Customer,2026-03-19T14:39:18,Other,Complete,Further Evidence Required,Yes,Passed
EVD-00005243,PFXC-002172,Receipt,Operations,2026-03-20T02:39:42,Other,Complete,Accepted,No,Not Applicable
EVD-00005244,PFXC-002173,Screenshot,Customer,2026-05-20T12:51:59,PNG,Complete,Accepted,No,Passed
EVD-00005245,PFXC-002173,Merchant Communication,Merchant,2026-05-22T01:21:55,JPG,Complete,Further Evidence Required,No,Passed
EVD-00005246,PFXC-002173,Merchant Communication,Customer,2026-05-20T21:53:26,PNG,Incomplete,Rejected,Yes,Failed
EVD-00005247,PFXC-002173,Screenshot,Customer,2026-05-22T03:07:29,JPG,Unreadable,Rejected,No,Passed
EVD-00005248,PFXC-002174,Receipt,Customer,2026-05-03T19:51:00,PNG,Incomplete,Further Evidence Required,No,Passed
EVD-00005249,PFXC-002174,Screenshot,Customer,2026-05-05T12:23:26,PDF,Complete,Accepted,No,Passed
EVD-00005250,PFXC-002175,Screenshot,Customer,2025-08-20T13:28:09,PNG,Incomplete,Further Evidence Required,No,Passed
EVD-00005251,PFXC-002176,Receipt,Customer,2025-03-27T09:32:46,PNG,Complete,Accepted,No,Passed
EVD-00005252,PFXC-002176,Other,Customer,2025-03-28T18:48:10,PNG,Complete,Accepted,No,Failed
EVD-00005253,PFXC-002176,Receipt,Customer,2025-03-28T09:50:57,PDF,Complete,Accepted,No,Passed
EVD-00005254,PFXC-002176,Screenshot,Customer,2025-03-29T14:16:29,PDF,Complete,Further Evidence Required,No,Passed
EVD-00005255,PFXC-002177,Receipt,Customer,2025-02-09T22:50:28,PNG,Complete,Further Evidence Required,No,Passed
EVD-00005256,PFXC-002177,Identity Evidence,Customer,2025-02-08T21:59:58,PDF,Complete,Accepted,No,Passed
EVD-00005257,PFXC-002177,Merchant Communication,Customer,2025-02-08T23:17:33,PDF,Complete,Accepted,No,Passed
EVD-00005258,PFXC-002178,Merchant Communication,Merchant,2025-06-01T09:43:48,PDF,Complete,Further Evidence Required,No,Passed
EVD-00005259,PFXC-002178,Merchant Communication,Customer,2025-05-31T13:35:16,PNG,Complete,Accepted,No,Passed
EVD-00005260,PFXC-002179,Merchant Communication,Customer,2025-05-25T18:37:14,PDF,Complete,Accepted,No,Passed
EVD-00005261,PFXC-002179,Screenshot,Operations,2025-05-27T03:25:37,Other,Complete,Accepted,No,Passed
EVD-00005262,PFXC-002180,Other,Customer,2025-01-19T19:13:17,JPG,Complete,Accepted,No,Passed
EVD-00005263,PFXC-002180,Bank Statement,Customer,2025-01-18T19:41:04,PDF,Complete,Accepted,Yes,Passed
EVD-00005264,PFXC-002180,Screenshot,Customer,2025-01-20T23:09:00,PNG,Complete,Accepted,No,Passed
EVD-00005265,PFXC-002180,Other,Customer,2025-01-19T17:38:49,PNG,Complete,Further Evidence Required,Yes,Passed
EVD-00005266,PFXC-002181,Screenshot,Customer,2025-03-20T23:37:24,PNG,Complete,Further Evidence Required,No,Passed
EVD-00005267,PFXC-002181,Screenshot,Customer,2025-03-21T04:35:14,PNG,Complete,Accepted,No,Passed
EVD-00005268,PFXC-002182,Receipt,Merchant,2025-06-01T12:07:06,PDF,Complete,Accepted,No,Passed
EVD-00005269,PFXC-002183,Receipt,Customer,2026-03-28T17:50:46,CSV,Complete,Accepted,No,Passed
EVD-00005270,PFXC-002183,Receipt,Customer,2026-03-29T03:23:34,PNG,Complete,Accepted,No,Passed
EVD-00005271,PFXC-002183,Identity Evidence,Customer,2026-03-28T03:40:00,Other,Complete,Accepted,No,Passed
EVD-00005272,PFXC-002183,Merchant Communication,Customer,2026-03-30T09:14:37,PNG,Complete,Accepted,No,Passed
EVD-00005273,PFXC-002184,Receipt,Customer,2025-10-17T18:17:32,PNG,Complete,Further Evidence Required,No,Passed
EVD-00005274,PFXC-002184,Bank Statement,Customer,2025-10-19T11:53:25,PDF,Complete,Accepted,No,Passed
EVD-00005275,PFXC-002184,Bank Statement,Customer,2025-10-17T16:00:35,PNG,Complete,Accepted,Yes,Passed
EVD-00005276,PFXC-002186,Bank Statement,Customer,2025-11-16T05:33:54,PNG,Complete,Accepted,No,Not Applicable
EVD-00005277,PFXC-002186,Receipt,Merchant,2025-11-17T18:44:03,PDF,Complete,Accepted,No,Passed
EVD-00005278,PFXC-002187,Receipt,Customer,2026-01-26T00:56:12,JPG,Complete,Accepted,No,Passed
EVD-00005279,PFXC-002187,Merchant Communication,Customer,2026-01-25T17:26:55,PNG,Complete,Accepted,No,Passed
EVD-00005280,PFXC-002187,Merchant Communication,Customer,2026-01-27T16:23:26,PDF,Complete,Accepted,No,Not Applicable
EVD-00005281,PFXC-002187,Screenshot,Customer,2026-01-25T16:28:07,PNG,Complete,Accepted,No,Passed
EVD-00005282,PFXC-002188,Bank Statement,Customer,2025-08-16T06:24:06,PDF,Complete,Further Evidence Required,No,Passed
EVD-00005283,PFXC-002188,Screenshot,Merchant,2025-08-15T06:56:38,PDF,Complete,Accepted,Yes,Passed
EVD-00005284,PFXC-002188,Receipt,Operations,2025-08-14T18:38:44,PNG,Complete,Accepted,No,Passed
EVD-00005285,PFXC-002188,Other,Customer,2025-08-16T03:44:57,PDF,Complete,Accepted,No,Passed
EVD-00005286,PFXC-002189,Receipt,Operations,2025-11-10T21:25:37,PDF,Complete,Accepted,No,Passed
EVD-00005287,PFXC-002189,Screenshot,Customer,2025-11-10T13:29:51,JPG,Incomplete,Further Evidence Required,No,Passed
EVD-00005288,PFXC-002189,Merchant Communication,Customer,2025-11-10T20:15:06,PDF,Complete,Accepted,No,Passed
EVD-00005289,PFXC-002190,Identity Evidence,Customer,2025-05-06T08:05:08,JPG,Complete,Accepted,No,Passed
EVD-00005290,PFXC-002190,Receipt,Customer,2025-05-08T08:17:23,PDF,Complete,Accepted,No,Passed
EVD-00005291,PFXC-002191,Identity Evidence,Customer,2025-01-20T03:56:56,PNG,Complete,Further Evidence Required,No,Passed
EVD-00005292,PFXC-002191,Bank Statement,Customer,2025-01-18T22:56:10,CSV,Complete,Accepted,No,Passed
EVD-00005293,PFXC-002192,Screenshot,Customer,2026-06-26T09:12:38,PNG,Complete,Accepted,No,Passed
EVD-00005294,PFXC-002192,Other,Customer,2026-06-25T05:27:13,JPG,Complete,Accepted,No,Passed
EVD-00005295,PFXC-002193,Receipt,Customer,2026-05-30T06:02:51,PDF,Complete,Accepted,Yes,Passed
EVD-00005296,PFXC-002193,Screenshot,Merchant,2026-05-29T06:29:41,PDF,Complete,Accepted,Yes,Passed
EVD-00005297,PFXC-002193,Screenshot,Merchant,2026-05-28T22:13:59,PNG,Unreadable,Further Evidence Required,No,Passed
EVD-00005298,PFXC-002195,Bank Statement,Operations,2025-11-17T04:48:59,PNG,Complete,Accepted,No,Passed
EVD-00005299,PFXC-002195,Receipt,Customer,2025-11-15T08:14:59,PDF,Complete,Further Evidence Required,No,Passed
EVD-00005300,PFXC-002196,Screenshot,Customer,2025-01-25T17:18:35,PDF,Complete,Accepted,No,Passed
EVD-00005301,PFXC-002196,Bank Statement,Customer,2025-01-26T09:08:58,PDF,Complete,Accepted,No,Passed
EVD-00005302,PFXC-002197,Bank Statement,Customer,2026-05-23T13:17:49,PNG,Complete,Accepted,Yes,Passed
EVD-00005303,PFXC-002197,Screenshot,Customer,2026-05-22T17:59:11,Other,Complete,Accepted,No,Passed
EVD-00005304,PFXC-002197,Bank Statement,Merchant,2026-05-23T03:02:35,PDF,Complete,Accepted,No,Passed
EVD-00005305,PFXC-002197,Screenshot,Customer,2026-05-21T22:40:11,PNG,Complete,Further Evidence Required,Yes,Not Applicable
EVD-00005306,PFXC-002198,Receipt,Customer,2026-04-08T01:11:37,PDF,Complete,Accepted,No,Passed
EVD-00005307,PFXC-002198,Receipt,Customer,2026-04-07T20:52:22,PDF,Complete,Accepted,No,Passed
EVD-00005308,PFXC-002198,Screenshot,Customer,2026-04-06T12:05:06,PDF,Complete,Accepted,No,Passed
EVD-00005309,PFXC-002199,Bank Statement,Customer,2025-11-17T19:31:33,JPG,Complete,Accepted,No,Not Applicable
EVD-00005310,PFXC-002199,Screenshot,Customer,2025-11-18T08:13:35,PDF,Complete,Accepted,No,Not Applicable
EVD-00005311,PFXC-002200,Screenshot,Customer,2026-03-10T20:12:11,JPG,Complete,Further Evidence Required,No,Passed
EVD-00005312,PFXC-002200,Identity Evidence,Customer,2026-03-13T02:16:56,Other,Complete,Accepted,Yes,Passed
EVD-00005313,PFXC-002200,Receipt,Operations,2026-03-11T04:04:55,PNG,Complete,Accepted,Yes,Passed
EVD-00005314,PFXC-002201,Screenshot,Customer,2026-01-17T04:29:01,Other,Complete,Accepted,Yes,Passed
EVD-00005315,PFXC-002201,Bank Statement,Customer,2026-01-19T05:31:32,PDF,Complete,Accepted,Yes,Passed
EVD-00005316,PFXC-002201,Screenshot,Merchant,2026-01-18T00:55:32,PNG,Complete,Accepted,No,Passed
EVD-00005317,PFXC-002201,Bank Statement,Operations,2026-01-18T15:40:37,PDF,Complete,Accepted,No,Passed
EVD-00005318,PFXC-002202,Merchant Communication,Merchant,2026-04-22T19:14:42,PDF,Complete,Accepted,No,Passed
EVD-00005319,PFXC-002202,Screenshot,Customer,2026-04-24T07:53:42,PNG,Complete,Accepted,No,Passed
EVD-00005320,PFXC-002202,Receipt,Merchant,2026-04-22T15:26:47,PNG,Complete,Further Evidence Required,Yes,Failed
EVD-00005321,PFXC-002202,Merchant Communication,Customer,2026-04-23T10:08:03,PDF,Complete,Accepted,No,Passed
EVD-00005322,PFXC-002203,Receipt,Customer,2026-03-06T02:15:25,JPG,Complete,Accepted,No,Not Applicable
EVD-00005323,PFXC-002204,Bank Statement,Customer,2025-05-31T18:31:55,PDF,Incomplete,Further Evidence Required,No,Passed
EVD-00005324,PFXC-002204,Receipt,Customer,2025-05-31T16:32:29,PDF,Incomplete,Further Evidence Required,No,Passed
EVD-00005325,PFXC-002205,Identity Evidence,Customer,2026-02-23T18:19:14,PNG,Complete,Accepted,No,Passed
EVD-00005326,PFXC-002205,Screenshot,Operations,2026-02-24T08:22:00,PNG,Unreadable,Rejected,No,Not Applicable
EVD-00005327,PFXC-002206,Receipt,Customer,2026-05-13T09:22:58,PDF,Complete,Accepted,No,Passed
EVD-00005328,PFXC-002207,Receipt,Customer,2025-05-13T22:31:53,Other,Complete,Accepted,No,Passed
EVD-00005329,PFXC-002208,Receipt,Customer,2026-06-07T16:15:47,PDF,Incomplete,Rejected,No,Passed
EVD-00005330,PFXC-002208,Identity Evidence,Merchant,2026-06-07T07:51:51,JPG,Complete,Accepted,No,Passed
EVD-00005331,PFXC-002208,Screenshot,Customer,2026-06-06T09:30:40,PNG,Complete,Accepted,Yes,Passed
EVD-00005332,PFXC-002209,Merchant Communication,Customer,2026-01-26T08:58:33,Other,Complete,Accepted,No,Passed
EVD-00005333,PFXC-002209,Bank Statement,Merchant,2026-01-27T17:00:20,PNG,Incomplete,Rejected,No,Passed
EVD-00005334,PFXC-002209,Bank Statement,Customer,2026-01-28T03:00:59,PDF,Complete,Further Evidence Required,No,Passed
EVD-00005335,PFXC-002209,Merchant Communication,Merchant,2026-01-27T19:28:50,PDF,Complete,Accepted,No,Passed
EVD-00005336,PFXC-002210,Bank Statement,Customer,2025-07-06T18:41:05,CSV,Complete,Accepted,No,Passed
EVD-00005337,PFXC-002211,Screenshot,Customer,2026-03-06T18:51:36,PDF,Unreadable,Further Evidence Required,No,Passed
EVD-00005338,PFXC-002211,Receipt,Merchant,2026-03-09T06:21:50,PDF,Complete,Accepted,No,Not Applicable
EVD-00005339,PFXC-002211,Bank Statement,Customer,2026-03-06T23:32:47,PNG,Incomplete,Further Evidence Required,Yes,Passed
EVD-00005340,PFXC-002212,Screenshot,Customer,2026-03-15T22:49:38,PDF,Complete,Accepted,No,Passed
EVD-00005341,PFXC-002212,Screenshot,Customer,2026-03-13T14:10:16,PDF,Complete,Accepted,No,Passed
EVD-00005342,PFXC-002213,Screenshot,Merchant,2026-05-04T22:52:18,PNG,Incomplete,Further Evidence Required,No,Passed
EVD-00005343,PFXC-002214,Screenshot,Customer,2025-03-10T02:09:07,JPG,Complete,Accepted,No,Passed
EVD-00005344,PFXC-002214,Receipt,Customer,2025-03-11T12:17:00,JPG,Complete,Accepted,No,Passed
EVD-00005345,PFXC-002214,Receipt,Customer,2025-03-11T02:56:03,PNG,Complete,Accepted,No,Passed
EVD-00005346,PFXC-002214,Merchant Communication,Customer,2025-03-11T21:15:50,JPG,Complete,Accepted,No,Passed
EVD-00005347,PFXC-002215,Bank Statement,Customer,2025-07-07T16:50:16,Other,Unreadable,Rejected,No,Passed
EVD-00005348,PFXC-002215,Receipt,Customer,2025-07-07T21:23:55,JPG,Incomplete,Further Evidence Required,No,Passed
EVD-00005349,PFXC-002215,Receipt,Customer,2025-07-07T17:55:27,PDF,Complete,Accepted,No,Passed
EVD-00005350,PFXC-002215,Merchant Communication,Operations,2025-07-07T10:43:26,JPG,Complete,Accepted,No,Passed
EVD-00005351,PFXC-002216,Screenshot,Operations,2025-11-16T18:26:41,PDF,Complete,Accepted,No,Passed
EVD-00005352,PFXC-002216,Merchant Communication,Customer,2025-11-17T17:36:30,PDF,Complete,Accepted,No,Passed
EVD-00005353,PFXC-002216,Screenshot,Customer,2025-11-17T18:34:50,JPG,Complete,Accepted,No,Failed
EVD-00005354,PFXC-002217,Receipt,Merchant,2025-09-20T06:06:08,PNG,Complete,Accepted,No,Passed
EVD-00005355,PFXC-002217,Merchant Communication,Customer,2025-09-22T14:50:46,PDF,Complete,Accepted,Yes,Passed
EVD-00005356,PFXC-002217,Identity Evidence,Customer,2025-09-23T00:13:13,PDF,Incomplete,Further Evidence Required,No,Passed
EVD-00005357,PFXC-002217,Receipt,Customer,2025-09-22T03:47:11,PDF,Complete,Accepted,No,Passed
EVD-00005358,PFXC-002219,Bank Statement,Operations,2025-05-29T18:24:01,PDF,Complete,Accepted,No,Not Applicable
EVD-00005359,PFXC-002219,Bank Statement,Operations,2025-05-29T06:59:47,PDF,Complete,Accepted,No,Not Applicable
EVD-00005360,PFXC-002219,Receipt,Customer,2025-05-29T13:45:17,PDF,Complete,Accepted,No,Not Applicable
EVD-00005361,PFXC-002220,Screenshot,Merchant,2026-05-15T12:49:29,PNG,Complete,Accepted,Yes,Passed
EVD-00005362,PFXC-002220,Bank Statement,Customer,2026-05-15T09:55:54,PDF,Complete,Accepted,Yes,Passed
EVD-00005363,PFXC-002221,Screenshot,Customer,2025-10-14T14:39:07,PDF,Complete,Further Evidence Required,No,Passed
EVD-00005364,PFXC-002221,Receipt,Customer,2025-10-14T09:05:34,PDF,Complete,Accepted,No,Not Applicable
EVD-00005365,PFXC-002221,Receipt,Customer,2025-10-14T23:24:15,PNG,Complete,Accepted,No,Passed
EVD-00005366,PFXC-002221,Other,Customer,2025-10-12T05:47:04,Other,Complete,Accepted,Yes,Passed
EVD-00005367,PFXC-002222,Receipt,Merchant,2025-08-08T06:33:24,PDF,Complete,Accepted,No,Passed
EVD-00005368,PFXC-002222,Screenshot,Customer,2025-08-06T02:02:04,Other,Complete,Accepted,No,Passed
EVD-00005369,PFXC-002223,Merchant Communication,Customer,2026-02-22T20:20:27,PNG,Complete,Accepted,Yes,Passed
EVD-00005370,PFXC-002224,Bank Statement,Customer,2025-01-08T19:17:50,PNG,Incomplete,Further Evidence Required,No,Passed
EVD-00005371,PFXC-002224,Bank Statement,Customer,2025-01-08T11:04:24,PDF,Incomplete,Further Evidence Required,No,Passed
EVD-00005372,PFXC-002224,Screenshot,Customer,2025-01-10T00:48:56,PNG,Incomplete,Further Evidence Required,No,Passed
EVD-00005373,PFXC-002224,Screenshot,Customer,2025-01-09T02:58:02,CSV,Incomplete,Further Evidence Required,Yes,Passed
EVD-00005374,PFXC-002225,Screenshot,Customer,2025-09-21T02:53:26,PNG,Complete,Accepted,Yes,Passed
EVD-00005375,PFXC-002225,Identity Evidence,Customer,2025-09-21T10:45:12,PNG,Incomplete,Further Evidence Required,No,Passed
EVD-00005376,PFXC-002226,Screenshot,Merchant,2026-05-28T22:59:53,PDF,Complete,Accepted,No,Passed
EVD-00005377,PFXC-002226,Merchant Communication,Merchant,2026-05-30T06:56:53,PDF,Complete,Accepted,No,Passed
EVD-00005378,PFXC-002227,Bank Statement,Customer,2026-05-31T20:29:09,JPG,Complete,Accepted,No,Not Applicable
EVD-00005379,PFXC-002227,Screenshot,Customer,2026-06-01T12:58:12,JPG,Complete,Accepted,No,Passed
EVD-00005380,PFXC-002228,Merchant Communication,Merchant,2026-06-07T20:54:43,JPG,Complete,Accepted,No,Passed
EVD-00005381,PFXC-002228,Receipt,Customer,2026-06-09T14:58:24,PDF,Complete,Accepted,No,Passed
EVD-00005382,PFXC-002228,Screenshot,Operations,2026-06-09T17:43:04,JPG,Incomplete,Further Evidence Required,No,Passed
EVD-00005383,PFXC-002229,Receipt,Customer,2025-06-19T07:50:35,Other,Complete,Accepted,No,Passed
EVD-00005384,PFXC-002229,Merchant Communication,Customer,2025-06-20T08:12:58,PDF,Complete,Accepted,No,Passed
EVD-00005385,PFXC-002230,Receipt,Customer,2025-11-04T05:34:05,PDF,Complete,Accepted,No,Passed
EVD-00005386,PFXC-002230,Bank Statement,Customer,2025-11-02T13:00:41,PNG,Incomplete,Further Evidence Required,No,Passed
EVD-00005387,PFXC-002230,Receipt,Customer,2025-11-02T09:48:41,PDF,Complete,Accepted,No,Passed
EVD-00005388,PFXC-002230,Merchant Communication,Merchant,2025-11-03T04:32:17,JPG,Complete,Accepted,No,Not Applicable
EVD-00005389,PFXC-002232,Receipt,Operations,2025-09-07T22:45:17,Other,Complete,Accepted,Yes,Passed
EVD-00005390,PFXC-002232,Screenshot,Customer,2025-09-09T03:22:20,PDF,Complete,Accepted,No,Passed
EVD-00005391,PFXC-002232,Bank Statement,Customer,2025-09-07T06:06:43,JPG,Complete,Accepted,No,Passed
EVD-00005392,PFXC-002233,Other,Merchant,2025-04-21T16:39:45,CSV,Complete,Accepted,No,Passed
EVD-00005393,PFXC-002233,Receipt,Customer,2025-04-21T09:50:14,PDF,Complete,Accepted,No,Passed
EVD-00005394,PFXC-002233,Bank Statement,Customer,2025-04-20T21:52:42,JPG,Complete,Accepted,No,Passed
EVD-00005395,PFXC-002233,Receipt,Customer,2025-04-22T06:50:27,PDF,Complete,Accepted,No,Passed
EVD-00005396,PFXC-002234,Screenshot,Merchant,2025-12-29T08:48:05,JPG,Complete,Accepted,No,Passed
EVD-00005397,PFXC-002234,Merchant Communication,Customer,2025-12-28T05:43:54,PNG,Complete,Further Evidence Required,No,Passed
EVD-00005398,PFXC-002234,Merchant Communication,Customer,2025-12-28T21:14:51,PDF,Complete,Accepted,No,Passed
EVD-00005399,PFXC-002235,Merchant Communication,Customer,2025-10-31T08:01:03,JPG,Complete,Accepted,Yes,Passed
EVD-00005400,PFXC-002236,Receipt,Customer,2026-06-22T01:13:07,PDF,Complete,Accepted,No,Passed
EVD-00005401,PFXC-002237,Receipt,Merchant,2025-03-06T02:40:52,PDF,Complete,Accepted,Yes,Passed
EVD-00005402,PFXC-002237,Merchant Communication,Customer,2025-03-04T02:19:10,Other,Complete,Accepted,No,Passed
EVD-00005403,PFXC-002237,Screenshot,Customer,2025-03-06T14:34:36,PNG,Incomplete,Further Evidence Required,Yes,Passed
EVD-00005404,PFXC-002238,Receipt,Customer,2025-12-13T14:47:21,PDF,Complete,Accepted,No,Passed
EVD-00005405,PFXC-002238,Screenshot,Customer,2025-12-14T05:17:51,PDF,Complete,Accepted,Yes,Passed
EVD-00005406,PFXC-002239,Receipt,Customer,2025-05-29T01:07:20,PDF,Incomplete,Further Evidence Required,No,Passed
EVD-00005407,PFXC-002239,Receipt,Operations,2025-05-28T14:37:41,JPG,Complete,Accepted,No,Passed
EVD-00005408,PFXC-002240,Screenshot,Customer,2026-03-17T13:06:15,PDF,Incomplete,Rejected,No,Passed
EVD-00005409,PFXC-002240,Receipt,Operations,2026-03-15T14:18:57,PDF,Complete,Further Evidence Required,No,Not Applicable
EVD-00005410,PFXC-002241,Receipt,Customer,2025-08-09T04:54:45,PNG,Incomplete,Further Evidence Required,No,Passed
EVD-00005411,PFXC-002241,Identity Evidence,Customer,2025-08-09T08:48:28,JPG,Complete,Further Evidence Required,Yes,Passed
EVD-00005412,PFXC-002242,Merchant Communication,Merchant,2026-02-17T14:04:20,JPG,Complete,Accepted,No,Passed
EVD-00005413,PFXC-002242,Merchant Communication,Customer,2026-02-19T11:37:58,JPG,Complete,Accepted,No,Passed
EVD-00005414,PFXC-002242,Merchant Communication,Merchant,2026-02-19T04:31:58,PNG,Complete,Accepted,No,Passed
EVD-00005415,PFXC-002243,Receipt,Operations,2025-06-23T14:57:11,PDF,Complete,Accepted,No,Passed
EVD-00005416,PFXC-002243,Merchant Communication,Merchant,2025-06-24T03:31:03,PDF,Complete,Accepted,No,Passed
EVD-00005417,PFXC-002243,Receipt,Customer,2025-06-24T19:46:35,PDF,Complete,Further Evidence Required,No,Passed
EVD-00005418,PFXC-002244,Other,Customer,2025-02-27T16:31:23,PDF,Complete,Accepted,No,Not Applicable
EVD-00005419,PFXC-002244,Receipt,Customer,2025-02-28T20:33:49,PNG,Complete,Accepted,Yes,Passed
EVD-00005420,PFXC-002245,Receipt,Operations,2025-01-10T08:35:54,JPG,Incomplete,Rejected,No,Passed
EVD-00005421,PFXC-002245,Screenshot,Operations,2025-01-10T15:47:17,PDF,Complete,Accepted,No,Passed
EVD-00005422,PFXC-002245,Receipt,Customer,2025-01-09T07:49:06,JPG,Complete,Accepted,No,Passed
EVD-00005423,PFXC-002246,Merchant Communication,Customer,2025-06-05T12:25:59,PDF,Complete,Accepted,No,Passed
EVD-00005424,PFXC-002246,Receipt,Customer,2025-06-04T20:58:11,CSV,Complete,Accepted,Yes,Passed
EVD-00005425,PFXC-002246,Bank Statement,Customer,2025-06-06T05:12:24,PDF,Unreadable,Rejected,No,Passed
EVD-00005426,PFXC-002247,Bank Statement,Customer,2025-07-24T05:03:55,PDF,Complete,Accepted,No,Passed
EVD-00005427,PFXC-002247,Screenshot,Operations,2025-07-24T02:44:47,CSV,Complete,Further Evidence Required,No,Passed
EVD-00005428,PFXC-002247,Receipt,Customer,2025-07-26T08:05:41,Other,Complete,Accepted,No,Passed
EVD-00005429,PFXC-002247,Bank Statement,Customer,2025-07-24T05:56:47,PDF,Complete,Accepted,Yes,Passed
EVD-00005430,PFXC-002248,Screenshot,Customer,2025-09-13T22:16:50,PDF,Complete,Accepted,Yes,Passed
EVD-00005431,PFXC-002249,Other,Merchant,2025-03-09T09:05:28,PDF,Complete,Accepted,No,Passed
EVD-00005432,PFXC-002249,Merchant Communication,Customer,2025-03-07T15:51:19,PDF,Complete,Accepted,No,Passed
EVD-00005433,PFXC-002250,Merchant Communication,Customer,2026-03-27T12:24:16,PDF,Complete,Accepted,No,Passed
EVD-00005434,PFXC-002250,Receipt,Operations,2026-03-29T23:59:06,JPG,Complete,Accepted,No,Passed
EVD-00005435,PFXC-002251,Receipt,Customer,2025-03-27T01:20:01,PDF,Complete,Accepted,No,Not Applicable
EVD-00005436,PFXC-002251,Identity Evidence,Merchant,2025-03-29T15:11:11,PNG,Complete,Accepted,Yes,Passed
EVD-00005437,PFXC-002252,Merchant Communication,Customer,2025-02-15T18:35:21,Other,Complete,Further Evidence Required,No,Passed
EVD-00005438,PFXC-002252,Other,Customer,2025-02-15T16:03:28,PDF,Complete,Accepted,Yes,Passed
EVD-00005439,PFXC-002252,Receipt,Operations,2025-02-16T14:39:06,PDF,Complete,Accepted,Yes,Passed
EVD-00005440,PFXC-002252,Screenshot,Operations,2025-02-15T01:18:55,PDF,Complete,Accepted,No,Passed
EVD-00005441,PFXC-002253,Bank Statement,Operations,2025-06-26T20:13:27,PDF,Complete,Accepted,No,Passed
EVD-00005442,PFXC-002253,Merchant Communication,Customer,2025-06-27T11:47:06,JPG,Complete,Further Evidence Required,No,Not Applicable
EVD-00005443,PFXC-002253,Merchant Communication,Customer,2025-06-27T03:15:40,PDF,Complete,Accepted,No,Not Applicable
EVD-00005444,PFXC-002254,Bank Statement,Customer,2026-02-01T16:24:27,JPG,Complete,Accepted,No,Passed
EVD-00005445,PFXC-002254,Screenshot,Customer,2026-02-02T08:41:27,PDF,Complete,Accepted,No,Passed
EVD-00005446,PFXC-002254,Bank Statement,Customer,2026-02-03T16:33:26,PDF,Unreadable,Further Evidence Required,Yes,Passed
EVD-00005447,PFXC-002255,Screenshot,Customer,2026-05-08T19:44:52,PDF,Complete,Accepted,No,Passed
EVD-00005448,PFXC-002255,Bank Statement,Operations,2026-05-08T18:29:26,PDF,Complete,Accepted,No,Passed
EVD-00005449,PFXC-002255,Receipt,Customer,2026-05-08T04:34:49,JPG,Incomplete,Rejected,No,Passed
EVD-00005450,PFXC-002255,Screenshot,Merchant,2026-05-08T20:35:54,PDF,Incomplete,Further Evidence Required,No,Passed
EVD-00005451,PFXC-002257,Bank Statement,Merchant,2025-06-04T01:07:32,PNG,Complete,Accepted,Yes,Passed
EVD-00005452,PFXC-002257,Bank Statement,Merchant,2025-06-04T06:12:45,PDF,Complete,Accepted,No,Passed
EVD-00005453,PFXC-002257,Screenshot,Customer,2025-06-06T03:20:41,PDF,Incomplete,Further Evidence Required,No,Passed
EVD-00005454,PFXC-002257,Bank Statement,Customer,2025-06-06T16:18:07,PDF,Complete,Accepted,No,Passed
EVD-00005455,PFXC-002258,Receipt,Merchant,2025-06-16T04:20:31,PDF,Complete,Accepted,No,Passed
EVD-00005456,PFXC-002258,Receipt,Customer,2025-06-15T06:54:41,PNG,Complete,Accepted,No,Passed
EVD-00005457,PFXC-002258,Screenshot,Customer,2025-06-15T13:22:10,PNG,Complete,Further Evidence Required,No,Passed
EVD-00005458,PFXC-002258,Bank Statement,Customer,2025-06-15T22:09:02,PDF,Complete,Accepted,No,Passed
EVD-00005459,PFXC-002259,Identity Evidence,Operations,2025-03-20T11:07:53,Other,Complete,Accepted,No,Passed
EVD-00005460,PFXC-002260,Screenshot,Customer,2025-01-26T00:27:33,PDF,Complete,Accepted,Yes,Passed
EVD-00005461,PFXC-002260,Screenshot,Customer,2025-01-23T11:20:08,Other,Complete,Accepted,No,Not Applicable
EVD-00005462,PFXC-002260,Receipt,Customer,2025-01-24T17:51:53,PDF,Complete,Accepted,No,Passed
EVD-00005463,PFXC-002260,Screenshot,Customer,2025-01-26T03:31:53,CSV,Complete,Accepted,No,Passed
EVD-00005464,PFXC-002261,Screenshot,Merchant,2025-12-11T18:23:01,Other,Unreadable,Further Evidence Required,No,Passed
EVD-00005465,PFXC-002261,Bank Statement,Operations,2025-12-11T01:54:40,PNG,Complete,Accepted,Yes,Passed
EVD-00005466,PFXC-002262,Merchant Communication,Customer,2025-09-20T04:22:42,PDF,Complete,Accepted,No,Passed
EVD-00005467,PFXC-002262,Receipt,Operations,2025-09-18T13:43:02,Other,Complete,Accepted,No,Passed
EVD-00005468,PFXC-002262,Merchant Communication,Customer,2025-09-18T15:03:25,PNG,Incomplete,Rejected,No,Passed
EVD-00005469,PFXC-002263,Screenshot,Customer,2025-04-01T17:14:04,PDF,Incomplete,Further Evidence Required,Yes,Passed
EVD-00005470,PFXC-002263,Receipt,Customer,2025-03-31T22:01:41,PNG,Complete,Accepted,No,Not Applicable
EVD-00005471,PFXC-002264,Bank Statement,Operations,2025-04-30T19:22:47,PDF,Complete,Accepted,No,Passed
EVD-00005472,PFXC-002264,Merchant Communication,Customer,2025-05-01T00:41:37,JPG,Complete,Accepted,Yes,Passed
EVD-00005473,PFXC-002264,Identity Evidence,Customer,2025-05-02T06:20:35,PNG,Complete,Further Evidence Required,Yes,Passed
EVD-00005474,PFXC-002264,Receipt,Customer,2025-05-02T00:35:42,JPG,Complete,Accepted,No,Passed
EVD-00005475,PFXC-002265,Receipt,Customer,2025-12-28T07:11:11,PDF,Complete,Accepted,No,Passed
EVD-00005476,PFXC-002265,Screenshot,Merchant,2025-12-29T01:58:01,PDF,Complete,Accepted,No,Passed
EVD-00005477,PFXC-002267,Screenshot,Customer,2026-03-27T06:50:41,JPG,Complete,Accepted,No,Passed
EVD-00005478,PFXC-002267,Screenshot,Customer,2026-03-27T19:37:09,PDF,Incomplete,Further Evidence Required,No,Passed
EVD-00005479,PFXC-002268,Screenshot,Customer,2025-12-01T06:36:58,PDF,Complete,Accepted,No,Passed
EVD-00005480,PFXC-002268,Merchant Communication,Customer,2025-12-03T03:53:37,PDF,Complete,Accepted,No,Passed
EVD-00005481,PFXC-002269,Merchant Communication,Customer,2026-06-15T19:16:56,PNG,Complete,Accepted,No,Failed
EVD-00005482,PFXC-002269,Receipt,Customer,2026-06-15T00:09:21,PDF,Complete,Further Evidence Required,No,Passed
EVD-00005483,PFXC-002269,Merchant Communication,Customer,2026-06-14T14:50:03,PDF,Complete,Further Evidence Required,No,Passed
EVD-00005484,PFXC-002269,Screenshot,Customer,2026-06-16T13:28:30,Other,Unreadable,Rejected,No,Passed
EVD-00005485,PFXC-002270,Identity Evidence,Customer,2025-08-10T07:26:35,JPG,Incomplete,Rejected,No,Passed
EVD-00005486,PFXC-002270,Screenshot,Customer,2025-08-08T11:19:59,JPG,Complete,Accepted,No,Passed
EVD-00005487,PFXC-002271,Merchant Communication,Customer,2026-02-11T03:42:46,PDF,Complete,Accepted,Yes,Passed
EVD-00005488,PFXC-002271,Bank Statement,Customer,2026-02-12T11:49:26,JPG,Complete,Accepted,No,Passed
EVD-00005489,PFXC-002271,Screenshot,Operations,2026-02-11T15:29:38,JPG,Complete,Accepted,No,Passed
EVD-00005490,PFXC-002272,Receipt,Customer,2026-03-31T06:06:35,PDF,Complete,Further Evidence Required,No,Passed
EVD-00005491,PFXC-002273,Merchant Communication,Customer,2025-04-20T17:08:34,PDF,Incomplete,Further Evidence Required,No,Passed
EVD-00005492,PFXC-002273,Screenshot,Customer,2025-04-19T11:31:55,CSV,Complete,Accepted,No,Passed
EVD-00005493,PFXC-002273,Screenshot,Customer,2025-04-19T10:41:20,JPG,Complete,Accepted,No,Passed
EVD-00005494,PFXC-002275,Screenshot,Customer,2026-02-13T23:52:35,PDF,Complete,Accepted,No,Failed
EVD-00005495,PFXC-002275,Screenshot,Customer,2026-02-15T15:09:10,Other,Complete,Accepted,No,Passed
EVD-00005496,PFXC-002276,Identity Evidence,Customer,2025-08-20T16:42:23,JPG,Complete,Accepted,No,Passed
EVD-00005497,PFXC-002276,Receipt,Operations,2025-08-20T18:35:49,PDF,Complete,Accepted,No,Passed
EVD-00005498,PFXC-002277,Bank Statement,Customer,2025-12-19T11:58:12,PDF,Complete,Accepted,No,Passed
EVD-00005499,PFXC-002277,Receipt,Customer,2025-12-19T03:20:02,PDF,Complete,Accepted,No,Passed
EVD-00005500,PFXC-002278,Merchant Communication,Customer,2025-11-11T13:02:36,Other,Complete,Accepted,No,Passed
EVD-00005501,PFXC-002278,Bank Statement,Customer,2025-11-13T04:56:32,PNG,Complete,Accepted,No,Passed
EVD-00005502,PFXC-002279,Merchant Communication,Customer,2025-10-11T00:46:28,PNG,Incomplete,Further Evidence Required,Yes,Passed
EVD-00005503,PFXC-002279,Merchant Communication,Customer,2025-10-10T17:30:56,PDF,Complete,Accepted,No,Passed
EVD-00005504,PFXC-002280,Bank Statement,Customer,2025-08-14T01:30:30,JPG,Complete,Accepted,No,Passed
EVD-00005505,PFXC-002280,Receipt,Customer,2025-08-13T08:49:01,PNG,Complete,Accepted,No,Failed
EVD-00005506,PFXC-002280,Screenshot,Operations,2025-08-12T21:07:50,PNG,Complete,Accepted,No,Passed
EVD-00005507,PFXC-002281,Screenshot,Customer,2026-04-27T17:48:06,JPG,Complete,Accepted,No,Passed
EVD-00005508,PFXC-002281,Screenshot,Customer,2026-04-29T14:27:38,PDF,Complete,Accepted,No,Passed
EVD-00005509,PFXC-002282,Screenshot,Operations,2026-02-03T03:39:10,PDF,Incomplete,Further Evidence Required,No,Passed
EVD-00005510,PFXC-002282,Bank Statement,Merchant,2026-02-03T12:45:55,Other,Complete,Further Evidence Required,No,Passed
EVD-00005511,PFXC-002283,Bank Statement,Customer,2025-05-07T11:26:36,JPG,Complete,Accepted,No,Passed
EVD-00005512,PFXC-002283,Merchant Communication,Merchant,2025-05-08T08:19:38,PNG,Incomplete,Further Evidence Required,No,Passed
EVD-00005513,PFXC-002283,Other,Customer,2025-05-06T18:35:53,PNG,Complete,Accepted,Yes,Passed
EVD-00005514,PFXC-002284,Identity Evidence,Customer,2026-02-15T20:23:41,JPG,Complete,Accepted,No,Passed
EVD-00005515,PFXC-002284,Merchant Communication,Customer,2026-02-16T10:07:44,JPG,Incomplete,Further Evidence Required,Yes,Passed
EVD-00005516,PFXC-002284,Screenshot,Customer,2026-02-16T11:45:01,CSV,Complete,Accepted,No,Passed
EVD-00005517,PFXC-002285,Bank Statement,Customer,2025-07-16T23:55:15,PDF,Complete,Further Evidence Required,No,Passed
EVD-00005518,PFXC-002285,Receipt,Merchant,2025-07-16T23:45:10,PNG,Complete,Accepted,No,Passed
EVD-00005519,PFXC-002285,Other,Customer,2025-07-15T21:53:26,PDF,Complete,Accepted,No,Passed
EVD-00005520,PFXC-002286,Receipt,Merchant,2025-05-31T22:33:32,PDF,Complete,Accepted,No,Passed
EVD-00005521,PFXC-002286,Screenshot,Operations,2025-06-03T08:27:35,PDF,Complete,Accepted,No,Passed
EVD-00005522,PFXC-002286,Screenshot,Customer,2025-06-01T18:54:39,PDF,Complete,Accepted,No,Passed
EVD-00005523,PFXC-002287,Receipt,Customer,2025-04-15T11:27:28,PDF,Complete,Accepted,No,Passed
EVD-00005524,PFXC-002287,Receipt,Customer,2025-04-16T13:22:56,PDF,Complete,Accepted,No,Passed
EVD-00005525,PFXC-002289,Receipt,Customer,2026-03-06T09:16:01,PDF,Complete,Further Evidence Required,No,Passed
EVD-00005526,PFXC-002289,Screenshot,Customer,2026-03-04T23:02:07,PNG,Complete,Accepted,Yes,Passed
EVD-00005527,PFXC-002289,Screenshot,Customer,2026-03-05T07:44:55,PDF,Complete,Accepted,No,Passed
EVD-00005528,PFXC-002290,Receipt,Customer,2025-05-14T17:29:53,CSV,Complete,Accepted,No,Passed
EVD-00005529,PFXC-002291,Screenshot,Customer,2025-02-09T03:35:24,PNG,Complete,Accepted,Yes,Passed
EVD-00005530,PFXC-002291,Screenshot,Operations,2025-02-07T06:26:59,PNG,Complete,Accepted,No,Passed
EVD-00005531,PFXC-002291,Bank Statement,Customer,2025-02-08T05:16:24,JPG,Complete,Accepted,No,Passed
EVD-00005532,PFXC-002291,Screenshot,Operations,2025-02-07T04:06:48,PNG,Complete,Accepted,No,Passed
EVD-00005533,PFXC-002292,Screenshot,Customer,2026-03-09T16:17:01,PDF,Complete,Accepted,No,Failed
EVD-00005534,PFXC-002292,Receipt,Customer,2026-03-11T03:02:28,PDF,Complete,Further Evidence Required,No,Passed
EVD-00005535,PFXC-002292,Receipt,Customer,2026-03-09T22:56:51,PNG,Complete,Accepted,No,Passed
EVD-00005536,PFXC-002293,Merchant Communication,Operations,2025-11-30T02:34:24,Other,Complete,Accepted,Yes,Not Applicable
EVD-00005537,PFXC-002294,Merchant Communication,Customer,2025-01-11T17:11:57,PDF,Complete,Accepted,No,Failed
EVD-00005538,PFXC-002294,Receipt,Customer,2025-01-09T06:24:55,PNG,Complete,Further Evidence Required,No,Passed
EVD-00005539,PFXC-002294,Screenshot,Customer,2025-01-09T05:03:11,PNG,Complete,Accepted,Yes,Passed
EVD-00005540,PFXC-002295,Receipt,Customer,2025-12-13T18:47:49,PDF,Complete,Accepted,No,Passed
EVD-00005541,PFXC-002295,Bank Statement,Operations,2025-12-13T17:33:39,PDF,Complete,Accepted,Yes,Passed
EVD-00005542,PFXC-002295,Bank Statement,Customer,2025-12-14T09:26:38,PNG,Complete,Accepted,No,Passed
EVD-00005543,PFXC-002295,Other,Customer,2025-12-15T12:44:44,PNG,Complete,Accepted,No,Passed
EVD-00005544,PFXC-002296,Receipt,Customer,2025-03-06T12:57:22,JPG,Complete,Further Evidence Required,No,Passed
EVD-00005545,PFXC-002296,Bank Statement,Merchant,2025-03-05T05:21:58,PNG,Complete,Accepted,No,Passed
EVD-00005546,PFXC-002296,Bank Statement,Customer,2025-03-07T01:07:39,PDF,Complete,Accepted,No,Passed
EVD-00005547,PFXC-002296,Bank Statement,Merchant,2025-03-04T19:39:04,PDF,Complete,Accepted,No,Passed
EVD-00005548,PFXC-002298,Receipt,Merchant,2025-10-18T03:51:53,PDF,Complete,Accepted,No,Passed
EVD-00005549,PFXC-002298,Bank Statement,Operations,2025-10-17T22:03:16,PNG,Incomplete,Further Evidence Required,No,Not Applicable
EVD-00005550,PFXC-002298,Receipt,Merchant,2025-10-19T02:09:29,PNG,Complete,Accepted,Yes,Passed
EVD-00005551,PFXC-002298,Screenshot,Customer,2025-10-18T06:20:51,PDF,Complete,Accepted,No,Passed
EVD-00005552,PFXC-002299,Screenshot,Customer,2026-03-02T23:04:04,PDF,Complete,Accepted,No,Not Applicable
EVD-00005553,PFXC-002299,Receipt,Customer,2026-03-04T08:48:41,PNG,Complete,Accepted,No,Passed
EVD-00005554,PFXC-002299,Merchant Communication,Customer,2026-03-04T23:02:22,CSV,Complete,Accepted,No,Passed
EVD-00005555,PFXC-002299,Screenshot,Customer,2026-03-04T01:26:43,PDF,Complete,Accepted,No,Passed
EVD-00005556,PFXC-002300,Other,Merchant,2025-08-30T17:20:55,PDF,Complete,Accepted,No,Passed
EVD-00005557,PFXC-002300,Screenshot,Customer,2025-08-29T18:25:40,PDF,Complete,Accepted,No,Passed
EVD-00005558,PFXC-002300,Bank Statement,Customer,2025-08-29T13:40:27,PDF,Complete,Accepted,No,Passed
EVD-00005559,PFXC-002301,Screenshot,Customer,2025-09-24T15:47:59,PNG,Incomplete,Rejected,Yes,Passed
EVD-00005560,PFXC-002301,Other,Customer,2025-09-25T07:13:38,JPG,Complete,Accepted,Yes,Passed
EVD-00005561,PFXC-002301,Screenshot,Customer,2025-09-23T13:16:42,PDF,Incomplete,Further Evidence Required,Yes,Passed
EVD-00005562,PFXC-002302,Bank Statement,Customer,2026-02-16T20:57:29,JPG,Complete,Accepted,No,Passed
EVD-00005563,PFXC-002302,Bank Statement,Customer,2026-02-15T20:02:41,PNG,Complete,Accepted,No,Passed
EVD-00005564,PFXC-002302,Merchant Communication,Customer,2026-02-14T20:08:05,JPG,Complete,Accepted,No,Passed
EVD-00005565,PFXC-002303,Bank Statement,Customer,2026-05-11T12:57:03,PNG,Complete,Further Evidence Required,No,Passed
EVD-00005566,PFXC-002304,Screenshot,Customer,2026-02-06T08:16:11,PDF,Incomplete,Rejected,Yes,Passed
EVD-00005567,PFXC-002304,Screenshot,Merchant,2026-02-06T20:32:00,Other,Incomplete,Rejected,No,Passed
EVD-00005568,PFXC-002304,Bank Statement,Customer,2026-02-05T19:24:03,PNG,Complete,Accepted,No,Passed
EVD-00005569,PFXC-002305,Screenshot,Customer,2025-03-20T00:32:35,PDF,Unreadable,Further Evidence Required,No,Passed
EVD-00005570,PFXC-002305,Merchant Communication,Customer,2025-03-21T18:32:03,PNG,Complete,Accepted,No,Passed
EVD-00005571,PFXC-002305,Merchant Communication,Customer,2025-03-21T04:29:11,JPG,Complete,Accepted,No,Passed
EVD-00005572,PFXC-002305,Bank Statement,Operations,2025-03-19T23:01:58,PDF,Complete,Accepted,Yes,Passed
EVD-00005573,PFXC-002306,Bank Statement,Customer,2025-06-15T10:53:08,PNG,Complete,Accepted,No,Passed
EVD-00005574,PFXC-002306,Receipt,Customer,2025-06-16T05:37:28,JPG,Complete,Accepted,No,Passed
EVD-00005575,PFXC-002307,Receipt,Customer,2025-07-05T23:33:51,PNG,Complete,Accepted,No,Passed
EVD-00005576,PFXC-002307,Bank Statement,Customer,2025-07-05T12:26:35,PDF,Incomplete,Rejected,No,Passed
EVD-00005577,PFXC-002307,Screenshot,Operations,2025-07-03T06:46:24,PDF,Unreadable,Rejected,Yes,Passed
EVD-00005578,PFXC-002308,Receipt,Operations,2025-11-10T03:05:31,PDF,Complete,Accepted,No,Passed
EVD-00005579,PFXC-002308,Other,Customer,2025-11-09T06:55:40,PDF,Complete,Further Evidence Required,No,Passed
EVD-00005580,PFXC-002309,Screenshot,Customer,2026-03-31T22:13:04,PDF,Unreadable,Rejected,No,Passed
EVD-00005581,PFXC-002309,Bank Statement,Merchant,2026-03-31T21:57:55,PDF,Complete,Accepted,No,Passed
EVD-00005582,PFXC-002309,Screenshot,Customer,2026-03-31T16:57:19,PDF,Complete,Accepted,No,Passed
EVD-00005583,PFXC-002309,Bank Statement,Merchant,2026-03-30T21:05:20,Other,Complete,Accepted,No,Passed
EVD-00005584,PFXC-002311,Receipt,Customer,2026-03-09T01:38:23,PNG,Complete,Accepted,No,Passed
EVD-00005585,PFXC-002311,Screenshot,Customer,2026-03-07T23:24:38,PDF,Complete,Accepted,No,Passed
EVD-00005586,PFXC-002311,Screenshot,Merchant,2026-03-06T21:36:32,PDF,Complete,Accepted,No,Passed
EVD-00005587,PFXC-002312,Screenshot,Customer,2026-05-25T13:00:10,PDF,Complete,Further Evidence Required,No,Passed
EVD-00005588,PFXC-002312,Identity Evidence,Customer,2026-05-27T08:14:52,PDF,Unreadable,Rejected,No,Passed
EVD-00005589,PFXC-002312,Receipt,Operations,2026-05-26T01:23:39,PDF,Complete,Accepted,No,Passed
EVD-00005590,PFXC-002313,Identity Evidence,Operations,2025-03-24T16:49:09,PNG,Unreadable,Further Evidence Required,Yes,Passed
EVD-00005591,PFXC-002313,Screenshot,Customer,2025-03-26T07:06:04,PNG,Incomplete,Further Evidence Required,No,Passed
EVD-00005592,PFXC-002314,Bank Statement,Operations,2025-08-05T12:04:52,PNG,Complete,Accepted,No,Passed
EVD-00005593,PFXC-002314,Screenshot,Customer,2025-08-05T15:18:45,PDF,Complete,Further Evidence Required,No,Passed
EVD-00005594,PFXC-002314,Merchant Communication,Customer,2025-08-07T04:42:02,PDF,Complete,Further Evidence Required,No,Passed
EVD-00005595,PFXC-002314,Receipt,Customer,2025-08-04T19:35:25,PDF,Complete,Accepted,No,Passed
EVD-00005596,PFXC-002315,Other,Customer,2025-03-11T17:18:45,PDF,Complete,Accepted,No,Passed
EVD-00005597,PFXC-002315,Merchant Communication,Customer,2025-03-13T23:53:01,PDF,Complete,Accepted,No,Passed
EVD-00005598,PFXC-002315,Identity Evidence,Operations,2025-03-11T21:12:10,JPG,Complete,Accepted,No,Passed
EVD-00005599,PFXC-002315,Bank Statement,Customer,2025-03-13T17:29:10,PDF,Complete,Further Evidence Required,No,Passed
EVD-00005600,PFXC-002316,Bank Statement,Customer,2025-04-08T06:14:25,PDF,Complete,Further Evidence Required,No,Passed
EVD-00005601,PFXC-002316,Screenshot,Customer,2025-04-06T20:23:10,PDF,Complete,Accepted,Yes,Passed
EVD-00005602,PFXC-002317,Other,Customer,2026-06-12T17:22:11,PNG,Complete,Accepted,Yes,Passed
EVD-00005603,PFXC-002317,Other,Customer,2026-06-11T19:47:57,PDF,Incomplete,Rejected,Yes,Passed
EVD-00005604,PFXC-002317,Bank Statement,Merchant,2026-06-11T23:31:01,PDF,Complete,Accepted,No,Passed
EVD-00005605,PFXC-002319,Identity Evidence,Operations,2025-04-14T01:53:18,CSV,Complete,Accepted,No,Passed
EVD-00005606,PFXC-002319,Receipt,Customer,2025-04-15T03:37:50,PDF,Complete,Accepted,No,Passed
EVD-00005607,PFXC-002319,Receipt,Operations,2025-04-13T23:15:05,JPG,Complete,Accepted,No,Passed
EVD-00005608,PFXC-002320,Screenshot,Customer,2026-03-07T20:18:50,PNG,Complete,Accepted,No,Not Applicable
EVD-00005609,PFXC-002320,Screenshot,Customer,2026-03-08T03:30:52,PDF,Complete,Accepted,No,Passed
EVD-00005610,PFXC-002321,Receipt,Customer,2025-01-04T13:15:05,PDF,Complete,Accepted,Yes,Passed
EVD-00005611,PFXC-002321,Other,Customer,2025-01-05T03:50:37,Other,Incomplete,Further Evidence Required,No,Passed
EVD-00005612,PFXC-002321,Receipt,Customer,2025-01-04T19:17:15,PDF,Complete,Further Evidence Required,No,Passed
EVD-00005613,PFXC-002321,Receipt,Customer,2025-01-06T18:06:45,PDF,Complete,Further Evidence Required,No,Passed
EVD-00005614,PFXC-002322,Screenshot,Customer,2025-02-26T19:10:32,PDF,Complete,Accepted,Yes,Not Applicable
EVD-00005615,PFXC-002322,Other,Operations,2025-02-26T05:32:22,PNG,Incomplete,Rejected,No,Passed
EVD-00005616,PFXC-002323,Merchant Communication,Customer,2025-03-03T01:17:07,PNG,Complete,Accepted,No,Passed
EVD-00005617,PFXC-002323,Receipt,Customer,2025-03-04T14:03:04,JPG,Complete,Accepted,No,Not Applicable
EVD-00005618,PFXC-002324,Receipt,Operations,2025-02-16T07:30:53,PDF,Complete,Accepted,No,Passed
EVD-00005619,PFXC-002324,Receipt,Customer,2025-02-16T07:21:39,PDF,Complete,Accepted,No,Passed
EVD-00005620,PFXC-002324,Receipt,Customer,2025-02-15T20:10:06,JPG,Complete,Accepted,No,Passed
EVD-00005621,PFXC-002324,Bank Statement,Operations,2025-02-16T06:07:36,PDF,Complete,Accepted,No,Passed
EVD-00005622,PFXC-002325,Receipt,Customer,2026-06-07T06:49:08,PDF,Complete,Further Evidence Required,No,Passed
EVD-00005623,PFXC-002325,Merchant Communication,Merchant,2026-06-06T19:08:15,PDF,Complete,Accepted,No,Passed
EVD-00005624,PFXC-002326,Other,Customer,2026-05-31T10:12:36,PNG,Complete,Accepted,No,Passed
EVD-00005625,PFXC-002326,Screenshot,Merchant,2026-05-31T17:35:55,PDF,Complete,Accepted,No,Passed
EVD-00005626,PFXC-002326,Merchant Communication,Customer,2026-05-30T11:13:45,PDF,Complete,Accepted,No,Passed
EVD-00005627,PFXC-002326,Receipt,Customer,2026-05-30T16:29:58,JPG,Complete,Further Evidence Required,Yes,Passed
EVD-00005628,PFXC-002327,Bank Statement,Customer,2026-03-10T20:20:23,PNG,Complete,Further Evidence Required,No,Passed
EVD-00005629,PFXC-002328,Screenshot,Customer,2025-02-24T05:04:46,PDF,Complete,Accepted,No,Passed
EVD-00005630,PFXC-002329,Screenshot,Merchant,2026-01-28T22:36:56,JPG,Complete,Accepted,No,Passed
EVD-00005631,PFXC-002330,Merchant Communication,Merchant,2026-03-26T23:24:02,PDF,Complete,Accepted,No,Not Applicable
EVD-00005632,PFXC-002330,Receipt,Customer,2026-03-26T15:43:57,PDF,Complete,Accepted,No,Not Applicable
EVD-00005633,PFXC-002331,Bank Statement,Customer,2025-01-29T19:11:49,PNG,Complete,Accepted,No,Passed
EVD-00005634,PFXC-002331,Receipt,Customer,2025-01-27T09:30:58,PDF,Complete,Accepted,No,Passed
EVD-00005635,PFXC-002332,Bank Statement,Customer,2026-02-22T18:41:01,CSV,Complete,Accepted,No,Passed
EVD-00005636,PFXC-002332,Screenshot,Customer,2026-02-22T01:34:47,PNG,Complete,Accepted,No,Passed
EVD-00005637,PFXC-002333,Receipt,Customer,2025-09-15T00:35:11,PDF,Complete,Accepted,No,Passed
EVD-00005638,PFXC-002333,Other,Customer,2025-09-14T00:17:09,PNG,Complete,Accepted,No,Passed
EVD-00005639,PFXC-002334,Receipt,Customer,2025-06-06T18:37:12,JPG,Complete,Accepted,No,Passed
EVD-00005640,PFXC-002334,Merchant Communication,Customer,2025-06-07T22:49:06,PNG,Complete,Further Evidence Required,No,Passed
EVD-00005641,PFXC-002334,Screenshot,Customer,2025-06-06T18:33:28,JPG,Complete,Accepted,No,Passed
EVD-00005642,PFXC-002335,Bank Statement,Customer,2025-12-03T00:10:38,PNG,Incomplete,Further Evidence Required,No,Passed
EVD-00005643,PFXC-002335,Receipt,Customer,2025-12-02T21:18:41,PDF,Complete,Accepted,Yes,Not Applicable
EVD-00005644,PFXC-002335,Other,Customer,2025-12-02T23:40:16,JPG,Complete,Accepted,No,Passed
EVD-00005645,PFXC-002335,Screenshot,Customer,2025-12-01T14:47:06,PDF,Complete,Accepted,No,Passed
EVD-00005646,PFXC-002337,Screenshot,Customer,2025-11-25T05:37:00,PDF,Incomplete,Further Evidence Required,Yes,Passed
EVD-00005647,PFXC-002337,Bank Statement,Customer,2025-11-23T19:27:16,JPG,Complete,Accepted,No,Not Applicable
EVD-00005648,PFXC-002337,Receipt,Customer,2025-11-23T20:55:32,Other,Incomplete,Rejected,No,Passed
EVD-00005649,PFXC-002337,Receipt,Customer,2025-11-23T14:24:19,PDF,Complete,Accepted,No,Passed
EVD-00005650,PFXC-002338,Screenshot,Customer,2025-08-24T20:56:47,PDF,Incomplete,Rejected,No,Passed
EVD-00005651,PFXC-002338,Merchant Communication,Customer,2025-08-25T05:27:36,PDF,Complete,Further Evidence Required,No,Passed
EVD-00005652,PFXC-002338,Merchant Communication,Customer,2025-08-26T20:17:56,PDF,Complete,Accepted,No,Passed
EVD-00005653,PFXC-002338,Screenshot,Customer,2025-08-26T05:02:36,JPG,Complete,Accepted,No,Passed
EVD-00005654,PFXC-002339,Receipt,Customer,2025-08-15T00:45:26,PDF,Complete,Accepted,Yes,Passed
EVD-00005655,PFXC-002339,Other,Customer,2025-08-14T22:49:08,JPG,Complete,Accepted,No,Passed
EVD-00005656,PFXC-002340,Merchant Communication,Customer,2025-03-27T00:20:25,JPG,Unreadable,Further Evidence Required,No,Passed
EVD-00005657,PFXC-002340,Screenshot,Merchant,2025-03-27T13:05:30,JPG,Complete,Accepted,No,Passed
EVD-00005658,PFXC-002340,Identity Evidence,Customer,2025-03-28T14:13:34,Other,Complete,Accepted,No,Not Applicable
EVD-00005659,PFXC-002340,Receipt,Customer,2025-03-27T11:08:28,Other,Complete,Accepted,No,Passed
EVD-00005660,PFXC-002341,Screenshot,Merchant,2025-11-23T01:48:31,JPG,Complete,Accepted,No,Passed
EVD-00005661,PFXC-002341,Merchant Communication,Customer,2025-11-22T09:58:51,PNG,Complete,Accepted,Yes,Passed
EVD-00005662,PFXC-002341,Bank Statement,Customer,2025-11-24T09:40:34,PDF,Complete,Further Evidence Required,No,Passed
EVD-00005663,PFXC-002341,Screenshot,Customer,2025-11-23T11:43:09,PDF,Complete,Accepted,No,Passed
EVD-00005664,PFXC-002342,Merchant Communication,Customer,2026-06-25T18:53:44,PDF,Complete,Accepted,Yes,Passed
EVD-00005665,PFXC-002342,Merchant Communication,Operations,2026-06-24T13:33:31,Other,Unreadable,Further Evidence Required,No,Passed
EVD-00005666,PFXC-002342,Identity Evidence,Customer,2026-06-23T15:18:04,PNG,Incomplete,Further Evidence Required,No,Passed
EVD-00005667,PFXC-002342,Receipt,Customer,2026-06-24T15:02:23,PNG,Complete,Accepted,No,Not Applicable
EVD-00005668,PFXC-002343,Receipt,Customer,2025-03-24T20:24:23,JPG,Unreadable,Further Evidence Required,No,Passed
EVD-00005669,PFXC-002343,Receipt,Customer,2025-03-26T04:13:19,PDF,Complete,Accepted,No,Passed
EVD-00005670,PFXC-002343,Screenshot,Operations,2025-03-26T22:00:45,JPG,Unreadable,Rejected,No,Passed
EVD-00005671,PFXC-002343,Receipt,Customer,2025-03-26T15:30:28,PNG,Complete,Further Evidence Required,No,Not Applicable
EVD-00005672,PFXC-002344,Merchant Communication,Customer,2026-06-09T02:46:46,PDF,Complete,Accepted,No,Passed
EVD-00005673,PFXC-002344,Screenshot,Customer,2026-06-08T13:44:25,Other,Complete,Further Evidence Required,No,Passed
EVD-00005674,PFXC-002344,Merchant Communication,Merchant,2026-06-09T16:02:23,PNG,Complete,Accepted,No,Passed
EVD-00005675,PFXC-002344,Bank Statement,Customer,2026-06-09T21:04:00,PNG,Incomplete,Rejected,No,Not Applicable
EVD-00005676,PFXC-002345,Merchant Communication,Customer,2026-04-09T04:36:41,PNG,Complete,Further Evidence Required,No,Passed
EVD-00005677,PFXC-002346,Merchant Communication,Customer,2026-05-12T05:54:12,JPG,Complete,Accepted,No,Passed
EVD-00005678,PFXC-002346,Identity Evidence,Customer,2026-05-10T07:26:45,PDF,Complete,Accepted,No,Passed
EVD-00005679,PFXC-002346,Merchant Communication,Operations,2026-05-11T23:25:24,PNG,Complete,Further Evidence Required,No,Passed
EVD-00005680,PFXC-002346,Identity Evidence,Customer,2026-05-10T20:51:19,PDF,Incomplete,Rejected,No,Not Applicable
EVD-00005681,PFXC-002347,Receipt,Customer,2025-12-04T01:13:57,PDF,Incomplete,Further Evidence Required,No,Passed
EVD-00005682,PFXC-002347,Bank Statement,Customer,2025-12-03T21:08:27,Other,Complete,Accepted,No,Passed
EVD-00005683,PFXC-002348,Merchant Communication,Customer,2026-05-29T13:32:32,PDF,Complete,Further Evidence Required,No,Passed
EVD-00005684,PFXC-002348,Receipt,Merchant,2026-05-29T03:23:40,PDF,Complete,Accepted,No,Passed
EVD-00005685,PFXC-002349,Identity Evidence,Customer,2026-03-30T06:27:50,JPG,Complete,Accepted,No,Passed
EVD-00005686,PFXC-002349,Receipt,Customer,2026-03-30T21:56:00,PDF,Complete,Accepted,No,Passed
EVD-00005687,PFXC-002350,Screenshot,Customer,2026-01-26T00:32:22,PDF,Complete,Accepted,Yes,Passed
EVD-00005688,PFXC-002350,Other,Operations,2026-01-25T21:08:16,JPG,Complete,Accepted,No,Passed
EVD-00005689,PFXC-002350,Other,Customer,2026-01-27T23:30:07,Other,Complete,Accepted,No,Passed
EVD-00005690,PFXC-002352,Receipt,Customer,2025-02-10T20:24:20,PDF,Complete,Accepted,No,Passed
EVD-00005691,PFXC-002352,Screenshot,Customer,2025-02-11T05:52:54,PDF,Complete,Accepted,No,Passed
EVD-00005692,PFXC-002353,Identity Evidence,Customer,2025-11-20T06:56:21,PDF,Complete,Accepted,No,Passed
EVD-00005693,PFXC-002353,Receipt,Customer,2025-11-17T22:40:37,PNG,Complete,Accepted,No,Passed
EVD-00005694,PFXC-002353,Merchant Communication,Customer,2025-11-20T14:35:57,PNG,Incomplete,Further Evidence Required,Yes,Passed
EVD-00005695,PFXC-002354,Receipt,Customer,2026-01-01T07:23:16,PDF,Complete,Accepted,No,Passed
EVD-00005696,PFXC-002354,Receipt,Customer,2026-01-01T10:40:20,PNG,Complete,Accepted,No,Passed
EVD-00005697,PFXC-002354,Merchant Communication,Customer,2026-01-01T11:06:17,PDF,Complete,Accepted,No,Passed
EVD-00005698,PFXC-002354,Other,Customer,2026-01-02T23:43:16,PNG,Complete,Accepted,No,Passed
EVD-00005699,PFXC-002355,Identity Evidence,Customer,2025-03-11T13:02:40,PDF,Incomplete,Rejected,No,Passed
EVD-00005700,PFXC-002355,Screenshot,Customer,2025-03-13T14:00:13,PDF,Complete,Accepted,No,Passed
EVD-00005701,PFXC-002356,Bank Statement,Merchant,2025-03-14T09:55:38,PDF,Complete,Accepted,Yes,Passed
EVD-00005702,PFXC-002356,Screenshot,Customer,2025-03-14T09:49:10,JPG,Incomplete,Further Evidence Required,No,Passed
EVD-00005703,PFXC-002356,Merchant Communication,Merchant,2025-03-16T05:36:50,PDF,Complete,Accepted,Yes,Passed
EVD-00005704,PFXC-002356,Merchant Communication,Operations,2025-03-15T08:56:12,PDF,Complete,Accepted,No,Passed
EVD-00005705,PFXC-002357,Other,Customer,2025-06-06T06:34:07,JPG,Complete,Accepted,No,Passed
EVD-00005706,PFXC-002358,Screenshot,Customer,2026-07-01T18:50:22,Other,Incomplete,Further Evidence Required,Yes,Passed
EVD-00005707,PFXC-002358,Merchant Communication,Customer,2026-07-01T22:02:45,PDF,Complete,Accepted,No,Passed
EVD-00005708,PFXC-002358,Merchant Communication,Customer,2026-06-30T15:49:50,PNG,Complete,Accepted,No,Passed
EVD-00005709,PFXC-002359,Receipt,Customer,2025-04-16T03:11:57,PDF,Incomplete,Further Evidence Required,No,Passed
EVD-00005710,PFXC-002359,Receipt,Customer,2025-04-17T23:11:51,JPG,Complete,Accepted,No,Passed
EVD-00005711,PFXC-002359,Screenshot,Customer,2025-04-16T08:06:18,PNG,Complete,Accepted,Yes,Passed
EVD-00005712,PFXC-002360,Receipt,Customer,2025-03-07T11:53:55,JPG,Complete,Accepted,No,Passed
EVD-00005713,PFXC-002360,Merchant Communication,Customer,2025-03-06T13:47:31,PDF,Complete,Further Evidence Required,No,Passed
EVD-00005714,PFXC-002360,Receipt,Customer,2025-03-07T21:55:03,PNG,Complete,Accepted,No,Failed
EVD-00005715,PFXC-002361,Merchant Communication,Customer,2025-09-21T07:32:15,PDF,Complete,Further Evidence Required,No,Passed
EVD-00005716,PFXC-002361,Receipt,Customer,2025-09-21T02:01:07,PDF,Complete,Accepted,Yes,Passed
EVD-00005717,PFXC-002362,Merchant Communication,Customer,2026-01-21T23:06:58,PDF,Complete,Further Evidence Required,No,Passed
EVD-00005718,PFXC-002363,Receipt,Customer,2025-10-10T09:55:48,JPG,Complete,Accepted,No,Not Applicable
EVD-00005719,PFXC-002363,Receipt,Customer,2025-10-09T23:10:26,CSV,Complete,Accepted,Yes,Passed
EVD-00005720,PFXC-002363,Bank Statement,Operations,2025-10-09T09:14:55,PDF,Complete,Accepted,Yes,Passed
EVD-00005721,PFXC-002363,Bank Statement,Customer,2025-10-10T21:44:03,PNG,Complete,Accepted,No,Not Applicable
EVD-00005722,PFXC-002364,Screenshot,Customer,2025-02-04T23:03:23,CSV,Complete,Accepted,No,Passed
EVD-00005723,PFXC-002364,Screenshot,Customer,2025-02-04T01:58:05,CSV,Complete,Accepted,No,Failed
EVD-00005724,PFXC-002364,Merchant Communication,Customer,2025-02-04T17:37:43,PDF,Incomplete,Further Evidence Required,No,Passed
EVD-00005725,PFXC-002364,Screenshot,Customer,2025-02-04T19:09:03,PDF,Complete,Accepted,No,Passed
EVD-00005726,PFXC-002365,Bank Statement,Customer,2025-12-30T09:09:22,JPG,Complete,Accepted,No,Passed
EVD-00005727,PFXC-002365,Screenshot,Merchant,2025-12-29T07:44:14,PNG,Complete,Accepted,No,Passed
EVD-00005728,PFXC-002365,Screenshot,Customer,2025-12-31T08:56:09,PDF,Complete,Accepted,No,Passed
EVD-00005729,PFXC-002365,Other,Customer,2025-12-30T07:46:14,PNG,Complete,Accepted,No,Passed
EVD-00005730,PFXC-002366,Receipt,Customer,2025-11-06T18:47:35,JPG,Complete,Accepted,No,Passed
EVD-00005731,PFXC-002366,Screenshot,Customer,2025-11-06T23:57:52,Other,Complete,Accepted,Yes,Passed
EVD-00005732,PFXC-002367,Merchant Communication,Customer,2026-01-29T16:08:24,JPG,Unreadable,Further Evidence Required,No,Passed
EVD-00005733,PFXC-002367,Other,Customer,2026-01-29T06:18:22,PNG,Complete,Accepted,No,Not Applicable
EVD-00005734,PFXC-002368,Receipt,Customer,2026-05-09T15:09:22,PNG,Complete,Accepted,No,Passed
EVD-00005735,PFXC-002368,Screenshot,Operations,2026-05-08T01:00:12,Other,Complete,Further Evidence Required,No,Passed
EVD-00005736,PFXC-002369,Screenshot,Customer,2026-06-22T14:10:33,PNG,Complete,Accepted,No,Passed
EVD-00005737,PFXC-002369,Screenshot,Merchant,2026-06-23T06:46:05,PDF,Complete,Accepted,No,Passed
EVD-00005738,PFXC-002370,Receipt,Customer,2025-08-05T22:15:50,PDF,Complete,Accepted,Yes,Passed
EVD-00005739,PFXC-002370,Screenshot,Customer,2025-08-05T18:44:05,PNG,Complete,Accepted,No,Passed
EVD-00005740,PFXC-002370,Screenshot,Operations,2025-08-04T04:28:16,PDF,Incomplete,Rejected,No,Passed
EVD-00005741,PFXC-002370,Receipt,Merchant,2025-08-04T18:17:00,PNG,Complete,Accepted,No,Passed
EVD-00005742,PFXC-002371,Bank Statement,Customer,2025-09-25T03:43:22,JPG,Complete,Accepted,No,Passed
EVD-00005743,PFXC-002371,Receipt,Customer,2025-09-25T21:31:59,PDF,Complete,Accepted,No,Passed
EVD-00005744,PFXC-002371,Other,Merchant,2025-09-26T03:58:44,PNG,Unreadable,Further Evidence Required,No,Not Applicable
EVD-00005745,PFXC-002372,Screenshot,Operations,2025-02-28T10:35:32,JPG,Complete,Accepted,No,Passed
EVD-00005746,PFXC-002372,Receipt,Customer,2025-02-28T11:50:38,PNG,Incomplete,Rejected,No,Passed
EVD-00005747,PFXC-002372,Identity Evidence,Customer,2025-02-27T10:55:19,CSV,Incomplete,Rejected,No,Not Applicable
EVD-00005748,PFXC-002372,Receipt,Customer,2025-02-27T18:49:35,Other,Complete,Accepted,No,Passed
EVD-00005749,PFXC-002373,Bank Statement,Customer,2026-06-30T06:42:39,PDF,Complete,Accepted,No,Not Applicable
EVD-00005750,PFXC-002373,Receipt,Customer,2026-06-30T12:30:14,Other,Complete,Accepted,No,Passed
EVD-00005751,PFXC-002373,Receipt,Customer,2026-06-30T15:36:59,PDF,Incomplete,Further Evidence Required,No,Not Applicable
EVD-00005752,PFXC-002373,Receipt,Customer,2026-07-01T13:15:46,PNG,Complete,Accepted,No,Failed
EVD-00005753,PFXC-002374,Screenshot,Merchant,2025-01-26T17:38:51,Other,Complete,Accepted,No,Passed
EVD-00005754,PFXC-002374,Screenshot,Customer,2025-01-27T22:46:05,PDF,Incomplete,Rejected,No,Passed
EVD-00005755,PFXC-002374,Screenshot,Customer,2025-01-28T05:01:33,PDF,Complete,Accepted,Yes,Passed
EVD-00005756,PFXC-002374,Merchant Communication,Customer,2025-01-26T12:55:46,PDF,Complete,Accepted,No,Passed
EVD-00005757,PFXC-002375,Screenshot,Merchant,2025-08-31T21:58:23,Other,Complete,Accepted,Yes,Passed
EVD-00005758,PFXC-002376,Other,Customer,2025-12-04T15:30:44,PDF,Complete,Accepted,Yes,Passed
EVD-00005759,PFXC-002376,Merchant Communication,Customer,2025-12-05T16:17:31,Other,Unreadable,Further Evidence Required,No,Passed
EVD-00005760,PFXC-002378,Screenshot,Customer,2026-02-12T15:00:15,PNG,Complete,Accepted,Yes,Passed
EVD-00005761,PFXC-002378,Receipt,Customer,2026-02-10T11:41:13,PDF,Complete,Accepted,No,Passed
EVD-00005762,PFXC-002378,Screenshot,Customer,2026-02-12T10:14:11,PDF,Complete,Accepted,Yes,Passed
EVD-00005763,PFXC-002379,Screenshot,Customer,2026-01-17T22:52:18,JPG,Complete,Accepted,No,Passed
EVD-00005764,PFXC-002379,Receipt,Merchant,2026-01-18T17:49:09,PDF,Complete,Accepted,No,Passed
EVD-00005765,PFXC-002380,Receipt,Customer,2025-09-09T05:33:10,CSV,Complete,Accepted,Yes,Passed
EVD-00005766,PFXC-002380,Merchant Communication,Customer,2025-09-07T02:14:35,PDF,Complete,Accepted,Yes,Passed
EVD-00005767,PFXC-002380,Receipt,Customer,2025-09-08T07:30:04,PDF,Incomplete,Rejected,Yes,Passed
EVD-00005768,PFXC-002380,Other,Customer,2025-09-07T22:17:18,PDF,Complete,Accepted,No,Not Applicable
EVD-00005769,PFXC-002381,Receipt,Customer,2026-05-24T19:02:59,PDF,Incomplete,Further Evidence Required,No,Passed
EVD-00005770,PFXC-002381,Other,Operations,2026-05-23T05:48:18,PNG,Incomplete,Rejected,No,Passed
EVD-00005771,PFXC-002381,Screenshot,Customer,2026-05-24T17:55:14,PNG,Complete,Accepted,Yes,Passed
EVD-00005772,PFXC-002381,Screenshot,Customer,2026-05-23T13:38:38,PDF,Complete,Accepted,No,Failed
EVD-00005773,PFXC-002382,Other,Operations,2025-11-09T11:47:31,PDF,Complete,Accepted,No,Passed
EVD-00005774,PFXC-002382,Screenshot,Merchant,2025-11-09T20:11:06,Other,Incomplete,Further Evidence Required,No,Passed
EVD-00005775,PFXC-002382,Screenshot,Customer,2025-11-09T21:44:13,PDF,Complete,Accepted,No,Passed
EVD-00005776,PFXC-002383,Bank Statement,Customer,2025-04-21T07:05:58,PDF,Complete,Accepted,No,Passed
EVD-00005777,PFXC-002383,Bank Statement,Customer,2025-04-21T15:02:24,PDF,Incomplete,Further Evidence Required,No,Passed
EVD-00005778,PFXC-002383,Screenshot,Customer,2025-04-20T13:43:20,PDF,Incomplete,Rejected,No,Passed
EVD-00005779,PFXC-002383,Bank Statement,Customer,2025-04-20T10:50:02,PDF,Complete,Accepted,No,Passed
EVD-00005780,PFXC-002384,Receipt,Customer,2025-01-04T21:12:55,JPG,Complete,Accepted,No,Passed
EVD-00005781,PFXC-002384,Screenshot,Customer,2025-01-04T03:36:49,JPG,Complete,Accepted,No,Passed
EVD-00005782,PFXC-002384,Screenshot,Customer,2025-01-05T23:16:04,JPG,Complete,Accepted,No,Passed
EVD-00005783,PFXC-002385,Screenshot,Customer,2025-06-11T15:41:48,PDF,Complete,Accepted,Yes,Passed
EVD-00005784,PFXC-002385,Screenshot,Customer,2025-06-11T16:42:17,JPG,Incomplete,Rejected,No,Passed
EVD-00005785,PFXC-002385,Receipt,Customer,2025-06-11T12:46:59,JPG,Complete,Accepted,No,Passed
EVD-00005786,PFXC-002385,Other,Customer,2025-06-09T12:49:25,PDF,Complete,Accepted,No,Passed
EVD-00005787,PFXC-002386,Other,Customer,2025-12-07T06:13:40,PNG,Incomplete,Rejected,No,Passed
EVD-00005788,PFXC-002386,Bank Statement,Customer,2025-12-05T03:31:23,JPG,Unreadable,Rejected,No,Passed
EVD-00005789,PFXC-002386,Receipt,Customer,2025-12-04T21:57:01,Other,Complete,Accepted,Yes,Passed
EVD-00005790,PFXC-002387,Merchant Communication,Customer,2025-11-01T11:34:28,PNG,Complete,Accepted,No,Passed
EVD-00005791,PFXC-002387,Screenshot,Customer,2025-10-30T08:16:41,PDF,Complete,Accepted,No,Passed
EVD-00005792,PFXC-002388,Screenshot,Customer,2025-11-17T03:50:04,PNG,Complete,Accepted,No,Passed
EVD-00005793,PFXC-002388,Bank Statement,Customer,2025-11-19T05:45:36,PDF,Complete,Accepted,No,Not Applicable
EVD-00005794,PFXC-002389,Receipt,Customer,2025-09-09T23:35:54,PNG,Unreadable,Further Evidence Required,No,Failed
EVD-00005795,PFXC-002389,Bank Statement,Customer,2025-09-09T21:59:09,PNG,Incomplete,Further Evidence Required,Yes,Passed
EVD-00005796,PFXC-002389,Bank Statement,Customer,2025-09-11T15:38:36,Other,Complete,Accepted,No,Failed
EVD-00005797,PFXC-002390,Merchant Communication,Merchant,2025-01-30T12:02:57,JPG,Unreadable,Further Evidence Required,No,Passed
EVD-00005798,PFXC-002390,Receipt,Customer,2025-01-30T05:42:41,PDF,Complete,Accepted,No,Passed
EVD-00005799,PFXC-002391,Merchant Communication,Merchant,2026-05-10T18:48:18,Other,Complete,Accepted,No,Passed
EVD-00005800,PFXC-002391,Receipt,Merchant,2026-05-08T16:08:32,JPG,Complete,Accepted,No,Passed
EVD-00005801,PFXC-002391,Receipt,Customer,2026-05-10T03:58:04,PDF,Complete,Accepted,No,Passed
EVD-00005802,PFXC-002393,Identity Evidence,Customer,2026-02-15T13:20:15,PDF,Unreadable,Further Evidence Required,Yes,Not Applicable
EVD-00005803,PFXC-002393,Screenshot,Customer,2026-02-15T00:54:41,PDF,Complete,Accepted,No,Passed
EVD-00005804,PFXC-002395,Receipt,Customer,2026-06-21T18:12:25,JPG,Complete,Accepted,No,Passed
EVD-00005805,PFXC-002396,Bank Statement,Operations,2025-12-24T20:59:54,PDF,Complete,Accepted,No,Passed
EVD-00005806,PFXC-002396,Merchant Communication,Customer,2025-12-23T21:12:23,JPG,Incomplete,Further Evidence Required,No,Passed
EVD-00005807,PFXC-002397,Identity Evidence,Customer,2025-03-11T04:07:47,PDF,Complete,Accepted,No,Passed
EVD-00005808,PFXC-002397,Receipt,Customer,2025-03-12T17:58:24,PDF,Complete,Accepted,No,Passed
EVD-00005809,PFXC-002397,Merchant Communication,Customer,2025-03-11T20:31:44,PDF,Incomplete,Further Evidence Required,Yes,Passed
EVD-00005810,PFXC-002398,Merchant Communication,Customer,2025-01-06T01:16:47,PDF,Complete,Accepted,No,Failed
EVD-00005811,PFXC-002398,Screenshot,Customer,2025-01-04T20:47:43,Other,Complete,Accepted,No,Passed
EVD-00005812,PFXC-002399,Other,Customer,2025-03-14T00:55:45,CSV,Complete,Accepted,No,Passed
EVD-00005813,PFXC-002399,Bank Statement,Customer,2025-03-12T23:42:25,PDF,Complete,Further Evidence Required,No,Passed
EVD-00005814,PFXC-002399,Receipt,Customer,2025-03-13T07:22:41,PDF,Complete,Accepted,No,Passed
EVD-00005815,PFXC-002400,Screenshot,Customer,2026-04-03T15:56:03,PDF,Complete,Accepted,No,Not Applicable
EVD-00005816,PFXC-002400,Screenshot,Customer,2026-04-02T06:44:15,JPG,Incomplete,Rejected,No,Passed
EVD-00005817,PFXC-002401,Receipt,Customer,2025-01-29T15:15:38,JPG,Complete,Accepted,No,Passed
EVD-00005818,PFXC-002402,Receipt,Customer,2025-01-06T12:57:37,Other,Complete,Further Evidence Required,No,Passed
EVD-00005819,PFXC-002402,Bank Statement,Merchant,2025-01-05T20:04:51,PNG,Complete,Further Evidence Required,No,Passed
EVD-00005820,PFXC-002403,Receipt,Customer,2026-06-29T00:58:24,PDF,Complete,Accepted,No,Passed
EVD-00005821,PFXC-002403,Receipt,Customer,2026-06-28T17:16:57,JPG,Complete,Accepted,Yes,Not Applicable
EVD-00005822,PFXC-002403,Merchant Communication,Customer,2026-06-27T20:04:28,PDF,Complete,Accepted,No,Passed
EVD-00005823,PFXC-002404,Receipt,Customer,2025-12-24T15:00:50,PDF,Complete,Accepted,No,Passed
EVD-00005824,PFXC-002404,Receipt,Customer,2025-12-25T12:34:05,PDF,Complete,Accepted,No,Passed
EVD-00005825,PFXC-002404,Receipt,Customer,2025-12-25T01:46:28,JPG,Complete,Further Evidence Required,No,Passed
EVD-00005826,PFXC-002405,Merchant Communication,Customer,2025-08-29T01:02:43,PDF,Complete,Accepted,Yes,Passed
EVD-00005827,PFXC-002405,Merchant Communication,Customer,2025-08-29T09:38:53,PNG,Incomplete,Further Evidence Required,No,Passed
EVD-00005828,PFXC-002405,Receipt,Customer,2025-08-29T04:01:49,PDF,Complete,Accepted,No,Passed
EVD-00005829,PFXC-002405,Merchant Communication,Customer,2025-08-30T09:11:35,PDF,Complete,Accepted,No,Passed
EVD-00005830,PFXC-002406,Screenshot,Customer,2025-11-08T13:23:44,Other,Complete,Accepted,No,Passed
EVD-00005831,PFXC-002406,Screenshot,Operations,2025-11-10T04:49:40,JPG,Complete,Further Evidence Required,No,Passed
EVD-00005832,PFXC-002407,Receipt,Customer,2025-09-14T08:29:06,PDF,Complete,Further Evidence Required,No,Passed
EVD-00005833,PFXC-002408,Bank Statement,Merchant,2025-03-19T03:22:11,PNG,Complete,Accepted,No,Passed
EVD-00005834,PFXC-002408,Bank Statement,Customer,2025-03-17T18:20:30,PNG,Complete,Accepted,No,Passed
EVD-00005835,PFXC-002409,Screenshot,Customer,2025-07-30T22:03:47,PDF,Complete,Accepted,No,Passed
EVD-00005836,PFXC-002410,Screenshot,Customer,2025-05-02T02:55:17,PDF,Complete,Accepted,No,Passed
EVD-00005837,PFXC-002410,Receipt,Customer,2025-04-30T20:41:32,PDF,Complete,Accepted,Yes,Passed
EVD-00005838,PFXC-002410,Identity Evidence,Customer,2025-04-30T17:12:30,PDF,Complete,Further Evidence Required,No,Passed
EVD-00005839,PFXC-002412,Receipt,Customer,2026-04-16T06:38:21,Other,Complete,Further Evidence Required,No,Passed
EVD-00005840,PFXC-002412,Screenshot,Customer,2026-04-15T17:35:09,PDF,Complete,Accepted,No,Not Applicable
EVD-00005841,PFXC-002413,Receipt,Operations,2025-04-04T05:56:54,JPG,Complete,Accepted,No,Not Applicable
EVD-00005842,PFXC-002413,Screenshot,Customer,2025-04-03T01:29:05,PDF,Complete,Accepted,No,Not Applicable
EVD-00005843,PFXC-002413,Merchant Communication,Customer,2025-04-02T09:42:28,PDF,Complete,Accepted,No,Passed
EVD-00005844,PFXC-002413,Bank Statement,Customer,2025-04-02T02:00:38,JPG,Complete,Accepted,No,Passed
EVD-00005845,PFXC-002414,Screenshot,Customer,2026-04-24T21:49:00,PNG,Complete,Accepted,No,Passed
EVD-00005846,PFXC-002414,Bank Statement,Customer,2026-04-26T09:07:25,PDF,Incomplete,Rejected,No,Passed
EVD-00005847,PFXC-002414,Receipt,Customer,2026-04-25T15:14:23,Other,Incomplete,Further Evidence Required,No,Passed
EVD-00005848,PFXC-002416,Receipt,Customer,2025-10-09T23:06:39,PDF,Complete,Accepted,No,Passed
EVD-00005849,PFXC-002416,Bank Statement,Operations,2025-10-09T12:12:52,PNG,Complete,Accepted,No,Not Applicable
EVD-00005850,PFXC-002416,Receipt,Customer,2025-10-11T10:14:56,JPG,Incomplete,Rejected,Yes,Passed
EVD-00005851,PFXC-002417,Screenshot,Customer,2025-08-28T12:20:28,PDF,Complete,Further Evidence Required,No,Passed
EVD-00005852,PFXC-002417,Merchant Communication,Merchant,2025-08-28T00:26:29,Other,Incomplete,Rejected,No,Passed
EVD-00005853,PFXC-002418,Merchant Communication,Customer,2026-06-27T02:49:59,PDF,Complete,Accepted,No,Passed
EVD-00005854,PFXC-002419,Screenshot,Customer,2026-01-09T17:05:45,Other,Complete,Accepted,No,Passed
EVD-00005855,PFXC-002422,Screenshot,Customer,2026-04-04T15:14:06,PNG,Complete,Accepted,No,Passed
EVD-00005856,PFXC-002422,Screenshot,Customer,2026-04-04T19:58:31,PDF,Complete,Accepted,No,Passed
EVD-00005857,PFXC-002422,Merchant Communication,Customer,2026-04-03T03:06:42,Other,Complete,Accepted,No,Passed
EVD-00005858,PFXC-002423,Identity Evidence,Customer,2026-02-14T04:53:46,JPG,Unreadable,Further Evidence Required,Yes,Passed
EVD-00005859,PFXC-002423,Bank Statement,Customer,2026-02-12T02:52:40,JPG,Complete,Accepted,No,Passed
EVD-00005860,PFXC-002424,Receipt,Customer,2025-02-05T13:26:24,PDF,Complete,Further Evidence Required,No,Passed
EVD-00005861,PFXC-002424,Merchant Communication,Customer,2025-02-06T20:33:05,PNG,Complete,Accepted,No,Passed
EVD-00005862,PFXC-002424,Screenshot,Merchant,2025-02-05T14:45:20,Other,Complete,Further Evidence Required,No,Passed
EVD-00005863,PFXC-002425,Screenshot,Customer,2025-05-16T16:21:49,PDF,Complete,Accepted,No,Passed
EVD-00005864,PFXC-002425,Other,Customer,2025-05-17T16:41:30,JPG,Complete,Further Evidence Required,No,Passed
EVD-00005865,PFXC-002426,Merchant Communication,Merchant,2025-11-09T15:39:59,PDF,Incomplete,Rejected,No,Passed
EVD-00005866,PFXC-002427,Bank Statement,Customer,2025-05-15T19:18:32,JPG,Complete,Accepted,No,Passed
EVD-00005867,PFXC-002427,Merchant Communication,Customer,2025-05-13T16:17:49,PDF,Complete,Accepted,No,Passed
EVD-00005868,PFXC-002427,Receipt,Operations,2025-05-13T23:35:09,PNG,Incomplete,Further Evidence Required,Yes,Passed
EVD-00005869,PFXC-002428,Bank Statement,Customer,2025-12-26T02:34:13,PNG,Complete,Accepted,Yes,Not Applicable
EVD-00005870,PFXC-002428,Screenshot,Customer,2025-12-27T06:40:41,PDF,Complete,Accepted,No,Passed
EVD-00005871,PFXC-002428,Merchant Communication,Customer,2025-12-25T10:05:06,PDF,Complete,Accepted,No,Passed
EVD-00005872,PFXC-002429,Bank Statement,Customer,2025-09-08T08:10:18,PDF,Complete,Accepted,No,Passed
EVD-00005873,PFXC-002430,Screenshot,Operations,2026-04-08T01:07:59,JPG,Incomplete,Further Evidence Required,No,Passed
EVD-00005874,PFXC-002430,Bank Statement,Merchant,2026-04-07T05:02:16,JPG,Complete,Further Evidence Required,No,Passed
EVD-00005875,PFXC-002431,Bank Statement,Customer,2025-10-14T15:19:24,JPG,Incomplete,Rejected,No,Passed
EVD-00005876,PFXC-002431,Receipt,Customer,2025-10-13T10:13:37,PNG,Incomplete,Rejected,No,Passed
EVD-00005877,PFXC-002432,Bank Statement,Customer,2025-05-27T15:10:05,Other,Complete,Accepted,No,Passed
EVD-00005878,PFXC-002432,Bank Statement,Customer,2025-05-28T17:29:22,Other,Complete,Accepted,No,Passed
EVD-00005879,PFXC-002432,Receipt,Customer,2025-05-29T13:21:53,JPG,Incomplete,Further Evidence Required,No,Passed
EVD-00005880,PFXC-002432,Screenshot,Customer,2025-05-29T07:39:14,PDF,Complete,Accepted,No,Passed
EVD-00005881,PFXC-002433,Screenshot,Customer,2025-07-23T00:26:26,PDF,Incomplete,Further Evidence Required,No,Passed
EVD-00005882,PFXC-002433,Receipt,Customer,2025-07-22T18:04:51,PDF,Unreadable,Further Evidence Required,No,Passed
EVD-00005883,PFXC-002435,Receipt,Merchant,2025-04-07T14:17:53,PDF,Incomplete,Rejected,No,Passed
EVD-00005884,PFXC-002435,Receipt,Operations,2025-04-09T11:46:32,PDF,Complete,Accepted,No,Passed
EVD-00005885,PFXC-002436,Merchant Communication,Operations,2025-07-13T19:02:38,PDF,Complete,Accepted,No,Passed
EVD-00005886,PFXC-002436,Screenshot,Customer,2025-07-15T03:28:23,PNG,Complete,Accepted,No,Passed
EVD-00005887,PFXC-002437,Receipt,Customer,2025-01-23T08:48:51,PDF,Complete,Accepted,No,Not Applicable
EVD-00005888,PFXC-002437,Other,Customer,2025-01-25T02:41:15,PDF,Complete,Accepted,No,Passed
EVD-00005889,PFXC-002437,Screenshot,Customer,2025-01-24T13:53:01,PDF,Complete,Accepted,No,Passed
EVD-00005890,PFXC-002438,Merchant Communication,Customer,2025-06-03T14:10:39,PDF,Complete,Accepted,No,Passed
EVD-00005891,PFXC-002438,Screenshot,Customer,2025-06-03T19:59:07,PNG,Complete,Further Evidence Required,No,Passed
EVD-00005892,PFXC-002438,Screenshot,Customer,2025-06-02T21:14:21,PDF,Complete,Accepted,No,Passed
EVD-00005893,PFXC-002438,Bank Statement,Customer,2025-06-02T12:59:16,Other,Unreadable,Further Evidence Required,Yes,Passed
EVD-00005894,PFXC-002439,Other,Customer,2026-06-06T16:24:07,CSV,Complete,Further Evidence Required,No,Passed
EVD-00005895,PFXC-002439,Receipt,Customer,2026-06-05T01:10:31,JPG,Complete,Accepted,No,Passed
EVD-00005896,PFXC-002439,Merchant Communication,Customer,2026-06-06T11:05:59,PDF,Complete,Accepted,No,Passed
EVD-00005897,PFXC-002441,Receipt,Customer,2026-02-26T18:19:06,PDF,Complete,Accepted,Yes,Passed
EVD-00005898,PFXC-002441,Screenshot,Customer,2026-02-26T05:39:08,PNG,Complete,Further Evidence Required,No,Passed
EVD-00005899,PFXC-002441,Merchant Communication,Customer,2026-02-24T21:41:14,PDF,Complete,Accepted,No,Passed
EVD-00005900,PFXC-002441,Bank Statement,Customer,2026-02-25T11:29:07,Other,Complete,Accepted,Yes,Passed
EVD-00005901,PFXC-002442,Merchant Communication,Customer,2025-04-10T18:04:39,Other,Incomplete,Further Evidence Required,No,Passed
EVD-00005902,PFXC-002442,Screenshot,Customer,2025-04-13T05:23:43,JPG,Complete,Accepted,No,Passed
EVD-00005903,PFXC-002443,Screenshot,Customer,2026-02-12T18:20:59,PNG,Complete,Accepted,No,Passed
EVD-00005904,PFXC-002443,Receipt,Customer,2026-02-13T15:39:18,PDF,Complete,Accepted,No,Passed
EVD-00005905,PFXC-002443,Screenshot,Customer,2026-02-12T02:11:10,Other,Complete,Accepted,Yes,Failed
EVD-00005906,PFXC-002443,Receipt,Customer,2026-02-12T18:45:03,PDF,Complete,Accepted,No,Passed
EVD-00005907,PFXC-002444,Receipt,Merchant,2025-06-18T06:50:35,PDF,Complete,Further Evidence Required,No,Passed
EVD-00005908,PFXC-002444,Merchant Communication,Customer,2025-06-19T04:28:19,Other,Complete,Accepted,No,Passed
EVD-00005909,PFXC-002444,Receipt,Customer,2025-06-18T03:41:02,PNG,Complete,Accepted,No,Passed
EVD-00005910,PFXC-002445,Receipt,Customer,2026-02-28T11:44:30,CSV,Complete,Accepted,No,Not Applicable
EVD-00005911,PFXC-002445,Bank Statement,Merchant,2026-03-01T22:58:28,CSV,Complete,Accepted,Yes,Passed
EVD-00005912,PFXC-002445,Screenshot,Customer,2026-02-28T11:50:06,PDF,Complete,Accepted,No,Passed
EVD-00005913,PFXC-002445,Screenshot,Merchant,2026-03-02T09:56:11,PDF,Complete,Accepted,Yes,Passed
EVD-00005914,PFXC-002446,Merchant Communication,Customer,2026-03-30T16:29:17,PDF,Complete,Accepted,Yes,Passed
EVD-00005915,PFXC-002446,Receipt,Customer,2026-03-30T17:57:32,Other,Incomplete,Further Evidence Required,No,Passed
EVD-00005916,PFXC-002446,Receipt,Operations,2026-03-29T09:44:22,PDF,Incomplete,Further Evidence Required,No,Passed
EVD-00005917,PFXC-002446,Merchant Communication,Operations,2026-03-31T17:10:25,PDF,Complete,Accepted,No,Passed
EVD-00005918,PFXC-002447,Receipt,Customer,2025-09-13T04:25:22,PDF,Complete,Accepted,No,Passed
EVD-00005919,PFXC-002447,Receipt,Merchant,2025-09-12T22:55:13,JPG,Complete,Accepted,No,Passed
EVD-00005920,PFXC-002447,Merchant Communication,Customer,2025-09-13T06:45:57,JPG,Complete,Accepted,No,Passed
EVD-00005921,PFXC-002447,Other,Merchant,2025-09-13T10:49:15,PNG,Complete,Accepted,No,Passed
EVD-00005922,PFXC-002448,Merchant Communication,Customer,2025-10-18T07:16:21,PNG,Unreadable,Further Evidence Required,No,Passed
EVD-00005923,PFXC-002448,Receipt,Customer,2025-10-19T13:46:01,PNG,Incomplete,Rejected,No,Not Applicable
EVD-00005924,PFXC-002448,Bank Statement,Customer,2025-10-17T18:04:14,JPG,Incomplete,Further Evidence Required,No,Passed
EVD-00005925,PFXC-002448,Bank Statement,Customer,2025-10-18T10:59:07,PDF,Complete,Accepted,No,Passed
EVD-00005926,PFXC-002449,Receipt,Customer,2025-04-30T18:14:22,PDF,Complete,Accepted,No,Not Applicable
EVD-00005927,PFXC-002449,Identity Evidence,Merchant,2025-05-01T05:18:41,PDF,Complete,Accepted,No,Passed
EVD-00005928,PFXC-002450,Bank Statement,Operations,2026-06-06T22:42:22,JPG,Complete,Accepted,No,Passed
EVD-00005929,PFXC-002450,Screenshot,Merchant,2026-06-07T13:08:57,JPG,Incomplete,Further Evidence Required,No,Passed
EVD-00005930,PFXC-002450,Other,Customer,2026-06-07T02:26:46,PDF,Incomplete,Further Evidence Required,No,Passed
EVD-00005931,PFXC-002450,Receipt,Customer,2026-06-09T05:58:02,PNG,Complete,Accepted,No,Passed
EVD-00005932,PFXC-002451,Screenshot,Customer,2025-08-04T11:01:48,PDF,Complete,Accepted,No,Passed
EVD-00005933,PFXC-002451,Receipt,Customer,2025-08-05T19:53:14,PNG,Complete,Accepted,No,Passed
EVD-00005934,PFXC-002451,Screenshot,Customer,2025-08-06T02:03:31,PDF,Incomplete,Rejected,No,Passed
EVD-00005935,PFXC-002452,Screenshot,Operations,2025-09-16T22:37:36,PNG,Complete,Accepted,No,Passed
EVD-00005936,PFXC-002452,Receipt,Customer,2025-09-17T16:50:12,PDF,Complete,Accepted,No,Passed
EVD-00005937,PFXC-002453,Screenshot,Customer,2026-05-23T03:19:48,CSV,Complete,Accepted,No,Passed
EVD-00005938,PFXC-002453,Bank Statement,Customer,2026-05-21T19:13:00,PDF,Incomplete,Further Evidence Required,No,Passed
EVD-00005939,PFXC-002455,Receipt,Customer,2026-05-05T09:31:52,Other,Complete,Accepted,No,Passed
EVD-00005940,PFXC-002455,Screenshot,Customer,2026-05-03T22:41:24,PDF,Complete,Accepted,No,Passed
EVD-00005941,PFXC-002456,Merchant Communication,Customer,2025-09-09T10:12:58,PDF,Complete,Further Evidence Required,No,Passed
EVD-00005942,PFXC-002457,Bank Statement,Operations,2025-01-26T12:50:17,PDF,Complete,Accepted,No,Passed
EVD-00005943,PFXC-002457,Screenshot,Customer,2025-01-26T06:58:44,Other,Incomplete,Further Evidence Required,Yes,Passed
EVD-00005944,PFXC-002459,Screenshot,Customer,2025-03-23T13:23:33,PDF,Complete,Further Evidence Required,No,Passed
EVD-00005945,PFXC-002459,Receipt,Customer,2025-03-21T04:39:56,PDF,Complete,Further Evidence Required,No,Passed
EVD-00005946,PFXC-002459,Screenshot,Customer,2025-03-22T10:16:09,Other,Complete,Accepted,No,Passed
EVD-00005947,PFXC-002459,Receipt,Customer,2025-03-22T16:08:20,PDF,Complete,Accepted,No,Passed
EVD-00005948,PFXC-002460,Bank Statement,Customer,2025-12-08T06:30:32,JPG,Unreadable,Further Evidence Required,No,Passed
EVD-00005949,PFXC-002460,Screenshot,Customer,2025-12-07T22:41:15,PNG,Incomplete,Rejected,Yes,Passed
EVD-00005950,PFXC-002461,Merchant Communication,Customer,2026-03-12T03:45:04,PNG,Incomplete,Further Evidence Required,Yes,Passed
EVD-00005951,PFXC-002461,Merchant Communication,Customer,2026-03-13T21:22:40,PNG,Complete,Accepted,No,Passed
EVD-00005952,PFXC-002461,Bank Statement,Operations,2026-03-12T13:15:05,PDF,Complete,Accepted,Yes,Passed
EVD-00005953,PFXC-002461,Merchant Communication,Merchant,2026-03-12T20:59:03,Other,Complete,Accepted,Yes,Not Applicable
EVD-00005954,PFXC-002462,Receipt,Customer,2025-04-26T02:57:33,JPG,Complete,Accepted,No,Passed
EVD-00005955,PFXC-002463,Bank Statement,Customer,2025-08-26T13:14:42,PNG,Complete,Accepted,No,Passed
EVD-00005956,PFXC-002463,Receipt,Customer,2025-08-28T09:56:31,PDF,Unreadable,Further Evidence Required,Yes,Passed
EVD-00005957,PFXC-002464,Merchant Communication,Customer,2025-05-20T03:18:43,JPG,Complete,Accepted,No,Passed
EVD-00005958,PFXC-002464,Receipt,Operations,2025-05-18T14:21:31,JPG,Complete,Further Evidence Required,No,Passed
EVD-00005959,PFXC-002465,Bank Statement,Customer,2025-12-03T23:59:10,Other,Complete,Accepted,No,Passed
EVD-00005960,PFXC-002465,Merchant Communication,Customer,2025-12-05T22:02:00,PDF,Incomplete,Rejected,No,Passed
EVD-00005961,PFXC-002466,Receipt,Customer,2025-06-16T15:34:51,JPG,Complete,Accepted,No,Passed
EVD-00005962,PFXC-002466,Bank Statement,Customer,2025-06-16T15:00:49,PDF,Complete,Accepted,No,Passed
EVD-00005963,PFXC-002467,Other,Customer,2026-03-01T19:43:07,PDF,Complete,Accepted,Yes,Not Applicable
EVD-00005964,PFXC-002467,Bank Statement,Customer,2026-03-03T17:13:21,PNG,Unreadable,Rejected,No,Passed
EVD-00005965,PFXC-002467,Bank Statement,Customer,2026-03-02T17:16:58,PNG,Complete,Accepted,Yes,Passed
EVD-00005966,PFXC-002468,Bank Statement,Customer,2025-12-30T04:47:39,PDF,Complete,Accepted,Yes,Passed
EVD-00005967,PFXC-002468,Other,Customer,2025-12-30T16:45:50,PNG,Complete,Accepted,No,Passed
EVD-00005968,PFXC-002468,Receipt,Customer,2025-12-28T11:31:35,PDF,Incomplete,Rejected,No,Passed
EVD-00005969,PFXC-002469,Receipt,Customer,2026-01-20T07:30:05,PNG,Complete,Accepted,No,Not Applicable
EVD-00005970,PFXC-002469,Merchant Communication,Customer,2026-01-20T11:31:00,Other,Incomplete,Rejected,Yes,Passed
EVD-00005971,PFXC-002469,Bank Statement,Customer,2026-01-21T01:14:52,CSV,Incomplete,Further Evidence Required,No,Passed
EVD-00005972,PFXC-002470,Screenshot,Customer,2025-07-09T19:55:13,PDF,Complete,Accepted,No,Not Applicable
EVD-00005973,PFXC-002470,Receipt,Customer,2025-07-08T13:25:43,PNG,Complete,Accepted,No,Passed
EVD-00005974,PFXC-002470,Merchant Communication,Customer,2025-07-07T17:17:30,PDF,Complete,Accepted,No,Passed
EVD-00005975,PFXC-002470,Other,Customer,2025-07-10T04:23:02,PDF,Complete,Accepted,No,Not Applicable
EVD-00005976,PFXC-002471,Merchant Communication,Customer,2025-05-06T22:18:05,PNG,Unreadable,Further Evidence Required,No,Passed
EVD-00005977,PFXC-002471,Identity Evidence,Customer,2025-05-08T12:25:24,PDF,Complete,Accepted,No,Passed
EVD-00005978,PFXC-002472,Merchant Communication,Operations,2025-04-29T14:02:51,CSV,Complete,Accepted,No,Passed
EVD-00005979,PFXC-002472,Merchant Communication,Customer,2025-04-28T15:43:04,JPG,Complete,Accepted,No,Passed
EVD-00005980,PFXC-002474,Screenshot,Customer,2025-06-11T19:18:32,PNG,Complete,Accepted,No,Passed
EVD-00005981,PFXC-002474,Receipt,Customer,2025-06-12T08:45:35,JPG,Complete,Accepted,No,Passed
EVD-00005982,PFXC-002474,Receipt,Customer,2025-06-11T02:03:30,PNG,Complete,Further Evidence Required,No,Passed
EVD-00005983,PFXC-002475,Receipt,Customer,2025-01-10T20:53:25,PNG,Complete,Further Evidence Required,No,Passed
EVD-00005984,PFXC-002476,Bank Statement,Merchant,2026-04-28T15:08:58,PDF,Complete,Accepted,No,Passed
EVD-00005985,PFXC-002476,Receipt,Customer,2026-04-27T04:21:24,PNG,Complete,Accepted,No,Passed
EVD-00005986,PFXC-002478,Screenshot,Merchant,2026-05-11T02:20:45,PDF,Complete,Accepted,No,Passed
EVD-00005987,PFXC-002478,Merchant Communication,Customer,2026-05-09T23:35:13,PNG,Complete,Accepted,No,Not Applicable
EVD-00005988,PFXC-002478,Bank Statement,Customer,2026-05-09T20:47:40,PDF,Complete,Further Evidence Required,No,Passed
EVD-00005989,PFXC-002479,Merchant Communication,Operations,2025-02-06T19:41:23,JPG,Complete,Accepted,Yes,Passed
EVD-00005990,PFXC-002479,Receipt,Customer,2025-02-07T01:05:09,PDF,Complete,Accepted,No,Passed
EVD-00005991,PFXC-002480,Screenshot,Customer,2026-06-05T15:47:38,PNG,Complete,Accepted,No,Passed
EVD-00005992,PFXC-002480,Receipt,Customer,2026-06-05T05:10:55,PDF,Complete,Accepted,Yes,Passed
EVD-00005993,PFXC-002480,Receipt,Customer,2026-06-05T03:46:01,PNG,Complete,Accepted,No,Passed
EVD-00005994,PFXC-002481,Receipt,Operations,2025-11-14T15:40:01,JPG,Incomplete,Further Evidence Required,Yes,Passed
EVD-00005995,PFXC-002481,Bank Statement,Customer,2025-11-15T05:53:33,PNG,Complete,Accepted,No,Passed
EVD-00005996,PFXC-002481,Identity Evidence,Customer,2025-11-14T07:41:07,CSV,Complete,Accepted,Yes,Passed
EVD-00005997,PFXC-002481,Screenshot,Customer,2025-11-16T05:51:34,PDF,Complete,Accepted,No,Passed
EVD-00005998,PFXC-002482,Bank Statement,Customer,2026-05-22T05:37:44,CSV,Complete,Accepted,No,Passed
EVD-00005999,PFXC-002482,Bank Statement,Customer,2026-05-24T11:31:27,PDF,Complete,Accepted,Yes,Passed
EVD-00006000,PFXC-002483,Receipt,Customer,2025-03-11T18:13:20,JPG,Complete,Accepted,Yes,Passed
EVD-00006001,PFXC-002484,Other,Merchant,2025-09-09T06:35:45,PDF,Complete,Accepted,No,Passed
EVD-00006002,PFXC-002485,Screenshot,Customer,2026-01-30T22:12:26,CSV,Incomplete,Rejected,No,Passed
EVD-00006003,PFXC-002485,Screenshot,Customer,2026-01-30T10:28:23,JPG,Complete,Accepted,No,Failed
EVD-00006004,PFXC-002486,Receipt,Customer,2025-08-11T11:48:02,Other,Complete,Accepted,No,Passed
EVD-00006005,PFXC-002486,Screenshot,Customer,2025-08-09T10:25:33,Other,Incomplete,Rejected,No,Passed
EVD-00006006,PFXC-002486,Screenshot,Customer,2025-08-08T22:33:36,PNG,Complete,Accepted,No,Passed
EVD-00006007,PFXC-002487,Receipt,Customer,2026-03-06T11:36:29,PNG,Complete,Accepted,Yes,Passed
EVD-00006008,PFXC-002488,Receipt,Customer,2026-05-21T05:27:51,PDF,Complete,Accepted,No,Passed
EVD-00006009,PFXC-002488,Bank Statement,Operations,2026-05-21T09:38:32,PDF,Incomplete,Rejected,No,Passed
EVD-00006010,PFXC-002490,Screenshot,Customer,2026-03-27T10:29:25,JPG,Complete,Accepted,Yes,Passed
EVD-00006011,PFXC-002490,Screenshot,Customer,2026-03-27T13:09:50,PDF,Complete,Accepted,No,Passed
EVD-00006012,PFXC-002490,Receipt,Merchant,2026-03-26T05:02:33,PNG,Complete,Accepted,No,Passed
EVD-00006013,PFXC-002490,Receipt,Customer,2026-03-26T19:57:51,PDF,Complete,Accepted,No,Passed
EVD-00006014,PFXC-002491,Identity Evidence,Customer,2025-09-08T20:47:46,Other,Complete,Accepted,Yes,Passed
EVD-00006015,PFXC-002491,Receipt,Customer,2025-09-07T06:42:50,PDF,Complete,Accepted,Yes,Passed
EVD-00006016,PFXC-002491,Merchant Communication,Customer,2025-09-06T17:48:26,PNG,Unreadable,Further Evidence Required,No,Not Applicable
EVD-00006017,PFXC-002491,Merchant Communication,Customer,2025-09-06T22:33:40,PDF,Complete,Accepted,No,Passed
EVD-00006018,PFXC-002492,Receipt,Customer,2026-01-06T19:12:24,JPG,Complete,Accepted,No,Passed
EVD-00006019,PFXC-002492,Identity Evidence,Customer,2026-01-05T10:23:24,JPG,Complete,Accepted,No,Passed
EVD-00006020,PFXC-002492,Screenshot,Customer,2026-01-05T15:52:34,PNG,Incomplete,Rejected,No,Passed
EVD-00006021,PFXC-002492,Screenshot,Customer,2026-01-04T19:11:54,JPG,Complete,Accepted,No,Passed
EVD-00006022,PFXC-002493,Merchant Communication,Customer,2026-05-07T03:52:52,PDF,Complete,Accepted,No,Passed
EVD-00006023,PFXC-002493,Receipt,Customer,2026-05-07T11:36:49,Other,Complete,Accepted,No,Passed
EVD-00006024,PFXC-002494,Receipt,Customer,2025-11-06T14:56:28,PDF,Complete,Accepted,No,Passed
EVD-00006025,PFXC-002494,Merchant Communication,Customer,2025-11-04T01:37:09,PDF,Complete,Accepted,No,Passed
EVD-00006026,PFXC-002494,Receipt,Customer,2025-11-06T12:16:47,JPG,Incomplete,Further Evidence Required,No,Passed
EVD-00006027,PFXC-002495,Screenshot,Customer,2025-09-05T14:32:42,PDF,Incomplete,Rejected,No,Passed
EVD-00006028,PFXC-002496,Bank Statement,Customer,2025-10-14T08:54:22,PDF,Complete,Accepted,No,Passed
EVD-00006029,PFXC-002496,Receipt,Customer,2025-10-15T05:55:00,JPG,Complete,Accepted,No,Passed
EVD-00006030,PFXC-002496,Screenshot,Operations,2025-10-13T16:46:37,JPG,Complete,Accepted,No,Passed
EVD-00006031,PFXC-002497,Receipt,Customer,2025-02-04T12:58:19,PDF,Complete,Further Evidence Required,No,Passed
EVD-00006032,PFXC-002497,Merchant Communication,Customer,2025-02-04T09:05:15,CSV,Complete,Accepted,No,Passed
EVD-00006033,PFXC-002497,Other,Customer,2025-02-04T03:25:33,PDF,Complete,Further Evidence Required,No,Passed
EVD-00006034,PFXC-002498,Receipt,Customer,2026-04-22T12:37:03,PDF,Complete,Accepted,No,Passed
EVD-00006035,PFXC-002498,Receipt,Customer,2026-04-22T02:26:10,JPG,Complete,Further Evidence Required,No,Passed
EVD-00006036,PFXC-002499,Receipt,Customer,2025-02-12T00:06:20,PNG,Complete,Accepted,Yes,Passed
EVD-00006037,PFXC-002499,Receipt,Operations,2025-02-10T02:43:06,PDF,Complete,Accepted,Yes,Passed
EVD-00006038,PFXC-002499,Receipt,Customer,2025-02-11T15:02:52,PNG,Complete,Accepted,No,Passed
EVD-00006039,PFXC-002500,Screenshot,Customer,2025-11-11T17:24:34,JPG,Complete,Accepted,No,Passed
EVD-00006040,PFXC-002500,Other,Operations,2025-11-10T17:22:05,PDF,Complete,Further Evidence Required,Yes,Passed
EVD-00006041,PFXC-002500,Receipt,Operations,2025-11-11T03:02:36,JPG,Complete,Accepted,No,Passed
