case_id,transaction_id,submission_datetime,submission_channel,customer_service_segment,transaction_datetime,transaction_type,transaction_amount_gbp,merchant_category,dispute_category,customer_sentiment,evidence_completeness,initial_evidence_count,priority,assigned_queue,case_status,first_response_datetime,resolution_datetime,sla_target_hours,manual_handoff_count,rework_count,customer_contact_count,customer_update_count,fraud_referral_flag,escalation_flag,complaint_flag,outcome,refund_amount_gbp,resolution_time_hours,first_response_time_hours,sla_breached_flag,data_quality_flag
PFXC-000001,TXN-0011469,2026-03-14T02:31:12,Mobile,Standard,2026-02-04T01:20:12,Card Purchase,82.66,Utilities,Merchant Non-confirmation,Frustrated,Complete,3,Standard,Fraud Review,In Investigation,2026-03-15T00:50:19,,120,2,0,2,6,Yes,No,No,Pending,0.00,,22.32,No,Valid
PFXC-000002,TXN-0008781,2025-07-29T20:14:33,Mobile,Standard,2025-07-13T11:52:33,Card Purchase,83.32,Other,Subscription Dispute,Positive,Complete,3,Standard,Customer Service,Resolved,2025-07-30T07:49:37,2025-08-02T23:03:29,120,1,0,1,4,No,No,No,Partial Refund,64.52,98.82,11.58,No,Valid
PFXC-000003,TXN-0011317,2025-06-26T02:11:00,Chat,Assisted Digital,2025-05-17T02:15:00,Card Purchase,51.87,Subscription,Unauthorised Transaction,Frustrated,Missing,0,High,Fraud Review,Pending Customer,2025-06-26T12:03:21,,72,4,1,2,3,Yes,Yes,No,Pending,0.00,,9.87,No,Valid
PFXC-000004,TXN-0001740,2025-08-05T10:22:45,Email,Standard,2025-07-08T02:26:45,Card Purchase,13.91,Digital Services,Delayed Refund,Neutral,Complete,2,Standard,Payment Operations,Rejected,2025-08-06T06:20:10,2025-08-10T03:26:36,120,2,0,4,3,No,Yes,No,No Refund,0.00,113.06,19.96,No,Valid
PFXC-000005,TXN-0010831,2025-10-09T13:18:40,Web,Standard,2025-09-03T15:24:40,Card Purchase,95.05,Other,Failed Payment,Frustrated,Partial,2,Low,Refund Approval,Resolved,2025-10-10T15:05:46,2025-10-13T02:09:49,168,1,0,1,3,No,No,No,Full Refund,95.05,84.85,25.79,No,Valid
PFXC-000006,TXN-0006499,2025-08-24T15:40:16,Chat,Standard,2025-07-22T23:27:16,Card Purchase,82.49,Utilities,Failed Payment,Neutral,Complete,3,Standard,Technical Support,Rejected,2025-08-25T18:38:27,2025-08-28T20:23:57,120,1,1,2,4,No,No,No,No Refund,0.00,100.73,26.97,No,Valid
PFXC-000007,TXN-0009620,2025-09-28T06:26:40,Call Centre,Standard,2025-09-16T15:18:40,Card Purchase,118.97,Cash Withdrawal,Merchant Non-confirmation,Neutral,Partial,2,Standard,Technical Support,In Triage,2025-09-28T21:26:24,,120,1,1,0,3,No,No,No,Pending,0.00,,15.00,No,Valid
PFXC-000008,TXN-0005485,2025-11-10T23:04:37,Web,Standard,2025-10-06T10:42:37,Wallet Payment,31.08,Digital Services,Merchant Non-confirmation,Frustrated,Partial,2,Standard,Technical Support,Rejected,2025-11-11T20:22:10,2025-11-16T03:41:49,120,1,0,2,3,No,Yes,No,No Refund,0.00,124.62,21.29,Yes,Valid
PFXC-000009,TXN-0006271,2025-09-17T11:39:47,Mobile,Assisted Digital,2025-09-10T23:37:47,Bank Transfer,18.39,Subscription,Subscription Dispute,Neutral,Complete,3,Standard,Complaints,Resolved,2025-09-18T07:14:41,2025-09-19T17:42:14,120,2,0,3,2,No,No,Yes,Partial Refund,6.36,54.04,19.58,No,Valid
PFXC-000010,TXN-0005180,2025-06-01T00:42:14,Call Centre,Standard,2025-04-25T18:48:14,Card Purchase,67.66,Subscription,Delayed Refund,Frustrated,Complete,3,Standard,Fraud Review,Resolved,2025-06-01T16:20:33,2025-06-07T22:40:12,120,3,0,3,4,Yes,Yes,Yes,Full Refund,67.66,165.97,15.64,Yes,Valid
PFXC-000011,TXN-0000505,2026-05-16T09:03:02,Web,Standard,2026-05-08T05:55:02,Direct Debit,69.57,Digital Services,Delayed Refund,Positive,Complete,4,Standard,Payment Operations,Resolved,2026-05-17T04:56:18,2026-05-21T03:36:31,120,0,0,0,3,No,No,No,Full Refund,69.57,114.56,19.89,No,Valid
PFXC-000012,TXN-0012174,2025-08-26T09:45:56,Email,Vulnerable Support,2025-07-31T05:08:56,Card Purchase,440.74,Travel,Subscription Dispute,Frustrated,Partial,1,Standard,Refund Approval,Resolved,2025-08-26T21:30:00,2025-09-01T10:15:56,120,3,0,5,3,No,Yes,No,Full Refund,440.74,144.50,11.73,Yes,Valid
PFXC-000013,TXN-0002544,2026-05-01T21:58:44,Mobile,Vulnerable Support,2026-03-08T06:35:44,Card Purchase,52.40,Travel,Failed Payment,Frustrated,Complete,2,High,Technical Support,Resolved,2026-05-02T01:53:32,2026-05-08T00:26:15,72,3,1,3,2,No,Yes,Yes,Full Refund,52.40,146.46,3.91,Yes,Valid
PFXC-000014,TXN-0005829,2025-05-16T01:04:41,Mobile,Standard,2025-03-25T13:19:41,Card Purchase,260.90,Digital Services,Unauthorised Transaction,Distressed,Complete,3,High,Customer Service,Resolved,2025-05-16T09:49:30,2025-05-22T00:39:40,72,3,0,3,4,No,Yes,Yes,Full Refund,260.90,143.58,8.75,Yes,Valid
PFXC-000015,TXN-0001744,2025-02-19T21:46:08,Web,Standard,2025-02-18T03:15:08,Card Purchase,51.97,Retail,Unauthorised Transaction,Frustrated,Complete,2,Standard,Customer Service,Resolved,2025-02-20T13:55:56,2025-02-25T23:06:45,120,0,0,2,3,No,No,No,Full Refund,51.97,145.34,16.16,Yes,Valid
PFXC-000016,TXN-0011928,2025-08-17T16:34:11,Mobile,Standard,2025-07-27T22:40:11,Bank Transfer,38.89,Retail,Delayed Refund,Frustrated,Complete,2,Standard,Payment Operations,Awaiting Evidence,2025-08-18T14:46:54,,120,3,1,3,3,No,Yes,No,Pending,0.00,,22.21,No,Valid
PFXC-000017,TXN-0009229,2025-11-18T13:48:25,Mobile,Standard,2025-10-12T16:51:25,Card Purchase,15.04,Utilities,Delayed Refund,Distressed,Partial,1,Standard,Payment Operations,Pending Approval,2025-11-19T06:09:06,,120,2,0,3,2,No,No,No,Pending,0.00,,16.34,No,Valid
PFXC-000018,TXN-0000002,2026-02-07T18:36:57,Mobile,Vulnerable Support,2026-02-04T01:50:57,Direct Debit,30.06,Retail,Cash Withdrawal Dispute,Frustrated,Partial,2,High,Customer Service,In Investigation,2026-02-08T01:26:46,,72,1,1,2,2,No,No,No,Pending,0.00,,6.83,No,Valid
PFXC-000019,TXN-0001901,2025-01-24T16:37:25,Mobile,Assisted Digital,2024-12-22T10:14:25,Card Purchase,103.48,Utilities,Failed Payment,Frustrated,Complete,3,Standard,Complaints,Resolved,2025-01-25T09:36:32,2025-01-30T10:32:06,120,2,1,3,2,No,Yes,Yes,Full Refund,103.48,137.91,16.99,Yes,Valid
PFXC-000020,TXN-0003154,2026-03-30T03:45:50,Web,Standard,2026-02-20T22:14:50,Direct Debit,25.72,Retail,Other,Distressed,Partial,2,Standard,Customer Service,Resolved,2026-03-31T00:41:53,2026-04-05T03:58:44,120,1,1,4,4,No,No,No,Full Refund,25.72,144.22,20.93,Yes,Valid
PFXC-000021,TXN-0007077,2025-02-02T16:52:59,Mobile,Standard,2024-12-09T21:39:59,Direct Debit,26.66,Digital Services,Subscription Dispute,Neutral,Complete,3,Standard,Customer Service,Cancelled,2025-02-03T13:34:21,2025-02-04T15:00:42,120,1,0,3,5,No,No,No,Customer Withdrawn,0.00,46.13,20.69,No,Valid
PFXC-000022,TXN-0003927,2026-05-20T17:55:06,Web,Vulnerable Support,2026-03-27T00:47:06,Card Purchase,164.59,Travel,Incorrect Amount,Neutral,Complete,3,High,Payment Operations,Resolved,2026-05-21T08:54:36,2026-05-23T05:46:00,72,1,0,1,3,No,No,No,Partial Refund,43.08,59.85,14.99,No,Valid
PFXC-000023,TXN-0008387,2025-12-16T04:33:51,Web,Standard,2025-10-24T10:29:51,Card Purchase,81.07,Subscription,Other,Frustrated,Partial,2,Standard,Customer Service,Rejected,2025-12-16T15:42:34,2025-12-21T20:29:54,120,1,1,2,1,No,Yes,Yes,No Refund,0.00,135.93,11.15,Yes,Valid
PFXC-000024,TXN-0005057,2025-12-22T02:42:25,Mobile,Standard,2025-12-10T21:49:25,Card Purchase,8.83,Retail,Unauthorised Transaction,Frustrated,Partial,1,Standard,Fraud Review,Rejected,2025-12-22T21:02:27,2025-12-31T13:42:16,120,2,1,4,5,Yes,Yes,No,No Refund,0.00,227.00,18.33,Yes,Valid
PFXC-000025,TXN-0002560,2025-05-29T07:12:20,Mobile,Standard,2025-05-21T02:02:20,Bank Transfer,8.57,Utilities,Subscription Dispute,Neutral,Complete,4,Standard,Fraud Review,In Investigation,2025-05-30T02:53:10,,120,3,0,3,3,Yes,No,No,Pending,0.00,,19.68,No,Valid
PFXC-000026,TXN-0003206,2025-04-15T22:44:29,Chat,Assisted Digital,2025-04-08T11:40:29,Bank Transfer,18.04,Travel,Duplicate Debit,Frustrated,Partial,2,Low,Payment Operations,Rejected,2025-04-17T03:39:38,2025-04-20T11:02:08,168,2,1,2,1,No,Yes,No,No Refund,0.00,108.29,28.92,No,Valid
PFXC-000027,TXN-0008309,2025-08-09T05:13:31,Mobile,Assisted Digital,2025-07-27T19:30:31,Bank Transfer,75.44,Digital Services,Cash Withdrawal Dispute,Positive,Complete,3,Low,Customer Service,Awaiting Evidence,2025-08-10T14:52:05,,168,2,0,1,2,No,No,No,Pending,0.00,,33.64,No,Valid
PFXC-000028,TXN-0005404,2025-07-07T04:32:06,Call Centre,Standard,2025-05-13T12:45:06,Bank Transfer,52.25,Subscription,Subscription Dispute,Frustrated,Partial,2,Standard,Customer Service,Pending Customer,2025-07-07T22:45:21,,120,0,1,1,3,No,No,No,Pending,0.00,,18.22,No,Valid
PFXC-000029,TXN-0004449,2025-07-27T00:17:54,Call Centre,Assisted Digital,2025-07-10T04:29:54,Card Purchase,22.49,Subscription,Cash Withdrawal Dispute,Frustrated,Partial,1,Standard,Customer Service,Resolved,2025-07-27T15:14:13,2025-08-02T02:41:51,120,2,0,3,3,No,Yes,Yes,Full Refund,22.49,146.40,14.94,Yes,Valid
PFXC-000030,TXN-0011801,2025-01-10T04:49:51,Email,Standard,2024-11-22T15:07:51,Cash Withdrawal,28.64,Subscription,Subscription Dispute,Neutral,Partial,1,Standard,Customer Service,Pending Approval,2025-01-10T17:27:19,,120,0,1,1,1,No,No,No,Pending,0.00,,12.62,No,Valid
PFXC-000031,TXN-0007668,2025-09-28T13:57:01,Email,Standard,2025-09-05T21:38:01,Direct Debit,10.60,Travel,Unauthorised Transaction,Frustrated,Complete,3,Standard,Fraud Review,Resolved,2025-09-28T20:53:14,2025-10-06T10:41:59,120,1,1,4,4,Yes,No,Yes,Full Refund,10.60,188.75,6.94,Yes,Valid
PFXC-000032,TXN-0003126,2025-03-14T16:57:20,Mobile,Standard,2025-01-18T06:22:20,Direct Debit,46.16,Subscription,Failed Payment,Positive,Partial,1,Low,Technical Support,Resolved,2025-03-15T23:24:17,2025-03-20T02:55:09,168,0,2,1,2,No,No,No,Full Refund,46.16,129.96,30.45,No,Valid
PFXC-000033,TXN-0009542,2025-06-20T07:13:46,Web,Standard,2025-05-14T07:39:46,Card Purchase,181.44,Subscription,Merchant Non-confirmation,Frustrated,Partial,2,Standard,Fraud Review,Resolved,2025-06-21T08:33:15,2025-06-29T13:34:30,120,3,1,3,4,Yes,No,Yes,Fraud Referral,0.00,222.35,25.32,Yes,Valid
PFXC-000034,TXN-0002099,2025-09-01T12:53:52,Web,Assisted Digital,2025-07-31T19:33:52,Direct Debit,76.32,Retail,Duplicate Debit,Frustrated,Complete,4,Standard,Payment Operations,Cancelled,2025-09-02T07:14:26,2025-09-04T20:04:29,120,2,0,2,3,No,No,Yes,Duplicate Case,0.00,79.18,18.34,No,Valid
PFXC-000035,TXN-0008050,2025-07-12T03:28:37,Web,Standard,2025-06-21T00:45:37,Card Purchase,53.16,Utilities,Duplicate Debit,Neutral,Partial,2,Low,Refund Approval,Resolved,2025-07-13T09:56:20,2025-07-15T19:41:08,168,2,0,1,3,No,No,No,Full Refund,53.16,88.21,30.46,No,Valid
PFXC-000036,TXN-0001161,2025-12-23T19:46:39,Web,Standard,2025-12-01T18:32:39,Card Purchase,43.33,Retail,Unauthorised Transaction,Frustrated,Complete,4,High,Fraud Review,Rejected,2025-12-23T22:41:12,2025-12-31T08:25:51,72,3,1,5,2,Yes,Yes,No,No Refund,0.00,180.65,2.91,Yes,Valid
PFXC-000037,TXN-0000153,2025-05-16T05:36:21,Web,Standard,2025-03-27T11:59:21,Card Purchase,41.98,Retail,Subscription Dispute,Positive,Complete,2,Standard,Customer Service,Rejected,2025-05-16T19:10:30,2025-05-19T21:12:40,120,1,0,0,3,No,No,No,No Refund,0.00,87.61,13.57,No,Valid
PFXC-000038,TXN-0011452,2025-05-01T10:29:30,Web,Standard,2025-04-20T17:20:30,Direct Debit,215.16,Retail,Merchant Non-confirmation,Distressed,Complete,3,Standard,Technical Support,Resolved,2025-05-01T22:13:42,2025-05-06T16:19:11,120,1,1,3,1,No,No,No,Full Refund,215.16,125.83,11.74,Yes,Valid
PFXC-000039,TXN-0008502,2025-04-29T14:58:38,Web,Standard,2025-04-17T04:03:38,Card Purchase,149.69,Cash Withdrawal,Unauthorised Transaction,Neutral,Missing,0,Low,Customer Service,Resolved,2025-04-30T22:42:57,2025-05-06T12:31:33,168,1,0,0,1,No,No,No,Fraud Referral,0.00,165.55,31.74,No,Valid
PFXC-000040,TXN-0004273,2026-02-15T07:14:44,Call Centre,Standard,2026-01-19T20:28:44,Card Purchase,176.25,Other,Failed Payment,Frustrated,Partial,1,Standard,Technical Support,Cancelled,2026-02-15T23:58:16,2026-02-20T05:58:27,120,2,0,3,1,No,No,No,Customer Withdrawn,0.00,118.73,16.73,No,Valid
PFXC-000041,TXN-0010541,2025-03-14T23:10:26,Mobile,Standard,2025-03-04T12:57:26,Cash Withdrawal,426.09,Other,Unauthorised Transaction,Frustrated,Partial,2,High,Customer Service,Rejected,2025-03-15T07:29:08,2025-03-21T23:01:29,72,3,0,1,3,No,Yes,No,No Refund,0.00,167.85,8.31,Yes,Valid
PFXC-000042,TXN-0003167,2025-01-19T23:52:16,Mobile,Standard,2024-12-27T12:22:16,Wallet Payment,13.18,Travel,Unauthorised Transaction,Distressed,Partial,1,Standard,Fraud Review,Rejected,2025-01-20T22:30:04,2025-01-29T02:09:01,120,3,1,3,0,Yes,Yes,No,No Refund,0.00,218.28,22.63,Yes,Valid
PFXC-000043,TXN-0008377,2026-05-05T13:13:13,Web,Standard,2026-04-19T23:13:13,Direct Debit,269.35,Digital Services,Incorrect Amount,Distressed,Complete,4,Standard,Payment Operations,In Investigation,2026-05-06T02:53:50,,120,2,0,2,3,No,No,No,Pending,0.00,,13.68,No,Valid
PFXC-000044,TXN-0008881,2025-02-12T11:25:28,Web,Standard,2025-02-04T08:38:28,Card Purchase,39.55,Retail,Incorrect Amount,Distressed,Complete,2,Standard,Refund Approval,Resolved,2025-02-13T02:04:54,2025-02-18T01:51:16,120,3,2,4,4,No,Yes,No,Full Refund,39.55,134.43,14.66,Yes,Valid
PFXC-000045,TXN-0007265,2025-11-10T05:58:56,Mobile,Standard,2025-10-01T05:37:56,Card Purchase,185.52,Digital Services,Failed Payment,Frustrated,Complete,3,Low,Technical Support,Cancelled,2025-11-11T06:42:57,2025-11-11T15:27:35,168,0,0,1,2,No,No,No,Customer Withdrawn,0.00,33.48,24.73,No,Valid
PFXC-000046,TXN-0010294,2025-01-17T00:08:28,Mobile,Standard,2025-01-09T11:21:28,Bank Transfer,66.97,Utilities,Merchant Non-confirmation,Positive,Complete,4,Low,Technical Support,Pending Merchant,2025-01-18T05:26:04,,168,0,0,0,3,No,No,No,Pending,0.00,,29.29,No,Valid
PFXC-000047,TXN-0011999,2025-08-21T22:03:13,Web,Assisted Digital,2025-07-20T11:20:13,Bank Transfer,47.74,Retail,Merchant Non-confirmation,Neutral,Complete,2,Low,Technical Support,Resolved,2025-08-22T18:16:27,2025-08-26T22:08:01,168,1,0,1,4,No,No,No,Full Refund,47.74,120.08,20.22,No,Valid
PFXC-000048,TXN-0009303,2025-08-26T01:12:34,Web,Standard,2025-07-02T18:23:34,Bank Transfer,9.01,Other,Other,Frustrated,Complete,2,Low,Fraud Review,Resolved,2025-08-26T22:24:14,2025-09-03T02:05:46,168,2,0,3,5,Yes,Yes,Yes,Full Refund,9.01,192.89,21.19,Yes,Valid
PFXC-000049,TXN-0004281,2026-02-03T08:35:05,Mobile,Standard,2026-01-13T14:46:05,Cash Withdrawal,7.46,Utilities,Cash Withdrawal Dispute,Frustrated,Complete,3,Standard,Fraud Review,Rejected,2026-02-04T04:39:19,2026-02-13T03:39:22,120,3,1,5,3,Yes,No,No,No Refund,0.00,235.07,20.07,Yes,Valid
PFXC-000050,TXN-0011673,2025-02-16T12:12:10,Call Centre,Standard,2025-01-25T22:28:10,Wallet Payment,165.81,Utilities,Subscription Dispute,Frustrated,Missing,0,Standard,Customer Service,Rejected,2025-02-17T05:20:55,2025-02-23T11:34:08,120,0,1,3,4,No,Yes,No,No Refund,0.00,167.37,17.15,Yes,Valid
PFXC-000051,TXN-0009481,2025-01-08T00:03:13,Web,Standard,2024-11-22T02:29:13,Card Purchase,74.08,Retail,Duplicate Debit,Distressed,Missing,0,Standard,Payment Operations,Resolved,2025-01-08T20:19:53,2025-01-14T12:31:39,120,2,1,1,3,No,Yes,No,Full Refund,74.08,156.47,20.28,Yes,Valid
PFXC-000052,TXN-0011649,2026-03-26T01:50:11,Mobile,Standard,2026-02-22T19:01:11,Card Purchase,162.33,Retail,Unauthorised Transaction,Neutral,Partial,2,High,Fraud Review,In Investigation,2026-03-26T06:38:16,,72,3,1,1,4,Yes,No,No,Pending,0.00,,4.80,No,Valid
PFXC-000053,TXN-0001287,2025-10-10T14:27:19,Web,Standard,2025-08-16T20:16:19,Card Purchase,14.91,Subscription,Unauthorised Transaction,Frustrated,Complete,3,Standard,Fraud Review,Rejected,2025-10-11T10:03:25,2025-10-16T22:10:34,120,3,1,4,1,Yes,Yes,No,No Refund,0.00,151.72,19.60,Yes,Valid
PFXC-000054,TXN-0011961,2026-02-04T10:51:42,Web,Standard,2025-12-23T19:06:42,Direct Debit,41.29,Digital Services,Failed Payment,Neutral,Partial,2,Standard,Technical Support,In Triage,2026-02-05T01:38:56,,120,2,1,4,3,No,Yes,No,Pending,0.00,,14.79,No,Valid
PFXC-000055,TXN-0002414,2025-11-21T20:21:57,Mobile,Standard,2025-09-23T16:22:57,Wallet Payment,104.10,Subscription,Duplicate Debit,Distressed,Complete,4,Standard,Payment Operations,In Investigation,2025-11-22T12:29:04,,120,1,0,3,3,No,No,Yes,Pending,0.00,,16.12,No,Valid
PFXC-000056,TXN-0010354,2026-01-26T23:07:17,Mobile,Standard,2025-12-14T23:06:17,Bank Transfer,87.97,Travel,Duplicate Debit,Positive,Partial,1,Standard,Payment Operations,Pending Customer,2026-01-27T10:08:55,,120,2,1,1,1,No,No,No,Pending,0.00,,11.03,No,Valid
PFXC-000057,TXN-0004688,2025-12-01T13:28:39,Chat,Vulnerable Support,2025-11-16T15:39:39,Card Purchase,206.71,Cash Withdrawal,Incorrect Amount,Frustrated,Partial,2,Standard,Payment Operations,Resolved,2025-12-02T06:23:00,2025-12-07T01:23:31,120,1,0,4,2,No,No,No,Full Refund,206.71,131.91,16.91,Yes,Valid
PFXC-000058,TXN-0006078,2026-01-19T23:53:49,Mobile,Standard,2026-01-02T03:00:49,Cash Withdrawal,41.27,Retail,Duplicate Debit,Positive,Complete,3,Low,Payment Operations,Rejected,2026-01-21T05:24:56,2026-01-23T07:17:12,168,0,1,0,2,No,No,No,No Refund,0.00,79.39,29.52,No,Valid
PFXC-000059,TXN-0001967,2026-01-19T18:33:13,Web,Standard,2025-11-19T23:09:13,Bank Transfer,68.64,Retail,Delayed Refund,Frustrated,Partial,1,Standard,Payment Operations,Pending Approval,2026-01-20T16:13:26,,120,2,0,0,2,No,No,No,Pending,0.00,,21.67,No,Valid
PFXC-000060,TXN-0008616,2026-02-12T05:25:04,Call Centre,Standard,2025-12-17T11:58:04,Wallet Payment,317.88,Retail,Unauthorised Transaction,Frustrated,Complete,3,High,Fraud Review,Resolved,2026-02-12T12:10:52,2026-02-20T11:00:59,72,3,0,1,2,Yes,Yes,No,Fraud Referral,0.00,197.60,6.76,Yes,Valid
PFXC-000061,TXN-0009722,2025-03-19T19:01:30,Call Centre,Standard,2025-03-06T22:31:30,Card Purchase,51.32,Retail,Delayed Refund,Frustrated,Complete,2,Low,Payment Operations,In Triage,2025-03-20T17:55:00,,168,2,1,3,0,No,No,No,Pending,0.00,,22.89,No,Valid
PFXC-000062,TXN-0006034,2025-05-21T06:18:44,Web,Standard,2025-05-02T04:10:44,Bank Transfer,139.04,Travel,Unauthorised Transaction,Frustrated,Partial,1,High,Fraud Review,Rejected,2025-05-21T10:50:16,2025-05-29T14:38:53,72,2,1,4,3,Yes,Yes,No,No Refund,0.00,200.34,4.53,Yes,Valid
PFXC-000063,TXN-0007514,2025-10-31T10:41:22,Mobile,Standard,2025-10-09T10:06:22,Wallet Payment,48.75,Subscription,Duplicate Debit,Neutral,Complete,2,Standard,Payment Operations,Resolved,2025-11-01T00:07:58,2025-11-03T04:29:48,120,2,0,1,2,No,No,No,Full Refund,48.75,65.81,13.44,No,Valid
PFXC-000064,TXN-0004719,2025-01-26T12:13:57,Mobile,Standard,2024-12-06T01:05:57,Card Purchase,45.47,Subscription,Subscription Dispute,Distressed,Partial,1,Standard,Customer Service,Rejected,2025-01-26T21:54:42,2025-02-03T16:13:07,120,2,2,3,2,No,Yes,No,No Refund,0.00,195.99,9.68,Yes,Valid
PFXC-000065,TXN-0008244,2026-06-03T14:18:53,Web,Vulnerable Support,2026-05-06T04:14:53,Wallet Payment,63.44,Retail,Subscription Dispute,Neutral,Partial,2,Standard,Customer Service,Pending Merchant,2026-06-04T06:40:06,,120,2,0,1,2,No,No,No,Pending,0.00,,16.35,No,Valid
PFXC-000066,TXN-0004984,2026-05-26T17:09:48,Mobile,Assisted Digital,2026-05-18T19:34:48,Card Purchase,18.39,Travel,Delayed Refund,Frustrated,Complete,2,Standard,Payment Operations,Rejected,2026-05-27T17:13:40,2026-05-31T13:57:05,120,2,1,2,3,No,No,No,No Refund,0.00,116.79,24.06,No,Valid
PFXC-000067,TXN-0008131,2025-08-21T11:29:40,Web,Standard,2025-06-27T09:02:40,Card Purchase,116.43,Subscription,Delayed Refund,Distressed,Missing,0,Standard,Payment Operations,Pending Customer,2025-08-22T05:36:22,,120,0,2,2,4,No,No,No,Pending,0.00,,18.11,No,Valid
PFXC-000068,TXN-0004194,2025-09-16T03:13:05,Mobile,Standard,2025-07-29T02:56:05,Direct Debit,84.71,Retail,Subscription Dispute,Frustrated,Complete,3,Standard,Customer Service,Resolved,2025-09-17T01:14:58,2025-09-19T01:52:37,120,1,1,2,3,No,No,No,Full Refund,84.71,70.66,22.03,No,Valid
PFXC-000069,TXN-0001929,2025-03-30T09:33:50,Chat,Standard,2025-02-26T08:06:50,Card Purchase,61.53,Subscription,Incorrect Amount,Frustrated,Partial,1,Standard,Payment Operations,Cancelled,2025-03-31T06:29:40,2025-04-05T17:01:16,120,1,2,3,3,No,Yes,Yes,Customer Withdrawn,0.00,151.46,20.93,Yes,Valid
PFXC-000070,TXN-0002989,2025-04-10T18:32:04,Web,Standard,2025-03-04T22:43:04,Card Purchase,65.75,Retail,Unauthorised Transaction,Distressed,Missing,0,Standard,Fraud Review,Rejected,2025-04-11T10:15:44,2025-04-19T11:00:14,120,2,1,4,4,Yes,No,No,No Refund,0.00,208.47,15.73,Yes,Valid
PFXC-000071,TXN-0012388,2025-01-31T15:28:24,Call Centre,Standard,2025-01-12T17:46:24,Card Purchase,115.47,Subscription,Delayed Refund,Frustrated,Missing,0,Standard,Complaints,Rejected,2025-02-01T03:12:29,2025-02-09T20:53:54,120,3,2,4,2,No,No,Yes,No Refund,0.00,221.43,11.73,Yes,Valid
PFXC-000072,TXN-0010358,2025-04-13T00:11:29,Mobile,Assisted Digital,2025-03-11T22:38:29,Bank Transfer,89.60,Retail,Unauthorised Transaction,Frustrated,Missing,0,High,Fraud Review,Pending Approval,2025-04-13T05:58:17,,72,3,1,2,7,Yes,Yes,No,Pending,0.00,,5.78,No,Valid
PFXC-000073,TXN-0008112,2025-08-20T03:01:26,Mobile,Standard,2025-07-29T18:39:26,Direct Debit,24.46,Subscription,Unauthorised Transaction,Distressed,Partial,1,High,Customer Service,Resolved,2025-08-20T15:00:04,2025-08-27T15:16:44,72,2,2,3,3,No,Yes,Yes,Fraud Referral,0.00,180.26,11.98,Yes,Valid
PFXC-000074,TXN-0006064,2026-06-14T18:44:10,Chat,Standard,2026-05-10T22:14:10,Cash Withdrawal,29.71,Digital Services,Failed Payment,Neutral,Complete,4,Standard,Technical Support,In Triage,2026-06-15T21:42:05,,120,1,0,0,4,No,No,No,Pending,0.00,,26.97,No,Valid
PFXC-000075,TXN-0011243,2025-03-15T13:55:18,Web,Vulnerable Support,2025-02-12T18:47:18,Bank Transfer,526.26,Retail,Incorrect Amount,Neutral,Partial,2,Standard,Refund Approval,Resolved,2025-03-16T09:53:32,2025-03-20T10:24:05,120,3,1,1,1,No,No,No,Full Refund,526.26,116.48,19.97,No,Valid
PFXC-000076,TXN-0003086,2026-04-21T13:57:01,Email,Assisted Digital,2026-03-09T15:01:01,Cash Withdrawal,160.12,Travel,Other,Frustrated,Complete,3,Standard,Customer Service,Resolved,2026-04-22T05:05:01,2026-04-25T16:06:29,120,2,0,2,4,No,No,No,Full Refund,160.12,98.16,15.13,No,Valid
PFXC-000077,TXN-0003308,2025-06-07T01:03:06,Chat,Standard,2025-04-17T16:00:06,Card Purchase,37.50,Digital Services,Subscription Dispute,Frustrated,Partial,1,Standard,Customer Service,Rejected,2025-06-07T17:02:20,2025-06-12T04:23:53,120,0,0,2,1,No,No,Yes,No Refund,0.00,123.35,15.99,Yes,Valid
PFXC-000078,TXN-0010193,2026-04-10T01:25:55,Call Centre,Standard,2026-02-27T19:10:55,Direct Debit,1236.06,Cash Withdrawal,Incorrect Amount,Frustrated,Partial,1,High,Payment Operations,Rejected,2026-04-10T02:42:43,2026-04-15T11:21:23,72,2,1,3,2,No,Yes,No,No Refund,0.00,129.92,1.28,Yes,Valid
PFXC-000079,TXN-0004403,2025-10-07T02:38:23,Mobile,Standard,2025-08-17T04:17:23,Bank Transfer,26.82,Other,Merchant Non-confirmation,Distressed,Partial,1,Standard,Technical Support,Resolved,2025-10-08T00:06:38,2025-10-12T03:25:04,120,1,0,3,3,No,No,No,Full Refund,26.82,120.78,21.47,Yes,Valid
PFXC-000080,TXN-0010401,2026-03-28T10:20:20,Web,Standard,2026-02-15T02:42:20,Card Purchase,49.94,Other,Merchant Non-confirmation,Distressed,Partial,1,Standard,Technical Support,Rejected,2026-03-29T00:21:05,2026-04-02T18:27:29,120,2,0,2,3,No,No,Yes,No Refund,0.00,128.12,14.01,Yes,Valid
PFXC-000081,TXN-0002554,2025-08-20T18:47:53,Web,Standard,2025-07-30T05:51:53,Bank Transfer,103.37,Utilities,Cash Withdrawal Dispute,Frustrated,Complete,2,Standard,Customer Service,In Investigation,2025-08-21T16:34:09,,120,2,0,2,3,No,No,Yes,Pending,0.00,,21.77,No,Valid
PFXC-000082,TXN-0005820,2026-01-28T09:36:47,Web,Standard,2026-01-24T08:42:47,Bank Transfer,115.61,Retail,Unauthorised Transaction,Neutral,Partial,1,Standard,Customer Service,Resolved,2026-01-29T00:19:50,2026-02-02T15:55:50,120,0,1,1,3,No,Yes,No,Fraud Referral,0.00,126.32,14.72,Yes,Valid
PFXC-000083,TXN-0007576,2025-09-04T09:05:16,Mobile,Assisted Digital,2025-07-25T19:00:16,Card Purchase,48.69,Retail,Subscription Dispute,Frustrated,Complete,4,Standard,Refund Approval,Resolved,2025-09-05T03:10:10,2025-09-09T09:43:18,120,2,0,1,2,No,Yes,No,Partial Refund,19.13,120.63,18.08,Yes,Valid
PFXC-000084,TXN-0000015,2025-10-02T06:35:08,Mobile,Standard,2025-09-07T01:53:08,Bank Transfer,42.50,Retail,Unauthorised Transaction,Frustrated,Missing,0,High,Customer Service,Resolved,2025-10-02T14:19:19,2025-10-09T09:38:22,72,1,1,3,3,No,No,No,Full Refund,42.50,171.05,7.74,Yes,Valid
PFXC-000085,TXN-0007718,2026-06-03T17:47:47,Mobile,Standard,2026-04-10T21:09:47,Wallet Payment,33.58,Travel,Unauthorised Transaction,Distressed,Partial,2,Standard,Customer Service,Resolved,2026-06-04T09:27:05,2026-06-11T05:06:33,120,1,0,2,3,No,Yes,No,Fraud Referral,0.00,179.31,15.66,Yes,Valid
PFXC-000086,TXN-0003282,2025-06-25T17:14:57,Web,Standard,2025-05-24T15:14:57,Wallet Payment,61.98,Retail,Cash Withdrawal Dispute,Distressed,Complete,4,High,Fraud Review,Rejected,2025-06-25T17:58:27,2025-07-05T06:30:16,72,4,0,3,3,Yes,Yes,Yes,No Refund,0.00,229.26,0.73,Yes,Valid
PFXC-000087,TXN-0003572,2025-04-30T04:08:33,Web,Standard,2025-03-31T06:44:33,Bank Transfer,166.88,Retail,Subscription Dispute,Neutral,Complete,4,Standard,Customer Service,Resolved,2025-04-30T20:27:03,2025-05-03T11:17:42,120,1,0,0,3,No,No,No,Full Refund,166.88,79.15,16.31,No,Valid
PFXC-000088,TXN-0010112,2025-04-16T16:21:57,Chat,Standard,2025-04-11T04:15:57,Card Purchase,17.87,Travel,Delayed Refund,Frustrated,Partial,1,Low,Payment Operations,Resolved,2025-04-17T20:31:31,2025-04-21T23:08:09,168,0,1,2,2,No,No,Yes,Full Refund,17.87,126.77,28.16,No,Valid
PFXC-000089,TXN-0007874,2026-01-09T00:56:31,Mobile,Standard,2026-01-01T15:11:31,Card Purchase,160.06,Utilities,Other,Distressed,Complete,3,Standard,Fraud Review,Awaiting Evidence,2026-01-10T02:10:32,,120,3,0,2,3,Yes,Yes,No,Pending,0.00,,25.23,No,Valid
PFXC-000090,TXN-0005723,2025-12-09T23:52:32,Mobile,Assisted Digital,2025-11-22T09:18:32,Card Purchase,235.83,Travel,Unauthorised Transaction,Frustrated,Complete,2,Standard,Customer Service,Rejected,2025-12-10T22:49:53,2025-12-14T00:34:38,120,2,0,2,1,No,No,No,No Refund,0.00,96.70,22.96,No,Valid
PFXC-000091,TXN-0011273,2025-04-14T19:29:01,Chat,Vulnerable Support,2025-03-28T06:39:01,Cash Withdrawal,34.18,Subscription,Duplicate Debit,Frustrated,Complete,4,Standard,Payment Operations,Rejected,2025-04-15T12:54:04,2025-04-18T18:03:08,120,2,0,2,2,No,No,No,No Refund,0.00,94.57,17.42,No,Valid
PFXC-000092,TXN-0011862,2026-06-03T18:59:09,Email,Standard,2026-05-14T21:04:09,Card Purchase,15.22,Utilities,Subscription Dispute,Neutral,Complete,4,Standard,Customer Service,Cancelled,2026-06-04T06:38:47,2026-06-06T16:55:51,120,1,0,0,2,No,No,No,Customer Withdrawn,0.00,69.95,11.66,No,Valid
PFXC-000093,TXN-0004756,2025-01-05T21:39:45,Call Centre,Standard,2024-11-30T20:11:45,Card Purchase,130.32,Retail,Unauthorised Transaction,Distressed,Complete,2,Standard,Fraud Review,Rejected,2025-01-06T03:29:39,2025-01-12T15:07:30,120,2,0,1,3,Yes,No,Yes,No Refund,0.00,161.46,5.83,Yes,Valid
PFXC-000094,TXN-0001480,2025-09-27T23:28:41,Web,Standard,2025-09-20T22:22:41,Card Purchase,353.66,Cash Withdrawal,Failed Payment,Neutral,Complete,4,Standard,Technical Support,Rejected,2025-09-28T19:00:27,2025-10-01T04:25:51,120,1,0,3,3,No,No,No,No Refund,0.00,76.95,19.53,No,Valid
PFXC-000095,TXN-0000440,2025-11-05T00:49:03,Email,Standard,2025-10-17T06:44:03,Card Purchase,65.18,Retail,Unauthorised Transaction,Neutral,Partial,2,High,Customer Service,Pending Approval,2025-11-05T05:52:52,,72,3,0,1,2,No,No,No,Pending,0.00,,5.06,No,Valid
PFXC-000096,TXN-0011716,2025-10-25T18:39:41,Web,Standard,2025-10-06T23:50:41,Wallet Payment,163.05,Utilities,Merchant Non-confirmation,Positive,Complete,3,Standard,Technical Support,Resolved,2025-10-26T10:46:29,2025-10-30T12:11:05,120,1,0,0,2,No,No,No,Full Refund,163.05,113.52,16.11,No,Valid
PFXC-000097,TXN-0011726,2025-10-08T18:58:53,Web,Standard,2025-08-24T23:06:53,Direct Debit,32.23,Retail,Duplicate Debit,Frustrated,Complete,4,Standard,Payment Operations,Resolved,2025-10-09T11:14:24,2025-10-13T20:56:52,120,1,1,2,3,No,Yes,Yes,Full Refund,32.23,121.97,16.26,Yes,Valid
PFXC-000098,TXN-0003125,2026-01-03T04:09:51,Web,Standard,2025-12-19T17:17:51,Card Purchase,315.81,Travel,Unauthorised Transaction,Frustrated,Complete,2,High,Customer Service,Resolved,2026-01-03T16:37:53,2026-01-06T10:29:29,72,0,0,1,3,No,No,Yes,Partial Refund,185.21,78.33,12.47,Yes,Valid
PFXC-000099,TXN-0003747,2025-09-17T06:09:50,Web,Standard,2025-08-03T16:55:50,Card Purchase,31.47,Travel,Incorrect Amount,Frustrated,Complete,2,Standard,Payment Operations,Awaiting Evidence,2025-09-17T22:37:17,,120,1,0,2,0,No,No,Yes,Pending,0.00,,16.46,No,Valid
PFXC-000100,TXN-0008203,2025-05-03T15:18:57,Call Centre,Assisted Digital,2025-04-21T07:28:57,Wallet Payment,28.72,Digital Services,Other,Frustrated,Partial,2,Standard,Customer Service,Pending Customer,2025-05-04T06:08:36,,120,2,1,2,5,No,Yes,No,Pending,0.00,,14.83,No,Valid
PFXC-000101,TXN-0011656,2025-06-12T02:38:53,Chat,Standard,2025-05-28T01:55:53,Card Purchase,76.42,Other,Incorrect Amount,Frustrated,Complete,2,Standard,Payment Operations,Resolved,2025-06-12T16:23:12,2025-06-14T12:15:09,120,1,1,2,3,No,No,No,Full Refund,76.42,57.60,13.74,No,Valid
PFXC-000102,TXN-0009554,2025-10-02T09:14:57,Mobile,Standard,2025-09-14T15:42:57,Direct Debit,21.71,Travel,Delayed Refund,Neutral,Complete,3,Standard,Payment Operations,Resolved,2025-10-02T20:03:48,2025-10-06T13:27:22,120,1,0,1,4,No,No,Yes,Full Refund,21.71,100.21,10.81,No,Valid
PFXC-000103,TXN-0006431,2025-09-05T04:46:25,Web,Standard,2025-08-18T23:58:25,Bank Transfer,57.80,Utilities,Failed Payment,Distressed,Missing,0,Standard,Technical Support,Resolved,2025-09-06T01:33:03,2025-09-12T21:13:58,120,1,1,2,3,No,No,No,Full Refund,57.80,184.46,20.78,Yes,Valid
PFXC-000104,TXN-0010515,2025-02-18T06:42:44,Mobile,Vulnerable Support,2025-01-31T16:45:44,Wallet Payment,13.40,Utilities,Subscription Dispute,Neutral,Complete,4,Standard,Customer Service,Rejected,2025-02-18T18:13:10,2025-02-22T22:48:12,120,1,1,1,4,No,No,No,No Refund,0.00,112.09,11.51,No,Valid
PFXC-000105,TXN-0000986,2025-10-26T23:40:21,Chat,Standard,2025-10-20T17:53:21,Card Purchase,28.01,Retail,Cash Withdrawal Dispute,Frustrated,Missing,0,Standard,Fraud Review,Resolved,2025-10-27T15:10:32,2025-11-07T20:32:33,120,1,2,2,4,Yes,No,Yes,Full Refund,28.01,284.87,15.50,Yes,Valid
PFXC-000106,TXN-0002529,2025-08-04T00:22:53,Mobile,Standard,2025-06-19T06:08:53,Card Purchase,97.84,Travel,Unauthorised Transaction,Distressed,Partial,2,Standard,Fraud Review,Resolved,2025-08-05T01:56:53,2025-08-12T09:12:47,120,3,0,2,5,Yes,No,No,Full Refund,97.84,200.83,25.57,Yes,Valid
PFXC-000107,TXN-0009490,2026-03-22T05:09:27,Web,Standard,2026-03-02T23:52:27,Bank Transfer,35.42,Retail,Incorrect Amount,Distressed,Missing,0,Standard,Payment Operations,Resolved,2026-03-23T03:04:29,2026-03-27T23:28:59,120,2,0,3,2,No,Yes,Yes,Partial Refund,24.32,138.33,21.92,Yes,Valid
PFXC-000108,TXN-0008233,2026-05-16T12:31:57,Web,Standard,2026-04-17T00:13:57,Card Purchase,41.31,Retail,Merchant Non-confirmation,Distressed,Partial,1,Standard,Technical Support,Rejected,2026-05-17T04:18:28,2026-05-23T10:12:38,120,1,0,2,4,No,No,Yes,No Refund,0.00,165.68,15.78,Yes,Valid
PFXC-000109,TXN-0007755,2025-06-22T00:55:42,Web,Standard,2025-06-08T05:47:42,Bank Transfer,9.32,Cash Withdrawal,Delayed Refund,Frustrated,Complete,3,Standard,Payment Operations,Resolved,2025-06-22T15:33:07,2025-06-25T17:00:57,120,1,0,1,2,No,No,No,Full Refund,9.32,88.09,14.62,No,Valid
PFXC-000110,TXN-0007168,2025-03-19T15:34:16,Web,Standard,2025-02-24T01:57:16,Cash Withdrawal,64.16,Digital Services,Other,Distressed,Complete,3,Standard,Customer Service,Cancelled,2025-03-20T14:42:06,2025-03-25T01:50:58,120,3,1,4,3,No,No,Yes,Customer Withdrawn,0.00,130.28,23.13,Yes,Valid
PFXC-000111,TXN-0008488,2025-10-30T19:19:22,Call Centre,Standard,2025-10-06T02:53:22,Card Purchase,52.62,Digital Services,Unauthorised Transaction,Distressed,Missing,0,Standard,Fraud Review,Resolved,2025-10-31T19:35:19,2025-11-10T18:53:56,120,4,1,3,2,Yes,Yes,No,Fraud Referral,0.00,263.58,24.27,Yes,Valid
PFXC-000112,TXN-0011809,2025-09-13T20:01:36,Email,Standard,2025-07-30T13:28:36,Card Purchase,73.35,Travel,Duplicate Debit,Neutral,Complete,4,Standard,Refund Approval,Resolved,2025-09-14T07:05:15,2025-09-18T05:17:12,120,1,1,1,3,No,No,No,Full Refund,73.35,105.26,11.06,No,Valid
PFXC-000113,TXN-0009581,2025-11-10T08:35:37,Web,Standard,2025-10-20T04:04:37,Direct Debit,27.11,Cash Withdrawal,Incorrect Amount,Neutral,Complete,4,Low,Fraud Review,Resolved,2025-11-11T10:46:24,2025-11-14T01:27:03,168,1,0,1,4,Yes,No,Yes,Full Refund,27.11,88.86,26.18,No,Valid
PFXC-000114,TXN-0012044,2025-01-06T02:39:10,Mobile,Assisted Digital,2024-12-21T10:04:10,Bank Transfer,16.89,Digital Services,Delayed Refund,Frustrated,Complete,3,Standard,Payment Operations,Resolved,2025-01-07T02:00:59,2025-01-10T01:05:31,120,2,0,1,2,No,No,No,Full Refund,16.89,94.44,23.36,No,Valid
PFXC-000115,TXN-0004471,2025-05-02T07:29:47,Web,Standard,2025-04-09T02:02:47,Bank Transfer,30.50,Cash Withdrawal,Delayed Refund,Frustrated,Missing,0,Standard,Payment Operations,Resolved,2025-05-02T19:31:05,2025-05-10T04:46:55,120,2,2,4,4,No,No,No,Full Refund,30.50,189.29,12.02,Yes,Valid
PFXC-000116,TXN-0002820,2025-05-15T11:42:08,Email,Assisted Digital,2025-03-26T10:26:08,Wallet Payment,61.43,Retail,Failed Payment,Distressed,Partial,2,Standard,Technical Support,Rejected,2025-05-16T10:16:43,2025-05-20T18:35:32,120,2,2,4,2,No,No,Yes,No Refund,0.00,126.89,22.58,Yes,Valid
PFXC-000117,TXN-0000396,2026-05-24T00:53:31,Web,Standard,2026-04-30T09:30:31,Card Purchase,34.39,Retail,Delayed Refund,Frustrated,Partial,2,Standard,Payment Operations,Rejected,2026-05-25T01:38:22,2026-05-28T23:35:25,120,2,1,3,2,No,No,Yes,No Refund,0.00,118.70,24.75,No,Valid
PFXC-000118,TXN-0011254,2025-03-15T22:47:31,Email,Assisted Digital,2025-03-08T01:44:31,Direct Debit,29.25,Cash Withdrawal,Duplicate Debit,Positive,Complete,4,Low,Fraud Review,Resolved,2025-03-17T08:28:05,2025-03-21T15:30:15,168,3,1,1,3,Yes,No,No,Fraud Referral,0.00,136.71,33.68,No,Valid
PFXC-000119,TXN-0009248,2026-03-13T04:47:44,Web,Standard,2026-03-06T09:36:44,Card Purchase,117.42,Utilities,Unauthorised Transaction,Neutral,Complete,2,Standard,Customer Service,Resolved,2026-03-14T03:10:14,2026-03-16T20:46:49,120,0,0,0,2,No,No,No,Partial Refund,75.54,87.98,22.38,No,Valid
PFXC-000120,TXN-0005510,2025-08-23T23:38:59,Mobile,Standard,2025-07-26T14:32:59,Bank Transfer,197.53,Subscription,Unauthorised Transaction,Frustrated,Partial,2,High,Fraud Review,Rejected,2025-08-24T12:26:29,2025-09-02T01:16:51,72,2,0,0,5,Yes,Yes,No,No Refund,0.00,217.63,12.79,Yes,Valid
PFXC-000121,TXN-0008943,2026-01-09T18:22:07,Web,Assisted Digital,2025-12-07T15:50:07,Card Purchase,17.96,Digital Services,Merchant Non-confirmation,Positive,Complete,4,Standard,Technical Support,Pending Customer,2026-01-10T20:24:48,,120,2,0,1,2,No,No,No,Pending,0.00,,26.04,No,Valid
PFXC-000122,TXN-0002014,2025-11-05T15:07:57,Web,Standard,2025-10-16T03:37:57,Card Purchase,32.74,Utilities,Failed Payment,Frustrated,Complete,2,Standard,Technical Support,Rejected,2025-11-06T08:27:52,2025-11-08T10:44:33,120,0,1,2,2,No,No,No,No Refund,0.00,67.61,17.33,No,Valid
PFXC-000123,TXN-0005780,2025-01-18T17:07:32,Mobile,Standard,2024-12-26T22:23:32,Card Purchase,197.25,Travel,Duplicate Debit,Frustrated,Missing,0,Standard,Payment Operations,Resolved,2025-01-19T09:26:43,2025-01-24T19:10:30,120,2,2,4,5,No,Yes,No,Full Refund,197.25,146.05,16.32,Yes,Valid
PFXC-000124,TXN-0006099,2026-01-30T14:24:45,Mobile,Standard,2026-01-13T22:46:45,Cash Withdrawal,113.40,Retail,Subscription Dispute,Frustrated,Complete,4,Low,Customer Service,Cancelled,2026-01-31T14:40:57,2026-02-03T23:39:39,168,0,1,2,3,No,No,Yes,Customer Withdrawn,0.00,105.25,24.27,No,Valid
PFXC-000125,TXN-0007394,2026-05-22T08:10:57,Web,Standard,2026-04-13T15:41:57,Direct Debit,19.98,Retail,Merchant Non-confirmation,Neutral,Partial,2,Standard,Technical Support,In Investigation,2026-05-23T01:47:29,,120,1,1,1,3,No,No,No,Pending,0.00,,17.61,No,Valid
PFXC-000126,TXN-0006626,2025-06-28T09:31:39,Call Centre,Standard,2025-05-26T18:06:39,Bank Transfer,127.07,Other,Failed Payment,Frustrated,Missing,0,Standard,Complaints,Resolved,2025-06-29T09:59:12,2025-07-04T10:06:37,120,0,1,3,2,No,Yes,Yes,Full Refund,127.07,144.58,24.46,Yes,Valid
PFXC-000127,TXN-0006124,2026-04-15T00:05:16,Mobile,Standard,2026-04-05T19:17:16,Card Purchase,20.59,Travel,Duplicate Debit,Frustrated,Complete,4,Low,Payment Operations,Resolved,2026-04-16T09:38:20,2026-04-18T12:17:57,168,3,0,2,1,No,No,No,Full Refund,20.59,84.21,33.55,No,Valid
PFXC-000128,TXN-0010609,2025-05-10T20:40:19,Call Centre,Standard,2025-04-28T20:46:19,Bank Transfer,186.16,Utilities,Failed Payment,Frustrated,Partial,1,Low,Technical Support,Rejected,2025-05-12T02:33:00,2025-05-14T22:03:10,168,2,0,3,1,No,No,No,No Refund,0.00,97.38,29.88,No,Valid
PFXC-000129,TXN-0002612,2026-03-14T11:25:05,Mobile,Standard,2026-01-30T04:14:05,Wallet Payment,91.98,Other,Subscription Dispute,Neutral,Complete,4,Standard,Customer Service,Rejected,2026-03-15T04:10:13,2026-03-16T22:44:53,120,0,0,1,1,No,No,No,No Refund,0.00,59.33,16.75,No,Valid
PFXC-000130,TXN-0002656,2026-02-10T20:52:44,Call Centre,Standard,2025-12-12T05:45:44,Wallet Payment,78.59,Other,Cash Withdrawal Dispute,Frustrated,Complete,4,Standard,Fraud Review,Resolved,2026-02-11T16:28:03,2026-02-20T16:21:14,120,3,1,2,4,Yes,Yes,No,Fraud Referral,0.00,235.48,19.59,Yes,Valid
PFXC-000131,TXN-0002549,2025-06-11T12:21:41,Web,Standard,2025-05-24T23:45:41,Bank Transfer,101.83,Utilities,Unauthorised Transaction,Distressed,Complete,4,High,Customer Service,Rejected,2025-06-11T19:23:31,2025-06-17T16:25:45,72,2,2,6,2,No,Yes,Yes,No Refund,0.00,148.07,7.03,Yes,Valid
PFXC-000132,TXN-0003779,2025-07-15T00:29:12,Mobile,Standard,2025-06-29T15:06:12,Direct Debit,182.22,Retail,Failed Payment,Frustrated,Partial,1,Standard,Technical Support,Rejected,2025-07-15T11:14:03,2025-07-18T23:18:29,120,2,0,4,3,No,No,No,No Refund,0.00,94.82,10.75,No,Valid
PFXC-000133,TXN-0012127,2025-11-13T10:47:26,Web,Standard,2025-10-13T17:59:26,Direct Debit,171.37,Retail,Unauthorised Transaction,Distressed,Complete,3,High,Fraud Review,Resolved,2025-11-14T01:36:51,2025-11-20T13:35:36,72,2,1,4,3,Yes,Yes,Yes,Full Refund,171.37,170.80,14.82,Yes,Valid
PFXC-000134,TXN-0004004,2026-06-14T19:08:52,Web,Vulnerable Support,2026-04-19T01:58:52,Card Purchase,376.31,Travel,Cash Withdrawal Dispute,Frustrated,Missing,0,Urgent,Customer Service,Rejected,2026-06-14T19:23:52,2026-06-21T15:15:26,24,1,1,3,4,No,No,No,No Refund,0.00,164.11,0.25,Yes,Valid
PFXC-000135,TXN-0012388,2025-02-27T10:58:34,Web,Standard,2025-01-29T03:33:34,Direct Debit,10.48,Travel,Failed Payment,Neutral,Complete,3,Standard,Technical Support,Rejected,2025-02-28T02:24:34,2025-03-02T07:05:08,120,1,0,1,2,No,Yes,No,No Refund,0.00,68.11,15.43,No,Valid
PFXC-000136,TXN-0009876,2025-09-22T03:00:31,Mobile,Standard,2025-09-13T22:34:31,Wallet Payment,115.13,Retail,Unauthorised Transaction,Frustrated,Complete,3,High,Fraud Review,Rejected,2025-09-22T15:28:27,2025-10-01T13:38:17,72,4,0,2,4,Yes,No,No,No Refund,0.00,226.63,12.47,Yes,Valid
PFXC-000137,TXN-0000684,2026-01-13T14:05:35,Call Centre,Standard,2025-11-28T03:00:35,Wallet Payment,7.75,Utilities,Subscription Dispute,Positive,Partial,2,Standard,Customer Service,Pending Customer,2026-01-14T04:16:42,,120,2,0,0,4,No,No,No,Pending,0.00,,14.19,No,Valid
PFXC-000138,TXN-0002276,2025-02-24T02:52:57,Web,Standard,2025-01-22T18:59:57,Card Purchase,42.69,Retail,Duplicate Debit,Neutral,Complete,4,Low,Payment Operations,Resolved,2025-02-25T04:13:01,2025-02-26T16:19:46,168,1,0,1,1,No,No,No,Full Refund,42.69,61.45,25.33,No,Valid
PFXC-000139,TXN-0009617,2025-05-05T00:11:59,Chat,Standard,2025-04-01T00:34:59,Bank Transfer,49.28,Retail,Failed Payment,Neutral,Complete,4,Standard,Technical Support,Rejected,2025-05-05T17:42:09,2025-05-07T13:53:58,120,2,0,2,2,No,No,No,No Refund,0.00,61.70,17.50,No,Valid
PFXC-000140,TXN-0004810,2025-08-25T10:30:29,Call Centre,Standard,2025-07-10T16:08:29,Bank Transfer,149.40,Retail,Duplicate Debit,Frustrated,Partial,2,Standard,Payment Operations,Rejected,2025-08-26T09:14:23,2025-08-31T17:51:32,120,2,1,3,3,No,Yes,Yes,No Refund,0.00,151.35,22.73,Yes,Valid
PFXC-000141,TXN-0003148,2025-03-19T16:32:24,Call Centre,Standard,2025-03-02T11:31:24,Card Purchase,7.39,Digital Services,Unauthorised Transaction,Distressed,Partial,2,Standard,Fraud Review,Resolved,2025-03-20T10:56:18,2025-03-28T20:46:16,120,3,2,3,4,Yes,Yes,Yes,Fraud Referral,0.00,220.23,18.40,Yes,Valid
PFXC-000142,TXN-0001628,2025-07-14T10:45:47,Web,Standard,2025-06-23T04:19:47,Card Purchase,57.94,Other,Delayed Refund,Distressed,Complete,2,Standard,Payment Operations,Rejected,2025-07-15T00:30:10,2025-07-20T09:48:32,120,2,0,3,3,No,Yes,Yes,No Refund,0.00,143.05,13.74,Yes,Valid
PFXC-000143,TXN-0010272,2025-09-10T08:28:24,Web,Assisted Digital,2025-08-06T10:30:24,Card Purchase,492.39,Travel,Unauthorised Transaction,Distressed,Partial,1,High,Fraud Review,Resolved,2025-09-10T18:14:28,2025-09-17T22:31:32,72,2,0,3,4,Yes,No,No,Fraud Referral,0.00,182.05,9.77,Yes,Valid
PFXC-000144,TXN-0008042,2025-07-01T02:03:21,Web,Standard,2025-06-28T19:48:21,Bank Transfer,263.07,Digital Services,Merchant Non-confirmation,Distressed,Partial,2,Standard,Technical Support,Resolved,2025-07-01T16:06:05,2025-07-09T02:08:03,120,2,2,5,2,No,Yes,No,Full Refund,263.07,192.08,14.05,Yes,Valid
PFXC-000145,TXN-0010765,2026-04-23T03:40:51,Call Centre,Standard,2026-03-24T04:40:51,Bank Transfer,96.07,Retail,Unauthorised Transaction,Neutral,Partial,1,Standard,Customer Service,Rejected,2026-04-23T12:08:08,2026-04-27T13:52:38,120,0,0,2,2,No,No,No,No Refund,0.00,106.20,8.45,No,Valid
PFXC-000146,TXN-0010830,2025-04-30T12:14:16,Chat,Standard,2025-03-27T20:44:16,Bank Transfer,10.11,Utilities,Delayed Refund,Neutral,Complete,3,Standard,Complaints,Rejected,2025-05-01T05:06:43,2025-05-02T15:37:12,120,1,0,1,3,No,No,Yes,No Refund,0.00,51.38,16.87,No,Valid
PFXC-000147,TXN-0012059,2026-01-10T10:09:30,Email,Standard,2025-11-18T13:34:30,Card Purchase,56.60,Digital Services,Delayed Refund,Frustrated,Missing,0,Standard,Payment Operations,Pending Customer,2026-01-11T05:51:52,,120,1,1,1,4,No,No,No,Pending,0.00,,19.71,No,Valid
PFXC-000148,TXN-0001854,2026-04-30T22:50:56,Call Centre,Standard,2026-03-11T07:44:56,Card Purchase,27.02,Subscription,Cash Withdrawal Dispute,Distressed,Partial,2,Standard,Fraud Review,Rejected,2026-05-01T16:47:19,2026-05-10T07:36:29,120,2,1,4,3,Yes,No,No,No Refund,0.00,224.76,17.94,Yes,Valid
PFXC-000149,TXN-0002068,2025-12-20T10:51:16,Email,Standard,2025-11-26T11:49:16,Card Purchase,132.37,Retail,Delayed Refund,Frustrated,Missing,0,Standard,Payment Operations,Rejected,2025-12-21T08:54:11,2025-12-28T18:50:37,120,2,1,6,2,No,Yes,No,No Refund,0.00,199.99,22.05,Yes,Valid
PFXC-000150,TXN-0000501,2026-02-10T01:35:02,Web,Standard,2026-01-29T10:26:02,Card Purchase,234.13,Retail,Failed Payment,Neutral,Partial,1,Standard,Technical Support,Cancelled,2026-02-10T19:57:12,2026-02-12T11:17:45,120,0,0,1,2,No,No,No,Customer Withdrawn,0.00,57.71,18.37,No,Valid
PFXC-000151,TXN-0005195,2025-11-02T01:23:52,Web,Standard,2025-09-07T11:06:52,Card Purchase,74.75,Cash Withdrawal,Duplicate Debit,Neutral,Complete,4,Standard,Payment Operations,Resolved,2025-11-02T21:45:56,2025-11-06T05:17:52,120,2,0,1,3,No,No,No,Full Refund,74.75,99.90,20.37,No,Valid
PFXC-000152,TXN-0006684,2025-05-17T16:05:20,Mobile,Standard,2025-03-18T13:41:20,Card Purchase,9.84,Utilities,Merchant Non-confirmation,Frustrated,Complete,4,Standard,Fraud Review,Resolved,2025-05-18T10:51:02,2025-05-25T00:33:51,120,3,0,3,2,Yes,No,No,Fraud Referral,0.00,176.48,18.76,Yes,Valid
PFXC-000153,TXN-0010816,2025-11-27T07:49:42,Mobile,Standard,2025-11-10T10:49:42,Bank Transfer,17.19,Other,Unauthorised Transaction,Frustrated,Complete,3,Standard,Customer Service,Resolved,2025-11-28T07:52:54,2025-11-30T07:42:36,120,1,0,2,3,No,No,No,Full Refund,17.19,71.88,24.05,No,Valid
PFXC-000154,TXN-0010909,2026-03-02T21:35:06,Web,Standard,2026-01-18T22:46:06,Card Purchase,21.35,Subscription,Failed Payment,Frustrated,Complete,2,Standard,Technical Support,Rejected,2026-03-03T15:43:29,2026-03-05T11:47:21,120,2,0,2,3,No,No,Yes,No Refund,0.00,62.20,18.14,No,Valid
PFXC-000155,TXN-0010719,2026-06-18T23:58:48,Web,Standard,2026-06-07T06:30:48,Bank Transfer,25.55,Subscription,Unauthorised Transaction,Frustrated,Complete,3,Standard,Customer Service,Resolved,2026-06-19T19:40:08,2026-06-25T05:58:16,120,2,0,2,4,No,Yes,No,Partial Refund,19.99,149.99,19.69,Yes,Valid
PFXC-000156,TXN-0007632,2025-06-08T05:18:46,Mobile,Standard,2025-04-08T10:47:46,Bank Transfer,42.08,Utilities,Duplicate Debit,Distressed,Complete,3,Standard,Fraud Review,Rejected,2025-06-08T18:15:50,2025-06-12T15:31:04,120,2,0,2,3,Yes,No,No,No Refund,0.00,106.21,12.95,No,Valid
PFXC-000157,TXN-0000050,2026-06-23T15:59:36,Web,Standard,2026-06-17T12:09:36,Bank Transfer,62.22,Other,Incorrect Amount,Neutral,Partial,1,Standard,Payment Operations,Pending Approval,2026-06-24T17:08:51,,120,1,1,1,3,No,No,No,Pending,0.00,,25.15,No,Valid
PFXC-000158,TXN-0008429,2026-05-05T10:49:31,Mobile,Standard,2026-04-03T08:36:31,Card Purchase,126.27,Other,Unauthorised Transaction,Frustrated,Partial,2,High,Customer Service,Rejected,2026-05-05T19:09:15,2026-05-10T17:20:03,72,1,1,3,4,No,No,No,No Refund,0.00,126.51,8.33,Yes,Valid
PFXC-000159,TXN-0010964,2026-02-06T09:26:10,Web,Standard,2026-01-11T23:06:10,Wallet Payment,225.83,Subscription,Other,Frustrated,Partial,2,Standard,Customer Service,Rejected,2026-02-06T23:48:13,2026-02-13T05:11:14,120,1,1,4,2,No,Yes,No,No Refund,0.00,163.75,14.37,Yes,Valid
PFXC-000160,TXN-0008832,2025-02-16T05:33:55,Mobile,Standard,2025-01-16T09:50:55,Wallet Payment,100.78,Retail,Merchant Non-confirmation,Distressed,Missing,0,Standard,Refund Approval,Resolved,2025-02-16T17:34:10,2025-02-24T21:54:21,120,1,2,4,2,No,Yes,No,Partial Refund,35.52,208.34,12.00,Yes,Valid
PFXC-000161,TXN-0009641,2025-11-04T13:51:40,Chat,Standard,2025-10-05T08:34:40,Cash Withdrawal,54.89,Utilities,Other,Neutral,Complete,4,Standard,Customer Service,Cancelled,2025-11-05T09:48:46,2025-11-09T09:13:21,120,1,0,0,3,No,No,No,Customer Withdrawn,0.00,115.36,19.95,No,Valid
PFXC-000162,TXN-0011518,2025-10-18T20:54:35,Call Centre,Standard,2025-09-10T20:30:35,Card Purchase,50.07,Retail,Merchant Non-confirmation,Neutral,Complete,3,Standard,Technical Support,In Investigation,2025-10-19T10:20:49,,120,1,0,0,1,No,No,No,Pending,0.00,,13.44,No,Valid
PFXC-000163,TXN-0006588,2025-07-10T09:59:32,Web,Standard,2025-06-10T15:35:32,Wallet Payment,343.76,Subscription,Merchant Non-confirmation,Frustrated,Complete,4,Standard,Technical Support,Rejected,2025-07-11T05:39:31,2025-07-17T00:55:21,120,2,1,4,2,No,No,Yes,No Refund,0.00,158.93,19.67,Yes,Valid
PFXC-000164,TXN-0010569,2025-10-18T10:44:16,Web,Standard,2025-10-02T00:34:16,Direct Debit,37.96,Retail,Delayed Refund,Frustrated,Partial,1,Standard,Payment Operations,Resolved,2025-10-19T03:02:18,2025-10-24T16:06:14,120,2,1,3,3,No,No,No,Full Refund,37.96,149.37,16.30,Yes,Valid
PFXC-000165,TXN-0001013,2025-11-29T08:56:08,Mobile,Standard,2025-11-11T16:08:08,Direct Debit,43.01,Subscription,Failed Payment,Frustrated,Missing,0,Standard,Technical Support,Rejected,2025-11-30T04:02:35,2025-12-04T20:15:04,120,1,0,3,4,No,No,Yes,No Refund,0.00,131.32,19.11,Yes,Valid
PFXC-000166,TXN-0005373,2025-03-27T01:31:23,Chat,Assisted Digital,2025-03-17T02:43:23,Wallet Payment,174.43,Subscription,Unauthorised Transaction,Frustrated,Partial,2,Standard,Refund Approval,Resolved,2025-03-27T19:39:12,2025-04-02T11:32:52,120,0,2,3,3,No,No,No,Partial Refund,54.71,154.02,18.13,Yes,Valid
PFXC-000167,TXN-0006972,2026-03-23T14:20:20,Web,Standard,2026-02-14T19:42:20,Bank Transfer,55.73,Digital Services,Duplicate Debit,Frustrated,Complete,4,Standard,Refund Approval,Resolved,2026-03-24T08:30:31,2026-03-26T15:53:53,120,1,1,2,1,No,No,No,Full Refund,55.73,73.56,18.17,No,Valid
PFXC-000168,TXN-0006065,2025-11-13T04:28:50,Chat,Standard,2025-09-19T20:21:50,Card Purchase,91.94,Cash Withdrawal,Unauthorised Transaction,Frustrated,Partial,2,Standard,Fraud Review,Resolved,2025-11-13T21:58:09,2025-11-22T07:04:05,120,3,1,5,4,Yes,No,No,Fraud Referral,0.00,218.59,17.49,Yes,Valid
PFXC-000169,TXN-0009972,2026-02-28T22:40:49,Call Centre,Standard,2026-02-01T05:28:49,Card Purchase,12.68,Travel,Unauthorised Transaction,Neutral,Complete,4,Standard,Customer Service,Rejected,2026-03-01T15:41:37,2026-03-05T16:52:01,120,1,0,1,3,No,No,No,No Refund,0.00,114.19,17.01,No,Valid
PFXC-000170,TXN-0000065,2026-05-04T13:15:30,Mobile,Standard,2026-04-16T15:02:30,Card Purchase,158.27,Retail,Merchant Non-confirmation,Frustrated,Partial,2,Standard,Technical Support,Resolved,2026-05-05T07:28:11,2026-05-11T21:23:12,120,2,0,3,1,No,Yes,Yes,Partial Refund,76.40,176.13,18.21,Yes,Valid
PFXC-000171,TXN-0008703,2025-06-27T04:04:43,Web,Standard,2025-06-14T00:30:43,Card Purchase,91.75,Retail,Duplicate Debit,Positive,Complete,3,Standard,Payment Operations,Resolved,2025-06-27T17:42:27,2025-06-29T19:30:48,120,0,0,1,2,No,Yes,No,Full Refund,91.75,63.43,13.63,No,Valid
PFXC-000172,TXN-0005622,2025-04-27T10:16:41,Call Centre,Standard,2025-03-10T17:33:41,Direct Debit,109.71,Travel,Subscription Dispute,Neutral,Partial,2,Low,Customer Service,Pending Approval,2025-04-28T09:13:06,,168,2,1,1,2,No,No,No,Pending,0.00,,22.94,No,Valid
PFXC-000173,TXN-0005945,2026-01-15T13:56:53,Web,Standard,2026-01-10T21:31:53,Card Purchase,327.14,Cash Withdrawal,Other,Frustrated,Complete,3,Standard,Refund Approval,Resolved,2026-01-16T07:08:10,2026-01-20T16:42:52,120,2,1,3,2,No,No,No,Partial Refund,196.59,122.77,17.19,Yes,Valid
PFXC-000174,TXN-0006954,2025-12-21T00:58:52,Mobile,Vulnerable Support,2025-12-02T23:14:52,Card Purchase,188.51,Other,Duplicate Debit,Neutral,Complete,4,Standard,Payment Operations,Resolved,2025-12-21T14:20:20,2025-12-23T23:29:47,120,0,0,1,1,No,No,No,Full Refund,188.51,70.52,13.36,No,Valid
PFXC-000175,TXN-0002680,2026-01-23T01:35:32,Mobile,Standard,2026-01-12T15:30:32,Wallet Payment,17.49,Subscription,Unauthorised Transaction,Frustrated,Partial,2,Standard,Fraud Review,Resolved,2026-01-23T19:25:34,2026-01-31T22:53:00,120,1,0,3,3,Yes,No,Yes,Fraud Referral,0.00,213.29,17.83,Yes,Valid
PFXC-000176,TXN-0004106,2025-09-01T20:28:26,Call Centre,Standard,2025-08-12T03:43:26,Card Purchase,20.67,Utilities,Failed Payment,Neutral,Complete,2,Standard,Technical Support,Rejected,2025-09-02T11:36:47,2025-09-05T02:08:32,120,3,0,2,1,No,Yes,Yes,No Refund,0.00,77.67,15.14,No,Valid
PFXC-000177,TXN-0004176,2025-02-24T17:39:35,Mobile,Vulnerable Support,2025-02-09T06:05:35,Card Purchase,17.28,Retail,Merchant Non-confirmation,Frustrated,Missing,0,High,Fraud Review,Rejected,2025-02-25T01:56:24,2025-03-09T11:20:53,72,4,2,3,3,Yes,Yes,Yes,No Refund,0.00,305.69,8.28,Yes,Valid
PFXC-000178,TXN-0002000,2025-07-07T07:13:45,Chat,Standard,2025-06-09T15:11:45,Card Purchase,127.11,Travel,Subscription Dispute,Neutral,Complete,4,Low,Complaints,Rejected,2025-07-08T11:19:49,2025-07-11T07:21:25,168,1,1,3,3,No,No,Yes,No Refund,0.00,96.13,28.10,No,Valid
PFXC-000179,TXN-0007239,2026-05-05T14:56:24,Mobile,Assisted Digital,2026-03-16T18:38:24,Card Purchase,21.41,Retail,Failed Payment,Frustrated,Partial,1,Low,Technical Support,Pending Merchant,2026-05-06T14:58:17,,168,2,1,3,2,No,No,No,Pending,0.00,,24.03,No,Valid
PFXC-000180,TXN-0011157,2026-01-23T16:11:58,Call Centre,Standard,2025-11-27T21:11:58,Wallet Payment,119.23,Utilities,Merchant Non-confirmation,Frustrated,Complete,2,Low,Technical Support,Rejected,2026-01-24T15:49:09,2026-01-27T06:03:30,168,0,0,2,2,No,No,Yes,No Refund,0.00,85.86,23.62,No,Valid
PFXC-000181,TXN-0001031,2025-12-04T21:31:37,Mobile,Standard,2025-11-25T17:42:37,Bank Transfer,11.33,Cash Withdrawal,Failed Payment,Frustrated,Partial,2,Standard,Technical Support,Rejected,2025-12-05T07:49:27,2025-12-10T11:49:56,120,1,2,3,3,No,No,No,No Refund,0.00,134.31,10.30,Yes,Valid
PFXC-000182,TXN-0006136,2025-07-27T12:00:04,Mobile,Standard,2025-07-09T03:17:04,Card Purchase,55.78,Retail,Incorrect Amount,Frustrated,Partial,1,Standard,Payment Operations,Rejected,2025-07-28T07:38:31,2025-07-31T02:55:48,120,1,0,0,1,No,No,No,No Refund,0.00,86.93,19.64,No,Valid
PFXC-000183,TXN-0012441,2026-01-03T05:18:56,Mobile,Standard,2025-12-06T05:01:56,Bank Transfer,268.07,Subscription,Incorrect Amount,Neutral,Partial,1,Low,Payment Operations,Rejected,2026-01-04T08:10:07,2026-01-07T22:33:02,168,1,1,1,2,No,No,No,No Refund,0.00,113.24,26.85,No,Valid
PFXC-000184,TXN-0004555,2026-06-14T19:46:24,Web,Standard,2026-06-03T09:33:24,Card Purchase,15.37,Retail,Cash Withdrawal Dispute,Frustrated,Complete,2,High,Customer Service,Rejected,2026-06-15T04:30:39,2026-06-20T20:30:57,72,1,0,2,3,No,Yes,No,No Refund,0.00,144.74,8.74,Yes,Valid
PFXC-000185,TXN-0000112,2025-10-31T03:16:38,Mobile,Standard,2025-10-22T15:18:38,Card Purchase,51.83,Retail,Unauthorised Transaction,Frustrated,Partial,1,High,Customer Service,Resolved,2025-10-31T04:36:48,2025-11-04T22:02:31,72,1,1,3,3,No,No,No,Partial Refund,19.37,114.76,1.34,Yes,Valid
PFXC-000186,TXN-0004591,2025-11-15T11:36:44,Call Centre,Standard,2025-10-22T21:34:44,Card Purchase,10.18,Travel,Other,Frustrated,Complete,4,Standard,Customer Service,In Triage,2025-11-16T04:03:41,,120,3,0,3,2,No,No,No,Pending,0.00,,16.45,No,Valid
PFXC-000187,TXN-0006892,2026-01-03T22:54:41,Web,Standard,2025-11-23T17:59:41,Card Purchase,238.61,Digital Services,Unauthorised Transaction,Frustrated,Partial,1,High,Fraud Review,Resolved,2026-01-04T08:19:32,2026-01-11T18:48:10,72,1,1,2,2,Yes,Yes,No,Fraud Referral,0.00,187.89,9.41,Yes,Valid
PFXC-000188,TXN-0008261,2026-05-16T16:41:04,Chat,Standard,2026-04-29T03:43:04,Card Purchase,34.99,Other,Failed Payment,Frustrated,Complete,2,Low,Technical Support,Resolved,2026-05-17T23:45:09,2026-05-20T09:04:25,168,4,1,3,1,No,No,No,Full Refund,34.99,88.39,31.07,No,Valid
PFXC-000189,TXN-0010704,2025-06-06T10:21:38,Web,Standard,2025-05-13T05:28:38,Bank Transfer,5.07,Cash Withdrawal,Duplicate Debit,Frustrated,Complete,4,Standard,Payment Operations,Resolved,2025-06-07T05:07:57,2025-06-09T07:12:02,120,0,1,2,2,No,Yes,No,Partial Refund,3.37,68.84,18.77,No,Valid
PFXC-000190,TXN-0001237,2026-03-13T10:18:02,Mobile,Standard,2026-01-14T11:06:02,Card Purchase,203.09,Digital Services,Incorrect Amount,Neutral,Complete,2,Low,Refund Approval,Resolved,2026-03-14T10:56:15,2026-03-16T05:35:53,168,1,1,1,3,No,No,Yes,Full Refund,203.09,67.30,24.64,No,Valid
PFXC-000191,TXN-0008618,2026-01-18T16:29:40,Call Centre,Standard,2026-01-08T16:48:40,Bank Transfer,52.36,Retail,Failed Payment,Positive,Complete,2,Standard,Technical Support,Cancelled,2026-01-19T06:39:58,2026-01-20T19:47:19,120,0,0,1,2,No,No,No,Customer Withdrawn,0.00,51.29,14.17,No,Valid
PFXC-000192,TXN-0007564,2026-06-09T16:01:01,Web,Standard,2026-04-15T20:40:01,Card Purchase,288.85,Retail,Duplicate Debit,Neutral,Partial,2,Low,Refund Approval,Resolved,2026-06-10T17:14:25,2026-06-13T13:17:17,168,2,0,3,3,No,No,No,Full Refund,288.85,93.27,25.22,No,Valid
PFXC-000193,TXN-0005070,2025-05-14T21:08:26,Web,Assisted Digital,2025-04-14T13:15:26,Card Purchase,110.48,Digital Services,Unauthorised Transaction,Neutral,Complete,2,Standard,Customer Service,Resolved,2025-05-15T16:56:39,2025-05-19T20:03:57,120,2,0,1,3,No,No,No,Full Refund,110.48,118.93,19.80,No,Valid
PFXC-000194,TXN-0001115,2026-03-03T10:00:21,Chat,Standard,2026-01-24T12:00:21,Direct Debit,79.13,Retail,Unauthorised Transaction,Frustrated,Missing,0,Standard,Customer Service,Rejected,2026-03-04T03:43:15,2026-03-13T07:11:43,120,1,2,3,3,No,No,No,No Refund,0.00,237.19,17.72,Yes,Valid
PFXC-000195,TXN-0002435,2026-05-10T15:56:33,Mobile,Standard,2026-03-16T16:37:33,Card Purchase,139.78,Digital Services,Cash Withdrawal Dispute,Frustrated,Complete,4,Standard,Customer Service,Resolved,2026-05-11T11:05:06,2026-05-16T04:25:47,120,1,1,5,1,No,No,No,Partial Refund,68.46,132.49,19.14,Yes,Valid
PFXC-000196,TXN-0010177,2025-05-27T00:42:44,Call Centre,Standard,2025-04-30T19:59:44,Card Purchase,81.64,Subscription,Delayed Refund,Frustrated,Complete,2,Standard,Payment Operations,In Investigation,2025-05-27T18:59:28,,120,1,0,2,1,No,No,Yes,Pending,0.00,,18.28,No,Valid
PFXC-000197,TXN-0001344,2026-01-28T02:42:19,Web,Standard,2026-01-23T06:39:19,Bank Transfer,42.70,Subscription,Duplicate Debit,Distressed,Missing,0,Standard,Payment Operations,Resolved,2026-01-28T19:23:03,2026-02-03T10:05:32,120,2,0,2,3,No,No,No,Full Refund,42.70,151.39,16.68,Yes,Valid
PFXC-000198,TXN-0003563,2025-05-04T06:12:18,Call Centre,Standard,2025-04-26T03:10:18,Wallet Payment,36.08,Retail,Cash Withdrawal Dispute,Frustrated,Complete,3,High,Customer Service,In Investigation,2025-05-04T11:48:18,,72,1,0,0,6,No,No,No,Pending,0.00,,5.60,No,Valid
PFXC-000199,TXN-0009418,2026-01-16T01:14:46,Web,Standard,2026-01-04T14:00:46,Direct Debit,202.86,Other,Failed Payment,Frustrated,Missing,0,Standard,Technical Support,Resolved,2026-01-16T22:19:58,2026-01-22T12:53:55,120,1,1,4,3,No,No,No,Partial Refund,135.74,155.65,21.09,Yes,Valid
PFXC-000200,TXN-0007600,2025-01-15T04:09:17,Mobile,Standard,2025-01-08T03:20:17,Card Purchase,9.17,Other,Duplicate Debit,Frustrated,Complete,3,Standard,Payment Operations,Resolved,2025-01-16T00:14:00,2025-01-17T07:27:12,120,2,0,2,2,No,No,No,Full Refund,9.17,51.30,20.08,No,Valid
PFXC-000201,TXN-0007114,2026-04-12T14:14:34,Mobile,Standard,2026-04-10T12:00:34,Wallet Payment,90.69,Subscription,Duplicate Debit,Frustrated,Missing,0,Standard,Refund Approval,Resolved,2026-04-13T05:11:00,2026-04-16T14:50:10,120,0,1,1,5,No,No,No,Full Refund,90.69,96.59,14.94,No,Valid
PFXC-000202,TXN-0001085,2025-07-06T03:12:51,Web,Standard,2025-05-31T02:29:51,Card Purchase,411.00,Subscription,Unauthorised Transaction,Frustrated,Complete,4,High,Refund Approval,Resolved,2025-07-06T19:59:54,2025-07-12T10:10:43,72,1,2,4,2,No,Yes,Yes,Full Refund,411.00,150.96,16.78,Yes,Valid
PFXC-000203,TXN-0002716,2026-03-19T05:09:43,Web,Standard,2026-03-07T03:56:43,Card Purchase,42.80,Travel,Merchant Non-confirmation,Frustrated,Partial,1,Standard,Technical Support,Rejected,2026-03-19T21:00:24,2026-03-24T14:07:11,120,0,1,3,5,No,No,Yes,No Refund,0.00,128.96,15.84,Yes,Valid
PFXC-000204,TXN-0012362,2025-08-20T10:34:24,Mobile,Standard,2025-07-25T01:39:24,Bank Transfer,3.00,Other,Unauthorised Transaction,Distressed,Partial,1,Standard,Fraud Review,Resolved,2025-08-21T05:32:08,2025-08-28T01:40:57,120,3,0,3,5,Yes,Yes,Yes,Partial Refund,0.79,183.11,18.96,Yes,Valid
PFXC-000205,TXN-0000917,2025-04-04T17:02:49,Web,Standard,2025-02-06T09:36:49,Cash Withdrawal,119.27,Retail,Failed Payment,Frustrated,Partial,2,Low,Technical Support,Rejected,2025-04-05T18:05:31,2025-04-07T16:43:02,168,1,0,0,0,No,No,No,No Refund,0.00,71.67,25.05,No,Valid
PFXC-000206,TXN-0007564,2026-03-15T19:25:06,Mobile,Standard,2026-02-23T17:59:06,Card Purchase,31.68,Travel,Subscription Dispute,Frustrated,Partial,2,Standard,Customer Service,Resolved,2026-03-16T08:07:51,2026-03-21T01:20:30,120,0,1,2,1,No,Yes,Yes,Partial Refund,8.53,125.92,12.71,Yes,Valid
PFXC-000207,TXN-0007065,2026-02-03T02:25:01,Call Centre,Standard,2025-12-24T07:19:01,Cash Withdrawal,6.76,Cash Withdrawal,Subscription Dispute,Neutral,Complete,4,Standard,Customer Service,Rejected,2026-02-03T21:02:14,2026-02-07T19:57:57,120,1,1,1,4,No,No,Yes,No Refund,0.00,113.55,18.62,No,Valid
PFXC-000208,TXN-0007092,2026-04-29T02:35:05,Mobile,Standard,2026-03-16T10:43:05,Card Purchase,87.00,Other,Unauthorised Transaction,Frustrated,Partial,1,Standard,Fraud Review,In Triage,2026-04-30T02:27:23,,120,2,0,2,3,Yes,No,No,Pending,0.00,,23.87,No,Valid
PFXC-000209,TXN-0008254,2025-11-21T17:02:29,Mobile,Standard,2025-10-13T21:33:29,Wallet Payment,49.13,Retail,Duplicate Debit,Neutral,Complete,4,Standard,Payment Operations,Resolved,2025-11-22T09:17:13,2025-11-23T14:43:07,120,1,0,1,2,No,No,No,Partial Refund,24.95,45.68,16.25,No,Valid
PFXC-000210,TXN-0007303,2026-04-16T04:24:07,Chat,Standard,2026-03-10T22:05:07,Bank Transfer,26.06,Subscription,Merchant Non-confirmation,Distressed,Missing,0,Standard,Technical Support,Rejected,2026-04-16T19:55:26,2026-04-24T11:33:11,120,3,1,4,3,No,Yes,No,No Refund,0.00,199.15,15.52,Yes,Valid
PFXC-000211,TXN-0004260,2025-03-24T02:19:29,Email,Standard,2025-03-10T17:29:29,Card Purchase,232.87,Utilities,Failed Payment,Neutral,Complete,2,Low,Technical Support,Resolved,2025-03-25T07:27:23,2025-03-27T22:03:58,168,0,1,1,2,No,No,No,Full Refund,232.87,91.74,29.13,No,Valid
PFXC-000212,TXN-0008846,2026-06-16T13:05:56,Mobile,Standard,2026-04-20T18:07:56,Card Purchase,39.79,Digital Services,Subscription Dispute,Positive,Complete,3,Standard,Customer Service,Rejected,2026-06-17T08:13:11,2026-06-19T19:11:50,120,1,0,1,2,No,No,No,No Refund,0.00,78.10,19.12,No,Valid
PFXC-000213,TXN-0009409,2025-08-23T05:29:03,Email,Vulnerable Support,2025-07-11T16:58:03,Card Purchase,9.30,Digital Services,Other,Neutral,Partial,1,Low,Customer Service,Awaiting Evidence,2025-08-24T05:06:35,,168,0,1,3,2,No,No,No,Pending,0.00,,23.63,No,Valid
PFXC-000214,TXN-0000005,2025-09-23T20:35:18,Call Centre,Assisted Digital,2025-07-29T09:31:18,Card Purchase,30.98,Digital Services,Merchant Non-confirmation,Frustrated,Partial,1,Standard,Technical Support,Cancelled,2025-09-24T14:20:04,2025-10-01T11:54:55,120,2,1,4,2,No,Yes,No,Customer Withdrawn,0.00,183.33,17.75,Yes,Valid
PFXC-000215,TXN-0007249,2026-06-22T08:48:51,Web,Standard,2026-06-10T11:46:51,Bank Transfer,82.56,Utilities,Delayed Refund,Positive,Complete,4,Standard,Payment Operations,Resolved,2026-06-23T02:42:02,2026-06-26T09:31:07,120,2,0,1,2,No,No,No,Full Refund,82.56,96.70,17.89,No,Valid
PFXC-000216,TXN-0009920,2025-06-15T02:17:20,Call Centre,Assisted Digital,2025-04-20T18:25:20,Card Purchase,205.51,Subscription,Delayed Refund,Positive,Complete,4,Standard,Payment Operations,Resolved,2025-06-15T20:18:37,2025-06-18T13:04:29,120,0,0,0,2,No,No,No,Partial Refund,48.92,82.79,18.02,No,Valid
PFXC-000217,TXN-0010883,2025-01-19T02:55:02,Mobile,Standard,2024-12-24T20:52:02,Card Purchase,187.60,Subscription,Merchant Non-confirmation,Frustrated,Partial,1,Standard,Technical Support,Resolved,2025-01-19T23:21:26,2025-01-25T01:39:11,120,1,1,2,3,No,Yes,No,Full Refund,187.60,142.74,20.44,Yes,Valid
PFXC-000218,TXN-0009295,2025-09-02T07:50:02,Mobile,Standard,2025-08-24T19:53:02,Card Purchase,236.59,Cash Withdrawal,Unauthorised Transaction,Distressed,Complete,4,Standard,Fraud Review,Rejected,2025-09-02T19:59:10,2025-09-09T18:16:05,120,1,1,2,3,Yes,Yes,No,No Refund,0.00,178.43,12.15,Yes,Valid
PFXC-000219,TXN-0011297,2025-09-25T23:45:51,Mobile,Standard,2025-09-09T11:07:51,Card Purchase,400.27,Digital Services,Delayed Refund,Distressed,Partial,1,Standard,Payment Operations,Resolved,2025-09-26T20:03:55,2025-10-02T06:40:42,120,1,0,3,4,No,No,No,Full Refund,400.27,150.91,20.30,Yes,Valid
PFXC-000220,TXN-0007632,2025-04-05T02:47:34,Email,Standard,2025-03-21T18:28:34,Bank Transfer,8.15,Utilities,Merchant Non-confirmation,Distressed,Partial,1,Standard,Complaints,Rejected,2025-04-05T18:26:41,2025-04-12T04:30:20,120,2,2,5,4,No,No,Yes,No Refund,0.00,169.71,15.65,Yes,Valid
PFXC-000221,TXN-0004697,2025-05-28T23:03:40,Web,Standard,2025-05-25T23:18:40,Bank Transfer,67.81,Retail,Cash Withdrawal Dispute,Distressed,Complete,2,Standard,Customer Service,Cancelled,2025-05-29T09:26:03,2025-06-03T08:41:27,120,0,1,3,2,No,No,No,Customer Withdrawn,0.00,129.63,10.37,Yes,Valid
PFXC-000222,TXN-0006259,2026-03-22T05:15:00,Mobile,Standard,2026-03-20T03:28:00,Direct Debit,100.77,Retail,Unauthorised Transaction,Distressed,Complete,3,High,Customer Service,Resolved,2026-03-22T19:08:16,2026-03-28T16:31:43,72,2,1,3,3,No,No,No,Full Refund,100.77,155.28,13.89,Yes,Valid
PFXC-000223,TXN-0009736,2025-08-26T04:56:26,Chat,Standard,2025-08-07T22:39:26,Wallet Payment,17.13,Travel,Subscription Dispute,Frustrated,Complete,3,Standard,Customer Service,In Triage,2025-08-26T18:03:38,,120,1,0,2,2,No,No,Yes,Pending,0.00,,13.12,No,Valid
PFXC-000224,TXN-0005979,2025-05-05T13:10:25,Chat,Vulnerable Support,2025-04-30T20:36:25,Wallet Payment,124.87,Utilities,Delayed Refund,Neutral,Complete,3,High,Payment Operations,Awaiting Evidence,2025-05-05T13:25:25,,72,2,0,1,3,No,No,No,Pending,0.00,,0.25,No,Valid
PFXC-000225,TXN-0009019,2025-05-19T04:07:39,Call Centre,Standard,2025-04-15T08:35:39,Direct Debit,20.72,Cash Withdrawal,Subscription Dispute,Distressed,Complete,4,Standard,Refund Approval,Resolved,2025-05-19T19:16:24,2025-05-25T02:42:53,120,2,1,2,3,No,Yes,Yes,Full Refund,20.72,142.59,15.15,Yes,Valid
PFXC-000226,TXN-0012445,2025-09-27T07:58:14,Email,Standard,2025-08-24T19:38:14,Direct Debit,29.90,Other,Failed Payment,Frustrated,Partial,2,Standard,Fraud Review,In Investigation,2025-09-28T05:44:20,,120,2,0,2,4,Yes,No,No,Pending,0.00,,21.77,No,Valid
PFXC-000227,TXN-0001638,2026-06-24T23:36:32,Email,Standard,2026-06-22T10:06:32,Card Purchase,76.90,Retail,Merchant Non-confirmation,Distressed,Missing,0,Standard,Fraud Review,Resolved,2026-06-26T02:12:25,2026-07-06T13:47:33,120,2,2,5,5,Yes,No,No,Fraud Referral,0.00,278.18,26.60,Yes,Valid
PFXC-000228,TXN-0005404,2025-07-13T05:17:04,Call Centre,Standard,2025-05-15T13:54:04,Direct Debit,46.32,Digital Services,Incorrect Amount,Neutral,Complete,4,Standard,Payment Operations,Resolved,2025-07-13T23:04:41,2025-07-13T17:53:09,120,0,0,1,0,No,No,No,Partial Refund,12.67,12.60,17.79,No,Valid
PFXC-000229,TXN-0006626,2025-03-23T01:27:04,Chat,Standard,2025-01-26T07:18:04,Card Purchase,381.85,Utilities,Cash Withdrawal Dispute,Frustrated,Complete,4,High,Fraud Review,Rejected,2025-03-23T06:31:46,2025-04-01T23:33:36,72,3,2,5,4,Yes,Yes,Yes,No Refund,0.00,238.11,5.08,Yes,Valid
PFXC-000230,TXN-0009867,2025-12-11T05:42:04,Mobile,Standard,2025-11-02T04:34:04,Cash Withdrawal,9.36,Cash Withdrawal,Unauthorised Transaction,Frustrated,Partial,1,High,Customer Service,In Investigation,2025-12-11T15:44:32,,72,1,2,2,4,No,No,No,Pending,0.00,,10.04,No,Valid
PFXC-000231,TXN-0002660,2025-01-09T10:28:22,Mobile,Standard,2024-12-09T20:45:22,Bank Transfer,121.88,Travel,Unauthorised Transaction,Frustrated,Complete,2,High,Fraud Review,Rejected,2025-01-09T13:45:17,2025-01-14T14:44:08,72,2,0,2,1,Yes,No,No,No Refund,0.00,124.26,3.28,Yes,Valid
PFXC-000232,TXN-0002122,2025-04-29T23:19:05,Email,Standard,2025-04-17T23:23:05,Card Purchase,101.16,Retail,Failed Payment,Neutral,Complete,4,Standard,Technical Support,Pending Merchant,2025-04-30T17:52:08,,120,0,1,0,2,No,No,No,Pending,0.00,,18.55,No,Valid
PFXC-000233,TXN-0012224,2025-10-20T23:52:52,Mobile,Standard,2025-08-22T12:26:52,Card Purchase,68.31,Retail,Merchant Non-confirmation,Frustrated,Complete,4,Standard,Technical Support,Resolved,2025-10-21T16:36:28,2025-10-26T04:29:01,120,1,1,3,4,No,Yes,Yes,Full Refund,68.31,124.60,16.73,Yes,Valid
PFXC-000234,TXN-0010905,2026-05-09T18:56:44,Call Centre,Standard,2026-04-03T11:36:44,Card Purchase,21.79,Retail,Incorrect Amount,Neutral,Partial,2,Standard,Complaints,Resolved,2026-05-10T14:51:57,2026-05-13T21:59:48,120,1,1,1,2,No,No,Yes,Full Refund,21.79,99.05,19.92,No,Valid
PFXC-000235,TXN-0006049,2026-04-21T08:20:58,Call Centre,Standard,2026-02-25T05:45:58,Bank Transfer,31.26,Travel,Duplicate Debit,Distressed,Partial,2,Low,Fraud Review,Resolved,2026-04-22T14:52:22,2026-04-29T11:44:25,168,4,0,3,3,Yes,Yes,No,Fraud Referral,0.00,195.39,30.52,Yes,Valid
PFXC-000236,TXN-0005490,2025-05-04T08:16:06,Call Centre,Vulnerable Support,2025-03-29T22:23:06,Card Purchase,63.83,Digital Services,Merchant Non-confirmation,Neutral,Partial,1,Standard,Technical Support,Rejected,2025-05-04T22:48:15,2025-05-07T12:41:05,120,1,0,2,4,No,Yes,Yes,No Refund,0.00,76.42,14.54,No,Valid
PFXC-000237,TXN-0012372,2025-06-29T10:14:19,Web,Standard,2025-06-19T14:14:19,Wallet Payment,66.67,Retail,Duplicate Debit,Frustrated,Partial,1,Standard,Payment Operations,Resolved,2025-06-30T03:54:22,2025-07-01T15:36:10,120,2,0,0,1,No,No,No,Partial Refund,34.67,53.36,17.67,No,Valid
PFXC-000238,TXN-0008668,2025-02-26T22:56:06,Mobile,Standard,2025-02-09T12:05:06,Wallet Payment,127.34,Utilities,Incorrect Amount,Neutral,Complete,3,Standard,Payment Operations,Rejected,2025-02-27T20:52:47,2025-03-01T09:42:23,120,1,0,1,2,No,No,No,No Refund,0.00,58.77,21.94,No,Valid
PFXC-000239,TXN-0002075,2025-02-16T23:04:19,Web,Assisted Digital,2025-02-11T05:53:19,Card Purchase,69.03,Other,Other,Frustrated,Complete,2,Standard,Customer Service,Rejected,2025-02-17T20:28:27,2025-02-21T15:15:28,120,1,1,3,2,No,No,No,No Refund,0.00,112.19,21.40,No,Valid
PFXC-000240,TXN-0007443,2026-04-10T19:37:11,Call Centre,Vulnerable Support,2026-03-12T23:36:11,Card Purchase,61.43,Other,Delayed Refund,Distressed,Partial,2,Low,Payment Operations,Resolved,2026-04-11T23:12:48,2026-04-18T12:58:31,168,2,0,2,6,No,No,No,Full Refund,61.43,185.36,27.59,Yes,Valid
PFXC-000241,TXN-0005924,2025-04-03T10:55:56,Web,Standard,2025-02-19T17:28:56,Direct Debit,26.46,Utilities,Subscription Dispute,Neutral,Complete,2,Low,Customer Service,Cancelled,2025-04-04T10:53:39,2025-04-07T12:11:26,168,0,0,0,0,No,No,No,Customer Withdrawn,0.00,97.26,23.96,No,Valid
PFXC-000242,TXN-0003662,2025-07-29T14:08:01,Chat,Standard,2025-06-02T23:42:01,Bank Transfer,15.59,Cash Withdrawal,Delayed Refund,Frustrated,Partial,1,Standard,Payment Operations,Resolved,2025-07-30T13:28:55,2025-08-04T12:46:34,120,1,1,2,3,No,No,No,Full Refund,15.59,142.64,23.35,Yes,Valid
PFXC-000243,TXN-0002484,2026-06-19T18:28:51,Web,Standard,2026-05-07T11:07:51,Bank Transfer,926.68,Retail,Merchant Non-confirmation,Neutral,Complete,3,Standard,Technical Support,Rejected,2026-06-20T09:03:44,2026-06-24T00:47:07,120,1,1,2,3,No,No,No,No Refund,0.00,102.30,14.58,No,Valid
PFXC-000244,TXN-0005430,2026-01-24T00:28:53,Call Centre,Vulnerable Support,2026-01-11T00:04:53,Direct Debit,203.08,Retail,Duplicate Debit,Frustrated,Complete,3,High,Refund Approval,Resolved,2026-01-24T04:20:07,2026-01-26T03:41:30,72,2,0,2,4,No,No,No,Full Refund,203.08,51.21,3.85,No,Valid
PFXC-000245,TXN-0008115,2025-09-13T23:38:43,Web,Standard,2025-09-12T13:23:43,Wallet Payment,47.36,Travel,Duplicate Debit,Neutral,Complete,4,Standard,Payment Operations,Cancelled,2025-09-14T11:06:51,2025-09-16T23:02:07,120,1,1,1,2,No,No,No,Duplicate Case,0.00,71.39,11.47,No,Valid
PFXC-000246,TXN-0006346,2025-12-11T13:28:55,Web,Standard,2025-12-07T22:40:55,Card Purchase,17.06,Retail,Failed Payment,Neutral,Missing,0,Standard,Technical Support,In Investigation,2025-12-12T11:45:06,,120,0,0,0,0,No,No,No,Pending,0.00,,22.27,No,Valid
PFXC-000247,TXN-0002990,2025-01-25T22:58:04,Mobile,Standard,2025-01-12T13:23:04,Card Purchase,14.41,Subscription,Failed Payment,Frustrated,Missing,0,Standard,Technical Support,Rejected,2025-01-26T22:15:45,2025-01-31T07:12:11,120,1,2,3,4,No,No,No,No Refund,0.00,128.24,23.29,Yes,Valid
PFXC-000248,TXN-0008708,2025-07-15T09:18:05,Mobile,Standard,2025-06-22T02:43:05,Direct Debit,46.78,Retail,Delayed Refund,Distressed,Missing,0,Standard,Refund Approval,Resolved,2025-07-15T19:34:21,2025-07-23T12:58:26,120,1,3,4,3,No,No,No,Full Refund,46.78,195.67,10.27,Yes,Valid
PFXC-000249,TXN-0005437,2025-12-21T06:52:51,Call Centre,Vulnerable Support,2025-11-10T18:46:51,Direct Debit,19.57,Subscription,Merchant Non-confirmation,Distressed,Complete,4,High,Technical Support,Rejected,2025-12-21T18:27:41,2025-12-25T05:16:55,72,1,0,0,2,No,Yes,No,No Refund,0.00,94.40,11.58,Yes,Valid
PFXC-000250,TXN-0010885,2025-10-02T17:24:46,Web,Standard,2025-09-18T19:54:46,Card Purchase,8.01,Travel,Unauthorised Transaction,Distressed,Complete,4,Low,Fraud Review,Rejected,2025-10-04T03:04:34,2025-10-08T02:21:36,168,1,0,2,1,Yes,No,No,No Refund,0.00,128.95,33.66,No,Valid
PFXC-000251,TXN-0001509,2025-01-26T19:21:05,Email,Standard,2024-12-10T18:44:05,Card Purchase,79.74,Travel,Other,Positive,Complete,3,Standard,Customer Service,Rejected,2025-01-27T13:38:30,2025-01-29T03:17:46,120,1,0,0,0,No,No,No,No Refund,0.00,55.94,18.29,No,Valid
PFXC-000252,TXN-0009410,2026-03-27T11:07:02,Mobile,Assisted Digital,2026-03-08T03:45:02,Bank Transfer,81.51,Other,Subscription Dispute,Distressed,Partial,2,Standard,Customer Service,Rejected,2026-03-28T05:35:02,2026-04-03T03:54:53,120,2,1,4,1,No,No,No,No Refund,0.00,160.80,18.47,Yes,Valid
PFXC-000253,TXN-0003680,2025-02-24T12:43:51,Mobile,Standard,2025-02-04T06:02:51,Card Purchase,350.41,Retail,Cash Withdrawal Dispute,Frustrated,Complete,3,High,Fraud Review,Rejected,2025-02-24T17:46:46,2025-03-04T10:53:32,72,3,1,4,4,Yes,Yes,Yes,No Refund,0.00,190.16,5.05,Yes,Valid
PFXC-000254,TXN-0007951,2026-06-26T01:08:29,Web,Standard,2026-06-05T19:20:29,Bank Transfer,21.21,Retail,Subscription Dispute,Frustrated,Missing,0,Standard,Refund Approval,Resolved,2026-06-26T21:49:43,2026-07-02T18:33:16,120,2,2,5,3,No,No,No,Full Refund,21.21,161.41,20.69,Yes,Valid
PFXC-000255,TXN-0003972,2025-11-06T22:44:27,Call Centre,Standard,2025-10-17T16:14:27,Direct Debit,79.69,Travel,Other,Frustrated,Partial,1,Standard,Customer Service,Rejected,2025-11-07T16:32:47,2025-11-13T10:20:52,120,3,1,3,3,No,No,No,No Refund,0.00,155.61,17.81,Yes,Valid
PFXC-000256,TXN-0003129,2026-05-03T08:34:31,Call Centre,Assisted Digital,2026-04-05T15:23:31,Wallet Payment,322.23,Cash Withdrawal,Delayed Refund,Distressed,Complete,4,Standard,Payment Operations,Resolved,2026-05-04T06:09:28,2026-05-04T16:27:47,120,1,0,2,2,No,No,No,Partial Refund,144.36,31.89,21.58,No,Valid
PFXC-000257,TXN-0000229,2025-04-11T15:28:52,Call Centre,Standard,2025-02-21T14:27:52,Card Purchase,47.27,Subscription,Duplicate Debit,Frustrated,Complete,2,Standard,Refund Approval,Resolved,2025-04-12T15:53:45,2025-04-14T17:49:25,120,1,1,3,3,No,No,No,Full Refund,47.27,74.34,24.41,No,Valid
PFXC-000258,TXN-0010882,2026-02-18T04:29:36,Mobile,Standard,2026-01-23T03:55:36,Bank Transfer,334.56,Subscription,Unauthorised Transaction,Distressed,Partial,1,Standard,Customer Service,Resolved,2026-02-18T20:10:22,2026-02-24T10:07:14,120,1,0,2,3,No,No,No,Fraud Referral,0.00,149.63,15.68,Yes,Valid
PFXC-000259,TXN-0008431,2025-10-08T10:30:12,Call Centre,Standard,2025-08-23T18:47:12,Wallet Payment,24.33,Travel,Subscription Dispute,Distressed,Partial,2,Standard,Fraud Review,Resolved,2025-10-09T03:15:35,2025-10-18T02:29:03,120,2,2,3,3,Yes,No,Yes,Fraud Referral,0.00,231.98,16.76,Yes,Valid
PFXC-000260,TXN-0006710,2026-06-29T10:34:27,Chat,Standard,2026-06-18T19:00:27,Wallet Payment,630.15,Retail,Other,Frustrated,Partial,2,Low,Customer Service,Resolved,2026-06-30T20:37:43,2026-07-05T14:57:18,168,0,1,2,3,No,No,No,Partial Refund,265.49,148.38,34.05,No,Valid
PFXC-000261,TXN-0007355,2025-07-21T04:18:33,Call Centre,Standard,2025-06-06T14:31:33,Card Purchase,15.52,Retail,Failed Payment,Distressed,Partial,2,Standard,Technical Support,Rejected,2025-07-21T18:20:35,2025-07-25T10:02:58,120,0,2,2,4,No,No,No,No Refund,0.00,101.74,14.03,No,Valid
PFXC-000262,TXN-0011837,2025-09-15T04:45:59,Email,Vulnerable Support,2025-08-24T22:38:59,Bank Transfer,190.47,Retail,Incorrect Amount,Distressed,Complete,2,High,Payment Operations,Rejected,2025-09-15T11:35:56,2025-09-18T09:54:33,72,1,0,2,2,No,No,Yes,No Refund,0.00,77.14,6.83,Yes,Valid
PFXC-000263,TXN-0003088,2025-11-22T23:38:08,Web,Standard,2025-10-30T04:27:08,Wallet Payment,114.51,Utilities,Failed Payment,Neutral,Complete,2,Standard,Refund Approval,Resolved,2025-11-23T15:57:50,2025-11-25T02:50:33,120,0,0,0,2,No,No,No,Full Refund,114.51,51.21,16.33,No,Valid
PFXC-000264,TXN-0001194,2025-03-25T05:49:28,Web,Standard,2025-03-14T14:23:28,Wallet Payment,19.26,Other,Unauthorised Transaction,Distressed,Complete,4,Standard,Fraud Review,Rejected,2025-03-25T18:48:56,2025-03-31T03:14:38,120,2,0,3,4,Yes,No,Yes,No Refund,0.00,141.42,12.99,Yes,Valid
PFXC-000265,TXN-0006290,2025-05-05T10:28:12,Email,Vulnerable Support,2025-03-15T13:34:12,Cash Withdrawal,9.79,Utilities,Incorrect Amount,Frustrated,Complete,4,Standard,Complaints,Resolved,2025-05-06T00:19:17,2025-05-09T19:11:07,120,2,0,3,1,No,No,Yes,Full Refund,9.79,104.72,13.85,No,Valid
PFXC-000266,TXN-0004209,2025-03-16T05:11:17,Chat,Standard,2025-03-11T15:33:17,Card Purchase,187.28,Other,Other,Positive,Complete,3,Standard,Customer Service,Rejected,2025-03-16T17:54:13,2025-03-20T18:54:44,120,0,1,0,3,No,No,No,No Refund,0.00,109.72,12.72,No,Valid
PFXC-000267,TXN-0010292,2025-11-17T22:15:49,Mobile,Standard,2025-09-19T11:59:49,Wallet Payment,713.33,Travel,Delayed Refund,Frustrated,Partial,1,High,Payment Operations,Resolved,2025-11-18T01:04:53,2025-11-22T15:58:11,72,2,0,2,2,No,Yes,No,Full Refund,713.33,113.71,2.82,Yes,Valid
PFXC-000268,TXN-0010790,2025-03-13T18:19:31,Web,Standard,2025-02-27T18:03:31,Card Purchase,358.49,Travel,Delayed Refund,Neutral,Partial,2,Standard,Refund Approval,Resolved,2025-03-14T15:29:18,2025-03-17T20:06:40,120,2,0,1,3,No,No,No,Full Refund,358.49,97.79,21.16,No,Valid
PFXC-000269,TXN-0009086,2026-05-14T06:39:32,Mobile,Standard,2026-05-07T18:40:32,Direct Debit,111.13,Utilities,Merchant Non-confirmation,Frustrated,Partial,2,Standard,Technical Support,Resolved,2026-05-15T02:18:07,2026-05-19T00:30:20,120,0,2,3,4,No,No,Yes,Full Refund,111.13,113.85,19.64,No,Valid
PFXC-000270,TXN-0006705,2025-12-02T22:34:08,Web,Standard,2025-11-11T13:20:08,Wallet Payment,409.56,Retail,Duplicate Debit,Frustrated,Partial,2,Standard,Payment Operations,Resolved,2025-12-03T15:26:20,2025-12-06T18:10:10,120,1,2,2,2,No,No,No,Full Refund,409.56,91.60,16.87,No,Valid
PFXC-000271,TXN-0005146,2025-07-12T17:55:47,Web,Standard,2025-06-12T04:52:47,Card Purchase,128.14,Cash Withdrawal,Delayed Refund,Frustrated,Partial,1,Standard,Complaints,Rejected,2025-07-13T06:15:10,2025-07-17T22:06:45,120,1,0,2,3,No,Yes,Yes,No Refund,0.00,124.18,12.32,Yes,Valid
PFXC-000272,TXN-0003973,2025-03-04T22:45:00,Web,Standard,2025-02-04T05:49:00,Card Purchase,56.18,Other,Delayed Refund,Frustrated,Complete,4,Standard,Payment Operations,Resolved,2025-03-05T11:22:37,2025-03-10T10:53:08,120,1,1,3,5,No,No,Yes,Full Refund,56.18,132.14,12.63,Yes,Valid
PFXC-000273,TXN-0001669,2025-04-20T05:25:27,Mobile,Standard,2025-03-04T07:19:27,Cash Withdrawal,42.79,Retail,Unauthorised Transaction,Distressed,Complete,4,High,Fraud Review,Resolved,2025-04-20T15:49:27,2025-04-26T23:43:38,72,2,0,3,3,Yes,Yes,No,Fraud Referral,0.00,162.30,10.40,Yes,Valid
PFXC-000274,TXN-0005582,2025-08-02T20:58:34,Mobile,Standard,2025-06-22T04:47:34,Bank Transfer,95.47,Retail,Failed Payment,Frustrated,Partial,1,Standard,Refund Approval,Resolved,2025-08-03T11:49:03,2025-08-07T10:16:29,120,0,2,3,3,No,No,No,Full Refund,95.47,109.30,14.84,No,Valid
PFXC-000275,TXN-0002597,2026-06-16T03:16:37,Mobile,Standard,2026-05-15T10:28:37,Wallet Payment,15.02,Other,Delayed Refund,Positive,Complete,4,Standard,Payment Operations,Rejected,2026-06-16T20:48:38,2026-06-18T06:58:49,120,1,0,1,2,No,No,No,No Refund,0.00,51.70,17.53,No,Valid
PFXC-000276,TXN-0005425,2026-04-30T18:21:35,Mobile,Standard,2026-04-09T19:10:35,Card Purchase,40.82,Subscription,Unauthorised Transaction,Positive,Complete,2,Standard,Customer Service,Rejected,2026-05-01T05:26:14,2026-05-04T07:27:53,120,1,0,0,2,No,No,No,No Refund,0.00,85.11,11.08,No,Valid
PFXC-000277,TXN-0001790,2025-11-18T13:48:54,Call Centre,Standard,2025-10-03T15:00:54,Card Purchase,46.20,Travel,Unauthorised Transaction,Frustrated,Partial,1,Standard,Fraud Review,Resolved,2025-11-19T12:04:56,2025-11-25T09:54:30,120,0,0,2,6,Yes,Yes,No,Full Refund,46.20,164.09,22.27,Yes,Valid
PFXC-000278,TXN-0009513,2025-04-09T19:27:45,Call Centre,Standard,2025-04-05T14:37:45,Card Purchase,76.31,Retail,Failed Payment,Neutral,Complete,3,Standard,Technical Support,Rejected,2025-04-10T19:42:24,2025-04-13T13:15:06,120,2,1,0,1,No,No,No,No Refund,0.00,89.79,24.24,No,Valid
PFXC-000279,TXN-0007309,2025-11-03T11:40:21,Email,Standard,2025-09-26T15:59:21,Wallet Payment,6.63,Travel,Failed Payment,Frustrated,Missing,0,Standard,Technical Support,Cancelled,2025-11-04T04:09:46,2025-11-08T08:44:06,120,0,1,3,2,No,No,No,Customer Withdrawn,0.00,117.06,16.49,No,Valid
PFXC-000280,TXN-0001975,2025-11-24T10:26:26,Email,Vulnerable Support,2025-11-12T09:14:26,Card Purchase,11.50,Digital Services,Delayed Refund,Frustrated,Partial,1,Standard,Refund Approval,Resolved,2025-11-25T08:12:45,2025-11-29T06:34:15,120,2,2,2,3,No,No,Yes,Partial Refund,7.37,116.13,21.77,No,Valid
PFXC-000281,TXN-0011916,2026-05-03T15:01:42,Web,Standard,2026-04-17T23:45:42,Card Purchase,598.33,Cash Withdrawal,Duplicate Debit,Frustrated,Complete,3,High,Payment Operations,Cancelled,2026-05-04T01:09:08,2026-05-07T15:13:12,72,2,0,4,2,No,Yes,No,Duplicate Case,0.00,96.19,10.12,Yes,Valid
PFXC-000282,TXN-0009924,2025-04-21T22:13:45,Email,Standard,2025-02-25T11:16:45,Card Purchase,71.95,Digital Services,Merchant Non-confirmation,Frustrated,Partial,2,Standard,Technical Support,Rejected,2025-04-22T21:49:47,2025-04-28T15:11:35,120,3,0,2,3,No,Yes,No,No Refund,0.00,160.96,23.60,Yes,Valid
PFXC-000283,TXN-0002712,2026-03-12T22:20:46,Call Centre,Standard,2026-01-27T10:34:46,Card Purchase,15.28,Digital Services,Failed Payment,Frustrated,Partial,1,Standard,Technical Support,Resolved,2026-03-13T13:49:32,2026-03-16T17:13:35,120,0,0,1,2,No,No,No,Full Refund,15.28,90.88,15.48,No,Valid
PFXC-000284,TXN-0006707,2025-03-20T06:57:09,Mobile,Standard,2025-02-17T00:11:09,Direct Debit,121.00,Travel,Merchant Non-confirmation,Neutral,Complete,4,Standard,Technical Support,In Investigation,2025-03-20T21:16:23,,120,1,0,1,1,No,No,No,Pending,0.00,,14.32,No,Valid
PFXC-000285,TXN-0010492,2025-09-27T05:02:21,Web,Standard,2025-09-13T15:27:21,Bank Transfer,93.59,Subscription,Merchant Non-confirmation,Neutral,Complete,3,Standard,Technical Support,Pending Customer,2025-09-28T04:48:51,,120,0,1,0,3,No,No,No,Pending,0.00,,23.78,No,Valid
PFXC-000286,TXN-0003024,2025-05-12T10:05:23,Mobile,Standard,2025-04-28T10:42:23,Direct Debit,296.03,Subscription,Merchant Non-confirmation,Neutral,Complete,3,Standard,Technical Support,Rejected,2025-05-13T04:05:49,2025-05-15T11:05:03,120,0,1,1,4,No,No,No,No Refund,0.00,72.99,18.01,No,Valid
PFXC-000287,TXN-0012174,2025-11-14T02:17:55,Mobile,Standard,2025-09-21T03:12:55,Card Purchase,110.27,Digital Services,Subscription Dispute,Neutral,Complete,4,Standard,Customer Service,Resolved,2025-11-14T22:15:26,2025-11-18T00:51:14,120,1,1,1,1,No,No,No,Partial Refund,81.47,94.56,19.96,No,Valid
PFXC-000288,TXN-0008764,2025-03-06T09:48:42,Email,Standard,2025-02-19T13:14:42,Card Purchase,61.32,Digital Services,Failed Payment,Distressed,Partial,2,Standard,Technical Support,Rejected,2025-03-07T03:17:20,2025-03-11T23:04:19,120,1,1,3,5,No,Yes,No,No Refund,0.00,133.26,17.48,Yes,Valid
PFXC-000289,TXN-0010203,2025-10-18T00:27:52,Call Centre,Standard,2025-09-20T22:28:52,Card Purchase,121.50,Subscription,Duplicate Debit,Frustrated,Complete,2,Standard,Payment Operations,Rejected,2025-10-18T16:04:20,2025-10-19T11:12:49,120,1,0,0,3,No,No,No,No Refund,0.00,34.75,15.61,No,Valid
PFXC-000290,TXN-0001511,2025-07-07T07:24:30,Web,Standard,2025-06-26T21:45:30,Card Purchase,45.69,Utilities,Merchant Non-confirmation,Frustrated,Missing,0,Standard,Technical Support,Pending Customer,2025-07-07T20:44:22,,120,0,2,2,4,No,No,No,Pending,0.00,,13.33,No,Valid
PFXC-000291,TXN-0004529,2026-03-27T06:47:57,Mobile,Standard,2026-03-04T22:02:57,Bank Transfer,23.49,Utilities,Merchant Non-confirmation,Frustrated,Complete,3,Standard,Technical Support,Rejected,2026-03-27T22:51:05,2026-03-30T08:40:00,120,2,0,1,3,No,No,No,No Refund,0.00,73.87,16.05,No,Valid
PFXC-000292,TXN-0011522,2026-04-03T13:12:59,Web,Standard,2026-03-13T10:01:59,Cash Withdrawal,115.10,Retail,Unauthorised Transaction,Frustrated,Complete,4,Standard,Fraud Review,Resolved,2026-04-04T09:09:46,2026-04-11T15:47:23,120,3,0,3,4,Yes,Yes,No,Full Refund,115.10,194.57,19.95,Yes,Valid
PFXC-000293,TXN-0011554,2025-03-18T08:04:23,Mobile,Standard,2025-02-03T08:50:23,Card Purchase,21.04,Digital Services,Duplicate Debit,Frustrated,Partial,2,Standard,Refund Approval,Resolved,2025-03-18T22:17:17,2025-03-20T22:03:30,120,2,0,3,4,No,No,Yes,Full Refund,21.04,61.99,14.22,No,Valid
PFXC-000294,TXN-0004585,2025-08-11T13:27:10,Web,Standard,2025-07-16T08:06:10,Card Purchase,54.47,Retail,Other,Frustrated,Partial,1,Standard,Customer Service,Cancelled,2025-08-12T15:16:20,2025-08-18T23:46:03,120,2,1,3,4,No,Yes,No,Customer Withdrawn,0.00,178.31,25.82,Yes,Valid
PFXC-000295,TXN-0008819,2025-05-30T09:00:59,Mobile,Standard,2025-04-16T22:44:59,Wallet Payment,206.96,Retail,Subscription Dispute,Neutral,Complete,2,Low,Customer Service,Resolved,2025-05-31T15:13:59,2025-06-01T18:52:20,168,1,0,1,2,No,No,No,Partial Refund,50.92,57.86,30.22,No,Valid
PFXC-000296,TXN-0000825,2025-07-07T22:02:57,Mobile,Standard,2025-05-24T07:30:57,Bank Transfer,26.67,Utilities,Other,Distressed,Partial,2,Standard,Customer Service,Rejected,2025-07-08T19:26:39,2025-07-13T04:55:05,120,1,1,2,4,No,Yes,No,No Refund,0.00,126.87,21.40,Yes,Valid
PFXC-000297,TXN-0009119,2026-03-21T21:00:34,Mobile,Standard,2026-02-21T23:46:34,Bank Transfer,98.26,Subscription,Delayed Refund,Frustrated,Partial,2,Standard,Payment Operations,Rejected,2026-03-22T12:01:55,2026-03-26T20:35:02,120,0,1,1,4,No,No,No,No Refund,0.00,119.57,15.02,No,Valid
PFXC-000298,TXN-0011499,2026-02-06T17:54:49,Email,Standard,2026-01-28T13:02:49,Card Purchase,99.73,Retail,Delayed Refund,Frustrated,Complete,3,Standard,Payment Operations,Resolved,2026-02-07T11:24:28,2026-02-10T15:24:02,120,1,0,2,3,No,No,No,Full Refund,99.73,93.49,17.49,No,Valid
PFXC-000299,TXN-0006204,2025-07-31T17:06:15,Web,Standard,2025-07-29T02:56:15,Direct Debit,27.53,Cash Withdrawal,Incorrect Amount,Frustrated,Complete,4,Standard,Fraud Review,Rejected,2025-08-01T07:30:47,2025-08-08T23:35:49,120,3,2,6,3,Yes,No,No,No Refund,0.00,198.49,14.41,Yes,Valid
PFXC-000300,TXN-0000967,2026-04-17T16:05:47,Web,Standard,2026-03-04T04:34:47,Card Purchase,60.11,Retail,Subscription Dispute,Neutral,Complete,2,Low,Customer Service,Rejected,2026-04-18T14:28:09,2026-04-23T11:01:46,168,3,1,1,3,No,No,No,No Refund,0.00,138.93,22.37,No,Valid
PFXC-000301,TXN-0007209,2026-02-22T22:18:04,Mobile,Standard,2026-01-02T22:11:04,Card Purchase,26.08,Digital Services,Delayed Refund,Distressed,Missing,0,Standard,Payment Operations,Pending Merchant,2026-02-23T15:45:31,,120,1,2,4,2,No,No,No,Pending,0.00,,17.46,No,Valid
PFXC-000302,TXN-0010068,2026-02-18T07:11:33,Mobile,Standard,2025-12-23T23:18:33,Card Purchase,123.38,Travel,Delayed Refund,Neutral,Complete,3,Standard,Payment Operations,Pending Customer,2026-02-18T23:49:10,,120,2,2,2,2,No,No,No,Pending,0.00,,16.63,No,Valid
PFXC-000303,TXN-0012034,2025-01-06T07:38:14,Mobile,Standard,2024-11-27T08:53:14,Wallet Payment,63.14,Retail,Failed Payment,Distressed,Complete,4,Standard,Technical Support,Pending Customer,2025-01-07T02:27:13,,120,1,0,2,1,No,No,No,Pending,0.00,,18.82,No,Valid
PFXC-000304,TXN-0008956,2025-12-24T03:31:18,Web,Standard,2025-12-15T23:43:18,Direct Debit,113.66,Digital Services,Unauthorised Transaction,Neutral,Partial,1,Standard,Customer Service,In Triage,2025-12-24T18:48:06,,120,0,1,1,4,No,No,No,Pending,0.00,,15.28,No,Valid
PFXC-000305,TXN-0001332,2025-04-02T02:26:18,Chat,Standard,2025-02-10T03:17:18,Direct Debit,190.99,Retail,Incorrect Amount,Distressed,Partial,1,Low,Refund Approval,Resolved,2025-04-03T08:04:19,2025-04-07T21:36:03,168,1,2,2,2,No,Yes,No,Full Refund,190.99,139.16,29.63,No,Valid
PFXC-000306,TXN-0001513,2025-06-28T06:03:27,Call Centre,Assisted Digital,2025-05-28T22:58:27,Card Purchase,31.37,Retail,Duplicate Debit,Frustrated,Complete,4,Standard,Fraud Review,Resolved,2025-06-29T00:46:24,2025-07-03T21:37:21,120,3,0,2,4,Yes,Yes,No,Full Refund,31.37,135.57,18.72,Yes,Valid
PFXC-000307,TXN-0010048,2025-12-18T20:44:06,Mobile,Standard,2025-11-01T22:52:06,Wallet Payment,162.43,Retail,Incorrect Amount,Neutral,Complete,4,Low,Payment Operations,Resolved,2025-12-20T00:41:52,2025-12-21T18:54:06,168,1,1,2,1,No,Yes,No,Full Refund,162.43,70.17,27.96,No,Valid
PFXC-000308,TXN-0004257,2025-08-10T14:36:56,Call Centre,Assisted Digital,2025-07-29T16:14:56,Card Purchase,61.98,Digital Services,Merchant Non-confirmation,Frustrated,Complete,3,Standard,Technical Support,Resolved,2025-08-11T09:00:41,2025-08-15T11:47:53,120,2,0,4,2,No,No,No,Full Refund,61.98,117.18,18.40,No,Valid
PFXC-000309,TXN-0009023,2025-07-10T22:06:20,Web,Standard,2025-05-30T03:35:20,Card Purchase,60.03,Retail,Cash Withdrawal Dispute,Frustrated,Complete,3,Standard,Customer Service,Rejected,2025-07-11T14:08:06,2025-07-17T10:20:17,120,1,1,3,1,No,No,No,No Refund,0.00,156.23,16.03,Yes,Valid
PFXC-000310,TXN-0011438,2026-01-31T00:00:13,Call Centre,Standard,2026-01-15T01:33:13,Direct Debit,66.75,Retail,Cash Withdrawal Dispute,Frustrated,Partial,2,Low,Fraud Review,Rejected,2026-02-01T07:11:07,2026-02-08T09:09:45,168,3,1,3,4,Yes,Yes,Yes,No Refund,0.00,201.16,31.18,Yes,Valid
PFXC-000311,TXN-0006605,2025-10-18T19:46:03,Mobile,Standard,2025-09-07T21:30:03,Wallet Payment,93.24,Digital Services,Unauthorised Transaction,Distressed,Complete,3,Standard,Customer Service,Rejected,2025-10-19T04:43:08,2025-10-26T08:21:46,120,1,1,3,3,No,Yes,No,No Refund,0.00,180.60,8.95,Yes,Valid
PFXC-000312,TXN-0001820,2025-01-10T20:26:07,Call Centre,Standard,2024-12-07T23:01:07,Cash Withdrawal,84.68,Retail,Subscription Dispute,Neutral,Complete,4,Standard,Customer Service,Rejected,2025-01-11T16:15:45,2025-01-12T22:08:39,120,0,0,1,3,No,No,No,No Refund,0.00,49.71,19.83,No,Valid
PFXC-000313,TXN-0006654,2026-03-01T02:19:09,Web,Standard,2026-02-27T08:27:09,Card Purchase,31.19,Digital Services,Subscription Dispute,Distressed,Partial,1,Low,Customer Service,Resolved,2026-03-02T09:47:41,2026-03-07T08:50:27,168,2,1,2,3,No,No,No,Partial Refund,21.28,150.52,31.48,No,Valid
PFXC-000314,TXN-0002884,2025-06-26T10:34:01,Web,Standard,2025-06-07T18:40:01,Card Purchase,229.11,Subscription,Failed Payment,Frustrated,Missing,0,Standard,Technical Support,Rejected,2025-06-27T01:43:51,2025-07-02T15:57:34,120,3,2,5,1,No,Yes,Yes,No Refund,0.00,149.39,15.16,Yes,Valid
PFXC-000315,TXN-0010518,2026-01-21T03:13:17,Mobile,Standard,2025-12-16T17:32:17,Bank Transfer,67.82,Utilities,Failed Payment,Frustrated,Complete,2,Standard,Technical Support,Rejected,2026-01-21T18:48:40,2026-01-24T11:59:22,120,1,0,3,2,No,No,No,No Refund,0.00,80.77,15.59,No,Valid
PFXC-000316,TXN-0012093,2026-02-01T12:12:18,Mobile,Assisted Digital,2026-01-26T14:23:18,Card Purchase,32.58,Retail,Cash Withdrawal Dispute,Frustrated,Partial,2,Standard,Customer Service,Cancelled,2026-02-02T12:13:10,2026-02-10T05:55:59,120,3,1,3,4,No,Yes,No,Customer Withdrawn,0.00,209.73,24.01,Yes,Valid
PFXC-000317,TXN-0007622,2025-08-23T02:12:16,Web,Assisted Digital,2025-06-25T10:11:16,Bank Transfer,88.04,Subscription,Unauthorised Transaction,Frustrated,Complete,2,High,Customer Service,Resolved,2025-08-23T08:20:40,2025-08-29T18:48:21,72,2,1,4,3,No,No,No,Fraud Referral,0.00,160.60,6.14,Yes,Valid
PFXC-000318,TXN-0010649,2025-08-15T19:24:01,Web,Standard,2025-07-27T06:36:01,Card Purchase,134.06,Subscription,Unauthorised Transaction,Frustrated,Partial,1,Standard,Refund Approval,Resolved,2025-08-16T08:47:22,2025-08-25T11:23:41,120,3,2,5,4,No,Yes,No,Full Refund,134.06,231.99,13.39,Yes,Valid
PFXC-000319,TXN-0000486,2025-03-23T04:59:42,Chat,Standard,2025-03-05T12:52:42,Card Purchase,45.41,Cash Withdrawal,Failed Payment,Neutral,Complete,2,Standard,Technical Support,Resolved,2025-03-23T21:27:20,2025-03-25T22:10:59,120,2,1,4,2,No,No,Yes,Full Refund,45.41,65.19,16.46,No,Valid
PFXC-000320,TXN-0011482,2025-03-13T18:20:58,Mobile,Assisted Digital,2025-02-07T19:26:58,Bank Transfer,180.09,Travel,Merchant Non-confirmation,Positive,Complete,4,Standard,Technical Support,Rejected,2025-03-14T11:46:23,2025-03-18T12:03:23,120,1,0,1,3,No,No,Yes,No Refund,0.00,113.71,17.42,No,Valid
PFXC-000321,TXN-0000217,2026-01-14T18:11:08,Web,Standard,2025-12-19T06:10:08,Bank Transfer,100.14,Retail,Delayed Refund,Positive,Partial,1,Low,Payment Operations,Rejected,2026-01-15T23:38:05,2026-01-19T23:26:42,168,2,0,1,3,No,No,No,No Refund,0.00,125.26,29.45,No,Valid
PFXC-000322,TXN-0003552,2025-06-21T04:17:04,Web,Standard,2025-06-15T04:00:04,Bank Transfer,32.91,Cash Withdrawal,Failed Payment,Neutral,Complete,3,Low,Technical Support,Rejected,2025-06-22T08:52:50,2025-06-26T04:28:57,168,1,1,1,2,No,No,No,No Refund,0.00,120.20,28.60,No,Valid
PFXC-000323,TXN-0012125,2026-04-26T15:47:03,Mobile,Standard,2026-03-24T23:54:03,Card Purchase,79.17,Retail,Delayed Refund,Distressed,Missing,0,Standard,Payment Operations,In Investigation,2026-04-27T11:59:43,,120,1,2,3,3,No,Yes,No,Pending,0.00,,20.21,No,Valid
PFXC-000324,TXN-0009779,2026-03-30T05:38:29,Email,Standard,2026-02-16T04:30:29,Card Purchase,21.70,Other,Unauthorised Transaction,Frustrated,Complete,3,High,Customer Service,Rejected,2026-03-30T15:34:00,2026-04-04T10:01:35,72,1,0,3,2,No,Yes,Yes,No Refund,0.00,124.39,9.93,Yes,Valid
PFXC-000325,TXN-0012223,2025-12-31T21:57:13,Chat,Standard,2025-11-20T01:50:13,Card Purchase,14.41,Retail,Delayed Refund,Frustrated,Missing,0,Standard,Complaints,Resolved,2026-01-01T13:11:38,2026-01-07T20:06:58,120,2,1,3,4,No,Yes,Yes,Full Refund,14.41,166.16,15.24,Yes,Valid
PFXC-000326,TXN-0000183,2025-01-18T07:42:02,Email,Standard,2024-12-18T14:26:02,Card Purchase,129.16,Retail,Unauthorised Transaction,Neutral,Partial,1,Standard,Fraud Review,Awaiting Evidence,2025-01-19T07:04:09,,120,2,1,2,3,Yes,Yes,No,Pending,0.00,,23.37,No,Valid
PFXC-000327,TXN-0006388,2026-03-16T13:13:15,Chat,Standard,2026-02-21T15:12:15,Card Purchase,85.11,Cash Withdrawal,Merchant Non-confirmation,Frustrated,Missing,0,Standard,Technical Support,Resolved,2026-03-17T08:36:09,2026-03-25T00:32:16,120,3,2,5,3,No,No,Yes,Full Refund,85.11,203.32,19.38,Yes,Valid
PFXC-000328,TXN-0001183,2026-02-03T13:54:38,Mobile,Standard,2025-12-31T19:24:38,Cash Withdrawal,173.85,Subscription,Delayed Refund,Frustrated,Partial,1,Standard,Payment Operations,Rejected,2026-02-04T07:00:27,2026-02-08T19:18:38,120,0,0,0,4,No,Yes,No,No Refund,0.00,125.40,17.10,Yes,Valid
PFXC-000329,TXN-0005158,2025-02-08T14:48:21,Mobile,Standard,2024-12-22T05:31:21,Cash Withdrawal,36.01,Cash Withdrawal,Subscription Dispute,Frustrated,Partial,1,Low,Fraud Review,Resolved,2025-02-09T19:58:48,2025-02-15T17:32:04,168,2,1,3,4,Yes,No,No,Fraud Referral,0.00,170.73,29.17,Yes,Valid
PFXC-000330,TXN-0007680,2026-03-27T21:26:35,Mobile,Standard,2026-03-19T14:37:35,Card Purchase,96.02,Digital Services,Subscription Dispute,Neutral,Complete,3,Standard,Customer Service,Resolved,2026-03-28T17:30:47,2026-03-31T06:48:19,120,1,1,1,1,No,No,No,Full Refund,96.02,81.36,20.07,No,Valid
PFXC-000331,TXN-0011350,2026-06-15T06:01:00,Email,Standard,2026-05-22T12:44:00,Bank Transfer,70.54,Digital Services,Unauthorised Transaction,Frustrated,Complete,3,Standard,Customer Service,Resolved,2026-06-16T00:39:41,2026-06-20T21:32:45,120,2,1,4,3,No,No,No,Full Refund,70.54,135.53,18.64,Yes,Valid
PFXC-000332,TXN-0009398,2025-11-23T10:17:59,Email,Standard,2025-11-07T05:36:59,Card Purchase,57.76,Other,Cash Withdrawal Dispute,Frustrated,Complete,3,Standard,Customer Service,Resolved,2025-11-24T03:29:54,2025-11-29T00:40:20,120,2,2,4,3,No,No,No,Full Refund,57.76,134.37,17.20,Yes,Valid
PFXC-000333,TXN-0008641,2025-06-18T11:08:26,Email,Standard,2025-06-12T12:44:26,Card Purchase,40.06,Utilities,Duplicate Debit,Frustrated,Partial,1,Low,Payment Operations,Rejected,2025-06-19T15:18:50,2025-06-22T02:37:37,168,1,1,1,2,No,No,No,No Refund,0.00,87.49,28.17,No,Valid
PFXC-000334,TXN-0008443,2025-02-20T19:05:59,Web,Standard,2025-01-23T03:40:59,Bank Transfer,24.05,Travel,Failed Payment,Frustrated,Complete,4,Low,Fraud Review,Rejected,2025-02-22T06:30:29,2025-02-27T01:13:49,168,3,0,3,3,Yes,No,Yes,No Refund,0.00,150.13,35.41,No,Valid
PFXC-000335,TXN-0009546,2025-04-07T21:49:32,Mobile,Standard,2025-03-06T03:33:32,Card Purchase,35.14,Other,Failed Payment,Neutral,Complete,2,Standard,Technical Support,Rejected,2025-04-08T13:46:24,2025-04-12T14:13:58,120,3,0,4,4,No,No,No,No Refund,0.00,112.41,15.95,No,Valid
PFXC-000336,TXN-0001373,2026-06-20T07:06:33,Call Centre,Standard,2026-05-28T23:18:33,Wallet Payment,68.44,Subscription,Merchant Non-confirmation,Neutral,Complete,3,Standard,Technical Support,Resolved,2026-06-20T21:24:39,2026-06-23T19:58:23,120,1,1,2,2,No,No,No,Full Refund,68.44,84.86,14.30,No,Valid
PFXC-000337,TXN-0007222,2026-02-20T20:41:43,Call Centre,Standard,2026-01-25T05:15:43,Wallet Payment,80.96,Retail,Delayed Refund,Frustrated,Complete,3,Standard,Payment Operations,Resolved,2026-02-21T17:38:34,2026-02-26T19:04:57,120,3,0,1,3,No,Yes,No,Full Refund,80.96,142.39,20.95,Yes,Valid
PFXC-000338,TXN-0004015,2025-02-22T04:47:52,Web,Standard,2025-02-14T10:50:52,Cash Withdrawal,110.74,Cash Withdrawal,Duplicate Debit,Frustrated,Partial,2,Standard,Payment Operations,Resolved,2025-02-22T18:37:07,2025-02-26T16:51:59,120,1,2,3,1,No,No,No,Full Refund,110.74,108.07,13.82,No,Valid
PFXC-000339,TXN-0006159,2026-06-07T11:46:30,Web,Assisted Digital,2026-05-19T10:11:30,Bank Transfer,24.82,Utilities,Other,Distressed,Complete,3,Standard,Customer Service,Rejected,2026-06-07T21:17:22,2026-06-13T17:37:56,120,1,0,2,4,No,Yes,No,No Refund,0.00,149.86,9.51,Yes,Valid
PFXC-000340,TXN-0006923,2025-01-18T05:18:25,Email,Assisted Digital,2025-01-05T15:02:25,Bank Transfer,109.46,Digital Services,Delayed Refund,Neutral,Partial,1,Standard,Payment Operations,Rejected,2025-01-19T02:10:48,2025-01-21T23:20:32,120,1,0,0,3,No,No,No,No Refund,0.00,90.04,20.87,No,Valid
PFXC-000341,TXN-0000358,2026-01-08T18:13:39,Mobile,Standard,2025-12-01T19:38:39,Direct Debit,149.23,Retail,Unauthorised Transaction,Frustrated,Partial,1,Standard,Fraud Review,Rejected,2026-01-09T15:57:14,2026-01-16T09:05:38,120,1,0,2,4,Yes,Yes,No,No Refund,0.00,182.87,21.73,Yes,Valid
PFXC-000342,TXN-0008368,2025-12-09T10:29:16,Web,Standard,2025-11-12T00:54:16,Card Purchase,92.65,Travel,Merchant Non-confirmation,Distressed,Complete,4,Standard,Technical Support,Resolved,2025-12-09T21:12:03,2025-12-13T05:11:22,120,1,0,2,2,No,No,No,Full Refund,92.65,90.70,10.71,No,Valid
PFXC-000343,TXN-0005940,2025-01-24T06:47:46,Mobile,Standard,2024-12-28T15:45:46,Bank Transfer,65.04,Retail,Failed Payment,Frustrated,Complete,4,Standard,Refund Approval,Resolved,2025-01-24T22:35:53,2025-01-27T19:32:16,120,1,1,2,3,No,No,Yes,Full Refund,65.04,84.74,15.80,No,Valid
PFXC-000344,TXN-0006121,2026-03-20T17:27:53,Mobile,Standard,2026-03-16T20:26:53,Wallet Payment,108.13,Retail,Unauthorised Transaction,Positive,Partial,1,Standard,Customer Service,Pending Approval,2026-03-21T15:18:05,,120,2,0,1,1,No,No,No,Pending,0.00,,21.84,No,Valid
PFXC-000345,TXN-0010763,2025-04-29T07:24:53,Email,Standard,2025-04-24T01:14:53,Card Purchase,25.37,Utilities,Duplicate Debit,Neutral,Complete,4,Standard,Payment Operations,Cancelled,2025-04-29T21:11:06,2025-05-02T09:59:06,120,1,0,1,2,No,No,No,Duplicate Case,0.00,74.57,13.77,No,Valid
PFXC-000346,TXN-0003961,2026-06-08T22:05:03,Web,Standard,2026-05-04T07:10:03,Wallet Payment,39.53,Subscription,Duplicate Debit,Frustrated,Partial,1,Standard,Refund Approval,Resolved,2026-06-09T14:13:58,2026-06-14T03:59:41,120,1,2,4,2,No,No,No,Full Refund,39.53,125.91,16.15,Yes,Valid
PFXC-000347,TXN-0008367,2026-02-13T00:19:14,Mobile,Standard,2026-01-28T05:58:14,Card Purchase,54.18,Retail,Unauthorised Transaction,Frustrated,Partial,2,Standard,Fraud Review,In Triage,2026-02-14T06:51:44,,120,3,1,2,3,Yes,Yes,No,Pending,0.00,,30.54,No,Valid
PFXC-000348,TXN-0009135,2025-11-29T09:45:58,Call Centre,Vulnerable Support,2025-10-30T01:42:58,Cash Withdrawal,13.01,Retail,Unauthorised Transaction,Distressed,Missing,0,Standard,Fraud Review,Resolved,2025-11-29T23:38:02,2025-12-10T23:56:16,120,4,2,4,4,Yes,No,No,Fraud Referral,0.00,278.17,13.87,Yes,Valid
PFXC-000349,TXN-0008653,2026-03-09T07:42:44,Web,Standard,2026-01-23T19:17:44,Card Purchase,77.66,Subscription,Incorrect Amount,Frustrated,Partial,1,Standard,Payment Operations,Resolved,2026-03-09T20:11:13,2026-03-14T00:51:01,120,1,2,3,1,No,No,No,Full Refund,77.66,113.14,12.47,No,Valid
PFXC-000350,TXN-0009404,2025-05-17T07:06:41,Mobile,Vulnerable Support,2025-04-30T16:17:41,Card Purchase,199.44,Travel,Unauthorised Transaction,Frustrated,Partial,1,Urgent,Fraud Review,Resolved,2025-05-17T07:21:41,2025-05-24T21:56:34,24,2,0,2,4,Yes,Yes,No,Full Refund,199.44,182.83,0.25,Yes,Valid
PFXC-000351,TXN-0006899,2026-05-05T16:43:27,Chat,Assisted Digital,2026-04-18T19:56:27,Direct Debit,36.94,Digital Services,Unauthorised Transaction,Distressed,Partial,1,Standard,Fraud Review,Resolved,2026-05-06T14:27:43,2026-05-13T17:05:19,120,2,1,3,3,Yes,No,No,Fraud Referral,0.00,192.36,21.74,Yes,Valid
PFXC-000352,TXN-0011825,2025-01-11T14:33:47,Mobile,Standard,2024-11-28T19:49:47,Bank Transfer,41.63,Retail,Merchant Non-confirmation,Positive,Partial,2,Standard,Technical Support,In Triage,2025-01-12T08:32:50,,120,2,0,1,3,No,No,No,Pending,0.00,,17.98,No,Valid
PFXC-000353,TXN-0005579,2026-06-05T12:02:23,Web,Standard,2026-04-15T17:23:23,Card Purchase,233.70,Digital Services,Duplicate Debit,Neutral,Complete,2,Standard,Payment Operations,Resolved,2026-06-05T23:39:37,2026-06-08T02:47:55,120,1,1,1,1,No,No,No,Full Refund,233.70,62.76,11.62,No,Valid
PFXC-000354,TXN-0001610,2025-11-08T18:11:34,Mobile,Standard,2025-09-28T09:01:34,Card Purchase,103.43,Retail,Cash Withdrawal Dispute,Frustrated,Missing,0,Standard,Fraud Review,In Investigation,2025-11-09T16:34:19,,120,2,1,4,3,Yes,No,No,Pending,0.00,,22.38,No,Valid
PFXC-000355,TXN-0005112,2025-12-15T09:36:52,Mobile,Standard,2025-11-08T17:02:52,Direct Debit,31.36,Retail,Cash Withdrawal Dispute,Frustrated,Complete,3,Standard,Customer Service,In Investigation,2025-12-16T09:55:16,,120,3,1,3,3,No,No,No,Pending,0.00,,24.31,No,Valid
PFXC-000356,TXN-0012297,2025-09-21T21:53:18,Web,Assisted Digital,2025-08-09T05:09:18,Bank Transfer,141.06,Other,Merchant Non-confirmation,Frustrated,Complete,4,Low,Technical Support,Rejected,2025-09-23T09:39:24,2025-09-25T13:34:51,168,0,0,1,2,No,No,No,No Refund,0.00,87.69,35.77,No,Valid
PFXC-000357,TXN-0007729,2025-10-15T17:34:04,Chat,Standard,2025-09-24T03:15:04,Bank Transfer,318.23,Subscription,Duplicate Debit,Frustrated,Missing,0,Standard,Payment Operations,Resolved,2025-10-16T16:26:20,2025-10-23T07:00:57,120,2,2,5,4,No,Yes,No,Full Refund,318.23,181.45,22.87,Yes,Valid
PFXC-000358,TXN-0011234,2025-11-27T06:11:17,Web,Standard,2025-10-03T08:33:17,Direct Debit,122.17,Digital Services,Unauthorised Transaction,Distressed,Partial,1,Standard,Fraud Review,Resolved,2025-11-27T15:32:40,2025-12-04T23:27:21,120,3,0,4,4,Yes,No,No,Fraud Referral,0.00,185.27,9.36,Yes,Valid
PFXC-000359,TXN-0012319,2025-12-29T04:08:51,Web,Standard,2025-12-07T21:28:51,Bank Transfer,27.34,Travel,Cash Withdrawal Dispute,Frustrated,Complete,3,Standard,Complaints,Rejected,2025-12-29T22:16:22,2026-01-04T07:00:05,120,2,0,3,2,No,No,Yes,No Refund,0.00,146.85,18.13,Yes,Valid
PFXC-000360,TXN-0008208,2025-02-14T13:45:18,Mobile,Standard,2025-02-06T06:48:18,Wallet Payment,159.10,Travel,Subscription Dispute,Frustrated,Partial,1,Standard,Customer Service,Pending Customer,2025-02-15T16:25:42,,120,1,0,1,5,No,No,No,Pending,0.00,,26.67,No,Valid
PFXC-000361,TXN-0010988,2026-01-16T04:42:44,Mobile,Standard,2025-11-24T22:36:44,Card Purchase,115.12,Travel,Unauthorised Transaction,Distressed,Complete,2,Low,Fraud Review,Resolved,2026-01-17T09:20:21,2026-01-25T01:34:22,168,4,1,3,4,Yes,No,Yes,Fraud Referral,0.00,212.86,28.63,Yes,Valid
PFXC-000362,TXN-0005696,2026-06-06T05:12:51,Email,Vulnerable Support,2026-05-09T23:54:51,Card Purchase,29.24,Utilities,Delayed Refund,Frustrated,Complete,3,High,Fraud Review,Rejected,2026-06-06T16:07:15,2026-06-11T15:47:38,72,1,0,1,1,Yes,Yes,No,No Refund,0.00,130.58,10.91,Yes,Valid
PFXC-000363,TXN-0012119,2026-03-07T11:51:32,Email,Standard,2026-01-14T09:22:32,Card Purchase,187.28,Other,Other,Distressed,Missing,0,Standard,Customer Service,Rejected,2026-03-08T07:58:11,2026-03-14T20:51:20,120,1,0,2,3,No,Yes,Yes,No Refund,0.00,177.00,20.11,Yes,Valid
PFXC-000364,TXN-0005722,2025-08-23T01:19:44,Email,Standard,2025-06-27T22:58:44,Card Purchase,24.93,Cash Withdrawal,Delayed Refund,Frustrated,Missing,0,Standard,Payment Operations,Awaiting Evidence,2025-08-23T13:26:32,,120,2,3,3,3,No,No,No,Pending,0.00,,12.11,No,Valid
PFXC-000365,TXN-0000447,2026-03-26T08:16:55,Mobile,Standard,2026-03-10T00:58:55,Bank Transfer,47.69,Cash Withdrawal,Other,Frustrated,Complete,2,Standard,Customer Service,Rejected,2026-03-27T00:12:17,2026-04-01T05:39:27,120,2,0,2,4,No,Yes,No,No Refund,0.00,141.38,15.92,Yes,Valid
PFXC-000366,TXN-0011575,2025-08-04T14:15:33,Chat,Standard,2025-07-15T11:41:33,Bank Transfer,40.42,Retail,Incorrect Amount,Frustrated,Complete,3,Standard,Payment Operations,Resolved,2025-08-05T14:40:08,2025-08-07T20:57:17,120,0,0,1,1,No,No,No,Full Refund,40.42,78.70,24.41,No,Valid
PFXC-000367,TXN-0007514,2025-12-25T08:24:32,Web,Standard,2025-11-10T10:38:32,Cash Withdrawal,147.28,Subscription,Incorrect Amount,Frustrated,Missing,0,Standard,Payment Operations,In Investigation,2025-12-25T23:38:02,,120,1,2,2,4,No,Yes,No,Pending,0.00,,15.23,No,Valid
PFXC-000368,TXN-0011823,2025-12-20T21:45:27,Web,Standard,2025-10-27T18:04:27,Card Purchase,192.55,Utilities,Unauthorised Transaction,Distressed,Complete,3,High,Fraud Review,Rejected,2025-12-20T22:00:27,2025-12-28T11:17:00,72,3,1,5,3,Yes,Yes,Yes,No Refund,0.00,181.53,0.25,Yes,Valid
PFXC-000369,TXN-0006107,2025-05-13T17:31:25,Web,Standard,2025-04-21T01:38:25,Bank Transfer,52.22,Digital Services,Failed Payment,Frustrated,Partial,1,Standard,Technical Support,Resolved,2025-05-14T08:31:00,2025-05-15T14:00:33,120,1,1,3,3,No,Yes,No,Full Refund,52.22,44.49,14.99,No,Valid
PFXC-000370,TXN-0009236,2026-03-30T10:19:58,Mobile,Standard,2026-03-22T06:54:58,Direct Debit,97.57,Other,Incorrect Amount,Frustrated,Complete,4,Low,Payment Operations,Rejected,2026-03-31T19:07:25,2026-04-02T06:44:57,168,0,1,2,1,No,No,Yes,No Refund,0.00,68.42,32.79,No,Valid
PFXC-000371,TXN-0003799,2026-01-25T16:26:36,Mobile,Standard,2025-12-30T01:32:36,Direct Debit,91.21,Subscription,Other,Distressed,Missing,0,Standard,Customer Service,Resolved,2026-01-26T09:41:34,2026-02-04T05:38:33,120,2,2,4,3,No,No,No,Full Refund,91.21,229.20,17.25,Yes,Valid
PFXC-000372,TXN-0011810,2026-06-04T08:17:07,Mobile,Standard,2026-05-20T22:10:07,Direct Debit,21.33,Retail,Cash Withdrawal Dispute,Neutral,Complete,4,Standard,Fraud Review,In Investigation,2026-06-04T23:46:05,,120,3,2,2,2,Yes,No,Yes,Pending,0.00,,15.48,No,Valid
PFXC-000373,TXN-0000206,2026-04-10T11:41:14,Call Centre,Standard,2026-02-13T02:37:14,Cash Withdrawal,112.06,Retail,Cash Withdrawal Dispute,Frustrated,Partial,2,Standard,Customer Service,Cancelled,2026-04-11T00:20:52,2026-04-19T21:36:46,120,2,1,4,5,No,Yes,No,Customer Withdrawn,0.00,225.93,12.66,Yes,Valid
PFXC-000374,TXN-0004460,2025-09-28T09:42:07,Chat,Standard,2025-08-30T03:20:07,Wallet Payment,94.96,Retail,Merchant Non-confirmation,Positive,Complete,2,Standard,Technical Support,Rejected,2025-09-29T08:34:02,2025-10-03T01:35:10,120,1,1,1,4,No,No,No,No Refund,0.00,111.88,22.87,No,Valid
PFXC-000375,TXN-0000145,2025-04-23T21:40:19,Chat,Standard,2025-03-27T02:02:19,Wallet Payment,79.00,Cash Withdrawal,Cash Withdrawal Dispute,Distressed,Partial,2,High,Fraud Review,Rejected,2025-04-24T03:09:58,2025-05-04T04:23:58,72,2,0,2,4,Yes,Yes,No,No Refund,0.00,246.73,5.49,Yes,Valid
PFXC-000376,TXN-0011149,2025-01-04T11:36:23,Mobile,Standard,2024-12-09T15:11:23,Direct Debit,54.14,Utilities,Delayed Refund,Neutral,Complete,2,Standard,Payment Operations,In Investigation,2025-01-05T05:05:39,,120,0,1,0,2,No,Yes,No,Pending,0.00,,17.49,No,Valid
PFXC-000377,TXN-0002959,2026-02-18T00:55:52,Chat,Vulnerable Support,2026-01-11T00:22:52,Card Purchase,435.25,Retail,Unauthorised Transaction,Distressed,Partial,2,Urgent,Refund Approval,Resolved,2026-02-18T01:10:52,2026-02-25T08:12:23,24,2,0,3,1,No,No,No,Full Refund,435.25,175.28,0.25,Yes,Valid
PFXC-000378,TXN-0007660,2025-01-20T16:24:49,Web,Standard,2025-01-11T19:31:49,Card Purchase,116.34,Retail,Incorrect Amount,Neutral,Complete,2,Standard,Payment Operations,Pending Approval,2025-01-21T09:29:27,,120,3,0,1,4,No,No,No,Pending,0.00,,17.08,No,Valid
PFXC-000379,TXN-0000613,2025-02-06T17:36:11,Email,Assisted Digital,2025-01-08T18:14:11,Card Purchase,23.65,Utilities,Unauthorised Transaction,Frustrated,Missing,0,Low,Customer Service,Resolved,2025-02-07T23:06:07,2025-02-14T12:46:27,168,2,1,3,2,No,Yes,No,Fraud Referral,0.00,187.17,29.50,Yes,Valid
PFXC-000380,TXN-0009085,2026-06-17T16:21:07,Email,Standard,2026-06-06T16:56:07,Card Purchase,10.65,Utilities,Unauthorised Transaction,Frustrated,Partial,1,Standard,Complaints,Resolved,2026-06-18T13:50:25,2026-06-22T20:36:46,120,1,1,2,1,No,Yes,Yes,Full Refund,10.65,124.26,21.49,Yes,Valid
PFXC-000381,TXN-0006313,2025-07-11T18:30:02,Web,Standard,2025-07-02T15:52:02,Bank Transfer,143.27,Travel,Unauthorised Transaction,Distressed,Missing,0,Standard,Fraud Review,Resolved,2025-07-12T16:40:00,2025-07-23T23:58:15,120,3,2,5,6,Yes,Yes,Yes,Fraud Referral,0.00,293.47,22.17,Yes,Valid
PFXC-000382,TXN-0006573,2025-10-29T00:14:06,Call Centre,Standard,2025-10-16T19:22:06,Direct Debit,145.69,Other,Unauthorised Transaction,Frustrated,Partial,2,High,Customer Service,Pending Approval,2025-10-29T12:06:30,,72,1,2,4,4,No,No,No,Pending,0.00,,11.87,No,Valid
PFXC-000383,TXN-0001950,2026-04-09T16:50:23,Mobile,Standard,2026-03-24T10:06:23,Bank Transfer,23.67,Retail,Delayed Refund,Distressed,Missing,0,Standard,Payment Operations,Resolved,2026-04-10T08:50:20,2026-04-16T12:47:05,120,0,1,2,4,No,No,No,Full Refund,23.67,163.95,16.00,Yes,Valid
PFXC-000384,TXN-0008303,2025-05-13T15:56:37,Web,Standard,2025-05-06T20:07:37,Bank Transfer,136.11,Cash Withdrawal,Failed Payment,Frustrated,Complete,3,Standard,Technical Support,Rejected,2025-05-14T13:23:57,2025-05-17T01:32:31,120,3,1,3,3,No,No,No,No Refund,0.00,81.60,21.46,No,Valid
PFXC-000385,TXN-0005592,2026-06-26T03:46:05,Call Centre,Standard,2026-04-27T18:08:05,Card Purchase,37.11,Retail,Duplicate Debit,Neutral,Partial,1,Standard,Payment Operations,Pending Customer,2026-06-26T16:36:28,,120,1,0,1,2,No,No,No,Pending,0.00,,12.84,No,Valid
PFXC-000386,TXN-0011942,2026-06-04T10:31:03,Email,Standard,2026-04-25T03:20:03,Direct Debit,26.75,Other,Subscription Dispute,Frustrated,Partial,2,Standard,Customer Service,Resolved,2026-06-05T04:46:04,2026-06-11T03:01:01,120,1,1,2,2,No,Yes,No,Partial Refund,12.45,160.50,18.25,Yes,Valid
PFXC-000387,TXN-0011395,2026-03-12T05:38:38,Mobile,Standard,2026-03-03T23:17:38,Card Purchase,194.94,Utilities,Failed Payment,Neutral,Complete,3,Standard,Technical Support,Rejected,2026-03-13T08:57:28,2026-03-17T01:28:59,120,3,0,1,4,No,No,Yes,No Refund,0.00,115.84,27.31,No,Valid
PFXC-000388,TXN-0010275,2026-04-17T05:02:38,Mobile,Standard,2026-03-24T19:18:38,Card Purchase,20.06,Other,Failed Payment,Frustrated,Partial,2,Standard,Fraud Review,Resolved,2026-04-17T19:38:10,2026-04-23T05:49:35,120,2,1,2,4,Yes,No,No,Fraud Referral,0.00,144.78,14.59,Yes,Valid
PFXC-000389,TXN-0002170,2026-01-03T17:09:53,Call Centre,Standard,2025-12-08T08:29:53,Card Purchase,241.31,Retail,Delayed Refund,Frustrated,Complete,4,Standard,Fraud Review,Resolved,2026-01-04T04:22:59,2026-01-09T22:00:12,120,2,1,4,2,Yes,Yes,Yes,Full Refund,241.31,148.84,11.22,Yes,Valid
PFXC-000390,TXN-0011360,2026-04-20T21:16:52,Mobile,Standard,2026-03-02T00:30:52,Card Purchase,20.27,Travel,Failed Payment,Neutral,Complete,2,Standard,Refund Approval,Resolved,2026-04-21T13:13:43,2026-04-23T23:50:17,120,1,0,1,3,No,No,Yes,Full Refund,20.27,74.56,15.95,No,Valid
PFXC-000391,TXN-0000944,2026-04-05T18:22:42,Call Centre,Standard,2026-04-02T22:22:42,Card Purchase,84.91,Retail,Unauthorised Transaction,Frustrated,Partial,1,Standard,Fraud Review,Awaiting Evidence,2026-04-06T07:36:53,,120,3,1,3,2,Yes,No,No,Pending,0.00,,13.24,No,Valid
PFXC-000392,TXN-0005871,2026-06-12T13:01:17,Call Centre,Standard,2026-05-29T01:41:17,Direct Debit,100.65,Other,Delayed Refund,Neutral,Complete,4,Standard,Payment Operations,Rejected,2026-06-13T03:06:26,2026-06-15T00:04:46,120,0,0,1,5,No,Yes,No,No Refund,0.00,59.06,14.09,No,Valid
PFXC-000393,TXN-0004993,2025-12-02T09:56:02,Web,Standard,2025-10-31T09:45:02,Wallet Payment,119.94,Retail,Failed Payment,Neutral,Complete,4,Standard,Technical Support,Rejected,2025-12-03T06:08:37,2025-12-04T20:13:38,120,1,1,1,3,No,No,No,No Refund,0.00,58.29,20.21,No,Valid
PFXC-000394,TXN-0007488,2026-05-28T20:29:36,Call Centre,Standard,2026-04-05T11:45:36,Card Purchase,88.48,Digital Services,Failed Payment,Neutral,Partial,2,Standard,Technical Support,Pending Customer,2026-05-29T20:37:03,,120,1,1,0,2,No,Yes,No,Pending,0.00,,24.12,No,Valid
PFXC-000395,TXN-0003289,2025-02-22T08:46:50,Call Centre,Assisted Digital,2025-01-12T07:36:50,Card Purchase,70.13,Other,Failed Payment,Neutral,Complete,3,Standard,Technical Support,Rejected,2025-02-23T08:00:03,2025-02-25T21:41:09,120,1,0,1,4,No,No,No,No Refund,0.00,84.91,23.22,No,Valid
PFXC-000396,TXN-0008532,2026-01-10T15:46:56,Mobile,Standard,2025-12-25T11:10:56,Direct Debit,193.73,Other,Duplicate Debit,Frustrated,Missing,0,Standard,Payment Operations,Resolved,2026-01-11T07:44:33,2026-01-19T13:12:54,120,3,2,4,5,No,Yes,No,Full Refund,193.73,213.43,15.96,Yes,Valid
PFXC-000397,TXN-0005951,2026-06-26T23:03:38,Web,Standard,2026-05-05T10:02:38,Bank Transfer,7.41,Digital Services,Cash Withdrawal Dispute,Frustrated,Complete,3,Standard,Customer Service,Rejected,2026-06-27T13:27:55,2026-07-02T18:47:48,120,2,0,3,3,No,Yes,Yes,No Refund,0.00,139.74,14.40,Yes,Valid
PFXC-000398,TXN-0003661,2026-04-03T15:13:00,Mobile,Standard,2026-03-03T05:02:00,Wallet Payment,59.83,Subscription,Other,Distressed,Missing,0,Standard,Customer Service,Rejected,2026-04-04T09:55:22,2026-04-11T13:28:18,120,2,1,4,1,No,No,Yes,No Refund,0.00,190.26,18.71,Yes,Valid
PFXC-000399,TXN-0001954,2025-02-18T21:19:34,Mobile,Assisted Digital,2024-12-26T06:27:34,Card Purchase,15.66,Travel,Subscription Dispute,Frustrated,Partial,2,Standard,Customer Service,Rejected,2025-02-19T16:26:27,2025-02-24T12:30:38,120,1,1,4,4,No,No,No,No Refund,0.00,135.18,19.11,Yes,Valid
PFXC-000400,TXN-0002659,2026-05-14T07:10:17,Web,Standard,2026-03-16T08:42:17,Card Purchase,293.61,Travel,Subscription Dispute,Positive,Complete,2,Low,Customer Service,Resolved,2026-05-15T10:13:34,2026-05-18T16:03:07,168,2,1,0,3,No,No,No,Partial Refund,60.99,104.88,27.05,No,Valid
PFXC-000401,TXN-0008626,2025-10-22T05:57:28,Call Centre,Standard,2025-09-17T13:59:28,Direct Debit,7.60,Travel,Delayed Refund,Distressed,Missing,0,Standard,Payment Operations,Rejected,2025-10-23T01:14:26,2025-10-30T15:26:05,120,2,1,2,2,No,No,No,No Refund,0.00,201.48,19.28,Yes,Valid
PFXC-000402,TXN-0006893,2026-06-29T07:11:29,Call Centre,Standard,2026-05-01T16:50:29,Card Purchase,62.60,Subscription,Unauthorised Transaction,Distressed,Complete,3,Standard,Customer Service,Rejected,2026-06-30T08:10:22,2026-07-07T14:16:46,120,4,1,5,4,No,Yes,No,No Refund,0.00,199.09,24.98,Yes,Valid
PFXC-000403,TXN-0005821,2026-05-19T15:47:47,Chat,Standard,2026-04-06T02:06:47,Bank Transfer,118.20,Utilities,Failed Payment,Frustrated,Complete,4,Low,Technical Support,Resolved,2026-05-21T00:45:21,2026-05-24T06:21:07,168,2,1,2,1,No,Yes,No,Full Refund,118.20,110.56,32.96,No,Valid
PFXC-000404,TXN-0010221,2025-09-28T11:08:23,Chat,Standard,2025-07-30T12:57:23,Direct Debit,46.14,Cash Withdrawal,Duplicate Debit,Frustrated,Missing,0,Standard,Refund Approval,Resolved,2025-09-29T04:38:13,2025-10-04T17:21:18,120,1,2,3,1,No,No,Yes,Full Refund,46.14,150.22,17.50,Yes,Valid
PFXC-000405,TXN-0003302,2025-10-17T17:17:12,Web,Standard,2025-08-26T09:50:12,Bank Transfer,61.79,Subscription,Unauthorised Transaction,Distressed,Complete,3,High,Customer Service,Rejected,2025-10-18T05:37:23,2025-10-22T23:09:42,72,1,1,4,2,No,No,No,No Refund,0.00,125.88,12.34,Yes,Valid
PFXC-000406,TXN-0001911,2026-01-24T18:26:32,Call Centre,Assisted Digital,2026-01-02T02:21:32,Bank Transfer,37.32,Subscription,Cash Withdrawal Dispute,Frustrated,Partial,1,Standard,Customer Service,Rejected,2026-01-25T18:11:55,2026-02-01T06:15:55,120,1,0,1,3,No,Yes,No,No Refund,0.00,179.82,23.76,Yes,Valid
PFXC-000407,TXN-0008216,2025-05-10T10:23:07,Mobile,Standard,2025-04-19T09:59:07,Card Purchase,326.35,Digital Services,Delayed Refund,Frustrated,Complete,4,Low,Complaints,Rejected,2025-05-11T08:26:37,2025-05-15T15:41:16,168,2,1,2,3,No,Yes,Yes,No Refund,0.00,125.30,22.06,No,Valid
PFXC-000408,TXN-0005454,2025-04-14T13:30:14,Mobile,Standard,2025-04-04T07:54:14,Card Purchase,597.91,Subscription,Merchant Non-confirmation,Frustrated,Complete,4,Low,Technical Support,Rejected,2025-04-15T13:54:55,2025-04-18T22:16:59,168,1,1,2,2,No,No,No,No Refund,0.00,104.78,24.41,No,Valid
PFXC-000409,TXN-0012284,2026-03-20T10:41:08,Mobile,Standard,2026-03-10T04:04:08,Card Purchase,19.24,Digital Services,Delayed Refund,Neutral,Partial,2,Low,Payment Operations,Resolved,2026-03-21T16:44:17,2026-03-25T07:51:17,168,1,0,2,3,No,No,No,Full Refund,19.24,117.17,30.05,No,Valid
PFXC-000410,TXN-0010440,2026-06-11T08:18:45,Email,Standard,2026-05-16T08:37:45,Card Purchase,79.62,Travel,Failed Payment,Positive,Partial,2,Standard,Technical Support,Rejected,2026-06-11T23:05:14,2026-06-15T18:48:54,120,0,0,0,3,No,No,No,No Refund,0.00,106.50,14.77,No,Valid
PFXC-000411,TXN-0006037,2025-05-29T13:31:29,Web,Standard,2025-04-08T19:54:29,Direct Debit,15.46,Subscription,Incorrect Amount,Frustrated,Complete,2,Standard,Payment Operations,Resolved,2025-05-30T04:11:56,2025-06-01T11:26:06,120,1,0,1,2,No,No,No,Partial Refund,5.78,69.91,14.67,No,Valid
PFXC-000412,TXN-0001348,2025-07-19T21:09:40,Web,Standard,2025-06-16T21:45:40,Card Purchase,40.63,Cash Withdrawal,Delayed Refund,Neutral,Partial,2,Low,Payment Operations,Resolved,2025-07-20T21:32:11,2025-07-23T15:10:07,168,1,0,1,3,No,No,No,Full Refund,40.63,90.01,24.38,No,Valid
PFXC-000413,TXN-0006425,2026-01-24T15:22:19,Mobile,Standard,2026-01-07T02:51:19,Cash Withdrawal,16.50,Travel,Unauthorised Transaction,Distressed,Complete,4,High,Customer Service,Rejected,2026-01-24T19:22:38,2026-01-28T08:49:47,72,2,0,4,2,No,Yes,No,No Refund,0.00,89.46,4.01,Yes,Valid
PFXC-000414,TXN-0000544,2026-01-10T06:31:00,Email,Standard,2025-11-11T03:57:00,Bank Transfer,20.45,Travel,Delayed Refund,Neutral,Partial,1,Standard,Payment Operations,In Investigation,2026-01-10T23:50:26,,120,3,0,1,4,No,No,No,Pending,0.00,,17.32,No,Valid
PFXC-000415,TXN-0010044,2025-10-20T06:16:26,Mobile,Assisted Digital,2025-09-03T09:00:26,Bank Transfer,56.71,Retail,Incorrect Amount,Positive,Complete,2,Standard,Payment Operations,Rejected,2025-10-20T17:14:18,2025-10-25T04:29:35,120,1,1,1,5,No,No,No,No Refund,0.00,118.22,10.96,No,Valid
PFXC-000416,TXN-0005431,2025-05-10T05:47:32,Mobile,Standard,2025-03-25T16:06:32,Card Purchase,67.38,Subscription,Cash Withdrawal Dispute,Distressed,Partial,2,Standard,Customer Service,Resolved,2025-05-10T23:51:53,2025-05-18T08:43:20,120,2,1,3,3,No,Yes,No,Full Refund,67.38,194.93,18.07,Yes,Valid
PFXC-000417,TXN-0008984,2025-12-16T09:23:36,Web,Standard,2025-11-04T01:05:36,Bank Transfer,60.81,Retail,Unauthorised Transaction,Frustrated,Complete,2,Standard,Fraud Review,Resolved,2025-12-16T17:26:34,2025-12-24T04:23:34,120,4,0,3,5,Yes,Yes,No,Full Refund,60.81,187.00,8.05,Yes,Valid
PFXC-000418,TXN-0006446,2026-05-07T16:24:32,Mobile,Assisted Digital,2026-04-21T16:02:32,Bank Transfer,59.18,Digital Services,Delayed Refund,Frustrated,Complete,4,Standard,Fraud Review,Resolved,2026-05-08T06:09:53,2026-05-14T03:46:35,120,3,0,3,1,Yes,No,No,Full Refund,59.18,155.37,13.76,Yes,Valid
PFXC-000419,TXN-0000146,2025-03-01T14:35:33,Call Centre,Standard,2025-01-04T13:43:33,Card Purchase,137.06,Other,Incorrect Amount,Neutral,Complete,4,Standard,Payment Operations,Resolved,2025-03-02T07:15:06,2025-03-05T06:11:32,120,3,1,3,2,No,No,No,Full Refund,137.06,87.60,16.66,No,Valid
PFXC-000420,TXN-0007072,2025-07-23T19:30:09,Mobile,Standard,2025-05-25T02:31:09,Direct Debit,104.25,Utilities,Cash Withdrawal Dispute,Distressed,Complete,2,Standard,Customer Service,Rejected,2025-07-24T16:01:52,2025-07-29T00:45:16,120,1,0,2,2,No,No,No,No Refund,0.00,125.25,20.53,Yes,Valid
PFXC-000421,TXN-0004990,2025-03-07T08:38:20,Mobile,Standard,2025-03-06T04:21:20,Bank Transfer,159.46,Utilities,Cash Withdrawal Dispute,Frustrated,Complete,4,Standard,Fraud Review,Resolved,2025-03-08T02:07:15,2025-03-16T16:36:48,120,3,2,4,3,Yes,Yes,No,Fraud Referral,0.00,223.97,17.48,Yes,Valid
PFXC-000422,TXN-0010704,2026-03-12T20:00:57,Web,Assisted Digital,2026-01-28T18:41:57,Bank Transfer,120.08,Utilities,Delayed Refund,Frustrated,Complete,3,Standard,Payment Operations,Rejected,2026-03-13T13:46:45,2026-03-16T12:10:16,120,1,1,0,0,No,No,No,No Refund,0.00,88.16,17.76,No,Valid
PFXC-000423,TXN-0011430,2025-11-18T06:36:50,Chat,Standard,2025-11-06T03:16:50,Card Purchase,23.68,Retail,Delayed Refund,Distressed,Partial,2,Low,Payment Operations,Rejected,2025-11-19T02:55:57,2025-11-23T13:55:36,168,0,0,2,2,No,No,No,No Refund,0.00,127.31,20.32,No,Valid
PFXC-000424,TXN-0005624,2025-11-11T05:32:15,Web,Standard,2025-11-07T20:24:15,Wallet Payment,33.16,Retail,Merchant Non-confirmation,Frustrated,Missing,0,Standard,Technical Support,Resolved,2025-11-12T02:18:59,2025-11-19T10:49:24,120,2,2,5,4,No,No,No,Full Refund,33.16,197.29,20.78,Yes,Valid
PFXC-000425,TXN-0000995,2025-07-19T22:59:49,Web,Assisted Digital,2025-06-18T05:55:49,Bank Transfer,16.21,Cash Withdrawal,Duplicate Debit,Positive,Partial,2,Low,Payment Operations,Resolved,2025-07-20T18:57:08,2025-07-23T04:57:22,168,0,1,1,2,No,No,No,Partial Refund,12.17,77.96,19.96,No,Valid
PFXC-000426,TXN-0012437,2025-04-29T00:22:42,Mobile,Vulnerable Support,2025-03-06T04:52:42,Bank Transfer,115.00,Retail,Unauthorised Transaction,Positive,Complete,4,Standard,Refund Approval,Resolved,2025-04-29T12:28:23,2025-05-02T00:21:50,120,1,0,1,2,No,Yes,No,Full Refund,115.00,71.99,12.09,No,Valid
PFXC-000427,TXN-0002632,2025-08-02T01:50:37,Web,Assisted Digital,2025-07-01T10:38:37,Card Purchase,352.00,Other,Unauthorised Transaction,Positive,Complete,3,High,Customer Service,In Triage,2025-08-02T14:12:40,,72,1,0,0,2,No,No,No,Pending,0.00,,12.37,No,Valid
PFXC-000428,TXN-0009305,2025-09-16T06:31:49,Mobile,Assisted Digital,2025-09-04T09:35:49,Bank Transfer,105.39,Subscription,Unauthorised Transaction,Distressed,Partial,2,Standard,Customer Service,Rejected,2025-09-17T03:50:42,2025-09-21T21:02:25,120,0,2,4,3,No,Yes,Yes,No Refund,0.00,134.51,21.31,Yes,Valid
PFXC-000429,TXN-0005695,2026-05-25T23:39:57,Mobile,Standard,2026-04-11T17:03:57,Card Purchase,223.71,Utilities,Incorrect Amount,Distressed,Partial,2,Standard,Refund Approval,Resolved,2026-05-26T23:35:01,2026-05-31T17:36:21,120,3,1,4,2,No,Yes,No,Full Refund,223.71,137.94,23.92,Yes,Valid
PFXC-000430,TXN-0001076,2025-05-25T13:43:13,Mobile,Standard,2025-04-21T21:21:13,Direct Debit,52.46,Retail,Incorrect Amount,Frustrated,Complete,2,Standard,Complaints,Pending Customer,2025-05-26T09:38:24,,120,1,0,2,3,No,No,Yes,Pending,0.00,,19.92,No,Valid
PFXC-000431,TXN-0002340,2025-02-06T04:57:56,Mobile,Standard,2024-12-23T12:06:56,Card Purchase,38.09,Retail,Delayed Refund,Distressed,Complete,2,Standard,Fraud Review,Resolved,2025-02-07T01:31:20,2025-02-12T01:36:18,120,1,0,3,3,Yes,Yes,No,Full Refund,38.09,140.64,20.56,Yes,Valid
PFXC-000432,TXN-0004142,2026-03-22T23:37:10,Mobile,Standard,2026-02-01T04:46:10,Direct Debit,39.55,Retail,Unauthorised Transaction,Frustrated,Complete,4,Standard,Refund Approval,Resolved,2026-03-23T20:26:32,2026-03-30T19:16:28,120,2,1,2,1,No,No,Yes,Full Refund,39.55,187.66,20.82,Yes,Valid
PFXC-000433,TXN-0010685,2025-12-31T10:35:20,Call Centre,Standard,2025-11-16T17:35:20,Direct Debit,133.97,Retail,Failed Payment,Frustrated,Complete,4,Standard,Technical Support,Resolved,2026-01-01T07:03:24,2026-01-04T17:48:00,120,3,1,3,3,No,Yes,No,Full Refund,133.97,103.21,20.47,No,Valid
PFXC-000434,TXN-0000756,2026-03-23T05:14:15,Web,Standard,2026-02-05T09:08:15,Card Purchase,9.20,Utilities,Delayed Refund,Frustrated,Partial,2,Standard,Payment Operations,Resolved,2026-03-23T12:43:30,2026-03-28T01:51:45,120,2,1,3,3,No,No,No,Full Refund,9.20,116.63,7.49,No,Valid
PFXC-000435,TXN-0008852,2025-04-19T08:32:59,Web,Standard,2025-04-04T23:07:59,Card Purchase,450.48,Retail,Incorrect Amount,Distressed,Partial,1,Low,Payment Operations,Pending Merchant,2025-04-20T20:39:02,,168,1,1,2,3,No,No,No,Pending,0.00,,36.10,No,Valid
PFXC-000436,TXN-0008024,2025-03-17T23:03:25,Mobile,Standard,2025-01-28T06:51:25,Direct Debit,47.36,Cash Withdrawal,Failed Payment,Neutral,Complete,2,Low,Technical Support,Cancelled,2025-03-18T17:38:16,2025-03-22T16:12:15,168,3,0,2,2,No,No,Yes,Customer Withdrawn,0.00,113.15,18.58,No,Valid
PFXC-000437,TXN-0005912,2025-06-17T16:45:01,Mobile,Assisted Digital,2025-05-31T17:25:01,Bank Transfer,85.74,Other,Delayed Refund,Distressed,Complete,4,Standard,Payment Operations,Rejected,2025-06-18T13:18:42,2025-06-22T23:04:03,120,2,0,3,3,No,No,Yes,No Refund,0.00,126.32,20.56,Yes,Valid
PFXC-000438,TXN-0005784,2025-05-25T05:21:49,Mobile,Assisted Digital,2025-04-21T12:30:49,Cash Withdrawal,35.39,Travel,Subscription Dispute,Neutral,Partial,1,Low,Customer Service,Cancelled,2025-05-26T11:34:30,2025-05-30T11:16:31,168,3,0,2,2,No,No,No,Customer Withdrawn,0.00,125.91,30.21,No,Valid
PFXC-000439,TXN-0002030,2025-06-25T02:31:26,Chat,Standard,2025-05-04T12:40:26,Card Purchase,30.24,Other,Subscription Dispute,Neutral,Complete,4,Low,Customer Service,Resolved,2025-06-26T13:13:40,2025-06-27T04:44:25,168,0,1,2,1,No,No,No,Full Refund,30.24,50.22,34.70,No,Valid
PFXC-000440,TXN-0005821,2025-01-14T12:12:22,Mobile,Assisted Digital,2024-12-29T19:55:22,Direct Debit,499.36,Subscription,Cash Withdrawal Dispute,Distressed,Partial,2,High,Customer Service,Resolved,2025-01-14T19:31:15,2025-01-21T04:33:26,72,0,1,3,3,No,Yes,No,Full Refund,499.36,160.35,7.31,Yes,Valid
PFXC-000441,TXN-0000625,2026-04-18T20:27:07,Mobile,Standard,2026-03-22T23:50:07,Card Purchase,29.44,Retail,Incorrect Amount,Neutral,Complete,3,Low,Refund Approval,Resolved,2026-04-19T20:21:39,2026-04-24T10:22:26,168,1,1,3,2,No,No,Yes,Partial Refund,20.12,133.92,23.91,No,Valid
PFXC-000442,TXN-0006252,2025-08-15T04:14:22,Mobile,Assisted Digital,2025-06-20T00:55:22,Card Purchase,520.13,Utilities,Cash Withdrawal Dispute,Frustrated,Complete,2,Standard,Customer Service,Resolved,2025-08-16T02:57:14,2025-08-20T19:11:11,120,0,1,3,2,No,No,No,Full Refund,520.13,134.95,22.71,Yes,Valid
PFXC-000443,TXN-0009456,2025-04-19T09:22:08,Mobile,Standard,2025-02-25T06:52:08,Bank Transfer,95.52,Digital Services,Delayed Refund,Neutral,Complete,4,Standard,Payment Operations,In Triage,2025-04-20T11:29:09,,120,1,1,1,3,No,No,No,Pending,0.00,,26.12,No,Valid
PFXC-000444,TXN-0004142,2025-01-12T01:50:39,Web,Standard,2025-01-08T20:06:39,Card Purchase,1227.73,Digital Services,Delayed Refund,Frustrated,Partial,1,Standard,Payment Operations,Resolved,2025-01-12T19:22:04,2025-01-19T23:13:17,120,2,1,4,4,No,No,No,Full Refund,1227.73,189.38,17.52,Yes,Valid
PFXC-000445,TXN-0002117,2025-06-11T00:44:16,Web,Assisted Digital,2025-05-04T05:57:16,Card Purchase,99.23,Digital Services,Other,Distressed,Complete,3,Standard,Customer Service,Resolved,2025-06-11T07:41:25,2025-06-17T00:20:41,120,3,0,2,3,No,No,No,Full Refund,99.23,143.61,6.95,Yes,Valid
PFXC-000446,TXN-0011621,2025-08-08T11:58:27,Chat,Standard,2025-07-18T21:22:27,Card Purchase,398.47,Other,Incorrect Amount,Frustrated,Missing,0,Standard,Payment Operations,Resolved,2025-08-09T10:56:36,2025-08-14T20:10:11,120,2,2,4,1,No,Yes,Yes,Full Refund,398.47,152.20,22.97,Yes,Valid
PFXC-000447,TXN-0000968,2026-06-29T13:26:42,Web,Standard,2026-05-04T06:40:42,Direct Debit,161.70,Retail,Other,Distressed,Complete,3,Standard,Customer Service,Resolved,2026-06-30T06:16:02,2026-07-04T23:58:04,120,2,1,3,3,No,Yes,No,Full Refund,161.70,130.52,16.82,Yes,Valid
PFXC-000448,TXN-0002322,2025-06-22T17:06:52,Mobile,Standard,2025-06-18T01:03:52,Card Purchase,9.58,Subscription,Cash Withdrawal Dispute,Frustrated,Complete,2,Standard,Customer Service,Resolved,2025-06-23T04:20:03,2025-06-29T11:29:04,120,3,1,2,1,No,No,No,Partial Refund,3.52,162.37,11.22,Yes,Valid
PFXC-000449,TXN-0008128,2025-01-05T23:52:33,Mobile,Standard,2024-12-06T22:32:33,Card Purchase,87.56,Retail,Cash Withdrawal Dispute,Distressed,Partial,1,Standard,Customer Service,Rejected,2025-01-06T21:39:58,2025-01-11T16:26:26,120,1,0,3,2,No,No,No,No Refund,0.00,136.56,21.79,Yes,Valid
PFXC-000450,TXN-0003514,2025-03-14T07:59:00,Call Centre,Standard,2025-02-22T19:52:00,Card Purchase,75.07,Retail,Incorrect Amount,Positive,Complete,4,Standard,Refund Approval,Resolved,2025-03-15T05:35:08,2025-03-17T08:38:45,120,1,0,0,3,No,No,No,Full Refund,75.07,72.66,21.60,No,Valid
PFXC-000451,TXN-0011667,2025-09-09T19:51:31,Mobile,Standard,2025-08-11T22:48:31,Cash Withdrawal,90.65,Retail,Failed Payment,Frustrated,Missing,0,Low,Technical Support,Resolved,2025-09-11T08:20:32,2025-09-16T00:54:58,168,2,1,1,3,No,No,No,Full Refund,90.65,149.06,36.48,No,Valid
PFXC-000452,TXN-0009209,2025-09-28T03:16:38,Web,Standard,2025-09-09T09:28:38,Card Purchase,38.58,Retail,Cash Withdrawal Dispute,Frustrated,Complete,2,High,Customer Service,Rejected,2025-09-28T03:31:38,2025-10-04T19:46:24,72,3,0,4,3,No,Yes,No,No Refund,0.00,160.50,0.25,Yes,Valid
PFXC-000453,TXN-0008954,2025-01-28T02:52:19,Email,Standard,2025-01-20T01:49:19,Direct Debit,32.57,Other,Cash Withdrawal Dispute,Frustrated,Partial,1,High,Fraud Review,Pending Customer,2025-01-28T10:41:25,,72,1,1,3,2,Yes,No,Yes,Pending,0.00,,7.82,No,Valid
PFXC-000454,TXN-0000100,2025-12-14T23:16:42,Chat,Standard,2025-12-06T03:06:42,Direct Debit,70.45,Travel,Incorrect Amount,Distressed,Partial,2,Standard,Fraud Review,Resolved,2025-12-15T17:11:48,2025-12-24T01:54:12,120,3,2,5,3,Yes,No,No,Full Refund,70.45,218.63,17.92,Yes,Valid
PFXC-000455,TXN-0009154,2025-02-28T05:30:35,Mobile,Standard,2025-01-17T06:35:35,Card Purchase,27.61,Utilities,Duplicate Debit,Positive,Complete,4,Standard,Payment Operations,Resolved,2025-02-28T22:21:40,2025-03-03T13:32:08,120,2,0,0,1,No,No,No,Full Refund,27.61,80.03,16.85,No,Valid
PFXC-000456,TXN-0002960,2026-06-06T11:39:29,Mobile,Standard,2026-05-09T09:29:29,Bank Transfer,1077.83,Travel,Duplicate Debit,Frustrated,Complete,4,High,Payment Operations,Resolved,2026-06-06T22:31:11,2026-06-10T11:12:08,72,3,1,4,1,No,No,Yes,Full Refund,1077.83,95.54,10.86,Yes,Valid
PFXC-000457,TXN-0007152,2026-03-15T08:29:29,Mobile,Standard,2026-01-15T20:32:29,Direct Debit,39.03,Digital Services,Unauthorised Transaction,Distressed,Complete,3,High,Customer Service,Rejected,2026-03-15T12:27:54,2026-03-21T00:17:43,72,3,1,4,2,No,Yes,No,No Refund,0.00,135.80,3.97,Yes,Valid
PFXC-000458,TXN-0001003,2025-12-04T12:15:42,Web,Standard,2025-10-15T14:03:42,Card Purchase,21.98,Travel,Cash Withdrawal Dispute,Frustrated,Complete,3,Standard,Customer Service,Resolved,2025-12-05T07:09:18,2025-12-11T03:19:12,120,0,2,5,4,No,No,Yes,Partial Refund,11.99,159.06,18.89,Yes,Valid
PFXC-000459,TXN-0003277,2026-01-28T04:49:46,Chat,Standard,2025-12-29T13:51:46,Card Purchase,88.04,Other,Delayed Refund,Distressed,Missing,0,Standard,Payment Operations,In Triage,2026-01-28T08:42:13,,120,2,2,4,2,No,No,No,Pending,0.00,,3.87,No,Valid
PFXC-000460,TXN-0003978,2025-12-12T20:31:05,Mobile,Standard,2025-11-07T15:46:05,Bank Transfer,56.99,Utilities,Merchant Non-confirmation,Frustrated,Missing,0,Standard,Technical Support,Rejected,2025-12-13T12:36:27,2025-12-19T05:00:54,120,1,0,3,3,No,No,Yes,No Refund,0.00,152.50,16.09,Yes,Valid
PFXC-000461,TXN-0007353,2026-03-19T09:19:11,Email,Standard,2026-02-04T09:39:11,Bank Transfer,229.52,Digital Services,Incorrect Amount,Neutral,Complete,2,Standard,Payment Operations,Resolved,2026-03-20T12:34:13,2026-03-23T15:22:21,120,1,0,2,2,No,No,No,Full Refund,229.52,102.05,27.25,No,Valid
PFXC-000462,TXN-0008297,2025-11-19T20:16:25,Email,Standard,2025-10-31T21:20:25,Bank Transfer,75.88,Travel,Duplicate Debit,Neutral,Complete,2,Standard,Payment Operations,Rejected,2025-11-20T13:17:10,2025-11-22T11:15:08,120,0,1,3,1,No,No,No,No Refund,0.00,62.98,17.01,No,Valid
PFXC-000463,TXN-0007901,2025-09-22T14:43:05,Email,Standard,2025-08-25T23:49:05,Direct Debit,97.15,Retail,Subscription Dispute,Neutral,Complete,3,Low,Customer Service,Rejected,2025-09-23T16:40:20,2025-09-27T09:48:52,168,2,0,0,3,No,No,No,No Refund,0.00,115.10,25.95,No,Valid
PFXC-000464,TXN-0006562,2025-09-20T00:42:36,Web,Standard,2025-09-08T19:31:36,Card Purchase,50.94,Travel,Delayed Refund,Frustrated,Missing,0,Low,Payment Operations,Rejected,2025-09-21T04:34:36,2025-09-28T05:34:58,168,2,1,2,3,No,No,No,No Refund,0.00,196.87,27.87,Yes,Valid
PFXC-000465,TXN-0007804,2025-11-14T04:09:04,Mobile,Standard,2025-09-19T07:41:04,Bank Transfer,221.80,Retail,Unauthorised Transaction,Frustrated,Partial,2,High,Customer Service,Resolved,2025-11-14T17:30:04,2025-11-20T15:37:57,72,2,1,5,3,No,No,No,Full Refund,221.80,155.48,13.35,Yes,Valid
PFXC-000466,TXN-0004564,2026-03-03T13:21:46,Web,Standard,2026-02-26T13:50:46,Bank Transfer,275.12,Digital Services,Delayed Refund,Neutral,Complete,2,Standard,Payment Operations,In Triage,2026-03-04T11:24:51,,120,1,0,0,2,No,No,No,Pending,0.00,,22.05,No,Valid
PFXC-000467,TXN-0009319,2025-02-09T02:02:08,Web,Standard,2025-01-23T03:01:08,Card Purchase,24.28,Retail,Subscription Dispute,Frustrated,Partial,2,Standard,Customer Service,Rejected,2025-02-09T10:39:08,2025-02-13T03:50:19,120,1,1,2,2,No,No,No,No Refund,0.00,97.80,8.62,No,Valid
PFXC-000468,TXN-0000110,2025-03-15T10:19:49,Email,Standard,2025-01-23T10:59:49,Bank Transfer,618.21,Digital Services,Delayed Refund,Distressed,Complete,3,High,Refund Approval,Resolved,2025-03-15T19:37:34,2025-03-20T04:57:30,72,1,0,1,2,No,Yes,No,Full Refund,618.21,114.63,9.30,Yes,Valid
PFXC-000469,TXN-0002556,2025-01-02T13:07:14,Web,Standard,2024-11-28T02:31:14,Card Purchase,48.12,Retail,Delayed Refund,Distressed,Missing,0,Standard,Payment Operations,In Triage,2025-01-03T06:36:03,,120,1,1,3,2,No,No,No,Pending,0.00,,17.48,No,Valid
PFXC-000470,TXN-0005420,2025-03-28T15:37:18,Web,Standard,2025-02-02T16:07:18,Card Purchase,182.36,Subscription,Merchant Non-confirmation,Frustrated,Partial,1,Standard,Technical Support,Resolved,2025-03-29T05:38:53,2025-04-01T22:52:07,120,2,0,1,2,No,No,No,Partial Refund,123.76,103.25,14.03,No,Valid
PFXC-000471,TXN-0001605,2026-02-02T05:52:39,Call Centre,Standard,2025-12-21T08:52:39,Wallet Payment,152.37,Subscription,Failed Payment,Neutral,Partial,1,Standard,Technical Support,Rejected,2026-02-02T18:56:01,2026-02-06T06:56:00,120,1,0,1,3,No,No,No,No Refund,0.00,97.06,13.06,No,Valid
PFXC-000472,TXN-0000817,2025-05-09T01:35:39,Call Centre,Assisted Digital,2025-03-10T08:08:39,Card Purchase,186.22,Utilities,Duplicate Debit,Neutral,Complete,4,Low,Payment Operations,Resolved,2025-05-10T06:27:34,2025-05-12T09:26:10,168,2,1,4,2,No,No,No,Full Refund,186.22,79.84,28.87,No,Valid
PFXC-000473,TXN-0002583,2025-11-17T23:09:24,Mobile,Standard,2025-09-27T02:36:24,Card Purchase,74.25,Other,Subscription Dispute,Frustrated,Complete,3,Standard,Customer Service,Resolved,2025-11-19T00:16:17,2025-11-23T13:04:46,120,2,0,2,2,No,No,No,Full Refund,74.25,133.92,25.11,Yes,Valid
PFXC-000474,TXN-0001558,2026-06-04T14:22:50,Web,Standard,2026-04-13T12:26:50,Card Purchase,18.26,Travel,Subscription Dispute,Neutral,Complete,2,Standard,Fraud Review,Rejected,2026-06-05T09:53:08,2026-06-11T12:29:42,120,1,0,1,3,Yes,No,No,No Refund,0.00,166.11,19.51,Yes,Valid
PFXC-000475,TXN-0004785,2026-04-12T11:43:50,Web,Standard,2026-04-10T12:46:50,Bank Transfer,52.75,Retail,Delayed Refund,Distressed,Partial,1,Standard,Fraud Review,Resolved,2026-04-12T22:59:31,2026-04-21T15:53:21,120,3,1,4,4,Yes,Yes,No,Full Refund,52.75,220.16,11.26,Yes,Valid
PFXC-000476,TXN-0009711,2025-11-02T15:22:25,Email,Standard,2025-10-26T00:08:25,Card Purchase,58.97,Subscription,Delayed Refund,Frustrated,Partial,1,Standard,Payment Operations,Rejected,2025-11-03T14:45:37,2025-11-06T21:07:15,120,1,0,1,1,No,Yes,No,No Refund,0.00,101.75,23.39,No,Valid
PFXC-000477,TXN-0008442,2026-05-12T22:41:24,Mobile,Standard,2026-03-21T08:23:24,Bank Transfer,68.29,Travel,Delayed Refund,Frustrated,Missing,0,Standard,Refund Approval,Resolved,2026-05-13T13:26:13,2026-05-20T15:43:08,120,2,1,3,7,No,Yes,No,Full Refund,68.29,185.03,14.75,Yes,Valid
PFXC-000478,TXN-0002704,2026-02-21T07:48:01,Web,Standard,2026-02-08T18:37:01,Card Purchase,61.00,Travel,Failed Payment,Neutral,Complete,3,Low,Technical Support,Resolved,2026-02-22T14:19:51,2026-02-25T22:10:50,168,1,1,1,2,No,No,No,Full Refund,61.00,110.38,30.53,No,Valid
PFXC-000479,TXN-0005924,2025-10-20T17:45:01,Mobile,Standard,2025-09-20T10:22:01,Wallet Payment,13.41,Subscription,Unauthorised Transaction,Frustrated,Partial,2,Standard,Customer Service,Pending Merchant,2025-10-21T08:37:41,,120,0,0,2,1,No,No,No,Pending,0.00,,14.88,No,Valid
PFXC-000480,TXN-0009621,2025-05-23T23:15:29,Web,Standard,2025-05-01T17:53:29,Card Purchase,29.60,Travel,Subscription Dispute,Frustrated,Partial,1,Low,Customer Service,Awaiting Evidence,2025-05-25T05:38:20,,168,2,1,2,2,No,No,No,Pending,0.00,,30.38,No,Valid
PFXC-000481,TXN-0009887,2025-06-13T03:07:02,Call Centre,Standard,2025-06-04T07:54:02,Direct Debit,48.35,Digital Services,Duplicate Debit,Distressed,Complete,4,Standard,Payment Operations,Pending Merchant,2025-06-13T19:18:50,,120,1,0,2,2,No,No,No,Pending,0.00,,16.20,No,Valid
PFXC-000482,TXN-0011924,2025-10-21T21:20:15,Web,Standard,2025-08-30T05:43:15,Bank Transfer,42.10,Retail,Duplicate Debit,Neutral,Partial,2,Standard,Refund Approval,Resolved,2025-10-22T19:46:44,2025-10-24T10:20:10,120,1,0,1,4,No,No,No,Full Refund,42.10,61.00,22.44,No,Valid
PFXC-000483,TXN-0006065,2025-01-16T00:51:30,Email,Standard,2025-01-07T19:03:30,Cash Withdrawal,9.69,Cash Withdrawal,Unauthorised Transaction,Frustrated,Complete,2,High,Refund Approval,Resolved,2025-01-16T13:33:45,2025-01-19T16:56:47,72,1,0,2,2,No,No,No,Full Refund,9.69,88.09,12.70,Yes,Valid
PFXC-000484,TXN-0001199,2026-04-18T19:03:22,Mobile,Standard,2026-03-28T05:34:22,Cash Withdrawal,113.63,Utilities,Unauthorised Transaction,Neutral,Complete,3,Standard,Refund Approval,Resolved,2026-04-19T04:43:04,2026-04-23T05:37:37,120,2,0,2,1,No,No,No,Full Refund,113.63,106.57,9.66,No,Valid
PFXC-000485,TXN-0004906,2025-02-05T22:38:57,Email,Vulnerable Support,2025-01-17T18:10:57,Bank Transfer,85.15,Subscription,Cash Withdrawal Dispute,Frustrated,Complete,2,High,Customer Service,Resolved,2025-02-06T05:22:09,2025-02-11T12:25:56,72,1,1,4,3,No,Yes,No,Full Refund,85.15,133.78,6.72,Yes,Valid
PFXC-000486,TXN-0002541,2025-07-20T13:44:49,Web,Standard,2025-05-21T22:30:49,Bank Transfer,62.32,Retail,Unauthorised Transaction,Frustrated,Missing,0,Standard,Fraud Review,Resolved,2025-07-21T12:29:26,2025-07-30T21:51:57,120,2,2,2,3,Yes,No,No,Fraud Referral,0.00,248.12,22.74,Yes,Valid
PFXC-000487,TXN-0012220,2025-07-24T06:14:15,Call Centre,Assisted Digital,2025-05-27T23:31:15,Wallet Payment,136.84,Digital Services,Unauthorised Transaction,Frustrated,Complete,2,Standard,Fraud Review,Resolved,2025-07-25T04:18:58,2025-07-30T17:54:58,120,1,0,2,2,Yes,No,No,Fraud Referral,0.00,155.68,22.08,Yes,Valid
PFXC-000488,TXN-0002599,2026-01-14T05:15:24,Web,Assisted Digital,2025-12-07T11:22:24,Card Purchase,214.62,Travel,Cash Withdrawal Dispute,Frustrated,Missing,0,Standard,Fraud Review,Resolved,2026-01-14T19:20:39,2026-01-24T11:32:25,120,1,2,2,5,Yes,Yes,Yes,Partial Refund,120.14,246.28,14.09,Yes,Valid
PFXC-000489,TXN-0000741,2025-12-11T15:11:22,Call Centre,Standard,2025-11-08T17:36:22,Card Purchase,18.41,Retail,Delayed Refund,Distressed,Partial,1,Low,Fraud Review,Resolved,2025-12-12T15:21:44,2025-12-19T10:51:35,168,3,1,4,2,Yes,Yes,No,Fraud Referral,0.00,187.67,24.17,Yes,Valid
PFXC-000490,TXN-0002886,2025-05-16T20:16:31,Mobile,Standard,2025-04-30T12:01:31,Bank Transfer,60.54,Retail,Subscription Dispute,Frustrated,Partial,1,Standard,Customer Service,Rejected,2025-05-17T09:49:19,2025-05-21T12:46:19,120,3,1,4,2,No,No,No,No Refund,0.00,112.50,13.55,No,Valid
PFXC-000491,TXN-0011643,2025-08-01T13:06:41,Chat,Standard,2025-07-18T12:43:41,Cash Withdrawal,58.42,Other,Cash Withdrawal Dispute,Distressed,Partial,1,High,Fraud Review,Rejected,2025-08-01T20:45:57,2025-08-11T10:57:00,72,2,0,3,4,Yes,Yes,No,No Refund,0.00,237.84,7.65,Yes,Valid
PFXC-000492,TXN-0002966,2025-06-30T02:39:01,Web,Standard,2025-06-14T12:05:01,Direct Debit,34.81,Travel,Cash Withdrawal Dispute,Distressed,Complete,4,High,Fraud Review,Resolved,2025-06-30T16:05:27,2025-07-07T05:55:07,72,3,0,3,2,Yes,No,Yes,Fraud Referral,0.00,171.27,13.44,Yes,Valid
PFXC-000493,TXN-0004314,2026-02-07T05:04:01,Mobile,Standard,2026-01-22T04:31:01,Bank Transfer,31.93,Travel,Unauthorised Transaction,Frustrated,Missing,0,Standard,Fraud Review,Resolved,2026-02-08T00:57:31,2026-02-17T08:09:13,120,2,2,4,5,Yes,Yes,Yes,Fraud Referral,0.00,243.09,19.89,Yes,Valid
PFXC-000494,TXN-0006163,2025-03-30T19:08:59,Web,Standard,2025-03-15T03:51:59,Card Purchase,183.11,Retail,Unauthorised Transaction,Distressed,Partial,2,High,Customer Service,Rejected,2025-03-31T10:03:27,2025-04-05T14:03:55,72,1,1,2,3,No,No,No,No Refund,0.00,138.92,14.91,Yes,Valid
PFXC-000495,TXN-0000269,2025-02-08T08:11:13,Chat,Standard,2025-01-04T05:54:13,Card Purchase,261.43,Utilities,Duplicate Debit,Distressed,Partial,2,Standard,Payment Operations,Resolved,2025-02-08T23:49:02,2025-02-12T12:24:43,120,0,1,3,1,No,No,No,Full Refund,261.43,100.23,15.63,No,Valid
PFXC-000496,TXN-0003904,2025-05-07T19:48:47,Mobile,Vulnerable Support,2025-04-18T00:58:47,Card Purchase,19.80,Utilities,Other,Distressed,Partial,2,Standard,Refund Approval,Resolved,2025-05-08T16:04:19,2025-05-14T06:59:25,120,0,1,2,2,No,No,No,Full Refund,19.80,155.18,20.26,Yes,Valid
PFXC-000497,TXN-0011991,2025-10-21T20:40:59,Web,Assisted Digital,2025-09-01T00:11:59,Card Purchase,29.92,Digital Services,Unauthorised Transaction,Frustrated,Complete,3,Standard,Fraud Review,Resolved,2025-10-22T09:23:34,2025-10-31T12:23:19,120,4,1,4,3,Yes,Yes,No,Fraud Referral,0.00,231.71,12.71,Yes,Valid
PFXC-000498,TXN-0012490,2025-04-23T03:47:43,Mobile,Standard,2025-03-07T17:41:43,Card Purchase,73.27,Retail,Cash Withdrawal Dispute,Frustrated,Partial,1,High,Customer Service,Resolved,2025-04-23T17:03:27,2025-04-29T08:39:41,72,0,1,3,2,No,No,No,Full Refund,73.27,148.87,13.26,Yes,Valid
PFXC-000499,TXN-0009197,2025-12-22T04:50:39,Mobile,Standard,2025-10-27T12:01:39,Card Purchase,197.09,Retail,Unauthorised Transaction,Distressed,Complete,4,Standard,Customer Service,In Investigation,2025-12-22T20:53:55,,120,0,1,2,4,No,No,No,Pending,0.00,,16.05,No,Valid
PFXC-000500,TXN-0004027,2026-01-07T01:23:08,Chat,Standard,2025-12-01T05:19:08,Wallet Payment,53.77,Travel,Failed Payment,Neutral,Complete,3,Low,Technical Support,In Investigation,2026-01-08T04:34:16,,168,0,0,1,2,No,No,No,Pending,0.00,,27.19,No,Valid
PFXC-000501,TXN-0005235,2025-08-02T00:40:21,Call Centre,Standard,2025-06-29T15:56:21,Cash Withdrawal,352.47,Utilities,Delayed Refund,Distressed,Complete,3,Standard,Payment Operations,Rejected,2025-08-02T22:01:50,2025-08-09T12:26:18,120,3,1,5,2,No,Yes,Yes,No Refund,0.00,179.77,21.36,Yes,Valid
PFXC-000502,TXN-0002665,2025-12-21T02:44:46,Mobile,Standard,2025-10-23T10:19:46,Direct Debit,153.85,Utilities,Incorrect Amount,Distressed,Missing,0,Low,Payment Operations,Rejected,2025-12-22T10:32:12,2025-12-29T02:15:10,168,2,1,3,5,No,Yes,No,No Refund,0.00,191.51,31.79,Yes,Valid
PFXC-000503,TXN-0010864,2025-03-22T03:39:47,Web,Standard,2025-02-05T20:05:47,Wallet Payment,14.54,Retail,Unauthorised Transaction,Frustrated,Partial,2,Standard,Fraud Review,Pending Customer,2025-03-23T02:09:20,,120,1,0,3,4,Yes,No,No,Pending,0.00,,22.49,No,Valid
PFXC-000504,TXN-0004037,2026-02-15T13:13:35,Email,Vulnerable Support,2026-01-01T20:56:35,Card Purchase,234.94,Travel,Other,Frustrated,Complete,3,High,Customer Service,Pending Merchant,2026-02-15T20:39:40,,72,1,0,2,4,No,No,No,Pending,0.00,,7.43,No,Valid
PFXC-000505,TXN-0004602,2025-09-07T11:38:54,Mobile,Standard,2025-07-16T16:37:54,Bank Transfer,112.16,Digital Services,Merchant Non-confirmation,Frustrated,Partial,1,Standard,Technical Support,Resolved,2025-09-08T05:41:36,2025-09-13T07:10:36,120,2,0,2,3,No,No,Yes,Full Refund,112.16,139.53,18.05,Yes,Valid
PFXC-000506,TXN-0000985,2026-01-24T17:57:45,Call Centre,Standard,2025-12-15T17:27:45,Card Purchase,111.44,Retail,Subscription Dispute,Frustrated,Missing,0,Standard,Customer Service,Resolved,2026-01-25T15:11:50,2026-01-31T16:38:22,120,2,0,2,4,No,Yes,No,Full Refund,111.44,166.68,21.23,Yes,Valid
PFXC-000507,TXN-0005194,2025-05-03T03:21:54,Web,Standard,2025-03-13T13:19:54,Cash Withdrawal,105.81,Utilities,Merchant Non-confirmation,Frustrated,Missing,0,Standard,Technical Support,Resolved,2025-05-03T23:14:47,2025-05-09T00:44:25,120,1,0,2,3,No,No,No,Full Refund,105.81,141.38,19.88,Yes,Valid
PFXC-000508,TXN-0006295,2025-08-15T23:19:12,Call Centre,Standard,2025-08-06T02:20:12,Card Purchase,6.43,Retail,Failed Payment,Neutral,Partial,2,Standard,Technical Support,Rejected,2025-08-16T08:21:42,2025-08-19T15:50:54,120,1,1,2,2,No,No,Yes,No Refund,0.00,88.53,9.04,No,Valid
PFXC-000509,TXN-0007551,2026-01-29T08:37:09,Web,Standard,2025-12-16T19:28:09,Card Purchase,409.08,Retail,Subscription Dispute,Neutral,Complete,2,Low,Customer Service,Rejected,2026-01-30T15:25:48,2026-02-03T04:02:57,168,2,0,1,4,No,No,No,No Refund,0.00,115.43,30.81,No,Valid
PFXC-000510,TXN-0008354,2025-12-10T05:02:46,Email,Standard,2025-11-09T00:19:46,Direct Debit,215.12,Retail,Duplicate Debit,Distressed,Complete,3,Standard,Refund Approval,Resolved,2025-12-10T20:50:55,2025-12-12T19:01:13,120,3,0,3,1,No,Yes,No,Full Refund,215.12,61.97,15.80,No,Valid
PFXC-000511,TXN-0001173,2025-06-07T18:52:19,Web,Standard,2025-05-28T22:56:19,Card Purchase,147.73,Cash Withdrawal,Failed Payment,Positive,Partial,1,Low,Technical Support,Resolved,2025-06-08T18:45:55,2025-06-12T10:15:50,168,1,0,0,1,No,No,No,Full Refund,147.73,111.39,23.89,No,Valid
PFXC-000512,TXN-0007258,2025-01-28T15:08:15,Web,Standard,2025-01-03T14:11:15,Card Purchase,56.79,Subscription,Subscription Dispute,Frustrated,Missing,0,Low,Customer Service,Rejected,2025-01-29T18:50:35,2025-02-08T02:52:07,168,3,2,4,2,No,No,No,No Refund,0.00,251.73,27.71,Yes,Valid
PFXC-000513,TXN-0001136,2026-06-09T02:37:47,Mobile,Standard,2026-05-10T19:49:47,Bank Transfer,148.51,Other,Merchant Non-confirmation,Frustrated,Partial,2,Standard,Refund Approval,Resolved,2026-06-09T15:26:34,2026-06-14T07:50:45,120,2,0,4,2,No,Yes,No,Full Refund,148.51,125.22,12.81,Yes,Valid
PFXC-000514,TXN-0000142,2025-12-15T22:29:42,Mobile,Standard,2025-11-20T20:57:42,Direct Debit,31.30,Retail,Unauthorised Transaction,Frustrated,Complete,4,Standard,Fraud Review,Pending Approval,2025-12-16T15:59:56,,120,1,1,1,4,Yes,No,No,Pending,0.00,,17.50,No,Valid
PFXC-000515,TXN-0004167,2025-08-06T07:44:36,Call Centre,Vulnerable Support,2025-07-31T11:18:36,Bank Transfer,15.34,Digital Services,Subscription Dispute,Frustrated,Complete,4,Standard,Fraud Review,Resolved,2025-08-07T02:41:25,2025-08-13T19:48:48,120,3,0,3,2,Yes,No,Yes,Partial Refund,10.15,180.07,18.95,Yes,Valid
PFXC-000516,TXN-0004017,2025-02-07T22:31:15,Email,Standard,2024-12-28T04:28:15,Bank Transfer,41.09,Retail,Failed Payment,Frustrated,Complete,4,Standard,Technical Support,Resolved,2025-02-08T18:27:55,2025-02-12T20:42:18,120,2,1,3,4,No,No,No,Partial Refund,22.28,118.18,19.94,No,Valid
PFXC-000517,TXN-0012471,2026-06-25T01:15:35,Web,Standard,2026-05-18T07:23:35,Card Purchase,53.54,Digital Services,Merchant Non-confirmation,Frustrated,Missing,0,Standard,Technical Support,Pending Merchant,2026-06-25T17:18:25,,120,2,1,3,2,No,No,No,Pending,0.00,,16.05,No,Valid
PFXC-000518,TXN-0005345,2025-08-05T11:26:49,Mobile,Assisted Digital,2025-07-29T13:43:49,Bank Transfer,93.18,Cash Withdrawal,Failed Payment,Frustrated,Missing,0,Standard,Technical Support,Rejected,2025-08-06T04:11:08,2025-08-12T08:19:02,120,0,1,3,2,No,Yes,No,No Refund,0.00,164.87,16.74,Yes,Valid
PFXC-000519,TXN-0002711,2025-02-22T19:35:57,Mobile,Standard,2024-12-25T00:41:57,Direct Debit,106.88,Digital Services,Subscription Dispute,Neutral,Complete,3,Standard,Refund Approval,Resolved,2025-02-23T11:39:59,2025-02-26T22:50:45,120,1,0,1,1,No,No,Yes,Partial Refund,27.78,99.25,16.07,No,Valid
PFXC-000520,TXN-0011001,2026-01-20T18:37:55,Email,Vulnerable Support,2025-11-22T17:20:55,Card Purchase,36.81,Digital Services,Delayed Refund,Frustrated,Complete,3,Standard,Payment Operations,Resolved,2026-01-21T17:57:02,2026-01-23T17:39:50,120,2,0,2,2,No,Yes,No,Full Refund,36.81,71.03,23.32,No,Valid
PFXC-000521,TXN-0000217,2026-02-01T12:55:05,Mobile,Standard,2026-01-23T12:39:05,Direct Debit,222.58,Subscription,Unauthorised Transaction,Distressed,Partial,1,Standard,Customer Service,Resolved,2026-02-02T02:35:29,2026-02-08T11:39:06,120,2,1,3,6,No,No,No,Full Refund,222.58,166.73,13.67,Yes,Valid
PFXC-000522,TXN-0003478,2026-04-11T08:12:33,Call Centre,Standard,2026-02-24T20:34:33,Card Purchase,12.42,Retail,Unauthorised Transaction,Distressed,Complete,2,Standard,Fraud Review,Resolved,2026-04-12T05:23:23,2026-04-20T06:33:53,120,1,2,4,4,Yes,No,No,Full Refund,12.42,214.36,21.18,Yes,Valid
PFXC-000523,TXN-0004416,2026-04-24T13:18:50,Mobile,Standard,2026-03-17T22:53:50,Wallet Payment,130.21,Retail,Incorrect Amount,Frustrated,Complete,4,Standard,Payment Operations,Rejected,2026-04-25T17:01:22,2026-04-27T14:00:12,120,0,0,2,4,No,No,No,No Refund,0.00,72.69,27.71,No,Valid
PFXC-000524,TXN-0004990,2025-05-14T01:48:08,Email,Standard,2025-05-02T13:17:08,Card Purchase,72.77,Utilities,Delayed Refund,Neutral,Complete,3,Standard,Fraud Review,In Triage,2025-05-14T19:09:42,,120,2,2,3,3,Yes,Yes,No,Pending,0.00,,17.36,No,Valid
PFXC-000525,TXN-0008683,2026-02-12T06:56:53,Mobile,Standard,2025-12-30T20:14:53,Card Purchase,59.82,Utilities,Duplicate Debit,Neutral,Complete,2,Standard,Payment Operations,Resolved,2026-02-13T05:44:53,2026-02-12T21:20:06,120,1,0,1,1,No,No,No,Full Refund,59.82,14.39,22.80,No,Valid
PFXC-000526,TXN-0007252,2026-01-05T16:23:33,Call Centre,Assisted Digital,2025-12-30T16:42:33,Card Purchase,12.17,Utilities,Failed Payment,Frustrated,Partial,1,Standard,Technical Support,Rejected,2026-01-06T12:49:30,2026-01-12T18:57:08,120,2,2,4,1,No,Yes,Yes,No Refund,0.00,170.56,20.43,Yes,Valid
PFXC-000527,TXN-0011121,2026-03-06T18:37:26,Chat,Assisted Digital,2026-02-28T15:34:26,Direct Debit,365.29,Retail,Incorrect Amount,Frustrated,Partial,2,Standard,Payment Operations,Resolved,2026-03-07T14:17:02,2026-03-10T12:59:57,120,0,1,2,3,No,No,No,Full Refund,365.29,90.38,19.66,No,Valid
PFXC-000528,TXN-0001204,2025-02-21T15:06:58,Mobile,Standard,2025-02-12T05:56:58,Wallet Payment,97.67,Subscription,Failed Payment,Distressed,Partial,2,Standard,Technical Support,Rejected,2025-02-22T06:07:26,2025-02-27T16:10:32,120,1,2,4,1,No,No,No,No Refund,0.00,145.06,15.01,Yes,Valid
PFXC-000529,TXN-0004219,2025-06-17T18:42:07,Web,Standard,2025-05-18T07:54:07,Direct Debit,38.29,Other,Delayed Refund,Frustrated,Complete,3,Standard,Payment Operations,In Investigation,2025-06-18T09:33:24,,120,3,0,2,3,No,No,Yes,Pending,0.00,,14.85,No,Valid
PFXC-000530,TXN-0003763,2026-05-23T20:08:42,Web,Standard,2026-04-28T17:10:42,Cash Withdrawal,51.57,Retail,Delayed Refund,Frustrated,Complete,2,Standard,Payment Operations,Rejected,2026-05-24T07:27:55,2026-05-29T09:25:07,120,2,1,2,3,No,No,No,No Refund,0.00,133.27,11.32,Yes,Valid
PFXC-000531,TXN-0011333,2025-04-10T09:28:09,Call Centre,Assisted Digital,2025-04-06T17:27:09,Bank Transfer,46.37,Digital Services,Incorrect Amount,Neutral,Partial,2,Standard,Payment Operations,Rejected,2025-04-11T05:41:13,2025-04-14T16:41:49,120,0,0,2,3,No,No,No,No Refund,0.00,103.23,20.22,No,Valid
PFXC-000532,TXN-0002503,2025-01-25T06:13:15,Mobile,Standard,2024-12-22T02:59:15,Card Purchase,21.62,Travel,Merchant Non-confirmation,Distressed,Partial,1,Standard,Fraud Review,Resolved,2025-01-26T00:31:54,2025-02-03T06:21:49,120,0,1,6,3,Yes,Yes,No,Full Refund,21.62,216.14,18.31,Yes,Valid
PFXC-000533,TXN-0004388,2026-02-10T17:40:55,Web,Standard,2026-02-07T11:19:55,Bank Transfer,292.86,Other,Merchant Non-confirmation,Neutral,Missing,0,Standard,Fraud Review,Pending Customer,2026-02-11T08:26:35,,120,2,1,2,4,Yes,Yes,No,Pending,0.00,,14.76,No,Valid
PFXC-000534,TXN-0006439,2025-01-17T00:19:07,Call Centre,Assisted Digital,2024-11-30T12:30:07,Card Purchase,51.77,Travel,Delayed Refund,Frustrated,Complete,4,Standard,Payment Operations,Resolved,2025-01-17T19:50:13,2025-01-20T06:06:02,120,1,1,3,2,No,No,Yes,Full Refund,51.77,77.78,19.52,No,Valid
PFXC-000535,TXN-0007884,2026-06-28T00:59:52,Web,Vulnerable Support,2026-05-22T17:57:52,Bank Transfer,58.30,Retail,Duplicate Debit,Neutral,Complete,4,High,Refund Approval,Resolved,2026-06-28T08:25:07,2026-06-29T02:20:13,72,1,0,1,2,No,Yes,No,Full Refund,58.30,25.34,7.42,No,Valid
PFXC-000536,TXN-0009497,2025-12-28T23:18:08,Web,Standard,2025-10-31T12:24:08,Card Purchase,66.88,Retail,Cash Withdrawal Dispute,Frustrated,Complete,4,Low,Customer Service,Resolved,2025-12-30T03:29:24,2026-01-04T03:32:09,168,1,0,2,2,No,No,No,Full Refund,66.88,148.23,28.19,No,Valid
PFXC-000537,TXN-0006542,2025-07-18T10:21:45,Mobile,Assisted Digital,2025-05-24T16:25:45,Direct Debit,176.24,Retail,Duplicate Debit,Frustrated,Complete,4,Low,Payment Operations,In Investigation,2025-07-19T17:32:12,,168,2,1,3,1,No,No,No,Pending,0.00,,31.17,No,Valid
PFXC-000538,TXN-0000537,2025-10-21T10:16:55,Web,Standard,2025-10-10T20:33:55,Direct Debit,863.69,Utilities,Subscription Dispute,Distressed,Missing,0,Standard,Customer Service,Cancelled,2025-10-21T23:45:57,2025-10-29T12:17:56,120,2,0,4,2,No,No,No,Customer Withdrawn,0.00,194.02,13.48,Yes,Valid
PFXC-000539,TXN-0000297,2025-07-28T04:04:46,Web,Standard,2025-07-22T13:42:46,Card Purchase,22.82,Other,Failed Payment,Neutral,Complete,4,Standard,Complaints,Resolved,2025-07-28T16:37:31,2025-07-30T19:53:01,120,2,0,0,3,No,No,Yes,Full Refund,22.82,63.80,12.55,No,Valid
PFXC-000540,TXN-0004449,2025-11-13T05:55:19,Mobile,Standard,2025-10-17T02:36:19,Card Purchase,42.39,Retail,Unauthorised Transaction,Frustrated,Complete,3,Standard,Fraud Review,Resolved,2025-11-14T08:17:46,2025-11-20T20:59:29,120,1,2,3,3,Yes,Yes,No,Fraud Referral,0.00,183.07,26.37,Yes,Valid
PFXC-000541,TXN-0003240,2025-05-03T06:53:25,Mobile,Standard,2025-03-24T16:18:25,Card Purchase,88.15,Utilities,Subscription Dispute,Frustrated,Complete,4,Low,Customer Service,Resolved,2025-05-04T18:32:50,2025-05-10T16:18:48,168,4,1,3,6,No,No,No,Partial Refund,45.60,177.42,35.66,Yes,Valid
PFXC-000542,TXN-0006616,2026-03-31T00:24:10,Mobile,Standard,2026-03-18T03:19:10,Direct Debit,51.31,Digital Services,Duplicate Debit,Neutral,Partial,2,Low,Payment Operations,Cancelled,2026-04-01T03:39:51,2026-04-03T14:36:27,168,2,0,2,3,No,No,No,Duplicate Case,0.00,86.20,27.26,No,Valid
PFXC-000543,TXN-0003431,2025-06-07T10:24:34,Mobile,Standard,2025-05-01T23:35:34,Bank Transfer,18.76,Subscription,Duplicate Debit,Neutral,Complete,3,Standard,Payment Operations,Resolved,2025-06-08T05:28:19,2025-06-11T16:26:58,120,2,0,1,0,No,No,No,Full Refund,18.76,102.04,19.06,No,Valid
PFXC-000544,TXN-0009240,2026-03-24T20:30:08,Email,Standard,2026-02-13T13:50:08,Direct Debit,21.33,Retail,Merchant Non-confirmation,Frustrated,Complete,4,Standard,Technical Support,Cancelled,2026-03-25T14:23:29,2026-03-29T18:32:09,120,0,1,1,1,No,No,No,Customer Withdrawn,0.00,118.03,17.89,No,Valid
PFXC-000545,TXN-0004235,2025-06-30T11:45:15,Email,Standard,2025-05-07T00:09:15,Card Purchase,57.40,Retail,Subscription Dispute,Frustrated,Complete,2,Standard,Fraud Review,Resolved,2025-07-01T05:57:16,2025-07-08T07:36:19,120,2,0,2,3,Yes,Yes,Yes,Fraud Referral,0.00,187.85,18.20,Yes,Valid
PFXC-000546,TXN-0010817,2026-03-27T15:17:37,Call Centre,Standard,2026-02-18T20:32:37,Direct Debit,40.72,Other,Failed Payment,Neutral,Partial,2,Standard,Technical Support,Awaiting Evidence,2026-03-28T10:20:56,,120,2,1,1,2,No,No,No,Pending,0.00,,19.06,No,Valid
PFXC-000547,TXN-0007289,2025-11-14T21:59:20,Web,Assisted Digital,2025-11-02T13:47:20,Direct Debit,29.69,Subscription,Delayed Refund,Frustrated,Partial,1,Standard,Refund Approval,Resolved,2025-11-15T16:42:59,2025-11-19T09:48:14,120,2,1,1,3,No,Yes,No,Full Refund,29.69,107.82,18.73,No,Valid
PFXC-000548,TXN-0010636,2026-05-27T08:54:19,Web,Standard,2026-04-05T22:39:19,Wallet Payment,292.42,Travel,Subscription Dispute,Frustrated,Partial,1,Low,Customer Service,Resolved,2026-05-28T15:36:24,2026-06-01T02:38:58,168,1,1,3,0,No,No,Yes,Partial Refund,213.23,113.74,30.70,No,Valid
PFXC-000549,TXN-0003815,2025-01-24T05:44:15,Mobile,Vulnerable Support,2024-12-20T09:32:15,Direct Debit,35.53,Other,Merchant Non-confirmation,Neutral,Partial,1,High,Technical Support,Pending Merchant,2025-01-24T13:23:12,,72,0,0,2,3,No,No,Yes,Pending,0.00,,7.65,No,Valid
PFXC-000550,TXN-0007072,2026-04-07T02:56:29,Email,Standard,2026-03-24T02:40:29,Bank Transfer,333.55,Digital Services,Cash Withdrawal Dispute,Distressed,Partial,2,High,Customer Service,Cancelled,2026-04-07T15:27:42,2026-04-12T06:04:18,72,1,0,3,3,No,Yes,Yes,Customer Withdrawn,0.00,123.13,12.52,Yes,Valid
PFXC-000551,TXN-0000111,2025-09-14T11:57:38,Email,Standard,2025-08-14T21:46:38,Card Purchase,821.84,Travel,Unauthorised Transaction,Distressed,Partial,2,Standard,Complaints,Resolved,2025-09-15T02:16:24,2025-09-21T17:56:32,120,2,1,3,3,No,No,Yes,Fraud Referral,0.00,173.98,14.31,Yes,Valid
PFXC-000552,TXN-0009771,2026-06-23T22:49:49,Mobile,Standard,2026-06-21T13:21:49,Card Purchase,115.95,Cash Withdrawal,Cash Withdrawal Dispute,Frustrated,Missing,0,High,Customer Service,Awaiting Evidence,2026-06-24T05:11:35,,72,2,1,2,1,No,Yes,No,Pending,0.00,,6.36,No,Valid
PFXC-000553,TXN-0011618,2026-02-18T00:59:59,Call Centre,Standard,2025-12-20T14:26:59,Direct Debit,257.60,Subscription,Delayed Refund,Frustrated,Missing,0,Standard,Payment Operations,Pending Customer,2026-02-18T18:32:29,,120,1,1,3,2,No,No,No,Pending,0.00,,17.54,No,Valid
PFXC-000554,TXN-0007715,2025-04-29T15:55:41,Chat,Standard,2025-04-05T07:15:41,Cash Withdrawal,35.89,Retail,Delayed Refund,Frustrated,Complete,4,Standard,Payment Operations,Rejected,2025-04-30T14:36:52,2025-05-05T06:35:14,120,3,1,4,2,No,Yes,No,No Refund,0.00,134.66,22.69,Yes,Valid
PFXC-000555,TXN-0007457,2025-03-14T02:40:42,Call Centre,Assisted Digital,2025-01-21T20:36:42,Direct Debit,164.39,Digital Services,Unauthorised Transaction,Frustrated,Complete,2,High,Fraud Review,Resolved,2025-03-14T06:19:14,2025-03-22T05:13:31,72,2,0,2,3,Yes,No,No,Full Refund,164.39,194.55,3.64,Yes,Valid
PFXC-000556,TXN-0004017,2025-08-19T05:17:38,Chat,Standard,2025-07-23T15:17:38,Bank Transfer,61.82,Retail,Subscription Dispute,Distressed,Partial,2,Standard,Refund Approval,Resolved,2025-08-20T01:02:50,2025-08-25T02:40:02,120,1,1,4,3,No,Yes,No,Full Refund,61.82,141.37,19.75,Yes,Valid
PFXC-000557,TXN-0001290,2026-01-02T10:29:19,Web,Standard,2025-12-31T05:59:19,Card Purchase,32.92,Other,Duplicate Debit,Neutral,Complete,3,Standard,Payment Operations,Rejected,2026-01-03T07:00:03,2026-01-05T03:23:50,120,1,0,1,2,No,No,No,No Refund,0.00,64.91,20.51,No,Valid
PFXC-000558,TXN-0002881,2026-03-23T18:31:19,Web,Vulnerable Support,2026-02-08T08:58:19,Card Purchase,115.39,Other,Incorrect Amount,Distressed,Complete,3,Standard,Payment Operations,Resolved,2026-03-24T09:11:39,2026-03-29T09:07:28,120,2,1,5,2,No,Yes,Yes,Full Refund,115.39,134.60,14.67,Yes,Valid
PFXC-000559,TXN-0006162,2025-10-01T11:06:15,Chat,Assisted Digital,2025-09-02T14:02:15,Wallet Payment,251.79,Subscription,Merchant Non-confirmation,Positive,Complete,2,Standard,Refund Approval,Resolved,2025-10-02T03:17:54,2025-10-05T02:48:55,120,0,0,1,2,No,No,No,Partial Refund,168.63,87.71,16.19,No,Valid
PFXC-000560,TXN-0002621,2026-01-18T00:13:22,Web,Standard,2026-01-07T00:06:22,Cash Withdrawal,20.01,Digital Services,Duplicate Debit,Neutral,Complete,2,Low,Payment Operations,Cancelled,2026-01-19T06:08:42,2026-01-20T02:16:02,168,0,0,0,2,No,Yes,No,Duplicate Case,0.00,50.04,29.92,No,Valid
PFXC-000561,TXN-0001866,2025-12-21T05:40:39,Email,Standard,2025-11-13T03:46:39,Card Purchase,168.69,Retail,Unauthorised Transaction,Frustrated,Partial,1,High,Fraud Review,Pending Approval,2025-12-21T16:09:00,,72,2,1,2,3,Yes,Yes,No,Pending,0.00,,10.47,No,Valid
PFXC-000562,TXN-0000983,2026-04-04T17:47:57,Mobile,Assisted Digital,2026-02-19T09:46:57,Card Purchase,18.83,Retail,Merchant Non-confirmation,Distressed,Complete,3,Standard,Refund Approval,Resolved,2026-04-05T11:48:18,2026-04-10T11:51:26,120,1,1,2,4,No,No,No,Full Refund,18.83,138.06,18.01,Yes,Valid
PFXC-000563,TXN-0008248,2025-05-21T18:15:27,Web,Standard,2025-03-31T22:51:27,Wallet Payment,35.07,Retail,Delayed Refund,Distressed,Partial,1,Standard,Payment Operations,Rejected,2025-05-22T09:08:04,2025-05-26T19:45:01,120,2,1,3,3,No,No,No,No Refund,0.00,121.49,14.88,Yes,Valid
PFXC-000564,TXN-0003900,2025-09-13T02:45:49,Mobile,Standard,2025-08-13T05:35:49,Wallet Payment,26.40,Utilities,Other,Neutral,Complete,4,Standard,Customer Service,Resolved,2025-09-13T23:41:51,2025-09-17T02:56:32,120,1,1,1,4,No,No,No,Full Refund,26.40,96.18,20.93,No,Valid
PFXC-000565,TXN-0012080,2025-07-26T20:29:02,Web,Standard,2025-07-18T06:20:02,Direct Debit,30.72,Retail,Incorrect Amount,Neutral,Complete,4,Low,Payment Operations,Rejected,2025-07-28T00:55:04,2025-07-29T15:03:14,168,1,0,1,3,No,No,No,No Refund,0.00,66.57,28.43,No,Valid
PFXC-000566,TXN-0003168,2025-01-20T00:28:06,Web,Standard,2024-12-18T08:25:06,Card Purchase,424.69,Subscription,Incorrect Amount,Neutral,Partial,2,Standard,Payment Operations,Rejected,2025-01-20T14:59:22,2025-01-24T10:39:31,120,1,1,1,4,No,No,No,No Refund,0.00,106.19,14.52,No,Valid
PFXC-000567,TXN-0003538,2025-06-19T00:21:19,Mobile,Standard,2025-05-21T01:42:19,Wallet Payment,98.72,Utilities,Unauthorised Transaction,Distressed,Missing,0,High,Customer Service,Rejected,2025-06-19T02:21:49,2025-06-30T07:22:37,72,1,3,4,2,No,No,No,No Refund,0.00,271.02,2.01,Yes,Valid
PFXC-000568,TXN-0006327,2025-03-16T03:22:01,Web,Standard,2025-02-20T08:15:01,Card Purchase,53.92,Retail,Failed Payment,Frustrated,Complete,2,Standard,Technical Support,Resolved,2025-03-16T19:23:57,2025-03-18T15:41:39,120,0,0,2,3,No,No,No,Full Refund,53.92,60.33,16.03,No,Valid
PFXC-000569,TXN-0011847,2026-01-20T09:22:20,Mobile,Standard,2026-01-12T08:57:20,Card Purchase,37.26,Digital Services,Merchant Non-confirmation,Frustrated,Partial,2,Standard,Technical Support,Rejected,2026-01-21T06:17:20,2026-01-26T10:13:05,120,1,1,3,3,No,No,Yes,No Refund,0.00,144.85,20.92,Yes,Valid
PFXC-000570,TXN-0005511,2026-02-13T06:45:21,Web,Standard,2026-01-14T18:59:21,Direct Debit,52.63,Subscription,Duplicate Debit,Positive,Partial,1,Standard,Payment Operations,Resolved,2026-02-14T04:39:53,2026-02-16T10:30:08,120,0,0,0,1,No,No,No,Partial Refund,11.33,75.75,21.91,No,Valid
PFXC-000571,TXN-0007972,2025-12-04T07:40:23,Call Centre,Assisted Digital,2025-11-10T15:07:23,Bank Transfer,107.39,Retail,Unauthorised Transaction,Frustrated,Complete,2,High,Fraud Review,Rejected,2025-12-04T16:29:43,2025-12-12T15:21:49,72,1,0,1,4,Yes,No,No,No Refund,0.00,199.69,8.82,Yes,Valid
PFXC-000572,TXN-0000146,2025-06-28T07:22:36,Mobile,Standard,2025-06-18T13:28:36,Card Purchase,62.34,Utilities,Unauthorised Transaction,Distressed,Missing,0,Low,Customer Service,Resolved,2025-06-29T03:01:03,2025-07-06T10:29:29,168,3,1,4,3,No,No,Yes,Full Refund,62.34,195.11,19.64,Yes,Valid
PFXC-000573,TXN-0004070,2025-08-21T01:08:23,Call Centre,Standard,2025-07-22T15:15:23,Wallet Payment,62.36,Utilities,Incorrect Amount,Frustrated,Partial,1,Standard,Fraud Review,Rejected,2025-08-21T17:16:57,2025-08-30T03:23:00,120,2,2,4,3,Yes,No,No,No Refund,0.00,218.24,16.14,Yes,Valid
PFXC-000574,TXN-0012351,2025-02-17T06:57:43,Email,Standard,2025-01-24T14:10:43,Direct Debit,366.23,Utilities,Duplicate Debit,Frustrated,Missing,0,Standard,Payment Operations,Resolved,2025-02-18T08:39:31,2025-02-21T22:17:52,120,1,1,3,1,No,No,No,Partial Refund,270.05,111.34,25.70,No,Valid
PFXC-000575,TXN-0007968,2025-05-25T11:47:29,Call Centre,Standard,2025-04-15T21:26:29,Card Purchase,23.73,Digital Services,Delayed Refund,Neutral,Partial,1,Standard,Payment Operations,Awaiting Evidence,2025-05-25T22:39:40,,120,0,1,0,4,No,No,No,Pending,0.00,,10.87,No,Valid
PFXC-000576,TXN-0003582,2025-10-23T06:24:12,Web,Standard,2025-09-27T06:30:12,Bank Transfer,124.26,Retail,Delayed Refund,Neutral,Partial,2,Standard,Payment Operations,Resolved,2025-10-23T16:44:40,2025-10-27T06:55:47,120,0,1,2,3,No,No,No,Full Refund,124.26,96.53,10.34,No,Valid
PFXC-000577,TXN-0005445,2026-01-26T03:40:08,Mobile,Standard,2025-12-19T21:01:08,Bank Transfer,245.92,Other,Failed Payment,Positive,Complete,3,Standard,Technical Support,In Investigation,2026-01-26T15:11:04,,120,0,0,1,2,No,No,No,Pending,0.00,,11.52,No,Valid
PFXC-000578,TXN-0000593,2025-12-08T04:53:01,Mobile,Standard,2025-11-17T06:59:01,Card Purchase,76.84,Utilities,Unauthorised Transaction,Frustrated,Complete,4,Standard,Customer Service,Resolved,2025-12-08T19:39:25,2025-12-15T12:19:36,120,2,0,3,3,No,No,Yes,Full Refund,76.84,175.44,14.77,Yes,Valid
PFXC-000579,TXN-0004860,2025-01-25T22:54:31,Chat,Standard,2024-12-30T08:10:31,Card Purchase,49.92,Travel,Failed Payment,Distressed,Complete,3,Standard,Technical Support,Rejected,2025-01-26T14:05:42,2025-01-31T15:14:55,120,2,2,4,3,No,No,No,No Refund,0.00,136.34,15.19,Yes,Valid
PFXC-000580,TXN-0003044,2025-07-21T14:31:43,Mobile,Standard,2025-07-19T03:13:43,Cash Withdrawal,436.05,Retail,Failed Payment,Positive,Complete,2,Standard,Fraud Review,Pending Merchant,2025-07-22T04:47:14,,120,2,0,0,4,Yes,Yes,No,Pending,0.00,,14.26,No,Valid
PFXC-000581,TXN-0007785,2025-10-24T13:22:43,Call Centre,Standard,2025-09-24T15:53:43,Card Purchase,25.92,Retail,Delayed Refund,Positive,Partial,1,Low,Refund Approval,Resolved,2025-10-25T12:01:57,2025-10-31T04:47:58,168,1,0,1,3,No,No,No,Partial Refund,17.69,159.42,22.65,No,Valid
PFXC-000582,TXN-0007371,2025-10-11T02:19:37,Web,Standard,2025-09-16T04:39:37,Wallet Payment,47.81,Retail,Failed Payment,Frustrated,Complete,4,Standard,Technical Support,Rejected,2025-10-12T01:26:57,2025-10-14T09:24:09,120,2,0,2,4,No,No,No,No Refund,0.00,79.08,23.12,No,Valid
PFXC-000583,TXN-0003041,2025-03-05T21:33:56,Mobile,Standard,2025-02-24T03:59:56,Wallet Payment,68.09,Subscription,Other,Frustrated,Partial,2,Low,Customer Service,Rejected,2025-03-07T02:28:22,2025-03-13T01:37:36,168,2,2,4,1,No,No,No,No Refund,0.00,172.06,28.91,Yes,Valid
PFXC-000584,TXN-0001816,2025-02-12T18:20:42,Web,Standard,2025-01-15T08:35:42,Card Purchase,29.72,Retail,Subscription Dispute,Neutral,Partial,2,Standard,Customer Service,Cancelled,2025-02-13T08:10:17,2025-02-16T22:24:21,120,2,0,1,1,No,No,No,Customer Withdrawn,0.00,100.06,13.83,No,Valid
PFXC-000585,TXN-0007341,2025-02-17T12:46:16,Mobile,Standard,2024-12-21T23:18:16,Card Purchase,178.98,Digital Services,Other,Distressed,Missing,0,Standard,Customer Service,Resolved,2025-02-18T06:44:00,2025-02-23T13:27:28,120,0,0,1,5,No,No,No,Full Refund,178.98,144.69,17.96,Yes,Valid
PFXC-000586,TXN-0002500,2026-01-07T21:09:07,Call Centre,Standard,2025-11-29T08:51:07,Direct Debit,275.01,Utilities,Failed Payment,Neutral,Complete,3,Standard,Technical Support,Resolved,2026-01-08T16:19:07,2026-01-10T13:42:35,120,1,0,1,1,No,No,No,Full Refund,275.01,64.56,19.17,No,Valid
PFXC-000587,TXN-0005757,2026-06-14T19:18:17,Web,Assisted Digital,2026-06-01T01:35:17,Card Purchase,156.99,Other,Subscription Dispute,Frustrated,Complete,4,Standard,Customer Service,Resolved,2026-06-15T17:37:14,2026-06-18T11:59:08,120,1,1,2,1,No,No,No,Full Refund,156.99,88.68,22.32,No,Valid
PFXC-000588,TXN-0010637,2026-03-10T14:00:29,Call Centre,Standard,2026-03-02T23:13:29,Bank Transfer,50.07,Retail,Other,Frustrated,Partial,1,Standard,Customer Service,Resolved,2026-03-11T17:14:38,2026-03-16T14:48:22,120,0,1,3,2,No,No,No,Full Refund,50.07,144.80,27.24,Yes,Valid
PFXC-000589,TXN-0000862,2026-05-24T03:40:43,Web,Standard,2026-04-29T10:58:43,Card Purchase,359.75,Cash Withdrawal,Delayed Refund,Frustrated,Complete,2,Standard,Payment Operations,Resolved,2026-05-24T17:12:42,2026-05-28T04:19:33,120,0,0,0,3,No,No,No,Full Refund,359.75,96.65,13.53,No,Valid
PFXC-000590,TXN-0011536,2025-09-18T01:55:26,Email,Standard,2025-09-01T10:07:26,Cash Withdrawal,46.94,Retail,Subscription Dispute,Neutral,Complete,2,Standard,Customer Service,Rejected,2025-09-18T23:33:03,2025-09-20T00:49:50,120,0,0,1,2,No,No,No,No Refund,0.00,46.91,21.63,No,Valid
PFXC-000591,TXN-0011880,2025-12-25T05:17:04,Web,Standard,2025-10-31T18:37:04,Wallet Payment,167.90,Cash Withdrawal,Delayed Refund,Frustrated,Complete,3,Standard,Payment Operations,Resolved,2025-12-25T22:22:17,2025-12-30T06:33:49,120,2,1,4,3,No,Yes,No,Full Refund,167.90,121.28,17.09,Yes,Valid
PFXC-000592,TXN-0002818,2026-01-01T06:29:34,Call Centre,Vulnerable Support,2025-12-26T07:26:34,Direct Debit,34.87,Utilities,Failed Payment,Neutral,Partial,1,Standard,Technical Support,Rejected,2026-01-01T22:55:05,2026-01-05T06:17:47,120,1,0,1,2,No,Yes,No,No Refund,0.00,95.80,16.43,No,Valid
PFXC-000593,TXN-0008516,2025-11-30T10:26:19,Web,Standard,2025-10-02T04:37:19,Card Purchase,51.36,Subscription,Subscription Dispute,Distressed,Missing,0,Standard,Customer Service,Rejected,2025-12-01T01:12:22,2025-12-06T18:07:08,120,2,1,4,3,No,No,No,No Refund,0.00,151.68,14.77,Yes,Valid
PFXC-000594,TXN-0011097,2025-06-10T13:30:26,Mobile,Standard,2025-05-07T08:58:26,Card Purchase,83.26,Digital Services,Unauthorised Transaction,Frustrated,Complete,4,Low,Fraud Review,Rejected,2025-06-11T19:24:54,2025-06-17T08:59:44,168,2,1,2,2,Yes,No,Yes,No Refund,0.00,163.49,29.91,No,Valid
PFXC-000595,TXN-0009639,2026-05-19T21:09:13,Web,Standard,2026-03-31T02:47:13,Card Purchase,39.94,Cash Withdrawal,Unauthorised Transaction,Frustrated,Partial,1,Standard,Refund Approval,Resolved,2026-05-20T08:03:48,2026-05-25T03:13:17,120,0,1,3,3,No,No,No,Full Refund,39.94,126.07,10.91,Yes,Valid
PFXC-000596,TXN-0004636,2025-03-11T10:32:40,Call Centre,Standard,2025-02-15T20:02:40,Bank Transfer,20.31,Other,Duplicate Debit,Frustrated,Complete,2,Standard,Payment Operations,Resolved,2025-03-11T20:23:19,2025-03-16T07:02:42,120,3,0,2,3,No,No,No,Full Refund,20.31,116.50,9.84,No,Valid
PFXC-000597,TXN-0000421,2026-01-17T08:15:40,Web,Standard,2025-12-25T22:37:40,Card Purchase,22.95,Retail,Failed Payment,Distressed,Complete,3,Standard,Technical Support,Resolved,2026-01-18T04:40:06,2026-01-20T01:16:02,120,1,0,2,1,No,No,No,Full Refund,22.95,65.01,20.41,No,Valid
PFXC-000598,TXN-0009640,2025-06-22T02:44:23,Mobile,Standard,2025-05-13T23:14:23,Direct Debit,35.95,Travel,Unauthorised Transaction,Distressed,Partial,1,High,Customer Service,Resolved,2025-06-22T10:08:45,2025-06-28T22:12:37,72,2,1,2,3,No,No,No,Full Refund,35.95,163.47,7.41,Yes,Valid
PFXC-000599,TXN-0003110,2026-02-18T19:26:25,Web,Standard,2026-01-18T21:06:25,Card Purchase,66.63,Retail,Subscription Dispute,Frustrated,Complete,2,Standard,Fraud Review,Resolved,2026-02-19T10:58:06,2026-02-26T21:55:12,120,1,1,2,4,Yes,Yes,Yes,Full Refund,66.63,194.48,15.53,Yes,Valid
PFXC-000600,TXN-0007199,2025-08-19T01:57:03,Email,Standard,2025-07-26T08:56:03,Wallet Payment,21.38,Retail,Duplicate Debit,Frustrated,Complete,2,Standard,Payment Operations,Rejected,2025-08-19T18:56:42,2025-08-22T23:21:18,120,3,0,2,4,No,Yes,No,No Refund,0.00,93.40,16.99,No,Valid
PFXC-000601,TXN-0003292,2025-08-14T08:48:36,Mobile,Standard,2025-07-24T08:39:36,Card Purchase,15.23,Travel,Subscription Dispute,Frustrated,Missing,0,Low,Customer Service,Resolved,2025-08-15T10:45:26,2025-08-20T22:38:27,168,2,1,2,3,No,No,No,Partial Refund,4.95,157.83,25.95,No,Valid
PFXC-000602,TXN-0006528,2025-06-29T19:03:11,Call Centre,Standard,2025-06-17T05:42:11,Wallet Payment,233.09,Retail,Subscription Dispute,Positive,Complete,3,Standard,Customer Service,Awaiting Evidence,2025-06-30T14:11:55,,120,1,1,1,2,No,No,No,Pending,0.00,,19.15,No,Valid
PFXC-000603,TXN-0005732,2025-06-01T06:58:52,Web,Standard,2025-04-17T15:22:52,Direct Debit,9.08,Other,Subscription Dispute,Frustrated,Complete,3,Standard,Fraud Review,Resolved,2025-06-01T17:57:12,2025-06-06T23:28:48,120,2,0,1,2,Yes,No,Yes,Full Refund,9.08,136.50,10.97,Yes,Valid
PFXC-000604,TXN-0009890,2025-06-12T16:30:53,Web,Standard,2025-06-02T07:49:53,Bank Transfer,168.20,Cash Withdrawal,Merchant Non-confirmation,Neutral,Complete,4,Standard,Technical Support,Awaiting Evidence,2025-06-13T17:38:29,,120,2,1,4,3,No,No,No,Pending,0.00,,25.13,No,Valid
PFXC-000605,TXN-0008553,2025-12-18T00:04:24,Web,Standard,2025-11-24T12:42:24,Card Purchase,132.94,Retail,Subscription Dispute,Frustrated,Complete,3,Standard,Complaints,Resolved,2025-12-19T04:22:15,2025-12-24T16:01:46,120,2,2,3,3,No,Yes,Yes,Full Refund,132.94,159.96,28.30,Yes,Valid
PFXC-000606,TXN-0011750,2025-07-01T15:20:59,Web,Standard,2025-05-26T02:37:59,Card Purchase,238.99,Retail,Failed Payment,Neutral,Complete,3,Standard,Complaints,Rejected,2025-07-02T16:11:26,2025-07-05T03:08:55,120,1,1,1,1,No,No,Yes,No Refund,0.00,83.80,24.84,No,Valid
PFXC-000607,TXN-0001671,2026-05-27T12:41:35,Email,Standard,2026-04-11T23:05:35,Bank Transfer,135.25,Subscription,Subscription Dispute,Positive,Complete,2,Low,Customer Service,Resolved,2026-05-28T16:47:46,2026-05-30T01:44:00,168,3,0,1,2,No,Yes,No,Partial Refund,34.99,61.04,28.10,No,Valid
PFXC-000608,TXN-0009197,2025-07-30T22:36:36,Mobile,Standard,2025-07-13T09:41:36,Wallet Payment,38.81,Other,Subscription Dispute,Neutral,Complete,3,Low,Customer Service,In Triage,2025-07-31T22:43:45,,168,1,1,1,4,No,No,No,Pending,0.00,,24.12,No,Valid
PFXC-000609,TXN-0002602,2025-11-28T23:57:55,Mobile,Standard,2025-10-01T00:00:55,Cash Withdrawal,20.02,Retail,Delayed Refund,Frustrated,Complete,2,Standard,Fraud Review,Pending Customer,2025-11-30T00:59:12,,120,4,1,2,1,Yes,No,No,Pending,0.00,,25.02,No,Valid
PFXC-000610,TXN-0009983,2025-10-09T11:59:18,Chat,Standard,2025-08-15T03:25:18,Card Purchase,36.37,Retail,Delayed Refund,Frustrated,Partial,2,Standard,Refund Approval,Resolved,2025-10-10T15:11:32,2025-10-15T05:40:27,120,1,1,2,2,No,Yes,Yes,Full Refund,36.37,137.69,27.20,Yes,Valid
PFXC-000611,TXN-0005186,2026-01-26T18:53:36,Mobile,Vulnerable Support,2025-12-26T21:13:36,Wallet Payment,42.70,Other,Other,Neutral,Complete,3,Standard,Customer Service,Pending Customer,2026-01-27T14:43:11,,120,1,1,1,4,No,No,Yes,Pending,0.00,,19.83,No,Valid
PFXC-000612,TXN-0010572,2025-08-22T18:05:44,Call Centre,Standard,2025-07-16T11:48:44,Card Purchase,165.78,Travel,Delayed Refund,Frustrated,Partial,1,Standard,Payment Operations,Resolved,2025-08-23T10:57:55,2025-08-27T23:53:07,120,1,1,4,3,No,Yes,Yes,Full Refund,165.78,125.79,16.87,Yes,Valid
PFXC-000613,TXN-0010212,2025-11-22T23:16:22,Call Centre,Assisted Digital,2025-10-17T14:20:22,Direct Debit,39.00,Digital Services,Incorrect Amount,Distressed,Complete,2,Standard,Payment Operations,Cancelled,2025-11-23T16:13:47,2025-11-26T13:16:34,120,1,1,2,2,No,No,No,Customer Withdrawn,0.00,86.00,16.96,No,Valid
PFXC-000614,TXN-0008770,2025-03-21T21:26:39,Mobile,Standard,2025-02-07T10:23:39,Wallet Payment,20.17,Travel,Incorrect Amount,Positive,Partial,2,Standard,Payment Operations,Resolved,2025-03-22T10:55:51,2025-03-26T04:46:54,120,1,1,0,3,No,No,No,Full Refund,20.17,103.34,13.49,No,Valid
PFXC-000615,TXN-0002264,2025-12-27T16:57:54,Mobile,Standard,2025-11-16T16:58:54,Card Purchase,659.48,Digital Services,Other,Neutral,Complete,3,Standard,Customer Service,Resolved,2025-12-28T21:46:54,2026-01-01T00:16:09,120,2,0,1,2,No,No,No,Full Refund,659.48,103.30,28.82,No,Valid
PFXC-000616,TXN-0003438,2026-03-03T22:33:51,Web,Standard,2026-02-24T02:42:51,Wallet Payment,70.78,Retail,Subscription Dispute,Frustrated,Missing,0,Standard,Customer Service,Rejected,2026-03-04T10:34:05,2026-03-11T15:47:53,120,1,1,2,5,No,No,No,No Refund,0.00,185.23,12.00,Yes,Valid
PFXC-000617,TXN-0003675,2025-01-23T08:06:56,Web,Standard,2025-01-16T15:40:56,Card Purchase,284.74,Travel,Incorrect Amount,Frustrated,Missing,0,Standard,Payment Operations,Rejected,2025-01-23T22:30:36,2025-01-28T02:31:03,120,0,1,2,2,No,No,Yes,No Refund,0.00,114.40,14.39,No,Valid
PFXC-000618,TXN-0008257,2025-09-16T22:33:11,Chat,Standard,2025-09-01T13:23:11,Bank Transfer,119.19,Travel,Cash Withdrawal Dispute,Frustrated,Complete,3,Low,Refund Approval,Resolved,2025-09-18T08:12:56,2025-09-24T12:20:50,168,2,1,3,3,No,Yes,No,Full Refund,119.19,181.79,33.66,Yes,Valid
PFXC-000619,TXN-0000854,2026-04-22T10:48:59,Mobile,Standard,2026-03-17T10:14:59,Bank Transfer,84.48,Other,Delayed Refund,Frustrated,Complete,4,Standard,Payment Operations,Resolved,2026-04-23T01:05:14,2026-04-26T13:15:23,120,1,0,2,2,No,No,No,Partial Refund,29.12,98.44,14.27,No,Valid
PFXC-000620,TXN-0004175,2025-08-15T19:50:29,Call Centre,Standard,2025-08-04T04:20:29,Card Purchase,45.51,Travel,Duplicate Debit,Frustrated,Complete,3,Standard,Payment Operations,Resolved,2025-08-16T06:56:15,2025-08-17T21:39:42,120,2,0,2,2,No,No,No,Full Refund,45.51,49.82,11.10,No,Valid
PFXC-000621,TXN-0011878,2025-06-24T02:46:17,Mobile,Standard,2025-06-15T23:47:17,Direct Debit,127.63,Subscription,Delayed Refund,Frustrated,Complete,3,Standard,Payment Operations,Resolved,2025-06-25T04:36:38,2025-06-28T21:48:38,120,1,1,2,2,No,No,No,Full Refund,127.63,115.04,25.84,No,Valid
PFXC-000622,TXN-0003597,2025-08-12T06:53:49,Mobile,Assisted Digital,2025-06-21T17:53:49,Card Purchase,1053.27,Travel,Delayed Refund,Neutral,Partial,1,Low,Payment Operations,Resolved,2025-08-13T13:15:14,2025-08-17T10:56:37,168,1,1,2,4,No,No,No,Partial Refund,661.35,124.05,30.36,No,Valid
PFXC-000623,TXN-0005080,2025-12-20T04:26:49,Web,Standard,2025-11-09T12:21:49,Cash Withdrawal,207.12,Subscription,Duplicate Debit,Neutral,Complete,4,Standard,Payment Operations,Resolved,2025-12-20T19:02:45,2025-12-24T17:29:39,120,1,1,2,4,No,Yes,No,Full Refund,207.12,109.05,14.60,No,Valid
PFXC-000624,TXN-0006065,2026-06-12T22:47:03,Mobile,Standard,2026-04-30T19:39:03,Direct Debit,32.33,Other,Merchant Non-confirmation,Frustrated,Complete,3,Standard,Fraud Review,Resolved,2026-06-13T13:55:54,2026-06-20T02:39:41,120,3,0,2,3,Yes,Yes,Yes,Fraud Referral,0.00,171.88,15.15,Yes,Valid
PFXC-000625,TXN-0006336,2025-02-22T16:55:14,Call Centre,Assisted Digital,2025-01-06T23:32:14,Card Purchase,111.99,Subscription,Delayed Refund,Neutral,Partial,2,Standard,Payment Operations,Rejected,2025-02-23T05:16:55,2025-02-25T17:52:20,120,0,0,2,1,No,No,No,No Refund,0.00,72.95,12.36,No,Valid
PFXC-000626,TXN-0010923,2026-06-07T04:01:21,Call Centre,Standard,2026-05-16T08:56:21,Bank Transfer,17.62,Travel,Merchant Non-confirmation,Positive,Partial,2,Standard,Technical Support,Pending Merchant,2026-06-07T20:11:42,,120,2,1,1,4,No,No,No,Pending,0.00,,16.17,No,Valid
PFXC-000627,TXN-0010462,2026-03-02T05:31:45,Web,Standard,2026-01-08T21:22:45,Card Purchase,13.11,Utilities,Incorrect Amount,Frustrated,Complete,4,Standard,Payment Operations,In Investigation,2026-03-02T20:26:40,,120,2,0,2,4,No,No,No,Pending,0.00,,14.92,No,Valid
PFXC-000628,TXN-0002632,2025-10-28T22:43:25,Web,Standard,2025-10-20T14:25:25,Bank Transfer,228.08,Utilities,Merchant Non-confirmation,Distressed,Partial,2,Standard,Technical Support,Rejected,2025-10-29T20:38:24,2025-11-02T09:55:03,120,0,0,2,3,No,No,No,No Refund,0.00,107.19,21.92,No,Valid
PFXC-000629,TXN-0005856,2025-08-29T23:05:39,Web,Standard,2025-08-11T18:05:39,Bank Transfer,186.34,Retail,Failed Payment,Positive,Partial,2,Standard,Technical Support,Resolved,2025-08-30T17:51:02,2025-09-01T21:00:17,120,1,0,1,1,No,No,No,Full Refund,186.34,69.91,18.76,No,Valid
PFXC-000630,TXN-0008499,2026-02-18T13:33:16,Web,Standard,2026-01-14T01:50:16,Direct Debit,47.00,Retail,Unauthorised Transaction,Frustrated,Missing,0,High,Fraud Review,Resolved,2026-02-18T23:35:15,2026-03-01T16:57:37,72,2,1,4,5,Yes,Yes,No,Fraud Referral,0.00,267.41,10.03,Yes,Valid
PFXC-000631,TXN-0009359,2025-07-29T22:21:35,Web,Standard,2025-06-01T06:07:35,Card Purchase,465.27,Cash Withdrawal,Unauthorised Transaction,Distressed,Complete,4,High,Fraud Review,Resolved,2025-07-30T08:15:50,2025-08-07T05:25:05,72,3,1,4,3,Yes,No,Yes,Partial Refund,181.76,199.06,9.90,Yes,Valid
PFXC-000632,TXN-0007556,2025-03-02T11:56:16,Web,Standard,2025-01-15T20:18:16,Card Purchase,54.69,Digital Services,Subscription Dispute,Distressed,Complete,4,Standard,Customer Service,Pending Approval,2025-03-03T03:57:04,,120,1,0,3,4,No,No,No,Pending,0.00,,16.01,No,Valid
PFXC-000633,TXN-0001223,2025-01-20T00:53:44,Call Centre,Standard,2025-01-13T12:39:44,Bank Transfer,56.49,Digital Services,Failed Payment,Frustrated,Complete,4,Standard,Technical Support,Resolved,2025-01-20T17:42:35,2025-01-22T18:04:16,120,2,0,2,0,No,Yes,No,Full Refund,56.49,65.18,16.81,No,Valid
PFXC-000634,TXN-0007062,2025-12-24T15:03:16,Call Centre,Standard,2025-11-05T09:26:16,Bank Transfer,12.35,Cash Withdrawal,Subscription Dispute,Positive,Partial,1,Standard,Customer Service,Resolved,2025-12-25T09:48:09,2025-12-29T03:47:24,120,1,1,1,3,No,No,No,Full Refund,12.35,108.74,18.75,No,Valid
PFXC-000635,TXN-0002672,2026-05-08T06:54:59,Mobile,Standard,2026-04-04T19:15:59,Card Purchase,95.40,Retail,Unauthorised Transaction,Frustrated,Partial,1,Standard,Fraud Review,Resolved,2026-05-08T22:17:45,2026-05-20T09:30:39,120,3,2,3,4,Yes,Yes,No,Full Refund,95.40,290.59,15.38,Yes,Valid
PFXC-000636,TXN-0008441,2026-05-12T19:36:32,Mobile,Vulnerable Support,2026-05-04T04:04:32,Cash Withdrawal,150.05,Utilities,Merchant Non-confirmation,Neutral,Complete,3,High,Technical Support,Pending Merchant,2026-05-13T05:57:56,,72,2,0,1,4,No,No,Yes,Pending,0.00,,10.36,No,Valid
PFXC-000637,TXN-0006289,2026-02-19T21:07:38,Mobile,Standard,2025-12-31T15:27:38,Card Purchase,57.26,Utilities,Merchant Non-confirmation,Frustrated,Complete,4,Standard,Technical Support,Resolved,2026-02-20T21:40:02,2026-02-25T01:28:27,120,1,1,3,2,No,No,Yes,Full Refund,57.26,124.35,24.54,Yes,Valid
PFXC-000638,TXN-0011688,2026-06-01T03:21:46,Mobile,Standard,2026-05-05T19:11:46,Cash Withdrawal,70.68,Retail,Subscription Dispute,Frustrated,Partial,2,Standard,Customer Service,Resolved,2026-06-01T16:26:43,2026-06-08T00:30:12,120,2,1,3,4,No,Yes,Yes,Full Refund,70.68,165.14,13.08,Yes,Valid
PFXC-000639,TXN-0002651,2025-12-18T21:42:15,Web,Standard,2025-11-16T09:16:15,Wallet Payment,27.59,Subscription,Incorrect Amount,Frustrated,Complete,3,Low,Payment Operations,Rejected,2025-12-20T01:31:32,2025-12-20T01:29:22,168,2,0,2,4,No,No,No,No Refund,0.00,27.79,27.82,No,Valid
PFXC-000640,TXN-0007820,2025-01-10T15:01:04,Call Centre,Standard,2024-12-18T02:49:04,Card Purchase,16.75,Retail,Delayed Refund,Neutral,Partial,1,Standard,Payment Operations,Resolved,2025-01-11T11:02:18,2025-01-14T22:50:08,120,1,0,1,3,No,No,No,Full Refund,16.75,103.82,20.02,No,Valid
PFXC-000641,TXN-0007249,2025-04-28T23:43:09,Mobile,Standard,2025-03-28T01:51:09,Card Purchase,14.24,Other,Delayed Refund,Frustrated,Complete,4,Low,Payment Operations,Resolved,2025-04-30T06:55:56,2025-05-02T11:20:43,168,1,2,2,3,No,Yes,No,Full Refund,14.24,83.63,31.21,No,Valid
PFXC-000642,TXN-0010784,2026-04-15T08:35:24,Chat,Standard,2026-03-04T14:33:24,Card Purchase,293.68,Digital Services,Unauthorised Transaction,Frustrated,Partial,2,High,Fraud Review,In Investigation,2026-04-15T20:35:29,,72,2,1,2,1,Yes,No,No,Pending,0.00,,12.00,No,Valid
PFXC-000643,TXN-0005260,2025-11-25T22:04:37,Call Centre,Standard,2025-10-14T21:39:37,Card Purchase,435.18,Travel,Subscription Dispute,Distressed,Complete,2,Low,Customer Service,Rejected,2025-11-27T03:56:01,2025-11-30T13:36:45,168,1,1,3,3,No,Yes,No,No Refund,0.00,111.54,29.86,No,Valid
PFXC-000644,TXN-0002976,2025-09-06T17:01:35,Chat,Assisted Digital,2025-09-03T04:59:35,Bank Transfer,92.75,Travel,Failed Payment,Positive,Complete,2,Standard,Technical Support,Cancelled,2025-09-07T10:32:20,2025-09-09T20:43:07,120,1,2,0,3,No,No,No,Customer Withdrawn,0.00,75.69,17.51,No,Valid
PFXC-000645,TXN-0001510,2025-07-27T17:47:01,Email,Standard,2025-06-16T03:41:01,Direct Debit,152.34,Cash Withdrawal,Failed Payment,Neutral,Complete,2,Standard,Technical Support,Cancelled,2025-07-28T07:40:04,2025-07-30T18:26:42,120,2,0,2,3,No,No,Yes,Customer Withdrawn,0.00,72.66,13.88,No,Valid
PFXC-000646,TXN-0004208,2025-12-24T11:25:17,Mobile,Standard,2025-11-06T18:31:17,Card Purchase,24.36,Utilities,Delayed Refund,Frustrated,Partial,1,Standard,Payment Operations,Resolved,2025-12-25T14:59:21,2025-12-30T06:38:31,120,0,1,2,2,No,No,No,Full Refund,24.36,139.22,27.57,Yes,Valid
PFXC-000647,TXN-0011902,2025-12-31T10:39:14,Mobile,Standard,2025-12-19T02:27:14,Bank Transfer,8.63,Utilities,Delayed Refund,Frustrated,Partial,1,Standard,Payment Operations,In Triage,2026-01-01T04:24:53,,120,2,1,4,2,No,Yes,No,Pending,0.00,,17.76,No,Valid
PFXC-000648,TXN-0012454,2025-07-19T04:55:16,Web,Standard,2025-06-30T23:23:16,Bank Transfer,222.57,Cash Withdrawal,Delayed Refund,Frustrated,Complete,3,Standard,Payment Operations,Rejected,2025-07-20T06:36:54,2025-07-23T18:33:31,120,2,0,2,4,No,No,No,No Refund,0.00,109.64,25.69,No,Valid
PFXC-000649,TXN-0012009,2026-02-12T01:05:38,Web,Standard,2025-12-31T09:07:38,Bank Transfer,25.79,Retail,Delayed Refund,Neutral,Complete,3,Standard,Payment Operations,Rejected,2026-02-12T19:44:14,2026-02-15T04:50:46,120,1,0,1,2,No,Yes,No,No Refund,0.00,75.75,18.64,No,Valid
PFXC-000650,TXN-0001629,2025-12-17T06:43:20,Call Centre,Standard,2025-11-03T12:28:20,Card Purchase,13.49,Retail,Subscription Dispute,Frustrated,Missing,0,Standard,Customer Service,Rejected,2025-12-18T06:27:29,2025-12-24T02:43:40,120,2,1,4,4,No,Yes,No,No Refund,0.00,164.01,23.74,Yes,Valid
PFXC-000651,TXN-0003536,2026-01-12T08:04:57,Mobile,Standard,2026-01-01T05:10:57,Bank Transfer,39.61,Travel,Delayed Refund,Positive,Partial,1,Standard,Payment Operations,Resolved,2026-01-12T16:00:59,2026-01-17T06:58:12,120,2,0,0,2,No,Yes,No,Full Refund,39.61,118.89,7.93,No,Valid
PFXC-000652,TXN-0012085,2025-06-15T23:44:35,Call Centre,Standard,2025-04-20T13:40:35,Bank Transfer,95.22,Utilities,Duplicate Debit,Frustrated,Partial,1,Standard,Refund Approval,Resolved,2025-06-16T14:17:57,2025-06-18T10:41:31,120,0,0,1,1,No,No,No,Full Refund,95.22,58.95,14.56,No,Valid
PFXC-000653,TXN-0007766,2025-01-18T05:27:42,Web,Standard,2024-12-10T04:46:42,Bank Transfer,298.81,Utilities,Merchant Non-confirmation,Distressed,Partial,2,Standard,Technical Support,Resolved,2025-01-18T15:34:58,2025-01-24T01:03:05,120,2,0,3,4,No,Yes,No,Full Refund,298.81,139.59,10.12,Yes,Valid
PFXC-000654,TXN-0006053,2025-08-05T21:55:37,Mobile,Standard,2025-06-07T01:14:37,Bank Transfer,82.58,Retail,Delayed Refund,Frustrated,Complete,2,Standard,Payment Operations,Resolved,2025-08-06T22:03:19,2025-08-09T07:58:38,120,1,0,2,1,No,No,No,Full Refund,82.58,82.05,24.13,No,Valid
PFXC-000655,TXN-0005242,2025-11-23T08:44:07,Mobile,Standard,2025-10-18T21:47:07,Direct Debit,12.90,Retail,Failed Payment,Frustrated,Complete,4,Low,Fraud Review,Resolved,2025-11-24T15:53:02,2025-11-28T03:18:17,168,2,0,2,2,Yes,No,No,Fraud Referral,0.00,114.57,31.15,No,Valid
PFXC-000656,TXN-0012189,2025-11-17T16:37:00,Mobile,Standard,2025-10-21T07:25:00,Card Purchase,291.13,Travel,Delayed Refund,Frustrated,Partial,1,Low,Payment Operations,Resolved,2025-11-18T22:03:53,2025-11-24T01:59:01,168,1,2,1,4,No,No,No,Full Refund,291.13,153.37,29.45,No,Valid
PFXC-000657,TXN-0010327,2025-09-01T16:13:40,Web,Standard,2025-07-20T12:07:40,Card Purchase,176.42,Utilities,Duplicate Debit,Positive,Partial,1,Standard,Refund Approval,Resolved,2025-09-02T14:20:58,2025-09-05T02:42:10,120,2,0,1,2,No,Yes,No,Full Refund,176.42,82.48,22.12,No,Valid
PFXC-000658,TXN-0008186,2026-06-07T10:29:31,Mobile,Standard,2026-06-02T21:04:31,Card Purchase,85.86,Subscription,Unauthorised Transaction,Distressed,Complete,4,High,Fraud Review,Resolved,2026-06-07T19:52:20,2026-06-14T20:24:04,72,3,1,5,3,Yes,Yes,Yes,Full Refund,85.86,177.91,9.38,Yes,Valid
PFXC-000659,TXN-0008839,2025-12-27T06:10:19,Web,Standard,2025-12-16T03:25:19,Bank Transfer,116.72,Retail,Merchant Non-confirmation,Frustrated,Partial,1,Standard,Technical Support,Awaiting Evidence,2025-12-27T22:02:00,,120,2,1,2,3,No,Yes,No,Pending,0.00,,15.86,No,Valid
PFXC-000660,TXN-0000699,2025-09-12T13:35:17,Mobile,Standard,2025-07-30T19:53:17,Direct Debit,16.76,Digital Services,Duplicate Debit,Distressed,Complete,4,Standard,Payment Operations,Pending Merchant,2025-09-13T07:45:34,,120,4,0,2,2,No,No,No,Pending,0.00,,18.17,No,Valid
PFXC-000661,TXN-0002330,2025-01-11T16:47:33,Email,Standard,2024-12-18T16:30:33,Bank Transfer,51.77,Digital Services,Cash Withdrawal Dispute,Frustrated,Partial,2,Standard,Fraud Review,Resolved,2025-01-12T10:39:05,2025-01-20T11:52:58,120,3,1,4,4,Yes,No,No,Partial Refund,35.16,211.09,17.86,Yes,Valid
PFXC-000662,TXN-0010136,2025-07-01T02:27:38,Web,Standard,2025-05-31T05:21:38,Card Purchase,14.76,Subscription,Merchant Non-confirmation,Frustrated,Missing,0,Standard,Technical Support,Rejected,2025-07-01T12:45:02,2025-07-09T16:35:36,120,2,1,3,3,No,Yes,Yes,No Refund,0.00,206.13,10.29,Yes,Valid
PFXC-000663,TXN-0002963,2025-05-28T02:08:29,Web,Standard,2025-04-28T03:54:29,Card Purchase,28.75,Utilities,Unauthorised Transaction,Distressed,Partial,2,Standard,Fraud Review,Resolved,2025-05-28T21:00:23,2025-06-04T11:13:59,120,1,0,2,4,Yes,Yes,No,Full Refund,28.75,177.09,18.87,Yes,Valid
PFXC-000664,TXN-0000793,2025-12-16T19:00:39,Mobile,Standard,2025-11-02T15:38:39,Card Purchase,297.72,Subscription,Incorrect Amount,Frustrated,Complete,4,Standard,Fraud Review,Resolved,2025-12-17T12:26:19,2025-12-21T13:07:51,120,2,0,2,3,Yes,No,No,Fraud Referral,0.00,114.12,17.43,No,Valid
PFXC-000665,TXN-0011572,2025-10-19T12:24:08,Mobile,Standard,2025-08-29T15:18:08,Wallet Payment,67.51,Digital Services,Merchant Non-confirmation,Distressed,Partial,1,Low,Technical Support,Cancelled,2025-10-20T13:14:40,2025-10-24T18:21:12,168,0,1,3,3,No,No,No,Customer Withdrawn,0.00,125.95,24.84,No,Valid
PFXC-000666,TXN-0008142,2026-04-29T10:18:47,Mobile,Standard,2026-04-18T03:54:47,Wallet Payment,69.02,Retail,Incorrect Amount,Neutral,Partial,1,Low,Payment Operations,Cancelled,2026-04-30T14:53:07,2026-05-04T16:04:38,168,2,1,3,1,No,No,No,Customer Withdrawn,0.00,125.76,28.57,No,Valid
PFXC-000667,TXN-0010307,2025-07-31T08:34:01,Mobile,Standard,2025-07-29T14:40:01,Bank Transfer,10.35,Digital Services,Merchant Non-confirmation,Frustrated,Partial,1,Standard,Technical Support,Resolved,2025-07-31T22:52:09,2025-08-05T15:30:29,120,1,2,3,3,No,No,No,Full Refund,10.35,126.94,14.30,Yes,Valid
PFXC-000668,TXN-0002064,2025-08-30T19:18:07,Web,Vulnerable Support,2025-07-28T17:36:07,Card Purchase,75.86,Cash Withdrawal,Other,Neutral,Complete,4,Standard,Customer Service,Resolved,2025-08-31T14:49:49,2025-09-04T16:34:40,120,0,0,1,3,No,No,No,Full Refund,75.86,117.28,19.53,No,Valid
PFXC-000669,TXN-0003160,2025-04-07T12:43:55,Mobile,Standard,2025-03-14T20:35:55,Direct Debit,90.35,Retail,Delayed Refund,Neutral,Partial,2,Standard,Refund Approval,Resolved,2025-04-08T01:25:41,2025-04-11T10:12:10,120,1,1,1,3,No,No,No,Full Refund,90.35,93.47,12.70,No,Valid
PFXC-000670,TXN-0009787,2025-04-18T18:10:16,Email,Vulnerable Support,2025-04-11T10:45:16,Direct Debit,31.27,Subscription,Unauthorised Transaction,Frustrated,Missing,0,Standard,Fraud Review,Rejected,2025-04-19T08:32:04,2025-04-28T09:28:34,120,2,0,3,3,Yes,Yes,No,No Refund,0.00,231.31,14.36,Yes,Valid
PFXC-000671,TXN-0010963,2025-03-08T12:12:15,Call Centre,Standard,2025-02-18T19:26:15,Bank Transfer,173.84,Subscription,Failed Payment,Neutral,Complete,4,Standard,Technical Support,Cancelled,2025-03-09T13:59:19,2025-03-12T00:00:16,120,1,0,1,2,No,No,No,Customer Withdrawn,0.00,83.80,25.78,No,Valid
PFXC-000672,TXN-0007952,2026-01-06T20:38:09,Mobile,Standard,2025-12-16T06:57:09,Card Purchase,15.33,Travel,Unauthorised Transaction,Frustrated,Complete,4,Standard,Refund Approval,Resolved,2026-01-07T17:44:34,2026-01-10T02:30:23,120,2,0,2,0,No,No,No,Full Refund,15.33,77.87,21.11,No,Valid
PFXC-000673,TXN-0010906,2025-08-03T15:05:43,Chat,Standard,2025-06-30T21:27:43,Card Purchase,167.76,Subscription,Merchant Non-confirmation,Positive,Complete,3,Standard,Refund Approval,Resolved,2025-08-04T05:09:36,2025-08-07T19:24:00,120,1,1,1,1,No,No,No,Full Refund,167.76,100.30,14.06,No,Valid
PFXC-000674,TXN-0003347,2026-04-10T07:32:14,Mobile,Standard,2026-02-11T20:06:14,Card Purchase,26.84,Utilities,Cash Withdrawal Dispute,Frustrated,Complete,2,Standard,Refund Approval,Resolved,2026-04-11T00:04:12,2026-04-15T20:18:26,120,2,1,4,2,No,Yes,No,Full Refund,26.84,132.77,16.53,Yes,Valid
PFXC-000675,TXN-0010575,2026-03-09T20:41:38,Mobile,Standard,2026-02-03T18:49:38,Direct Debit,27.53,Retail,Duplicate Debit,Neutral,Complete,2,Standard,Payment Operations,Rejected,2026-03-10T22:51:53,2026-03-13T17:55:11,120,3,0,2,1,No,No,No,No Refund,0.00,93.23,26.17,No,Valid
PFXC-000676,TXN-0008158,2026-05-15T19:35:07,Email,Standard,2026-05-12T19:02:07,Card Purchase,28.95,Travel,Failed Payment,Frustrated,Complete,2,Standard,Fraud Review,Resolved,2026-05-16T08:52:42,2026-05-21T07:26:55,120,2,0,3,3,Yes,Yes,Yes,Fraud Referral,0.00,131.86,13.29,Yes,Valid
PFXC-000677,TXN-0010987,2026-01-01T19:04:17,Mobile,Vulnerable Support,2025-11-23T10:25:17,Card Purchase,77.27,Subscription,Unauthorised Transaction,Neutral,Complete,2,Standard,Refund Approval,Resolved,2026-01-02T14:20:59,2026-01-06T03:02:18,120,0,0,0,2,No,No,No,Full Refund,77.27,103.97,19.28,No,Valid
PFXC-000678,TXN-0003840,2025-07-03T17:25:11,Web,Standard,2025-06-20T18:03:11,Card Purchase,157.51,Digital Services,Unauthorised Transaction,Frustrated,Missing,0,High,Customer Service,Awaiting Evidence,2025-07-04T05:28:52,,72,1,1,2,4,No,Yes,No,Pending,0.00,,12.06,No,Valid
PFXC-000679,TXN-0007661,2026-05-27T21:32:32,Web,Standard,2026-05-13T12:04:32,Card Purchase,53.78,Subscription,Delayed Refund,Distressed,Partial,1,Standard,Payment Operations,Resolved,2026-05-28T11:58:41,2026-06-04T18:16:39,120,2,1,5,4,No,Yes,No,Full Refund,53.78,188.74,14.44,Yes,Valid
PFXC-000680,TXN-0005884,2025-10-16T03:56:35,Web,Standard,2025-09-08T21:39:35,Card Purchase,104.00,Subscription,Merchant Non-confirmation,Distressed,Partial,1,Standard,Technical Support,Resolved,2025-10-17T07:36:49,2025-10-22T18:42:56,120,1,1,3,3,No,No,No,Full Refund,104.00,158.77,27.67,Yes,Valid
PFXC-000681,TXN-0006075,2025-05-16T01:42:05,Mobile,Standard,2025-04-14T13:13:05,Wallet Payment,20.48,Utilities,Delayed Refund,Frustrated,Partial,1,Standard,Payment Operations,In Triage,2025-05-16T20:16:12,,120,1,1,3,4,No,No,No,Pending,0.00,,18.57,No,Valid
PFXC-000682,TXN-0006853,2025-12-29T07:22:20,Call Centre,Standard,2025-12-26T08:46:20,Card Purchase,6.49,Travel,Failed Payment,Neutral,Complete,2,Standard,Technical Support,Pending Merchant,2025-12-29T18:46:33,,120,1,0,1,1,No,No,No,Pending,0.00,,11.40,No,Valid
PFXC-000683,TXN-0001791,2025-11-11T06:23:51,Chat,Standard,2025-11-06T01:05:51,Direct Debit,263.92,Retail,Subscription Dispute,Frustrated,Partial,2,Standard,Fraud Review,Resolved,2025-11-12T05:53:39,2025-11-20T20:27:00,120,4,2,5,3,Yes,Yes,No,Partial Refund,200.33,230.05,23.50,Yes,Valid
PFXC-000684,TXN-0010170,2025-05-13T02:15:23,Web,Standard,2025-04-18T16:24:23,Card Purchase,23.10,Travel,Other,Neutral,Partial,2,Standard,Customer Service,Rejected,2025-05-14T02:55:55,2025-05-18T01:08:14,120,1,0,1,2,No,No,Yes,No Refund,0.00,118.88,24.68,No,Valid
PFXC-000685,TXN-0011188,2026-05-19T15:32:37,Mobile,Standard,2026-04-17T10:59:37,Card Purchase,22.76,Retail,Merchant Non-confirmation,Neutral,Partial,1,Standard,Technical Support,Awaiting Evidence,2026-05-20T13:29:07,,120,1,0,3,3,No,No,No,Pending,0.00,,21.94,No,Valid
PFXC-000686,TXN-0008852,2025-02-25T13:48:00,Web,Standard,2025-02-17T05:32:00,Card Purchase,70.10,Utilities,Unauthorised Transaction,Frustrated,Complete,4,High,Fraud Review,Resolved,2025-02-26T01:13:59,2025-03-08T04:18:48,72,4,1,6,2,Yes,Yes,Yes,Fraud Referral,0.00,254.51,11.43,Yes,Valid
PFXC-000687,TXN-0008527,2025-05-23T19:33:45,Mobile,Assisted Digital,2025-03-29T22:59:45,Bank Transfer,45.83,Travel,Unauthorised Transaction,Distressed,Missing,0,High,Fraud Review,Resolved,2025-05-23T23:22:44,2025-06-02T20:18:20,72,2,1,4,5,Yes,No,No,Fraud Referral,0.00,240.74,3.82,Yes,Valid
PFXC-000688,TXN-0010272,2026-04-20T09:58:45,Web,Standard,2026-02-24T05:29:45,Cash Withdrawal,27.32,Cash Withdrawal,Other,Frustrated,Complete,3,Standard,Fraud Review,Resolved,2026-04-21T10:18:58,2026-04-30T16:10:34,120,4,1,4,3,Yes,No,No,Partial Refund,21.22,246.20,24.34,Yes,Valid
PFXC-000689,TXN-0002234,2025-09-27T09:27:50,Web,Standard,2025-09-22T22:24:50,Cash Withdrawal,13.81,Cash Withdrawal,Failed Payment,Distressed,Partial,1,Standard,Technical Support,Rejected,2025-09-28T01:10:53,2025-10-02T12:49:44,120,0,1,2,1,No,No,No,No Refund,0.00,123.37,15.72,Yes,Valid
PFXC-000690,TXN-0003635,2026-06-08T19:48:27,Mobile,Assisted Digital,2026-05-05T22:40:27,Card Purchase,62.13,Digital Services,Cash Withdrawal Dispute,Neutral,Partial,1,Standard,Customer Service,Awaiting Evidence,2026-06-09T22:28:45,,120,2,1,3,0,No,No,No,Pending,0.00,,26.67,No,Valid
PFXC-000691,TXN-0003372,2025-11-23T23:43:31,Call Centre,Standard,2025-11-06T07:04:31,Wallet Payment,41.82,Retail,Unauthorised Transaction,Frustrated,Complete,4,High,Customer Service,Awaiting Evidence,2025-11-24T06:40:17,,72,1,0,2,3,No,No,No,Pending,0.00,,6.95,No,Valid
PFXC-000692,TXN-0008060,2025-03-12T08:15:36,Call Centre,Standard,2025-01-14T07:34:36,Card Purchase,177.61,Retail,Other,Neutral,Complete,2,Standard,Customer Service,Resolved,2025-03-13T03:45:59,2025-03-16T01:26:48,120,1,0,1,3,No,No,No,Full Refund,177.61,89.19,19.51,No,Valid
PFXC-000693,TXN-0003131,2026-04-27T05:45:49,Email,Vulnerable Support,2026-03-27T19:51:49,Card Purchase,68.14,Retail,Unauthorised Transaction,Distressed,Complete,2,Standard,Fraud Review,Resolved,2026-04-28T03:38:13,2026-05-05T13:50:24,120,3,1,3,4,Yes,No,Yes,Full Refund,68.14,200.08,21.87,Yes,Valid
PFXC-000694,TXN-0006305,2026-04-20T14:34:33,Mobile,Assisted Digital,2026-04-08T11:29:33,Bank Transfer,11.45,Travel,Failed Payment,Distressed,Complete,2,Standard,Fraud Review,Rejected,2026-04-21T10:24:52,2026-04-28T14:24:06,120,3,0,4,3,Yes,No,No,No Refund,0.00,191.83,19.84,Yes,Valid
PFXC-000695,TXN-0011097,2025-11-02T03:20:13,Web,Standard,2025-10-16T10:45:13,Card Purchase,94.16,Retail,Delayed Refund,Neutral,Complete,3,Standard,Payment Operations,Resolved,2025-11-03T01:02:43,2025-11-06T02:47:26,120,1,0,1,2,No,No,No,Full Refund,94.16,95.45,21.71,No,Valid
PFXC-000696,TXN-0007326,2026-03-11T20:50:02,Web,Standard,2026-02-15T19:20:02,Card Purchase,67.70,Cash Withdrawal,Delayed Refund,Frustrated,Complete,4,Low,Refund Approval,Resolved,2026-03-13T02:02:58,2026-03-14T18:10:35,168,1,0,2,2,No,No,No,Full Refund,67.70,69.34,29.22,No,Valid
PFXC-000697,TXN-0002692,2026-02-23T08:38:59,Web,Standard,2026-01-30T12:49:59,Card Purchase,208.93,Retail,Delayed Refund,Distressed,Complete,4,Standard,Refund Approval,Resolved,2026-02-23T21:27:59,2026-02-27T18:19:10,120,0,2,4,3,No,Yes,Yes,Partial Refund,159.94,105.67,12.82,No,Valid
PFXC-000698,TXN-0008767,2025-07-16T05:35:54,Mobile,Standard,2025-05-31T04:26:54,Card Purchase,59.09,Travel,Merchant Non-confirmation,Distressed,Partial,2,Standard,Technical Support,Rejected,2025-07-16T19:15:23,2025-07-22T07:25:06,120,4,0,4,3,No,No,No,No Refund,0.00,145.82,13.66,Yes,Valid
PFXC-000699,TXN-0002723,2026-05-31T06:34:48,Web,Standard,2026-04-14T09:11:48,Card Purchase,57.35,Subscription,Failed Payment,Neutral,Complete,2,Standard,Technical Support,Rejected,2026-06-01T01:07:52,2026-06-02T02:59:24,120,2,0,1,1,No,No,No,No Refund,0.00,44.41,18.55,No,Valid
PFXC-000700,TXN-0001705,2026-03-12T16:30:13,Mobile,Assisted Digital,2026-03-09T11:11:13,Card Purchase,36.52,Retail,Merchant Non-confirmation,Distressed,Partial,2,Standard,Technical Support,Resolved,2026-03-13T14:38:26,2026-03-17T12:57:52,120,1,1,2,1,No,No,No,Full Refund,36.52,116.46,22.14,No,Valid
PFXC-000701,TXN-0006500,2025-08-31T09:58:37,Call Centre,Standard,2025-08-28T19:36:37,Card Purchase,8.36,Subscription,Duplicate Debit,Frustrated,Partial,1,Low,Refund Approval,Resolved,2025-09-01T17:03:41,2025-09-06T12:14:01,168,0,2,3,4,No,No,No,Full Refund,8.36,146.26,31.08,No,Valid
PFXC-000702,TXN-0005167,2026-02-07T01:45:14,Call Centre,Standard,2026-01-16T14:36:14,Bank Transfer,81.24,Travel,Unauthorised Transaction,Frustrated,Complete,2,Standard,Fraud Review,Resolved,2026-02-07T18:25:40,2026-02-14T05:35:13,120,1,1,3,5,Yes,Yes,No,Full Refund,81.24,171.83,16.67,Yes,Valid
PFXC-000703,TXN-0010645,2025-11-04T20:04:25,Mobile,Standard,2025-10-14T10:10:25,Cash Withdrawal,192.42,Digital Services,Incorrect Amount,Neutral,Complete,3,Standard,Payment Operations,Cancelled,2025-11-05T15:19:59,2025-11-07T21:42:12,120,2,0,1,2,No,No,No,Customer Withdrawn,0.00,73.63,19.26,No,Valid
PFXC-000704,TXN-0011897,2026-01-26T00:32:49,Web,Standard,2026-01-12T11:52:49,Bank Transfer,113.73,Digital Services,Delayed Refund,Neutral,Partial,2,Low,Refund Approval,Resolved,2026-01-27T02:27:14,2026-01-30T22:23:05,168,1,1,0,3,No,No,No,Full Refund,113.73,117.84,25.91,No,Valid
PFXC-000705,TXN-0001623,2026-05-17T20:29:50,Mobile,Standard,2026-04-23T02:14:50,Card Purchase,827.55,Subscription,Duplicate Debit,Frustrated,Complete,3,Standard,Fraud Review,Pending Customer,2026-05-19T00:07:45,,120,4,2,4,3,Yes,No,No,Pending,0.00,,27.63,No,Valid
PFXC-000706,TXN-0001110,2025-06-01T04:19:05,Web,Standard,2025-04-18T05:31:05,Card Purchase,14.43,Retail,Merchant Non-confirmation,Frustrated,Complete,3,Standard,Refund Approval,Resolved,2025-06-02T01:14:59,2025-06-05T05:53:49,120,1,0,3,4,No,No,Yes,Full Refund,14.43,97.58,20.93,No,Valid
PFXC-000707,TXN-0011349,2025-04-10T04:02:52,Mobile,Standard,2025-03-31T03:49:52,Wallet Payment,55.78,Retail,Cash Withdrawal Dispute,Distressed,Partial,2,Standard,Customer Service,Rejected,2025-04-11T07:02:44,2025-04-19T00:19:49,120,3,1,3,5,No,No,Yes,No Refund,0.00,212.28,27.00,Yes,Valid
PFXC-000708,TXN-0005835,2025-01-29T16:09:48,Web,Standard,2025-01-28T13:16:48,Direct Debit,188.60,Subscription,Failed Payment,Frustrated,Complete,4,Low,Technical Support,Awaiting Evidence,2025-01-30T13:39:04,,168,1,0,2,2,No,No,No,Pending,0.00,,21.49,No,Valid
PFXC-000709,TXN-0008530,2026-05-02T00:57:28,Mobile,Vulnerable Support,2026-04-12T15:34:28,Card Purchase,55.14,Utilities,Merchant Non-confirmation,Frustrated,Complete,3,Standard,Technical Support,Rejected,2026-05-02T14:14:19,2026-05-06T17:11:09,120,1,1,2,4,No,No,No,No Refund,0.00,112.23,13.28,No,Valid
PFXC-000710,TXN-0003503,2026-01-16T13:57:21,Mobile,Assisted Digital,2026-01-05T06:47:21,Bank Transfer,60.93,Travel,Merchant Non-confirmation,Frustrated,Complete,3,Standard,Refund Approval,Resolved,2026-01-17T03:40:43,2026-01-21T21:59:39,120,1,1,3,5,No,Yes,No,Partial Refund,12.51,128.04,13.72,Yes,Valid
PFXC-000711,TXN-0004052,2025-06-03T02:51:55,Mobile,Standard,2025-05-09T05:17:55,Direct Debit,219.97,Retail,Failed Payment,Neutral,Complete,3,Standard,Technical Support,Resolved,2025-06-03T19:25:43,2025-06-06T19:15:59,120,2,0,1,2,No,No,No,Full Refund,219.97,88.40,16.56,No,Valid
PFXC-000712,TXN-0010268,2026-04-11T17:15:43,Call Centre,Assisted Digital,2026-03-12T20:12:43,Card Purchase,22.87,Travel,Failed Payment,Frustrated,Partial,2,Standard,Technical Support,Pending Customer,2026-04-12T08:33:26,,120,2,2,4,2,No,No,No,Pending,0.00,,15.30,No,Valid
PFXC-000713,TXN-0009459,2026-02-23T02:00:28,Email,Vulnerable Support,2026-01-22T15:36:28,Direct Debit,159.26,Digital Services,Unauthorised Transaction,Frustrated,Partial,2,Urgent,Customer Service,Resolved,2026-02-23T06:47:02,2026-03-01T19:18:07,24,1,1,1,4,No,No,No,Full Refund,159.26,161.29,4.78,Yes,Valid
PFXC-000714,TXN-0004235,2025-03-06T04:09:14,Web,Standard,2025-02-02T11:17:14,Direct Debit,38.60,Digital Services,Failed Payment,Neutral,Partial,2,Standard,Technical Support,In Triage,2025-03-06T13:38:18,,120,2,0,1,3,No,Yes,No,Pending,0.00,,9.48,No,Valid
PFXC-000715,TXN-0002246,2025-10-07T08:15:36,Mobile,Assisted Digital,2025-08-24T20:37:36,Card Purchase,91.06,Other,Incorrect Amount,Frustrated,Complete,2,Standard,Payment Operations,Pending Customer,2025-10-08T01:55:52,,120,3,2,4,2,No,No,Yes,Pending,0.00,,17.67,No,Valid
PFXC-000716,TXN-0000014,2025-12-19T22:20:50,Mobile,Standard,2025-11-04T19:57:50,Card Purchase,38.23,Retail,Duplicate Debit,Frustrated,Complete,4,Standard,Payment Operations,Rejected,2025-12-20T21:00:58,2025-12-21T19:41:13,120,1,0,2,3,No,No,Yes,No Refund,0.00,45.34,22.67,No,Valid
PFXC-000717,TXN-0011084,2025-06-24T18:18:41,Email,Standard,2025-05-21T02:06:41,Direct Debit,18.35,Subscription,Duplicate Debit,Frustrated,Complete,2,Standard,Fraud Review,Resolved,2025-06-25T08:18:27,2025-06-29T15:48:57,120,4,0,3,2,Yes,No,Yes,Fraud Referral,0.00,117.50,14.00,No,Valid
PFXC-000718,TXN-0010697,2025-02-22T23:04:46,Web,Standard,2025-02-09T21:37:46,Card Purchase,26.39,Other,Duplicate Debit,Neutral,Partial,2,Standard,Payment Operations,Awaiting Evidence,2025-02-23T19:35:47,,120,2,1,2,1,No,No,No,Pending,0.00,,20.52,No,Valid
PFXC-000719,TXN-0006604,2025-09-21T18:06:24,Web,Standard,2025-08-19T07:26:24,Card Purchase,80.44,Retail,Duplicate Debit,Frustrated,Complete,2,Standard,Payment Operations,Resolved,2025-09-22T03:54:35,2025-09-27T03:20:28,120,1,2,4,2,No,No,No,Full Refund,80.44,129.23,9.80,Yes,Valid
PFXC-000720,TXN-0010213,2025-06-06T03:55:57,Email,Assisted Digital,2025-04-24T14:13:57,Bank Transfer,155.74,Cash Withdrawal,Other,Neutral,Complete,4,Low,Customer Service,In Triage,2025-06-07T06:00:59,,168,0,1,1,2,No,No,No,Pending,0.00,,26.08,No,Valid
PFXC-000721,TXN-0001668,2026-03-19T03:34:43,Email,Standard,2026-03-17T07:49:43,Card Purchase,27.80,Subscription,Delayed Refund,Frustrated,Partial,1,Standard,Payment Operations,Resolved,2026-03-20T04:56:35,2026-03-25T11:24:41,120,3,1,5,2,No,Yes,Yes,Full Refund,27.80,151.83,25.36,Yes,Valid
PFXC-000722,TXN-0004653,2025-01-23T21:46:35,Web,Standard,2025-01-07T21:38:35,Card Purchase,32.57,Retail,Merchant Non-confirmation,Distressed,Partial,2,Standard,Complaints,Rejected,2025-01-24T14:19:18,2025-01-30T15:34:03,120,2,0,2,1,No,No,Yes,No Refund,0.00,161.79,16.55,Yes,Valid
PFXC-000723,TXN-0006284,2026-05-25T23:31:58,Web,Vulnerable Support,2026-04-06T06:30:58,Direct Debit,80.77,Travel,Subscription Dispute,Frustrated,Partial,2,Low,Customer Service,Pending Merchant,2026-05-27T01:40:36,,168,2,1,3,3,No,No,Yes,Pending,0.00,,26.14,No,Valid
PFXC-000724,TXN-0005168,2025-01-07T02:31:23,Web,Assisted Digital,2024-11-13T01:55:23,Bank Transfer,244.41,Cash Withdrawal,Unauthorised Transaction,Frustrated,Partial,2,Standard,Fraud Review,Resolved,2025-01-07T20:13:20,2025-01-13T11:46:31,120,2,0,2,2,Yes,Yes,No,Full Refund,244.41,153.25,17.70,Yes,Valid
PFXC-000725,TXN-0005633,2025-02-17T14:09:29,Email,Standard,2025-01-04T10:41:29,Card Purchase,11.55,Travel,Other,Frustrated,Complete,4,Standard,Customer Service,Awaiting Evidence,2025-02-18T13:57:27,,120,2,1,2,4,No,Yes,No,Pending,0.00,,23.80,No,Valid
PFXC-000726,TXN-0001303,2025-09-21T08:22:26,Mobile,Standard,2025-08-29T04:20:26,Card Purchase,58.41,Retail,Duplicate Debit,Frustrated,Complete,4,Standard,Refund Approval,Resolved,2025-09-22T06:29:48,2025-09-25T22:20:09,120,2,1,3,3,No,No,No,Full Refund,58.41,109.96,22.12,No,Valid
PFXC-000727,TXN-0011911,2025-05-18T19:08:51,Web,Standard,2025-04-17T03:43:51,Card Purchase,4.17,Travel,Duplicate Debit,Neutral,Complete,3,Standard,Payment Operations,In Investigation,2025-05-19T12:08:25,,120,0,0,0,0,No,No,No,Pending,0.00,,16.99,No,Valid
PFXC-000728,TXN-0007690,2025-08-27T08:11:59,Mobile,Standard,2025-07-17T20:36:59,Card Purchase,13.57,Cash Withdrawal,Duplicate Debit,Frustrated,Complete,3,Standard,Payment Operations,Rejected,2025-08-28T08:21:19,2025-08-30T10:44:44,120,0,1,2,4,No,No,No,No Refund,0.00,74.55,24.16,No,Valid
PFXC-000729,TXN-0000473,2026-01-01T20:01:29,Call Centre,Standard,2025-11-02T07:09:29,Direct Debit,66.01,Travel,Failed Payment,Frustrated,Complete,3,Standard,Technical Support,Rejected,2026-01-02T21:57:55,2026-01-05T21:02:11,120,1,0,2,2,No,No,No,No Refund,0.00,97.01,25.94,No,Valid
PFXC-000730,TXN-0008628,2025-12-31T11:35:08,Web,Standard,2025-12-21T06:48:08,Card Purchase,65.40,Subscription,Unauthorised Transaction,Frustrated,Partial,1,High,Fraud Review,In Investigation,2025-12-31T21:56:02,,72,2,1,2,3,Yes,Yes,No,Pending,0.00,,10.35,No,Valid
PFXC-000731,TXN-0008087,2026-03-16T13:51:51,Mobile,Standard,2026-02-09T15:46:51,Card Purchase,25.95,Subscription,Unauthorised Transaction,Distressed,Complete,2,Standard,Customer Service,Rejected,2026-03-17T00:06:03,2026-03-21T16:29:46,120,2,0,2,2,No,Yes,No,No Refund,0.00,122.63,10.24,Yes,Valid
PFXC-000732,TXN-0000271,2026-06-04T21:07:21,Call Centre,Assisted Digital,2026-05-19T13:36:21,Wallet Payment,31.71,Digital Services,Subscription Dispute,Frustrated,Partial,2,Standard,Customer Service,Rejected,2026-06-05T15:12:50,2026-06-11T09:45:46,120,1,1,2,2,No,No,No,No Refund,0.00,156.64,18.09,Yes,Valid
PFXC-000733,TXN-0004152,2025-05-14T10:37:15,Web,Assisted Digital,2025-04-25T08:32:15,Bank Transfer,27.93,Retail,Duplicate Debit,Neutral,Complete,3,Standard,Payment Operations,Resolved,2025-05-14T22:26:58,2025-05-16T10:51:50,120,1,0,0,3,No,No,No,Full Refund,27.93,48.24,11.83,No,Valid
PFXC-000734,TXN-0004562,2025-06-19T21:58:50,Call Centre,Standard,2025-06-02T17:28:50,Card Purchase,37.22,Other,Merchant Non-confirmation,Frustrated,Complete,2,Low,Technical Support,Rejected,2025-06-20T20:20:54,2025-06-23T22:44:08,168,2,1,4,0,No,No,Yes,No Refund,0.00,96.76,22.37,No,Valid
PFXC-000735,TXN-0003977,2025-07-26T21:30:55,Web,Standard,2025-07-03T13:36:55,Card Purchase,125.64,Cash Withdrawal,Subscription Dispute,Neutral,Complete,3,Low,Customer Service,Cancelled,2025-07-28T05:12:00,2025-07-30T05:24:39,168,1,0,0,2,No,No,No,Customer Withdrawn,0.00,79.90,31.68,No,Valid
PFXC-000736,TXN-0011045,2025-12-23T11:43:58,Web,Assisted Digital,2025-11-24T04:42:58,Bank Transfer,29.56,Subscription,Duplicate Debit,Frustrated,Partial,1,Low,Payment Operations,Resolved,2025-12-24T14:08:35,2025-12-28T12:16:50,168,2,1,3,2,No,No,No,Full Refund,29.56,120.55,26.41,No,Valid
PFXC-000737,TXN-0006310,2025-08-26T17:19:55,Web,Standard,2025-07-25T21:11:55,Card Purchase,19.30,Digital Services,Duplicate Debit,Neutral,Partial,2,Low,Payment Operations,Resolved,2025-08-27T19:19:53,2025-08-31T05:09:01,168,1,1,3,3,No,No,No,Full Refund,19.30,107.82,26.00,No,Valid
PFXC-000738,TXN-0006289,2025-05-24T06:49:07,Mobile,Standard,2025-04-12T01:20:07,Wallet Payment,104.08,Digital Services,Merchant Non-confirmation,Frustrated,Complete,2,Standard,Technical Support,Resolved,2025-05-25T07:06:14,2025-05-29T17:02:21,120,2,1,4,3,No,Yes,Yes,Full Refund,104.08,130.22,24.29,Yes,Valid
PFXC-000739,TXN-0007873,2025-04-29T22:49:43,Web,Standard,2025-03-24T19:39:43,Bank Transfer,81.63,Travel,Merchant Non-confirmation,Neutral,Complete,3,Standard,Technical Support,Resolved,2025-04-30T11:43:45,2025-05-04T20:24:33,120,0,2,3,3,No,No,Yes,Full Refund,81.63,117.58,12.90,No,Valid
PFXC-000740,TXN-0004432,2025-04-16T12:45:21,Email,Standard,2025-02-27T05:52:21,Direct Debit,133.98,Retail,Cash Withdrawal Dispute,Frustrated,Partial,1,Standard,Refund Approval,Resolved,2025-04-17T04:04:44,2025-04-22T09:48:01,120,1,0,2,2,No,No,No,Partial Refund,73.52,141.04,15.32,Yes,Valid
PFXC-000741,TXN-0003218,2025-10-07T00:21:19,Mobile,Standard,2025-08-19T11:17:19,Bank Transfer,35.79,Subscription,Unauthorised Transaction,Frustrated,Complete,2,High,Customer Service,Resolved,2025-10-07T14:45:48,2025-10-11T04:12:48,72,0,1,2,2,No,Yes,No,Partial Refund,11.48,99.86,14.41,Yes,Valid
PFXC-000742,TXN-0003342,2025-09-27T11:59:57,Mobile,Standard,2025-08-28T19:31:57,Card Purchase,22.32,Retail,Unauthorised Transaction,Distressed,Complete,2,Standard,Customer Service,Resolved,2025-09-28T08:39:07,2025-10-03T11:32:54,120,2,0,2,1,No,No,No,Full Refund,22.32,143.55,20.65,Yes,Valid
PFXC-000743,TXN-0010404,2026-06-27T07:56:41,Chat,Assisted Digital,2026-05-05T15:28:41,Card Purchase,69.99,Retail,Merchant Non-confirmation,Frustrated,Missing,0,Low,Technical Support,Rejected,2026-06-28T07:33:27,2026-07-06T19:07:11,168,2,2,3,4,No,No,No,No Refund,0.00,227.18,23.61,Yes,Valid
PFXC-000744,TXN-0000659,2025-05-11T00:42:28,Web,Standard,2025-04-07T05:04:28,Card Purchase,101.34,Digital Services,Cash Withdrawal Dispute,Frustrated,Missing,0,Standard,Customer Service,Resolved,2025-05-11T14:01:46,2025-05-19T10:43:35,120,1,0,1,5,No,No,No,Full Refund,101.34,202.02,13.32,Yes,Valid
PFXC-000745,TXN-0000142,2025-12-16T06:02:35,Web,Assisted Digital,2025-12-10T23:56:35,Bank Transfer,55.81,Subscription,Duplicate Debit,Frustrated,Complete,4,Standard,Payment Operations,Resolved,2025-12-17T09:38:55,2025-12-18T23:25:16,120,1,0,2,2,No,No,No,Full Refund,55.81,65.38,27.61,No,Valid
PFXC-000746,TXN-0004615,2025-09-26T01:16:50,Email,Standard,2025-07-27T06:44:50,Direct Debit,70.58,Retail,Failed Payment,Frustrated,Complete,3,Standard,Technical Support,Rejected,2025-09-26T14:32:51,2025-09-29T09:24:06,120,2,1,2,1,No,No,No,No Refund,0.00,80.12,13.27,No,Valid
PFXC-000747,TXN-0005546,2025-11-09T17:35:52,Web,Assisted Digital,2025-09-10T18:10:52,Bank Transfer,146.71,Subscription,Other,Neutral,Partial,1,Low,Refund Approval,Resolved,2025-11-10T16:00:30,2025-11-13T22:52:41,168,0,0,0,2,No,No,No,Partial Refund,68.35,101.28,22.41,No,Valid
PFXC-000748,TXN-0011769,2025-08-14T17:35:16,Mobile,Standard,2025-08-10T15:29:16,Card Purchase,57.92,Cash Withdrawal,Unauthorised Transaction,Frustrated,Partial,2,Standard,Fraud Review,Resolved,2025-08-15T11:41:03,2025-08-22T21:30:34,120,1,1,4,3,Yes,Yes,Yes,Fraud Referral,0.00,195.92,18.10,Yes,Valid
PFXC-000749,TXN-0010887,2025-09-30T04:39:59,Chat,Standard,2025-08-08T09:23:59,Bank Transfer,109.14,Retail,Unauthorised Transaction,Frustrated,Missing,0,Standard,Fraud Review,Pending Merchant,2025-09-30T23:24:42,,120,2,1,2,2,Yes,No,No,Pending,0.00,,18.75,No,Valid
PFXC-000750,TXN-0007521,2025-01-03T07:48:28,Call Centre,Standard,2024-12-31T20:59:28,Direct Debit,225.02,Retail,Failed Payment,Frustrated,Partial,2,Standard,Technical Support,Resolved,2025-01-03T20:33:47,2025-01-07T00:14:35,120,0,0,2,3,No,No,No,Full Refund,225.02,88.44,12.76,No,Valid
PFXC-000751,TXN-0006206,2025-12-19T06:11:42,Mobile,Assisted Digital,2025-12-08T15:45:42,Card Purchase,77.86,Other,Unauthorised Transaction,Frustrated,Complete,2,Standard,Fraud Review,Resolved,2025-12-20T04:53:37,2025-12-28T04:36:36,120,3,1,3,3,Yes,No,Yes,Fraud Referral,0.00,214.42,22.70,Yes,Valid
PFXC-000752,TXN-0004291,2025-06-18T18:16:30,Mobile,Assisted Digital,2025-04-23T21:56:30,Bank Transfer,18.37,Digital Services,Failed Payment,Frustrated,Partial,1,Standard,Refund Approval,Resolved,2025-06-19T12:14:57,2025-06-24T08:14:39,120,2,1,2,1,No,No,No,Partial Refund,9.19,133.97,17.97,Yes,Valid
PFXC-000753,TXN-0000589,2025-08-07T08:11:35,Web,Standard,2025-07-18T03:02:35,Card Purchase,193.83,Other,Failed Payment,Frustrated,Missing,0,Low,Technical Support,Pending Approval,2025-08-08T23:45:18,,168,1,2,2,3,No,No,No,Pending,0.00,,39.56,No,Valid
PFXC-000754,TXN-0009973,2026-01-13T00:39:26,Web,Standard,2025-11-19T18:53:26,Card Purchase,7.34,Other,Cash Withdrawal Dispute,Neutral,Complete,3,Standard,Customer Service,Resolved,2026-01-14T01:15:20,2026-01-15T19:43:00,120,0,0,1,1,No,Yes,No,Full Refund,7.34,67.06,24.60,No,Valid
PFXC-000755,TXN-0000100,2026-04-07T13:50:22,Mobile,Assisted Digital,2026-02-16T20:22:22,Bank Transfer,78.12,Retail,Merchant Non-confirmation,Neutral,Partial,2,Standard,Technical Support,Rejected,2026-04-08T08:28:03,2026-04-11T19:16:57,120,1,0,1,3,No,Yes,No,No Refund,0.00,101.44,18.63,No,Valid
PFXC-000756,TXN-0003894,2025-01-23T08:17:51,Web,Standard,2024-12-24T15:43:51,Cash Withdrawal,16.08,Retail,Merchant Non-confirmation,Frustrated,Partial,1,Standard,Technical Support,Pending Customer,2025-01-24T10:46:44,,120,0,1,2,3,No,No,No,Pending,0.00,,26.48,No,Valid
PFXC-000757,TXN-0007329,2025-09-02T00:37:44,Web,Standard,2025-07-13T17:40:44,Direct Debit,360.25,Retail,Duplicate Debit,Distressed,Partial,2,Standard,Fraud Review,Resolved,2025-09-02T18:01:38,2025-09-07T08:38:48,120,2,1,3,1,Yes,Yes,Yes,Full Refund,360.25,128.02,17.40,Yes,Valid
PFXC-000758,TXN-0007280,2025-10-06T06:20:29,Call Centre,Vulnerable Support,2025-08-10T19:35:29,Direct Debit,352.06,Subscription,Subscription Dispute,Frustrated,Missing,0,High,Fraud Review,Resolved,2025-10-06T18:14:51,2025-10-15T20:39:51,72,2,2,2,4,Yes,Yes,Yes,Fraud Referral,0.00,230.32,11.91,Yes,Valid
PFXC-000759,TXN-0010333,2025-06-21T05:38:50,Web,Standard,2025-05-25T17:48:50,Wallet Payment,116.68,Retail,Duplicate Debit,Frustrated,Missing,0,Standard,Refund Approval,Resolved,2025-06-22T04:44:04,2025-06-24T16:13:51,120,0,1,1,2,No,No,No,Full Refund,116.68,82.58,23.09,No,Valid
PFXC-000760,TXN-0004228,2025-03-28T07:33:15,Call Centre,Standard,2025-03-18T00:59:15,Cash Withdrawal,36.68,Other,Delayed Refund,Frustrated,Partial,1,Standard,Refund Approval,Resolved,2025-03-28T23:21:47,2025-04-02T09:09:17,120,0,1,3,4,No,Yes,No,Full Refund,36.68,121.60,15.81,Yes,Valid
PFXC-000761,TXN-0000546,2025-07-16T23:23:54,Mobile,Standard,2025-07-03T06:54:54,Card Purchase,372.09,Travel,Merchant Non-confirmation,Distressed,Complete,2,Standard,Fraud Review,Resolved,2025-07-17T19:30:18,2025-07-22T04:58:09,120,2,0,2,3,Yes,Yes,No,Full Refund,372.09,125.57,20.11,Yes,Valid
PFXC-000762,TXN-0003174,2026-03-03T13:58:11,Web,Standard,2026-02-02T18:51:11,Direct Debit,110.66,Subscription,Unauthorised Transaction,Neutral,Complete,2,Standard,Refund Approval,Resolved,2026-03-04T02:20:08,2026-03-08T12:21:18,120,0,0,1,3,No,No,No,Full Refund,110.66,118.39,12.37,No,Valid
PFXC-000763,TXN-0000372,2025-02-17T08:21:47,Web,Standard,2025-01-11T19:41:47,Wallet Payment,73.49,Subscription,Failed Payment,Distressed,Missing,0,Standard,Technical Support,Rejected,2025-02-17T23:18:05,2025-02-23T23:36:19,120,2,0,3,4,No,Yes,No,No Refund,0.00,159.24,14.94,Yes,Valid
PFXC-000764,TXN-0008732,2026-05-07T20:45:13,Web,Standard,2026-04-24T06:48:13,Bank Transfer,18.45,Retail,Failed Payment,Frustrated,Partial,2,Standard,Technical Support,Resolved,2026-05-08T15:00:31,2026-05-13T06:58:10,120,2,1,2,4,No,No,No,Full Refund,18.45,130.22,18.26,Yes,Valid
PFXC-000765,TXN-0009068,2026-03-11T19:29:25,Mobile,Standard,2026-03-10T04:01:25,Card Purchase,230.26,Digital Services,Cash Withdrawal Dispute,Frustrated,Complete,2,Standard,Customer Service,Pending Approval,2026-03-12T11:55:30,,120,1,0,3,3,No,No,Yes,Pending,0.00,,16.43,No,Valid
PFXC-000766,TXN-0012500,2025-05-16T19:35:40,Mobile,Standard,2025-03-25T04:15:40,Card Purchase,11.55,Utilities,Merchant Non-confirmation,Distressed,Partial,1,Standard,Technical Support,Rejected,2025-05-17T11:43:51,2025-05-23T07:45:05,120,3,1,5,3,No,Yes,Yes,No Refund,0.00,156.16,16.14,Yes,Valid
PFXC-000767,TXN-0005658,2025-09-10T01:06:45,Call Centre,Assisted Digital,2025-08-10T20:04:45,Wallet Payment,28.58,Other,Failed Payment,Neutral,Partial,2,Standard,Refund Approval,Resolved,2025-09-10T20:57:56,2025-09-12T01:07:45,120,2,0,1,3,No,No,No,Full Refund,28.58,48.02,19.85,No,Valid
PFXC-000768,TXN-0012205,2025-06-13T12:28:24,Chat,Standard,2025-05-03T00:36:24,Card Purchase,33.68,Retail,Subscription Dispute,Neutral,Complete,4,Standard,Customer Service,In Investigation,2025-06-14T04:24:10,,120,2,1,1,3,No,No,No,Pending,0.00,,15.93,No,Valid
PFXC-000769,TXN-0012274,2025-12-21T22:13:09,Web,Standard,2025-11-10T04:43:09,Card Purchase,36.69,Travel,Delayed Refund,Distressed,Missing,0,Standard,Payment Operations,Resolved,2025-12-22T18:04:24,2025-12-29T04:34:20,120,1,2,4,3,No,No,No,Full Refund,36.69,174.35,19.85,Yes,Valid
PFXC-000770,TXN-0011360,2026-04-07T16:38:40,Call Centre,Standard,2026-04-03T12:50:40,Card Purchase,346.05,Travel,Unauthorised Transaction,Distressed,Complete,2,Standard,Fraud Review,Rejected,2026-04-08T07:40:19,2026-04-15T12:50:13,120,3,0,3,4,Yes,Yes,No,No Refund,0.00,188.19,15.03,Yes,Valid
PFXC-000771,TXN-0008486,2025-05-03T08:47:36,Chat,Standard,2025-04-21T21:42:36,Card Purchase,18.48,Other,Merchant Non-confirmation,Neutral,Complete,4,Standard,Technical Support,Resolved,2025-05-03T21:32:39,2025-05-08T05:43:48,120,1,0,1,3,No,No,No,Full Refund,18.48,116.94,12.75,No,Valid
PFXC-000772,TXN-0010848,2025-08-03T20:06:16,Mobile,Standard,2025-06-29T03:44:16,Direct Debit,7.38,Digital Services,Unauthorised Transaction,Frustrated,Complete,3,Standard,Fraud Review,Resolved,2025-08-04T13:48:28,2025-08-10T08:12:55,120,2,0,2,1,Yes,No,No,Fraud Referral,0.00,156.11,17.70,Yes,Valid
PFXC-000773,TXN-0010429,2025-08-07T02:22:16,Mobile,Assisted Digital,2025-07-18T07:15:16,Direct Debit,122.74,Retail,Unauthorised Transaction,Distressed,Partial,1,Standard,Fraud Review,Resolved,2025-08-07T16:11:10,2025-08-16T10:48:37,120,2,0,2,3,Yes,Yes,No,Full Refund,122.74,224.44,13.82,Yes,Valid
PFXC-000774,TXN-0007442,2025-08-03T22:29:19,Mobile,Assisted Digital,2025-07-30T11:24:19,Card Purchase,27.45,Subscription,Failed Payment,Frustrated,Complete,2,Standard,Fraud Review,Resolved,2025-08-04T21:43:08,2025-08-09T10:58:33,120,3,1,3,3,Yes,Yes,No,Fraud Referral,0.00,132.49,23.23,Yes,Valid
PFXC-000775,TXN-0011941,2026-03-26T19:45:06,Mobile,Standard,2026-02-23T23:25:06,Direct Debit,3.70,Subscription,Subscription Dispute,Frustrated,Partial,2,Standard,Customer Service,Rejected,2026-03-27T09:55:03,2026-04-01T03:39:16,120,1,1,3,4,No,No,No,No Refund,0.00,127.90,14.17,Yes,Valid
PFXC-000776,TXN-0010530,2025-06-12T08:16:03,Mobile,Standard,2025-05-23T22:33:03,Cash Withdrawal,5.00,Retail,Merchant Non-confirmation,Neutral,Complete,4,Low,Technical Support,Rejected,2025-06-13T15:09:26,2025-06-17T04:23:36,168,1,0,0,3,No,No,No,No Refund,0.00,116.13,30.89,No,Valid
PFXC-000777,TXN-0003330,2025-06-25T14:54:41,Call Centre,Standard,2025-06-15T09:17:41,Direct Debit,77.98,Digital Services,Cash Withdrawal Dispute,Frustrated,Partial,2,High,Customer Service,Cancelled,2025-06-25T18:39:37,2025-07-02T16:30:27,72,2,1,3,2,No,Yes,No,Customer Withdrawn,0.00,169.60,3.75,Yes,Valid
PFXC-000778,TXN-0001625,2026-03-20T05:00:02,Call Centre,Standard,2026-01-26T06:22:02,Direct Debit,44.97,Other,Other,Neutral,Complete,2,Low,Customer Service,Resolved,2026-03-21T11:52:44,2026-03-23T08:33:39,168,0,0,2,1,No,No,No,Full Refund,44.97,75.56,30.88,No,Valid
PFXC-000779,TXN-0002973,2026-03-27T08:13:51,Mobile,Standard,2026-03-01T20:22:51,Card Purchase,47.13,Subscription,Duplicate Debit,Neutral,Complete,2,Standard,Payment Operations,Cancelled,2026-03-28T05:32:39,2026-03-30T12:26:03,120,1,0,1,1,No,No,No,Duplicate Case,0.00,76.20,21.31,No,Valid
PFXC-000780,TXN-0007354,2025-01-27T03:47:47,Web,Standard,2024-12-27T14:41:47,Card Purchase,44.76,Retail,Merchant Non-confirmation,Frustrated,Complete,2,Standard,Technical Support,Resolved,2025-01-27T19:44:55,2025-02-01T18:30:53,120,1,0,0,3,No,No,No,Full Refund,44.76,134.72,15.95,Yes,Valid
PFXC-000781,TXN-0008681,2026-06-24T09:53:23,Mobile,Standard,2026-05-19T14:02:23,Card Purchase,40.62,Digital Services,Delayed Refund,Positive,Complete,2,Standard,Payment Operations,In Investigation,2026-06-25T09:47:23,,120,0,0,1,0,No,No,No,Pending,0.00,,23.90,No,Valid
PFXC-000782,TXN-0009838,2026-04-05T00:38:59,Mobile,Standard,2026-02-08T16:32:59,Card Purchase,30.06,Subscription,Unauthorised Transaction,Frustrated,Complete,4,High,Fraud Review,Resolved,2026-04-05T05:06:02,2026-04-11T07:27:30,72,2,0,3,3,Yes,Yes,No,Fraud Referral,0.00,150.81,4.45,Yes,Valid
PFXC-000783,TXN-0005298,2026-03-01T21:08:15,Mobile,Standard,2026-01-29T20:34:15,Card Purchase,23.69,Other,Failed Payment,Frustrated,Complete,4,Standard,Technical Support,Resolved,2026-03-02T22:22:40,2026-03-05T01:20:06,120,0,0,3,2,No,No,No,Full Refund,23.69,76.20,25.24,No,Valid
PFXC-000784,TXN-0010631,2025-10-11T06:31:54,Web,Standard,2025-09-30T12:24:54,Direct Debit,10.29,Retail,Merchant Non-confirmation,Frustrated,Complete,2,Standard,Technical Support,Resolved,2025-10-11T21:55:10,2025-10-17T21:01:16,120,2,1,4,4,No,No,Yes,Full Refund,10.29,158.49,15.39,Yes,Valid
PFXC-000785,TXN-0003443,2026-01-08T02:29:01,Web,Standard,2025-11-24T22:49:01,Card Purchase,62.64,Travel,Cash Withdrawal Dispute,Frustrated,Complete,2,High,Fraud Review,Resolved,2026-01-08T07:31:08,2026-01-17T20:46:47,72,4,0,3,3,Yes,Yes,No,Fraud Referral,0.00,234.30,5.04,Yes,Valid
PFXC-000786,TXN-0006694,2026-04-30T09:49:01,Web,Standard,2026-04-10T11:59:01,Card Purchase,105.62,Cash Withdrawal,Unauthorised Transaction,Frustrated,Complete,4,Standard,Customer Service,Resolved,2026-05-01T01:46:14,2026-05-06T17:31:10,120,1,2,4,3,No,No,Yes,Fraud Referral,0.00,151.70,15.95,Yes,Valid
PFXC-000787,TXN-0009396,2026-03-28T05:32:41,Web,Standard,2026-03-12T01:13:41,Direct Debit,89.04,Subscription,Duplicate Debit,Neutral,Partial,2,Standard,Payment Operations,Rejected,2026-03-28T22:16:58,2026-03-31T23:39:40,120,1,0,0,3,No,No,No,No Refund,0.00,90.12,16.74,No,Valid
PFXC-000788,TXN-0005421,2026-04-27T21:53:40,Mobile,Standard,2026-04-06T22:28:40,Bank Transfer,36.71,Utilities,Subscription Dispute,Frustrated,Complete,2,Standard,Customer Service,Cancelled,2026-04-28T15:11:47,2026-05-03T19:32:22,120,3,0,2,3,No,Yes,No,Customer Withdrawn,0.00,141.65,17.30,Yes,Valid
PFXC-000789,TXN-0002184,2025-10-22T04:10:49,Email,Assisted Digital,2025-09-20T21:39:49,Card Purchase,193.95,Retail,Unauthorised Transaction,Frustrated,Missing,0,Standard,Fraud Review,Resolved,2025-10-23T00:55:15,2025-11-01T23:47:53,120,2,1,3,4,Yes,No,No,Partial Refund,147.97,259.62,20.74,Yes,Valid
PFXC-000790,TXN-0003471,2025-12-20T10:56:49,Web,Standard,2025-11-08T21:10:49,Wallet Payment,81.58,Cash Withdrawal,Failed Payment,Frustrated,Partial,1,Low,Refund Approval,Resolved,2025-12-21T10:24:35,2025-12-27T06:31:12,168,1,1,0,3,No,No,No,Full Refund,81.58,163.57,23.46,No,Valid
PFXC-000791,TXN-0002632,2026-06-09T01:45:29,Chat,Standard,2026-05-25T05:49:29,Bank Transfer,22.28,Retail,Unauthorised Transaction,Neutral,Partial,2,Standard,Fraud Review,Pending Merchant,2026-06-10T01:56:38,,120,2,0,1,2,Yes,No,No,Pending,0.00,,24.19,No,Valid
PFXC-000792,TXN-0002633,2025-04-01T15:26:56,Call Centre,Standard,2025-03-23T08:33:56,Card Purchase,91.11,Digital Services,Merchant Non-confirmation,Frustrated,Complete,4,Standard,Technical Support,Cancelled,2025-04-02T06:04:05,2025-04-06T18:56:34,120,3,2,3,2,No,Yes,No,Customer Withdrawn,0.00,123.49,14.62,Yes,Valid
PFXC-000793,TXN-0008875,2025-10-03T14:27:43,Mobile,Vulnerable Support,2025-09-06T01:45:43,Cash Withdrawal,245.17,Retail,Unauthorised Transaction,Distressed,Missing,0,Urgent,Customer Service,Rejected,2025-10-03T14:42:43,2025-10-14T05:40:50,24,1,3,3,4,No,No,No,No Refund,0.00,255.22,0.25,Yes,Valid
PFXC-000794,TXN-0008777,2026-04-03T16:30:52,Mobile,Standard,2026-02-14T04:12:52,Cash Withdrawal,739.76,Travel,Duplicate Debit,Positive,Complete,2,Standard,Payment Operations,Resolved,2026-04-04T07:49:23,2026-04-06T17:31:51,120,0,1,1,2,No,Yes,No,Partial Refund,447.17,73.02,15.31,No,Valid
PFXC-000795,TXN-0007473,2025-09-27T09:03:37,Call Centre,Standard,2025-08-02T18:13:37,Wallet Payment,51.13,Cash Withdrawal,Merchant Non-confirmation,Frustrated,Complete,2,Standard,Technical Support,In Triage,2025-09-28T01:45:13,,120,3,0,2,3,No,No,No,Pending,0.00,,16.69,No,Valid
PFXC-000796,TXN-0005857,2026-01-01T09:02:35,Web,Standard,2025-12-24T04:50:35,Card Purchase,66.17,Digital Services,Subscription Dispute,Neutral,Complete,2,Standard,Customer Service,Rejected,2026-01-02T09:06:16,2026-01-05T13:28:53,120,2,1,1,4,No,No,No,No Refund,0.00,100.44,24.06,No,Valid
PFXC-000797,TXN-0010304,2025-05-27T06:46:15,Chat,Vulnerable Support,2025-05-24T18:20:15,Card Purchase,65.58,Utilities,Subscription Dispute,Distressed,Complete,3,Standard,Customer Service,Resolved,2025-05-28T07:26:28,2025-06-01T09:50:54,120,2,0,2,3,No,No,Yes,Full Refund,65.58,123.08,24.67,Yes,Valid
PFXC-000798,TXN-0005376,2025-11-29T15:28:33,Web,Standard,2025-10-24T07:50:33,Bank Transfer,78.59,Retail,Duplicate Debit,Neutral,Complete,3,Standard,Refund Approval,Resolved,2025-11-30T02:09:36,2025-12-03T14:22:41,120,1,1,1,1,No,No,No,Partial Refund,62.02,94.90,10.68,No,Valid
PFXC-000799,TXN-0004168,2026-04-28T20:28:38,Email,Standard,2026-02-28T06:54:38,Cash Withdrawal,52.15,Retail,Other,Frustrated,Complete,3,Standard,Customer Service,Rejected,2026-04-29T13:33:27,2026-05-05T04:57:41,120,1,1,3,3,No,Yes,No,No Refund,0.00,152.48,17.08,Yes,Valid
PFXC-000800,TXN-0007696,2025-02-19T15:46:23,Web,Standard,2025-01-08T06:37:23,Card Purchase,143.97,Cash Withdrawal,Subscription Dispute,Frustrated,Missing,0,Standard,Customer Service,Rejected,2025-02-20T08:18:57,2025-02-26T17:33:19,120,2,1,3,2,No,No,Yes,No Refund,0.00,169.78,16.54,Yes,Valid
PFXC-000801,TXN-0010078,2025-05-31T13:09:56,Mobile,Standard,2025-04-15T05:52:56,Cash Withdrawal,94.24,Retail,Failed Payment,Neutral,Complete,3,Low,Technical Support,Pending Customer,2025-06-01T20:26:33,,168,2,0,1,2,No,No,No,Pending,0.00,,31.28,No,Valid
PFXC-000802,TXN-0002589,2026-05-24T09:42:19,Web,Standard,2026-04-19T08:04:19,Card Purchase,89.88,Subscription,Delayed Refund,Frustrated,Partial,1,Standard,Complaints,Resolved,2026-05-25T08:04:00,2026-05-29T22:33:40,120,1,1,2,2,No,No,Yes,Full Refund,89.88,132.86,22.36,Yes,Valid
PFXC-000803,TXN-0006329,2025-01-16T16:56:49,Web,Standard,2024-11-23T15:22:49,Direct Debit,101.19,Other,Merchant Non-confirmation,Neutral,Complete,3,Standard,Technical Support,Rejected,2025-01-17T13:58:31,2025-01-21T06:45:03,120,2,0,0,3,No,No,No,No Refund,0.00,109.80,21.03,No,Valid
PFXC-000804,TXN-0010194,2025-07-13T14:46:22,Call Centre,Standard,2025-05-19T16:38:22,Card Purchase,25.12,Subscription,Other,Frustrated,Partial,1,Standard,Customer Service,Rejected,2025-07-14T02:29:54,2025-07-17T15:31:26,120,2,0,2,3,No,No,No,No Refund,0.00,96.75,11.73,No,Valid
PFXC-000805,TXN-0004405,2026-04-03T03:34:43,Chat,Standard,2026-03-17T20:49:43,Card Purchase,178.00,Retail,Unauthorised Transaction,Distressed,Partial,2,High,Fraud Review,Resolved,2026-04-03T07:35:27,2026-04-09T07:03:52,72,1,0,3,3,Yes,Yes,No,Fraud Referral,0.00,147.49,4.01,Yes,Valid
PFXC-000806,TXN-0003432,2026-02-06T21:07:34,Web,Standard,2026-01-30T20:52:34,Card Purchase,26.38,Retail,Incorrect Amount,Frustrated,Complete,4,Standard,Fraud Review,Rejected,2026-02-07T17:16:12,2026-02-15T07:11:18,120,3,1,3,3,Yes,Yes,No,No Refund,0.00,202.06,20.14,Yes,Valid
PFXC-000807,TXN-0004960,2026-04-11T11:31:08,Mobile,Standard,2026-02-16T23:45:08,Card Purchase,7.22,Subscription,Delayed Refund,Frustrated,Complete,2,Low,Refund Approval,Resolved,2026-04-12T04:47:18,2026-04-17T04:48:43,168,2,0,2,2,No,No,No,Full Refund,7.22,137.29,17.27,No,Valid
PFXC-000808,TXN-0006269,2026-06-13T02:23:07,Mobile,Standard,2026-05-23T00:31:07,Direct Debit,59.69,Utilities,Merchant Non-confirmation,Frustrated,Complete,3,Standard,Fraud Review,Resolved,2026-06-13T23:28:14,2026-06-20T13:18:57,120,2,1,3,2,Yes,Yes,No,Full Refund,59.69,178.93,21.09,Yes,Valid
PFXC-000809,TXN-0005396,2026-05-02T19:35:34,Mobile,Standard,2026-04-13T10:41:34,Card Purchase,10.52,Retail,Cash Withdrawal Dispute,Neutral,Complete,4,Low,Customer Service,Rejected,2026-05-03T15:55:34,2026-05-09T02:12:01,168,1,1,0,2,No,No,No,No Refund,0.00,150.61,20.33,No,Valid
PFXC-000810,TXN-0003542,2026-06-23T14:38:09,Web,Vulnerable Support,2026-05-27T21:57:09,Direct Debit,80.71,Retail,Unauthorised Transaction,Frustrated,Missing,0,High,Refund Approval,Resolved,2026-06-23T18:45:26,2026-07-02T14:27:32,72,2,2,5,5,No,No,No,Full Refund,80.71,215.82,4.12,Yes,Valid
PFXC-000811,TXN-0006080,2025-05-01T01:19:44,Web,Standard,2025-03-09T08:41:44,Wallet Payment,16.60,Digital Services,Duplicate Debit,Neutral,Partial,1,Standard,Refund Approval,Resolved,2025-05-01T13:53:50,2025-05-02T19:07:34,120,0,1,0,2,No,No,No,Full Refund,16.60,41.80,12.57,No,Valid
PFXC-000812,TXN-0000185,2026-05-10T14:25:44,Mobile,Standard,2026-03-28T17:37:44,Bank Transfer,197.49,Digital Services,Duplicate Debit,Frustrated,Partial,2,Standard,Payment Operations,Resolved,2026-05-11T15:25:06,2026-05-13T08:19:14,120,2,0,2,1,No,No,Yes,Full Refund,197.49,65.89,24.99,No,Valid
PFXC-000813,TXN-0010207,2025-05-16T13:12:10,Mobile,Standard,2025-05-10T04:57:10,Bank Transfer,354.12,Digital Services,Incorrect Amount,Frustrated,Complete,4,Low,Payment Operations,Resolved,2025-05-17T12:46:56,2025-05-18T08:42:22,168,1,0,0,3,No,No,No,Full Refund,354.12,43.50,23.58,No,Valid
PFXC-000814,TXN-0000130,2026-03-11T03:18:42,Web,Standard,2026-03-07T16:54:42,Wallet Payment,12.99,Retail,Unauthorised Transaction,Neutral,Complete,2,Standard,Customer Service,Pending Merchant,2026-03-12T02:18:09,,120,0,0,1,2,No,No,No,Pending,0.00,,22.99,No,Valid
PFXC-000815,TXN-0004683,2025-09-20T18:01:52,Mobile,Standard,2025-08-19T15:38:52,Card Purchase,121.95,Utilities,Unauthorised Transaction,Neutral,Complete,4,Low,Fraud Review,In Investigation,2025-09-21T21:00:17,,168,2,0,1,4,Yes,No,No,Pending,0.00,,26.97,No,Valid
PFXC-000816,TXN-0007904,2025-01-07T03:12:24,Mobile,Standard,2024-11-16T09:32:24,Bank Transfer,9.34,Retail,Unauthorised Transaction,Distressed,Complete,3,Standard,Customer Service,Resolved,2025-01-07T23:34:57,2025-01-13T06:44:23,120,1,1,2,2,No,No,No,Fraud Referral,0.00,147.53,20.38,Yes,Valid
PFXC-000817,TXN-0011458,2026-01-25T10:48:10,Mobile,Standard,2026-01-10T17:26:10,Bank Transfer,198.04,Travel,Failed Payment,Neutral,Complete,3,Standard,Refund Approval,Resolved,2026-01-26T03:47:36,2026-01-27T15:52:59,120,0,0,0,5,No,No,No,Full Refund,198.04,53.08,16.99,No,Valid
PFXC-000818,TXN-0010530,2025-07-29T04:02:09,Mobile,Vulnerable Support,2025-07-03T18:48:09,Card Purchase,68.32,Retail,Failed Payment,Distressed,Missing,0,Standard,Technical Support,Resolved,2025-07-30T03:37:31,2025-08-05T01:56:37,120,0,2,3,3,No,No,No,Full Refund,68.32,165.91,23.59,Yes,Valid
PFXC-000819,TXN-0005069,2025-11-05T06:18:50,Chat,Standard,2025-09-21T08:03:50,Direct Debit,15.37,Retail,Delayed Refund,Frustrated,Complete,2,Standard,Payment Operations,Resolved,2025-11-05T23:48:09,2025-11-10T07:25:05,120,2,1,5,2,No,Yes,No,Full Refund,15.37,121.10,17.49,Yes,Valid
PFXC-000820,TXN-0002169,2025-11-13T19:05:00,Web,Standard,2025-11-09T02:03:00,Card Purchase,72.68,Retail,Subscription Dispute,Frustrated,Partial,2,Standard,Customer Service,Resolved,2025-11-14T11:02:21,2025-11-19T01:26:30,120,1,2,4,4,No,Yes,No,Full Refund,72.68,126.36,15.96,Yes,Valid
PFXC-000821,TXN-0000090,2025-05-19T17:04:50,Chat,Standard,2025-05-04T16:50:50,Bank Transfer,609.34,Retail,Unauthorised Transaction,Frustrated,Complete,4,Standard,Fraud Review,Resolved,2025-05-20T09:50:41,2025-05-27T16:28:24,120,3,0,2,4,Yes,No,Yes,Partial Refund,153.76,191.39,16.76,Yes,Valid
PFXC-000822,TXN-0007535,2025-11-10T12:03:48,Web,Standard,2025-11-07T01:24:48,Card Purchase,162.75,Retail,Subscription Dispute,Distressed,Partial,2,Standard,Fraud Review,Rejected,2025-11-11T12:34:27,2025-11-19T09:26:48,120,2,1,3,4,Yes,Yes,No,No Refund,0.00,213.38,24.51,Yes,Valid
PFXC-000823,TXN-0011022,2025-11-06T01:44:00,Call Centre,Assisted Digital,2025-09-16T12:50:00,Card Purchase,54.37,Utilities,Duplicate Debit,Distressed,Partial,1,Low,Payment Operations,Cancelled,2025-11-07T01:45:40,2025-11-10T04:16:21,168,2,1,3,3,No,No,Yes,Duplicate Case,0.00,98.54,24.03,No,Valid
PFXC-000824,TXN-0005903,2025-06-10T06:24:14,Email,Vulnerable Support,2025-05-24T20:24:14,Bank Transfer,327.73,Digital Services,Incorrect Amount,Neutral,Partial,2,High,Payment Operations,Rejected,2025-06-10T11:57:52,2025-06-12T07:58:12,72,2,0,1,0,No,No,No,No Refund,0.00,49.57,5.56,No,Valid
PFXC-000825,TXN-0007708,2025-06-25T00:58:20,Mobile,Standard,2025-06-08T21:53:20,Card Purchase,127.18,Retail,Delayed Refund,Distressed,Partial,2,Standard,Fraud Review,Rejected,2025-06-25T16:13:06,2025-07-03T21:13:04,120,4,1,4,3,Yes,No,Yes,No Refund,0.00,212.25,15.25,Yes,Valid
PFXC-000826,TXN-0004521,2026-02-07T07:45:08,Mobile,Standard,2026-01-02T06:31:08,Card Purchase,64.39,Retail,Unauthorised Transaction,Distressed,Complete,3,Standard,Fraud Review,Rejected,2026-02-08T04:25:05,2026-02-12T19:47:06,120,3,0,4,4,Yes,Yes,No,No Refund,0.00,132.03,20.67,Yes,Valid
PFXC-000827,TXN-0012428,2025-10-21T23:20:48,Call Centre,Standard,2025-09-13T08:09:48,Bank Transfer,42.25,Subscription,Unauthorised Transaction,Neutral,Partial,1,Standard,Customer Service,Pending Customer,2025-10-22T20:05:39,,120,2,1,0,0,No,No,No,Pending,0.00,,20.75,No,Valid
PFXC-000828,TXN-0009237,2025-12-26T00:24:21,Mobile,Standard,2025-11-15T11:33:21,Card Purchase,88.26,Digital Services,Delayed Refund,Positive,Complete,2,Standard,Payment Operations,Rejected,2025-12-26T17:06:03,2025-12-29T03:17:06,120,2,0,1,2,No,No,No,No Refund,0.00,74.88,16.70,No,Valid
PFXC-000829,TXN-0003085,2025-09-18T10:28:55,Call Centre,Standard,2025-08-12T18:33:55,Card Purchase,78.00,Travel,Incorrect Amount,Neutral,Complete,2,Standard,Payment Operations,Rejected,2025-09-19T02:23:02,2025-09-21T22:05:21,120,1,0,1,4,No,No,No,No Refund,0.00,83.61,15.90,No,Valid
PFXC-000830,TXN-0001249,2026-01-31T20:03:41,Chat,Standard,2025-12-19T23:54:41,Bank Transfer,110.39,Travel,Cash Withdrawal Dispute,Frustrated,Missing,0,Standard,Customer Service,Rejected,2026-02-01T13:19:37,2026-02-09T12:42:06,120,2,1,3,4,No,Yes,No,No Refund,0.00,208.64,17.27,Yes,Valid
PFXC-000831,TXN-0006595,2026-03-31T02:15:42,Web,Standard,2026-02-17T19:03:42,Card Purchase,598.91,Other,Duplicate Debit,Frustrated,Partial,1,High,Payment Operations,Rejected,2026-03-31T08:24:52,2026-04-04T01:10:15,72,2,0,1,3,No,No,No,No Refund,0.00,94.91,6.15,Yes,Valid
PFXC-000832,TXN-0007509,2025-11-01T00:12:31,Web,Standard,2025-10-28T14:55:31,Card Purchase,51.83,Travel,Subscription Dispute,Frustrated,Complete,2,Standard,Customer Service,Rejected,2025-11-01T20:28:18,2025-11-05T11:09:21,120,2,1,3,4,No,No,Yes,No Refund,0.00,106.95,20.26,No,Valid
PFXC-000833,TXN-0010670,2025-11-12T11:06:06,Call Centre,Assisted Digital,2025-10-14T16:49:06,Wallet Payment,8.44,Digital Services,Incorrect Amount,Frustrated,Complete,2,Standard,Payment Operations,Resolved,2025-11-13T01:36:03,2025-11-15T21:36:23,120,1,1,3,2,No,No,No,Partial Refund,3.38,82.50,14.50,No,Valid
PFXC-000834,TXN-0008794,2025-06-08T06:53:29,Mobile,Vulnerable Support,2025-05-19T07:40:29,Bank Transfer,76.63,Retail,Failed Payment,Neutral,Complete,4,Standard,Technical Support,Resolved,2025-06-09T00:41:06,2025-06-10T00:57:04,120,0,0,1,2,No,No,No,Full Refund,76.63,42.06,17.79,No,Valid
PFXC-000835,TXN-0000971,2026-02-17T11:08:57,Call Centre,Assisted Digital,2026-01-02T02:45:57,Card Purchase,97.83,Retail,Subscription Dispute,Distressed,Missing,0,Standard,Refund Approval,Resolved,2026-02-17T23:43:22,2026-02-22T23:13:47,120,0,1,4,2,No,Yes,No,Full Refund,97.83,132.08,12.57,Yes,Valid
PFXC-000836,TXN-0010893,2026-01-23T20:36:10,Mobile,Standard,2026-01-01T01:38:10,Card Purchase,178.58,Subscription,Subscription Dispute,Frustrated,Complete,2,Standard,Customer Service,Resolved,2026-01-24T15:47:45,2026-01-27T08:25:09,120,0,1,2,3,No,No,No,Full Refund,178.58,83.82,19.19,No,Valid
PFXC-000837,TXN-0007340,2025-12-23T11:32:33,Mobile,Standard,2025-11-30T04:51:33,Direct Debit,124.17,Retail,Merchant Non-confirmation,Frustrated,Complete,4,Standard,Technical Support,Rejected,2025-12-24T02:50:50,2025-12-26T11:56:02,120,0,2,2,3,No,No,No,No Refund,0.00,72.39,15.30,No,Valid
PFXC-000838,TXN-0006029,2025-02-08T16:59:18,Web,Standard,2024-12-30T16:59:18,Direct Debit,26.78,Subscription,Cash Withdrawal Dispute,Frustrated,Complete,2,Standard,Customer Service,Rejected,2025-02-09T17:04:47,2025-02-13T02:18:47,120,0,1,3,1,No,No,No,No Refund,0.00,105.32,24.09,No,Valid
PFXC-000839,TXN-0003054,2025-12-21T12:45:45,Call Centre,Standard,2025-12-07T04:09:45,Card Purchase,21.91,Retail,Cash Withdrawal Dispute,Neutral,Partial,1,Standard,Customer Service,Pending Customer,2025-12-21T20:06:19,,120,1,1,0,3,No,No,No,Pending,0.00,,7.34,No,Valid
PFXC-000840,TXN-0002581,2025-03-26T01:00:04,Mobile,Standard,2025-03-05T00:21:04,Bank Transfer,127.21,Retail,Incorrect Amount,Frustrated,Complete,4,Standard,Payment Operations,Resolved,2025-03-27T02:11:52,2025-03-29T16:29:32,120,2,1,2,2,No,No,No,Full Refund,127.21,87.49,25.20,No,Valid
PFXC-000841,TXN-0009244,2026-03-01T12:09:26,Web,Assisted Digital,2026-02-11T17:55:26,Direct Debit,29.49,Subscription,Unauthorised Transaction,Frustrated,Partial,1,Low,Fraud Review,Resolved,2026-03-02T17:12:28,2026-03-10T06:24:45,168,4,1,4,3,Yes,Yes,No,Fraud Referral,0.00,210.26,29.05,Yes,Valid
PFXC-000842,TXN-0001581,2025-04-08T08:17:42,Call Centre,Standard,2025-03-01T06:31:42,Card Purchase,38.78,Travel,Merchant Non-confirmation,Distressed,Missing,0,Standard,Refund Approval,Resolved,2025-04-09T06:55:27,2025-04-15T09:31:10,120,0,1,1,3,No,Yes,No,Partial Refund,28.33,169.22,22.63,Yes,Valid
PFXC-000843,TXN-0010371,2025-08-02T12:52:33,Mobile,Standard,2025-07-11T02:44:33,Card Purchase,159.04,Cash Withdrawal,Merchant Non-confirmation,Neutral,Complete,3,Low,Technical Support,Resolved,2025-08-03T18:32:01,2025-08-06T20:43:51,168,1,0,1,2,No,Yes,No,Full Refund,159.04,103.86,29.66,No,Valid
PFXC-000844,TXN-0009837,2026-02-05T02:58:04,Chat,Standard,2026-01-11T22:33:04,Card Purchase,40.01,Travel,Other,Frustrated,Partial,2,Low,Customer Service,Rejected,2026-02-06T02:56:20,2026-02-10T08:11:51,168,0,0,0,3,No,No,No,No Refund,0.00,125.23,23.97,No,Valid
PFXC-000845,TXN-0004944,2025-12-31T22:29:25,Web,Standard,2025-12-24T08:47:25,Bank Transfer,68.10,Digital Services,Cash Withdrawal Dispute,Frustrated,Partial,1,Standard,Customer Service,Rejected,2026-01-01T18:13:28,2026-01-07T07:34:23,120,2,0,3,2,No,Yes,No,No Refund,0.00,153.08,19.73,Yes,Valid
PFXC-000846,TXN-0010073,2025-09-23T17:24:56,Email,Assisted Digital,2025-07-29T08:14:56,Bank Transfer,21.81,Utilities,Failed Payment,Neutral,Partial,2,Standard,Technical Support,Rejected,2025-09-24T08:02:26,2025-09-26T08:27:40,120,2,0,0,3,No,Yes,No,No Refund,0.00,63.05,14.63,No,Valid
PFXC-000847,TXN-0004048,2025-12-16T06:44:08,Chat,Standard,2025-12-12T13:25:08,Card Purchase,11.06,Utilities,Unauthorised Transaction,Frustrated,Complete,3,Standard,Customer Service,Resolved,2025-12-17T06:19:48,2025-12-21T03:07:05,120,1,1,3,4,No,No,No,Fraud Referral,0.00,116.38,23.59,No,Valid
PFXC-000848,TXN-0006365,2026-03-14T14:49:27,Web,Standard,2026-02-04T23:06:27,Card Purchase,131.50,Subscription,Delayed Refund,Positive,Complete,4,Standard,Payment Operations,Resolved,2026-03-15T12:55:46,2026-03-17T17:06:33,120,1,1,1,2,No,Yes,No,Full Refund,131.50,74.29,22.11,No,Valid
PFXC-000849,TXN-0000249,2026-04-15T03:18:55,Call Centre,Standard,2026-03-04T09:18:55,Bank Transfer,74.13,Utilities,Failed Payment,Positive,Complete,4,Standard,Technical Support,Rejected,2026-04-15T17:04:34,2026-04-18T16:43:01,120,1,2,1,0,No,No,No,No Refund,0.00,85.40,13.76,No,Valid
PFXC-000850,TXN-0011111,2025-01-19T13:31:01,Web,Standard,2025-01-08T01:45:01,Card Purchase,60.35,Retail,Incorrect Amount,Frustrated,Complete,4,Standard,Payment Operations,Resolved,2025-01-20T13:51:19,2025-01-25T12:26:17,120,3,0,4,3,No,Yes,Yes,Full Refund,60.35,142.92,24.34,Yes,Valid
PFXC-000851,TXN-0011837,2025-02-22T22:59:31,Mobile,Standard,2025-01-13T12:30:31,Card Purchase,37.02,Digital Services,Unauthorised Transaction,Frustrated,Complete,4,High,Fraud Review,Resolved,2025-02-23T10:45:14,2025-03-06T04:45:28,72,4,1,3,5,Yes,Yes,No,Full Refund,37.02,269.77,11.76,Yes,Valid
PFXC-000852,TXN-0000542,2025-12-12T11:46:29,Chat,Standard,2025-11-15T02:34:29,Wallet Payment,397.58,Retail,Failed Payment,Frustrated,Partial,2,Low,Technical Support,Rejected,2025-12-13T08:57:49,2025-12-17T08:52:57,168,0,1,2,4,No,No,No,No Refund,0.00,117.11,21.19,No,Valid
PFXC-000853,TXN-0007760,2026-01-26T01:32:40,Call Centre,Standard,2025-12-17T06:28:40,Direct Debit,30.84,Retail,Subscription Dispute,Distressed,Partial,2,Low,Customer Service,Resolved,2026-01-27T11:37:05,2026-01-31T13:17:36,168,1,1,2,2,No,No,Yes,Full Refund,30.84,131.75,34.07,No,Valid
PFXC-000854,TXN-0000392,2026-02-02T14:48:44,Web,Standard,2026-01-16T04:00:44,Wallet Payment,15.05,Retail,Incorrect Amount,Neutral,Complete,4,Standard,Payment Operations,Resolved,2026-02-03T05:26:43,2026-02-07T03:21:16,120,2,0,1,4,No,No,No,Full Refund,15.05,108.54,14.63,No,Valid
PFXC-000855,TXN-0001350,2025-09-06T01:05:14,Call Centre,Vulnerable Support,2025-08-01T09:03:14,Direct Debit,36.35,Retail,Duplicate Debit,Neutral,Partial,1,Standard,Payment Operations,Rejected,2025-09-06T15:03:24,2025-09-08T23:25:48,120,0,1,1,2,No,No,No,No Refund,0.00,70.34,13.97,No,Valid
PFXC-000856,TXN-0003707,2025-07-15T10:49:32,Web,Standard,2025-06-08T07:27:32,Card Purchase,63.71,Utilities,Subscription Dispute,Frustrated,Complete,2,Standard,Customer Service,Resolved,2025-07-15T23:07:58,2025-07-21T13:04:23,120,1,1,6,3,No,Yes,No,Full Refund,63.71,146.25,12.31,Yes,Valid
PFXC-000857,TXN-0004136,2025-03-31T19:04:28,Call Centre,Assisted Digital,2025-02-20T13:07:28,Card Purchase,135.83,Retail,Cash Withdrawal Dispute,Frustrated,Partial,1,Standard,Customer Service,Rejected,2025-04-01T15:12:01,2025-04-06T08:36:05,120,1,1,2,2,No,Yes,No,No Refund,0.00,133.53,20.13,Yes,Valid
PFXC-000858,TXN-0009153,2025-10-10T00:10:34,Call Centre,Standard,2025-09-21T16:52:34,Card Purchase,47.43,Other,Incorrect Amount,Distressed,Missing,0,Standard,Payment Operations,Resolved,2025-10-10T23:30:36,2025-10-17T05:52:02,120,1,2,4,2,No,No,Yes,Full Refund,47.43,173.69,23.33,Yes,Valid
PFXC-000859,TXN-0012202,2025-01-18T23:47:17,Mobile,Assisted Digital,2024-11-25T12:57:17,Card Purchase,106.67,Subscription,Duplicate Debit,Distressed,Missing,0,Standard,Payment Operations,Resolved,2025-01-19T17:20:52,2025-01-24T19:47:22,120,1,1,4,4,No,No,No,Full Refund,106.67,140.00,17.56,Yes,Valid
PFXC-000860,TXN-0006208,2026-06-25T01:57:12,Web,Standard,2026-05-11T21:42:12,Card Purchase,39.07,Digital Services,Delayed Refund,Frustrated,Complete,3,Standard,Payment Operations,Resolved,2026-06-25T23:41:31,2026-06-28T06:37:44,120,2,0,2,2,No,Yes,No,Full Refund,39.07,76.68,21.74,No,Valid
PFXC-000861,TXN-0003541,2026-03-04T10:13:11,Web,Standard,2026-01-20T05:58:11,Card Purchase,156.23,Cash Withdrawal,Cash Withdrawal Dispute,Frustrated,Complete,3,High,Customer Service,Awaiting Evidence,2026-03-04T19:01:22,,72,2,0,2,2,No,No,No,Pending,0.00,,8.80,No,Valid
PFXC-000862,TXN-0002332,2026-03-02T16:34:47,Email,Vulnerable Support,2026-02-15T00:36:47,Card Purchase,74.98,Travel,Merchant Non-confirmation,Neutral,Complete,2,Standard,Complaints,Resolved,2026-03-03T09:02:31,2026-03-06T01:59:30,120,1,0,1,2,No,No,Yes,Full Refund,74.98,81.41,16.46,No,Valid
PFXC-000863,TXN-0012014,2025-07-25T18:57:01,Email,Standard,2025-07-15T03:39:01,Direct Debit,326.04,Utilities,Subscription Dispute,Frustrated,Partial,1,Standard,Customer Service,Rejected,2025-07-26T10:17:24,2025-07-30T03:54:59,120,1,1,2,3,No,No,No,No Refund,0.00,104.97,15.34,No,Valid
PFXC-000864,TXN-0001732,2025-08-26T18:54:55,Web,Standard,2025-08-15T09:13:55,Card Purchase,32.64,Subscription,Unauthorised Transaction,Distressed,Complete,2,High,Fraud Review,Resolved,2025-08-27T02:40:24,2025-09-04T00:31:10,72,1,0,2,2,Yes,No,No,Fraud Referral,0.00,197.60,7.76,Yes,Valid
PFXC-000865,TXN-0006079,2026-04-13T23:36:42,Call Centre,Standard,2026-03-11T14:37:42,Direct Debit,30.74,Retail,Subscription Dispute,Neutral,Partial,1,Standard,Customer Service,Rejected,2026-04-14T23:58:23,2026-04-18T08:04:46,120,0,0,1,3,No,No,No,No Refund,0.00,104.47,24.36,No,Valid
PFXC-000866,TXN-0011120,2025-03-28T02:09:41,Call Centre,Standard,2025-03-23T03:34:41,Bank Transfer,68.79,Other,Incorrect Amount,Neutral,Complete,3,Standard,Payment Operations,Rejected,2025-03-28T16:42:02,2025-03-30T14:13:40,120,0,0,0,1,No,No,No,No Refund,0.00,60.07,14.54,No,Valid
PFXC-000867,TXN-0004264,2025-10-24T01:14:20,Mobile,Standard,2025-09-08T23:05:20,Card Purchase,39.49,Retail,Failed Payment,Positive,Complete,4,Standard,Technical Support,Rejected,2025-10-24T20:34:21,2025-10-28T18:59:44,120,1,0,1,2,No,No,Yes,No Refund,0.00,113.76,19.33,No,Valid
PFXC-000868,TXN-0006974,2025-06-06T07:27:47,Web,Standard,2025-04-21T11:24:47,Bank Transfer,95.56,Digital Services,Subscription Dispute,Frustrated,Partial,2,Standard,Customer Service,Cancelled,2025-06-06T21:16:26,2025-06-12T01:49:25,120,2,0,2,2,No,No,No,Customer Withdrawn,0.00,138.36,13.81,Yes,Valid
PFXC-000869,TXN-0009739,2025-07-22T08:00:10,Call Centre,Standard,2025-07-14T22:32:10,Bank Transfer,17.83,Subscription,Merchant Non-confirmation,Frustrated,Partial,2,Standard,Technical Support,In Investigation,2025-07-22T21:32:01,,120,2,1,2,4,No,No,No,Pending,0.00,,13.53,No,Valid
PFXC-000870,TXN-0010723,2026-06-27T14:38:55,Email,Standard,2026-05-11T09:49:55,Bank Transfer,77.57,Travel,Failed Payment,Neutral,Complete,4,Standard,Technical Support,Pending Customer,2026-06-28T09:29:36,,120,2,1,2,3,No,No,No,Pending,0.00,,18.84,No,Valid
PFXC-000871,TXN-0009902,2026-04-13T08:01:12,Mobile,Standard,2026-02-15T10:43:12,Wallet Payment,617.24,Cash Withdrawal,Other,Frustrated,Complete,2,Standard,Customer Service,Rejected,2026-04-14T02:44:27,2026-04-17T21:50:58,120,2,0,2,2,No,No,No,No Refund,0.00,109.83,18.72,No,Valid
PFXC-000872,TXN-0005515,2025-03-01T22:50:37,Mobile,Standard,2025-01-04T01:59:37,Wallet Payment,83.90,Subscription,Incorrect Amount,Frustrated,Complete,2,Standard,Fraud Review,Awaiting Evidence,2025-03-02T20:38:07,,120,2,1,2,4,Yes,No,No,Pending,0.00,,21.79,No,Valid
PFXC-000873,TXN-0000882,2025-05-14T18:44:17,Email,Standard,2025-05-07T15:58:17,Card Purchase,96.22,Other,Failed Payment,Frustrated,Complete,2,Standard,Technical Support,Pending Customer,2025-05-15T16:04:06,,120,1,1,2,2,No,No,No,Pending,0.00,,21.33,No,Valid
PFXC-000874,TXN-0009796,2026-02-03T22:01:18,Web,Standard,2026-01-20T11:04:18,Bank Transfer,150.68,Retail,Subscription Dispute,Frustrated,Complete,4,Standard,Customer Service,Resolved,2026-02-04T10:06:30,2026-02-09T14:31:59,120,3,1,3,2,No,Yes,Yes,Full Refund,150.68,136.51,12.09,Yes,Valid
PFXC-000875,TXN-0000361,2026-06-07T00:43:24,Web,Assisted Digital,2026-04-20T02:17:24,Bank Transfer,40.48,Retail,Duplicate Debit,Neutral,Partial,1,Standard,Payment Operations,Resolved,2026-06-08T00:02:45,2026-06-11T05:44:31,120,2,0,2,2,No,No,No,Full Refund,40.48,101.02,23.32,No,Valid
PFXC-000876,TXN-0002490,2025-02-16T08:06:26,Chat,Assisted Digital,2024-12-24T04:47:26,Direct Debit,97.12,Retail,Subscription Dispute,Neutral,Complete,4,Standard,Customer Service,Cancelled,2025-02-17T00:29:31,2025-02-19T00:01:44,120,0,0,0,4,No,No,No,Customer Withdrawn,0.00,63.92,16.38,No,Valid
PFXC-000877,TXN-0005052,2025-08-30T09:42:53,Web,Standard,2025-07-24T16:04:53,Card Purchase,272.76,Retail,Incorrect Amount,Frustrated,Complete,4,Standard,Payment Operations,Resolved,2025-08-31T01:54:31,2025-09-04T19:35:28,120,2,2,4,3,No,No,No,Partial Refund,61.29,129.88,16.19,Yes,Valid
PFXC-000878,TXN-0011225,2025-05-12T02:04:41,Mobile,Assisted Digital,2025-04-10T01:53:41,Card Purchase,48.02,Digital Services,Failed Payment,Frustrated,Complete,2,Low,Technical Support,Rejected,2025-05-13T06:51:41,2025-05-17T13:53:29,168,4,1,4,2,No,No,No,No Refund,0.00,131.81,28.78,No,Valid
PFXC-000879,TXN-0005776,2025-07-23T20:46:24,Call Centre,Standard,2025-07-09T19:45:24,Card Purchase,125.92,Utilities,Delayed Refund,Frustrated,Partial,2,Low,Payment Operations,Resolved,2025-07-25T06:54:59,2025-07-31T20:58:59,168,2,1,4,3,No,No,Yes,Full Refund,125.92,192.21,34.14,Yes,Valid
PFXC-000880,TXN-0007195,2025-06-19T00:46:28,Mobile,Vulnerable Support,2025-05-31T04:08:28,Bank Transfer,525.71,Digital Services,Unauthorised Transaction,Frustrated,Complete,3,Urgent,Fraud Review,Resolved,2025-06-19T06:12:19,2025-06-26T11:51:30,24,2,0,2,3,Yes,Yes,No,Fraud Referral,0.00,179.08,5.43,Yes,Valid
PFXC-000881,TXN-0002908,2025-09-21T21:49:45,Web,Standard,2025-09-15T11:18:45,Direct Debit,193.76,Travel,Subscription Dispute,Neutral,Complete,3,Standard,Customer Service,Cancelled,2025-09-22T14:53:54,2025-09-25T19:37:25,120,1,1,1,1,No,No,No,Customer Withdrawn,0.00,93.79,17.07,No,Valid
PFXC-000882,TXN-0005721,2026-06-29T05:20:51,Web,Standard,2026-06-28T05:02:51,Direct Debit,58.54,Other,Merchant Non-confirmation,Frustrated,Complete,2,Standard,Technical Support,In Investigation,2026-06-29T21:16:56,,120,0,1,3,3,No,No,No,Pending,0.00,,15.93,No,Valid
PFXC-000883,TXN-0002245,2026-03-07T16:21:20,Call Centre,Standard,2026-01-22T13:14:20,Bank Transfer,46.27,Travel,Delayed Refund,Neutral,Complete,3,Standard,Payment Operations,Pending Approval,2026-03-08T09:30:26,,120,0,0,1,2,No,No,No,Pending,0.00,,17.15,No,Valid
PFXC-000884,TXN-0011694,2025-12-02T16:26:34,Mobile,Standard,2025-10-31T02:22:34,Card Purchase,12.40,Other,Subscription Dispute,Neutral,Complete,4,Standard,Customer Service,Rejected,2025-12-03T08:34:03,2025-12-05T18:13:20,120,0,0,0,1,No,No,No,No Refund,0.00,73.78,16.12,No,Valid
PFXC-000885,TXN-0005469,2025-09-26T21:05:14,Chat,Standard,2025-08-16T01:07:14,Card Purchase,295.71,Retail,Merchant Non-confirmation,Frustrated,Complete,4,Low,Technical Support,Cancelled,2025-09-28T04:19:14,2025-10-01T07:43:26,168,2,1,2,3,No,No,No,Customer Withdrawn,0.00,106.64,31.23,No,Valid
PFXC-000886,TXN-0003430,2026-06-10T18:37:31,Call Centre,Standard,2026-05-11T19:47:31,Direct Debit,54.96,Subscription,Subscription Dispute,Distressed,Complete,3,Standard,Refund Approval,Resolved,2026-06-11T09:37:42,2026-06-16T05:18:41,120,0,2,3,2,No,Yes,No,Full Refund,54.96,130.69,15.00,Yes,Valid
PFXC-000887,TXN-0003413,2025-08-08T19:39:59,Call Centre,Standard,2025-07-07T03:29:59,Bank Transfer,34.91,Retail,Cash Withdrawal Dispute,Frustrated,Complete,4,Standard,Customer Service,Resolved,2025-08-09T16:52:56,2025-08-13T20:25:40,120,1,0,2,2,No,Yes,No,Partial Refund,21.03,120.76,21.22,Yes,Valid
PFXC-000888,TXN-0010119,2026-03-12T03:15:35,Web,Standard,2026-01-25T09:45:35,Card Purchase,32.94,Other,Unauthorised Transaction,Frustrated,Partial,1,High,Customer Service,Rejected,2026-03-12T07:05:17,2026-03-18T05:54:40,72,1,1,2,1,No,No,No,No Refund,0.00,146.65,3.83,Yes,Valid
PFXC-000889,TXN-0010146,2025-03-21T23:03:28,Web,Standard,2025-03-06T00:26:28,Cash Withdrawal,29.53,Cash Withdrawal,Delayed Refund,Distressed,Complete,2,Standard,Refund Approval,Resolved,2025-03-22T10:28:22,2025-03-25T12:29:11,120,0,1,2,2,No,No,No,Full Refund,29.53,85.43,11.42,No,Valid
PFXC-000890,TXN-0002924,2025-11-06T17:13:00,Call Centre,Standard,2025-10-26T03:52:00,Card Purchase,30.88,Retail,Failed Payment,Frustrated,Complete,3,Standard,Technical Support,Resolved,2025-11-07T10:36:40,2025-11-09T17:15:27,120,2,1,2,3,No,No,No,Full Refund,30.88,72.04,17.39,No,Valid
PFXC-000891,TXN-0002115,2025-04-08T05:26:43,Chat,Standard,2025-02-07T16:24:43,Card Purchase,447.99,Cash Withdrawal,Delayed Refund,Frustrated,Partial,1,Standard,Payment Operations,Rejected,2025-04-08T16:50:49,2025-04-13T03:38:37,120,2,0,2,2,No,No,No,No Refund,0.00,118.20,11.40,No,Valid
PFXC-000892,TXN-0011438,2025-03-17T09:19:31,Mobile,Standard,2025-01-16T04:05:31,Card Purchase,29.82,Travel,Subscription Dispute,Neutral,Partial,2,Standard,Customer Service,Rejected,2025-03-17T21:38:34,2025-03-22T07:46:17,120,1,0,2,2,No,No,No,No Refund,0.00,118.45,12.32,No,Valid
PFXC-000893,TXN-0012322,2026-02-13T11:35:35,Email,Standard,2026-01-09T22:21:35,Wallet Payment,157.02,Retail,Incorrect Amount,Positive,Complete,3,Low,Payment Operations,Resolved,2026-02-14T12:45:11,2026-02-17T16:15:43,168,1,0,0,2,No,No,No,Full Refund,157.02,100.67,25.16,No,Valid
PFXC-000894,TXN-0001093,2025-03-13T06:17:41,Mobile,Standard,2025-01-14T16:01:41,Card Purchase,70.26,Digital Services,Delayed Refund,Distressed,Partial,1,Low,Payment Operations,Resolved,2025-03-14T08:28:43,2025-03-19T21:55:36,168,4,0,2,2,No,No,No,Full Refund,70.26,159.63,26.18,No,Valid
PFXC-000895,TXN-0004769,2026-02-09T09:42:02,Mobile,Standard,2025-12-18T00:33:02,Bank Transfer,56.46,Subscription,Delayed Refund,Frustrated,Partial,2,Standard,Payment Operations,Resolved,2026-02-10T08:53:36,2026-02-13T00:19:47,120,2,1,2,4,No,Yes,No,Full Refund,56.46,86.63,23.19,No,Valid
PFXC-000896,TXN-0008583,2026-04-11T19:54:41,Mobile,Assisted Digital,2026-02-20T13:51:41,Bank Transfer,64.77,Travel,Delayed Refund,Frustrated,Missing,0,Standard,Payment Operations,Pending Approval,2026-04-12T11:24:16,,120,3,1,2,4,No,No,No,Pending,0.00,,15.49,No,Valid
PFXC-000897,TXN-0004851,2025-05-01T05:04:06,Call Centre,Standard,2025-04-01T12:03:06,Card Purchase,107.08,Travel,Other,Frustrated,Complete,4,Standard,Refund Approval,Resolved,2025-05-02T02:28:16,2025-05-06T23:22:39,120,2,0,2,3,No,Yes,Yes,Full Refund,107.08,138.31,21.40,Yes,Valid
PFXC-000898,TXN-0011295,2025-09-05T07:47:09,Email,Standard,2025-07-31T18:10:09,Card Purchase,63.46,Travel,Unauthorised Transaction,Distressed,Partial,1,Standard,Fraud Review,Resolved,2025-09-06T05:02:15,2025-09-13T10:32:24,120,1,1,4,3,Yes,Yes,No,Fraud Referral,0.00,194.75,21.25,Yes,Valid
PFXC-000899,TXN-0007564,2025-11-09T17:46:11,Mobile,Standard,2025-09-25T01:36:11,Wallet Payment,47.21,Other,Failed Payment,Frustrated,Complete,2,Standard,Technical Support,Resolved,2025-11-10T05:29:07,2025-11-13T02:10:55,120,2,0,2,2,No,Yes,No,Partial Refund,29.79,80.41,11.72,No,Valid
PFXC-000900,TXN-0006956,2025-11-15T21:15:11,Web,Standard,2025-10-01T03:36:11,Bank Transfer,24.69,Subscription,Cash Withdrawal Dispute,Distressed,Complete,3,Standard,Fraud Review,Resolved,2025-11-16T15:27:34,2025-11-24T16:46:43,120,4,1,3,3,Yes,Yes,No,Partial Refund,19.15,211.53,18.21,Yes,Valid
PFXC-000901,TXN-0002368,2025-10-05T01:45:23,Call Centre,Standard,2025-09-09T14:36:23,Cash Withdrawal,168.19,Retail,Unauthorised Transaction,Frustrated,Complete,2,High,Customer Service,Resolved,2025-10-05T10:26:47,2025-10-10T06:30:40,72,0,0,3,2,No,No,No,Full Refund,168.19,124.75,8.69,Yes,Valid
PFXC-000902,TXN-0004796,2026-02-03T22:43:54,Web,Standard,2026-01-29T05:35:54,Direct Debit,23.18,Utilities,Unauthorised Transaction,Frustrated,Complete,4,Standard,Fraud Review,Resolved,2026-02-04T20:59:43,2026-02-12T03:48:58,120,3,0,2,3,Yes,Yes,No,Fraud Referral,0.00,197.08,22.26,Yes,Valid
PFXC-000903,TXN-0005392,2026-02-09T03:01:24,Web,Vulnerable Support,2025-12-17T23:55:24,Direct Debit,190.10,Digital Services,Merchant Non-confirmation,Frustrated,Partial,2,Standard,Technical Support,Resolved,2026-02-09T17:20:33,2026-02-16T04:18:05,120,2,0,1,3,No,Yes,No,Full Refund,190.10,169.28,14.32,Yes,Valid
PFXC-000904,TXN-0008621,2025-05-10T10:11:11,Web,Standard,2025-04-11T13:47:11,Card Purchase,38.87,Travel,Delayed Refund,Frustrated,Complete,4,Standard,Payment Operations,Awaiting Evidence,2025-05-10T23:56:04,,120,0,0,1,1,No,No,No,Pending,0.00,,13.75,No,Valid
PFXC-000905,TXN-0010549,2025-01-17T18:30:00,Web,Standard,2024-11-22T03:48:00,Card Purchase,58.94,Other,Incorrect Amount,Frustrated,Partial,1,Low,Payment Operations,Rejected,2025-01-18T21:15:27,2025-01-22T16:47:45,168,1,0,0,2,No,No,No,No Refund,0.00,118.30,26.76,No,Valid
PFXC-000906,TXN-0001855,2025-01-24T18:27:59,Mobile,Standard,2025-01-01T14:43:59,Wallet Payment,46.79,Other,Subscription Dispute,Distressed,Complete,4,Standard,Customer Service,Resolved,2025-01-25T13:35:48,2025-01-28T12:14:20,120,1,0,2,1,No,Yes,No,Partial Refund,33.47,89.77,19.13,No,Valid
PFXC-000907,TXN-0010301,2025-07-28T20:03:54,Mobile,Standard,2025-06-08T22:32:54,Bank Transfer,21.14,Utilities,Delayed Refund,Neutral,Partial,1,Standard,Payment Operations,Resolved,2025-07-29T08:45:12,2025-08-01T00:13:40,120,1,0,1,2,No,No,No,Partial Refund,14.21,76.16,12.69,No,Valid
PFXC-000908,TXN-0007513,2025-11-14T05:54:35,Call Centre,Standard,2025-11-07T02:41:35,Direct Debit,110.23,Utilities,Duplicate Debit,Distressed,Complete,2,Standard,Payment Operations,Cancelled,2025-11-14T20:26:17,2025-11-17T12:28:59,120,1,1,3,1,No,No,No,Duplicate Case,0.00,78.57,14.53,No,Valid
PFXC-000909,TXN-0009963,2026-01-17T08:10:36,Mobile,Standard,2025-11-29T13:18:36,Cash Withdrawal,168.82,Subscription,Unauthorised Transaction,Frustrated,Partial,2,High,Fraud Review,Resolved,2026-01-17T17:53:54,2026-01-26T00:51:59,72,2,0,3,4,Yes,No,No,Full Refund,168.82,208.69,9.72,Yes,Valid
PFXC-000910,TXN-0010560,2026-06-03T14:22:56,Web,Standard,2026-04-11T17:55:56,Direct Debit,11.28,Travel,Subscription Dispute,Frustrated,Partial,2,Standard,Customer Service,Rejected,2026-06-04T07:06:18,2026-06-09T13:42:23,120,2,1,2,4,No,Yes,No,No Refund,0.00,143.32,16.72,Yes,Valid
PFXC-000911,TXN-0010131,2025-10-13T12:36:34,Web,Assisted Digital,2025-10-08T18:51:34,Wallet Payment,821.24,Retail,Failed Payment,Positive,Partial,2,Standard,Technical Support,Awaiting Evidence,2025-10-14T08:16:10,,120,1,1,1,2,No,No,No,Pending,0.00,,19.66,No,Valid
PFXC-000912,TXN-0002863,2025-06-26T11:11:30,Mobile,Standard,2025-04-29T17:43:30,Wallet Payment,21.53,Other,Failed Payment,Frustrated,Missing,0,Standard,Technical Support,Rejected,2025-06-27T06:17:59,2025-07-02T01:17:31,120,2,2,3,3,No,Yes,No,No Refund,0.00,134.10,19.11,Yes,Valid
PFXC-000913,TXN-0009479,2025-11-12T04:17:21,Web,Standard,2025-10-26T02:35:21,Card Purchase,344.05,Subscription,Cash Withdrawal Dispute,Frustrated,Partial,1,High,Customer Service,Pending Customer,2025-11-12T17:02:39,,72,0,1,2,2,No,No,No,Pending,0.00,,12.76,No,Valid
PFXC-000914,TXN-0003775,2025-09-19T17:45:03,Mobile,Standard,2025-09-15T12:00:03,Wallet Payment,143.10,Utilities,Unauthorised Transaction,Frustrated,Missing,0,Standard,Customer Service,Resolved,2025-09-20T09:17:39,2025-09-28T20:03:43,120,2,2,4,3,No,Yes,Yes,Full Refund,143.10,218.31,15.54,Yes,Valid
PFXC-000915,TXN-0005765,2025-09-28T00:40:22,Email,Standard,2025-08-02T05:52:22,Wallet Payment,155.58,Retail,Unauthorised Transaction,Distressed,Complete,2,High,Fraud Review,Pending Customer,2025-09-28T19:51:06,,72,3,1,3,3,Yes,Yes,No,Pending,0.00,,19.18,No,Valid
PFXC-000916,TXN-0008339,2026-06-15T19:51:34,Email,Standard,2026-06-04T08:46:34,Direct Debit,77.69,Digital Services,Delayed Refund,Frustrated,Complete,3,Standard,Payment Operations,Rejected,2026-06-16T15:28:21,2026-06-22T13:06:57,120,2,2,3,4,No,Yes,No,No Refund,0.00,161.26,19.61,Yes,Valid
PFXC-000917,TXN-0007399,2025-01-17T02:01:27,Web,Standard,2024-12-22T20:37:27,Card Purchase,35.18,Digital Services,Unauthorised Transaction,Frustrated,Complete,4,Standard,Customer Service,Pending Approval,2025-01-17T20:36:07,,120,2,0,2,2,No,No,No,Pending,0.00,,18.58,No,Valid
PFXC-000918,TXN-0008217,2025-12-03T21:51:59,Mobile,Vulnerable Support,2025-10-23T21:04:59,Bank Transfer,96.12,Retail,Failed Payment,Frustrated,Complete,4,Standard,Technical Support,Rejected,2025-12-04T16:52:32,2025-12-07T02:56:09,120,2,0,0,2,No,Yes,No,No Refund,0.00,77.07,19.01,No,Valid
PFXC-000919,TXN-0009605,2025-11-09T07:28:35,Mobile,Standard,2025-10-09T12:37:35,Card Purchase,61.30,Retail,Failed Payment,Frustrated,Missing,0,Low,Technical Support,In Investigation,2025-11-10T05:32:55,,168,1,1,2,2,No,No,No,Pending,0.00,,22.07,No,Valid
PFXC-000920,TXN-0009222,2026-04-18T10:47:40,Email,Standard,2026-02-18T07:14:40,Direct Debit,110.48,Subscription,Merchant Non-confirmation,Neutral,Complete,2,Low,Technical Support,Resolved,2026-04-19T13:11:57,2026-04-23T07:38:05,168,1,1,1,2,No,No,No,Partial Refund,23.41,116.84,26.40,No,Valid
PFXC-000921,TXN-0005200,2025-11-08T09:26:24,Web,Standard,2025-09-27T04:20:24,Card Purchase,35.42,Retail,Subscription Dispute,Frustrated,Complete,2,Standard,Customer Service,Rejected,2025-11-09T05:49:20,2025-11-11T07:06:12,120,2,0,2,4,No,No,No,No Refund,0.00,69.66,20.38,No,Valid
PFXC-000922,TXN-0001337,2026-04-28T16:08:51,Web,Vulnerable Support,2026-02-27T21:36:51,Bank Transfer,102.67,Utilities,Unauthorised Transaction,Frustrated,Partial,1,High,Fraud Review,Resolved,2026-04-28T21:40:06,2026-05-06T20:02:16,72,4,2,4,3,Yes,Yes,No,Full Refund,102.67,195.89,5.52,Yes,Valid
PFXC-000923,TXN-0009494,2025-10-17T00:19:58,Chat,Assisted Digital,2025-10-14T12:18:58,Bank Transfer,74.52,Retail,Subscription Dispute,Distressed,Partial,2,Standard,Customer Service,Rejected,2025-10-17T18:53:32,2025-10-23T05:37:41,120,2,0,2,4,No,Yes,No,No Refund,0.00,149.30,18.56,Yes,Valid
PFXC-000924,TXN-0004759,2025-03-11T17:19:14,Mobile,Standard,2025-01-15T18:03:14,Direct Debit,39.17,Travel,Failed Payment,Frustrated,Complete,3,Low,Technical Support,Resolved,2025-03-12T22:02:20,2025-03-13T09:57:17,168,2,0,2,3,No,No,No,Full Refund,39.17,40.63,28.72,No,Valid
PFXC-000925,TXN-0007255,2025-01-23T20:24:20,Web,Standard,2025-01-06T17:36:20,Bank Transfer,18.88,Cash Withdrawal,Duplicate Debit,Positive,Complete,3,Low,Payment Operations,Awaiting Evidence,2025-01-25T05:40:44,,168,2,0,1,5,No,No,No,Pending,0.00,,33.27,No,Valid
PFXC-000926,TXN-0008772,2025-02-06T17:28:49,Mobile,Standard,2024-12-09T21:57:49,Bank Transfer,11.10,Travel,Unauthorised Transaction,Neutral,Complete,3,Standard,Customer Service,Resolved,2025-02-07T13:26:39,2025-02-10T21:12:19,120,1,0,2,3,No,No,No,Full Refund,11.10,99.73,19.96,No,Valid
PFXC-000927,TXN-0001115,2025-11-20T02:09:10,Mobile,Assisted Digital,2025-10-07T00:36:10,Direct Debit,35.42,Travel,Unauthorised Transaction,Distressed,Complete,3,High,Fraud Review,Resolved,2025-11-20T12:27:26,2025-11-27T06:01:34,72,2,2,4,4,Yes,Yes,No,Fraud Referral,0.00,171.87,10.30,Yes,Valid
PFXC-000928,TXN-0002438,2025-04-28T15:15:33,Email,Standard,2025-03-02T22:44:33,Card Purchase,71.74,Utilities,Failed Payment,Distressed,Complete,4,Standard,Fraud Review,Resolved,2025-04-29T00:31:25,2025-05-03T20:44:19,120,3,0,2,2,Yes,Yes,Yes,Full Refund,71.74,125.48,9.26,Yes,Valid
PFXC-000929,TXN-0011782,2025-04-27T02:08:30,Web,Standard,2025-04-23T00:43:30,Bank Transfer,60.34,Other,Cash Withdrawal Dispute,Frustrated,Complete,4,Standard,Fraud Review,Rejected,2025-04-28T00:32:33,2025-05-06T08:51:12,120,3,0,3,4,Yes,Yes,No,No Refund,0.00,222.71,22.40,Yes,Valid
PFXC-000930,TXN-0009982,2026-04-24T14:13:16,Web,Standard,2026-03-05T10:28:16,Cash Withdrawal,92.51,Subscription,Delayed Refund,Frustrated,Partial,1,Standard,Payment Operations,Resolved,2026-04-25T05:26:32,2026-04-29T17:44:53,120,1,1,4,3,No,No,Yes,Full Refund,92.51,123.53,15.22,Yes,Valid
PFXC-000931,TXN-0004472,2025-09-16T12:44:53,Mobile,Standard,2025-07-31T16:11:53,Bank Transfer,145.03,Retail,Duplicate Debit,Frustrated,Complete,4,Standard,Refund Approval,Resolved,2025-09-16T20:21:35,2025-09-20T15:53:48,120,0,1,1,0,No,No,No,Partial Refund,32.42,99.15,7.61,No,Valid
PFXC-000932,TXN-0003321,2025-06-02T21:10:58,Mobile,Assisted Digital,2025-04-04T21:07:58,Card Purchase,16.31,Subscription,Failed Payment,Neutral,Complete,4,Standard,Technical Support,Resolved,2025-06-03T09:16:02,2025-06-07T02:48:34,120,0,1,1,1,No,No,No,Partial Refund,6.83,101.63,12.08,No,Valid
PFXC-000933,TXN-0005804,2025-02-02T10:06:31,Web,Standard,2024-12-08T10:58:31,Wallet Payment,93.29,Retail,Failed Payment,Neutral,Complete,3,Standard,Technical Support,Rejected,2025-02-03T01:06:40,2025-02-06T15:59:29,120,1,0,1,2,No,No,No,No Refund,0.00,101.88,15.00,No,Valid
PFXC-000934,TXN-0004631,2025-09-28T21:33:41,Web,Standard,2025-09-04T02:50:41,Bank Transfer,27.22,Utilities,Duplicate Debit,Frustrated,Partial,1,Standard,Payment Operations,Resolved,2025-09-29T13:38:36,2025-10-02T14:07:47,120,1,1,2,4,No,No,No,Full Refund,27.22,88.57,16.08,No,Valid
PFXC-000935,TXN-0010609,2026-05-02T15:45:41,Chat,Standard,2026-03-28T03:22:41,Bank Transfer,272.74,Subscription,Failed Payment,Frustrated,Partial,1,Standard,Technical Support,Rejected,2026-05-03T07:07:47,2026-05-08T07:35:13,120,1,1,2,3,No,Yes,No,No Refund,0.00,135.83,15.37,Yes,Valid
PFXC-000936,TXN-0005694,2026-02-21T08:43:25,Email,Standard,2026-02-20T03:06:25,Bank Transfer,217.55,Retail,Incorrect Amount,Distressed,Complete,4,Low,Payment Operations,Cancelled,2026-02-22T04:35:59,2026-02-24T17:01:59,168,1,0,2,3,No,No,No,Customer Withdrawn,0.00,80.31,19.88,No,Valid
PFXC-000937,TXN-0005000,2026-01-02T10:40:51,Chat,Standard,2025-11-16T09:54:51,Card Purchase,21.63,Retail,Duplicate Debit,Frustrated,Complete,4,Standard,Refund Approval,Resolved,2026-01-03T02:46:58,2026-01-05T05:10:32,120,2,0,2,1,No,No,No,Full Refund,21.63,66.49,16.10,No,Valid
PFXC-000938,TXN-0009697,2026-05-29T01:53:43,Web,Assisted Digital,2026-05-19T00:54:43,Direct Debit,16.60,Digital Services,Merchant Non-confirmation,Frustrated,Complete,4,Low,Technical Support,Resolved,2026-05-30T13:22:05,2026-06-02T10:05:22,168,0,1,2,4,No,No,No,Full Refund,16.60,104.19,35.47,No,Valid
PFXC-000939,TXN-0000750,2025-01-30T22:29:27,Chat,Standard,2024-12-11T02:25:27,Bank Transfer,216.51,Retail,Other,Frustrated,Partial,2,Low,Refund Approval,Resolved,2025-01-31T23:12:50,2025-02-06T08:54:02,168,2,1,4,3,No,No,No,Full Refund,216.51,154.41,24.72,No,Valid
PFXC-000940,TXN-0009371,2026-05-29T04:55:43,Web,Standard,2026-04-18T17:19:43,Card Purchase,370.80,Retail,Merchant Non-confirmation,Frustrated,Complete,3,Standard,Fraud Review,Resolved,2026-05-30T00:32:51,2026-06-03T11:25:44,120,2,0,1,3,Yes,Yes,No,Fraud Referral,0.00,126.50,19.62,Yes,Valid
PFXC-000941,TXN-0012243,2025-04-09T06:56:28,Web,Standard,2025-03-25T05:44:28,Direct Debit,115.32,Digital Services,Duplicate Debit,Frustrated,Complete,4,Standard,Payment Operations,Cancelled,2025-04-09T10:06:31,2025-04-13T04:10:49,120,1,1,1,2,No,Yes,No,Duplicate Case,0.00,93.24,3.17,No,Valid
PFXC-000942,TXN-0007509,2025-03-29T05:28:03,Web,Standard,2025-02-02T19:25:03,Direct Debit,134.43,Travel,Delayed Refund,Neutral,Missing,0,Low,Payment Operations,Resolved,2025-03-30T13:07:12,2025-04-03T03:23:04,168,1,1,0,3,No,No,No,Full Refund,134.43,117.92,31.65,No,Valid
PFXC-000943,TXN-0008922,2025-04-28T13:11:53,Call Centre,Standard,2025-02-27T04:17:53,Bank Transfer,27.05,Other,Incorrect Amount,Frustrated,Complete,3,Standard,Fraud Review,Resolved,2025-04-28T18:46:28,2025-05-05T14:29:00,120,3,2,4,2,Yes,Yes,No,Fraud Referral,0.00,169.29,5.58,Yes,Valid
PFXC-000944,TXN-0000728,2026-02-27T17:16:55,Chat,Assisted Digital,2026-01-22T09:36:55,Card Purchase,15.11,Digital Services,Unauthorised Transaction,Distressed,Complete,2,Standard,Fraud Review,Resolved,2026-02-28T06:45:39,2026-03-06T07:49:15,120,1,0,3,4,Yes,No,No,Full Refund,15.11,158.54,13.48,Yes,Valid
PFXC-000945,TXN-0007703,2025-11-16T17:53:26,Mobile,Standard,2025-09-30T14:42:26,Card Purchase,50.64,Utilities,Cash Withdrawal Dispute,Distressed,Partial,2,High,Customer Service,Cancelled,2025-11-16T22:45:58,2025-11-22T13:19:26,72,1,1,2,3,No,No,No,Customer Withdrawn,0.00,139.43,4.88,Yes,Valid
PFXC-000946,TXN-0007962,2025-05-12T00:17:04,Email,Standard,2025-04-08T01:20:04,Card Purchase,53.09,Digital Services,Subscription Dispute,Distressed,Partial,2,Standard,Customer Service,In Investigation,2025-05-12T19:07:10,,120,1,1,2,3,No,No,No,Pending,0.00,,18.84,No,Valid
PFXC-000947,TXN-0005426,2025-02-12T03:09:14,Call Centre,Standard,2025-01-11T10:25:14,Card Purchase,28.33,Digital Services,Duplicate Debit,Neutral,Partial,1,Standard,Payment Operations,Rejected,2025-02-12T16:08:48,2025-02-16T08:26:57,120,1,1,1,2,No,No,No,No Refund,0.00,101.30,12.99,No,Valid
PFXC-000948,TXN-0001051,2025-12-29T07:23:35,Mobile,Standard,2025-11-12T02:42:35,Card Purchase,59.55,Other,Delayed Refund,Frustrated,Partial,1,Standard,Payment Operations,Rejected,2025-12-30T01:27:33,2026-01-03T04:16:05,120,3,0,1,3,No,Yes,No,No Refund,0.00,116.88,18.07,No,Valid
PFXC-000949,TXN-0002212,2026-05-31T11:26:32,Email,Standard,2026-04-28T05:13:32,Bank Transfer,48.61,Utilities,Incorrect Amount,Neutral,Partial,1,Standard,Payment Operations,Resolved,2026-06-01T06:49:56,2026-06-03T19:19:48,120,1,1,2,3,No,No,No,Full Refund,48.61,79.89,19.39,No,Valid
PFXC-000950,TXN-0009891,2025-06-17T09:42:06,Mobile,Vulnerable Support,2025-05-13T18:31:06,Direct Debit,82.61,Retail,Delayed Refund,Frustrated,Complete,4,High,Refund Approval,Resolved,2025-06-17T09:57:06,2025-06-21T04:04:40,72,1,0,2,2,No,No,No,Full Refund,82.61,90.38,0.25,Yes,Valid
PFXC-000951,TXN-0003332,2025-01-15T08:01:53,Call Centre,Assisted Digital,2024-12-27T18:17:53,Card Purchase,222.54,Travel,Duplicate Debit,Frustrated,Partial,2,Low,Fraud Review,Resolved,2025-01-16T12:09:55,2025-01-23T09:37:52,168,2,0,2,4,Yes,No,No,Full Refund,222.54,193.60,28.13,Yes,Valid
PFXC-000952,TXN-0006316,2025-09-03T19:59:44,Chat,Standard,2025-07-11T02:55:44,Card Purchase,26.95,Other,Unauthorised Transaction,Frustrated,Complete,4,High,Customer Service,Rejected,2025-09-04T05:10:59,2025-09-08T19:51:58,72,1,0,3,2,No,Yes,No,No Refund,0.00,119.87,9.19,Yes,Valid
PFXC-000953,TXN-0012307,2026-03-11T02:58:35,Chat,Vulnerable Support,2026-01-12T04:04:35,Card Purchase,10.99,Retail,Delayed Refund,Distressed,Missing,0,Low,Payment Operations,Awaiting Evidence,2026-03-11T18:37:52,,168,1,2,3,4,No,No,No,Pending,0.00,,15.65,No,Valid
PFXC-000954,TXN-0006110,2025-08-10T20:59:15,Web,Standard,2025-07-31T14:41:15,Card Purchase,61.74,Retail,Failed Payment,Distressed,Complete,3,Low,Technical Support,Rejected,2025-08-12T09:10:01,2025-08-14T15:13:58,168,1,1,2,2,No,No,No,No Refund,0.00,90.25,36.18,No,Valid
PFXC-000955,TXN-0003121,2026-02-20T18:19:28,Email,Standard,2026-02-07T20:10:28,Card Purchase,327.71,Travel,Delayed Refund,Frustrated,Missing,0,Standard,Payment Operations,Rejected,2026-02-21T14:58:24,2026-02-28T04:48:32,120,2,1,4,2,No,No,Yes,No Refund,0.00,178.48,20.65,Yes,Valid
PFXC-000956,TXN-0002158,2026-03-03T00:57:33,Mobile,Standard,2026-01-24T05:49:33,Bank Transfer,228.17,Utilities,Cash Withdrawal Dispute,Frustrated,Partial,2,High,Customer Service,In Triage,2026-03-03T10:22:29,,72,0,1,3,3,No,No,No,Pending,0.00,,9.42,No,Valid
PFXC-000957,TXN-0004511,2025-02-22T22:53:44,Mobile,Standard,2025-01-14T05:37:44,Bank Transfer,53.30,Utilities,Failed Payment,Neutral,Complete,3,Standard,Technical Support,Resolved,2025-02-23T19:42:30,2025-02-25T16:48:49,120,1,0,1,3,No,No,No,Full Refund,53.30,65.92,20.81,No,Valid
PFXC-000958,TXN-0006007,2025-11-30T06:05:27,Mobile,Standard,2025-11-27T02:16:27,Card Purchase,58.41,Retail,Merchant Non-confirmation,Frustrated,Partial,2,Standard,Technical Support,Rejected,2025-12-01T06:31:23,2025-12-04T15:25:23,120,0,0,2,0,No,No,No,No Refund,0.00,105.33,24.43,No,Valid
PFXC-000959,TXN-0006066,2025-04-25T07:01:58,Call Centre,Standard,2025-04-02T04:51:58,Bank Transfer,18.45,Subscription,Incorrect Amount,Neutral,Complete,3,Low,Payment Operations,Resolved,2025-04-26T15:19:38,2025-04-30T20:08:47,168,3,0,1,3,No,Yes,No,Full Refund,18.45,133.11,32.29,No,Valid
PFXC-000960,TXN-0011887,2025-08-04T02:49:13,Mobile,Standard,2025-08-02T21:47:13,Wallet Payment,104.09,Travel,Failed Payment,Frustrated,Partial,2,Standard,Refund Approval,Resolved,2025-08-04T18:41:53,2025-08-09T12:21:04,120,3,0,3,0,No,No,Yes,Full Refund,104.09,129.53,15.88,Yes,Valid
PFXC-000961,TXN-0012046,2025-10-22T20:02:21,Web,Assisted Digital,2025-09-05T09:34:21,Card Purchase,51.25,Digital Services,Delayed Refund,Neutral,Complete,4,Low,Payment Operations,Awaiting Evidence,2025-10-23T20:20:40,,168,1,0,1,3,No,No,No,Pending,0.00,,24.31,No,Valid
PFXC-000962,TXN-0005583,2026-02-12T13:46:04,Call Centre,Standard,2025-12-19T18:32:04,Card Purchase,78.29,Retail,Duplicate Debit,Neutral,Complete,4,Standard,Refund Approval,Resolved,2026-02-13T11:50:14,2026-02-16T10:40:19,120,1,1,0,1,No,No,No,Full Refund,78.29,92.90,22.07,No,Valid
PFXC-000963,TXN-0000620,2026-04-20T19:46:15,Call Centre,Assisted Digital,2026-02-27T05:18:15,Bank Transfer,127.87,Subscription,Delayed Refund,Distressed,Partial,1,Standard,Payment Operations,Resolved,2026-04-21T21:16:16,2026-04-25T21:40:57,120,1,1,2,2,No,Yes,Yes,Full Refund,127.87,121.91,25.50,Yes,Valid
PFXC-000964,TXN-0009320,2026-05-14T19:57:36,Web,Standard,2026-05-06T08:48:36,Cash Withdrawal,15.09,Digital Services,Delayed Refund,Neutral,Complete,2,Standard,Payment Operations,Rejected,2026-05-15T09:45:12,2026-05-19T06:27:21,120,2,0,2,2,No,No,No,No Refund,0.00,106.50,13.79,No,Valid
PFXC-000965,TXN-0006470,2026-01-28T03:43:51,Web,Assisted Digital,2025-12-28T00:06:51,Cash Withdrawal,90.97,Subscription,Merchant Non-confirmation,Frustrated,Complete,3,Standard,Fraud Review,Resolved,2026-01-28T10:53:45,2026-02-04T06:21:23,120,2,1,1,2,Yes,No,No,Fraud Referral,0.00,170.63,7.17,Yes,Valid
PFXC-000966,TXN-0005371,2025-10-14T09:22:40,Mobile,Standard,2025-08-17T12:09:40,Card Purchase,38.95,Subscription,Duplicate Debit,Neutral,Complete,3,Standard,Payment Operations,Resolved,2025-10-14T23:07:32,2025-10-17T01:20:06,120,1,1,0,4,No,No,No,Full Refund,38.95,63.96,13.75,No,Valid
PFXC-000967,TXN-0004987,2025-05-23T11:09:18,Mobile,Standard,2025-05-13T22:34:18,Bank Transfer,238.81,Digital Services,Unauthorised Transaction,Frustrated,Complete,3,High,Customer Service,Rejected,2025-05-23T21:50:46,2025-05-30T11:00:03,72,1,0,3,2,No,No,No,No Refund,0.00,167.85,10.69,Yes,Valid
PFXC-000968,TXN-0008781,2025-05-19T22:12:29,Mobile,Standard,2025-05-03T16:56:29,Bank Transfer,134.26,Subscription,Cash Withdrawal Dispute,Frustrated,Missing,0,Standard,Customer Service,Rejected,2025-05-20T20:29:56,2025-05-30T16:18:56,120,2,2,4,3,No,No,Yes,No Refund,0.00,258.11,22.29,Yes,Valid
PFXC-000969,TXN-0008605,2025-07-24T05:38:56,Email,Standard,2025-07-01T11:48:56,Card Purchase,151.95,Digital Services,Duplicate Debit,Frustrated,Partial,1,Low,Fraud Review,Resolved,2025-07-25T08:07:13,2025-07-31T12:50:58,168,3,0,3,2,Yes,Yes,No,Partial Refund,99.90,175.20,26.47,Yes,Valid
PFXC-000970,TXN-0008034,2025-11-21T22:57:18,Mobile,Standard,2025-09-29T12:49:18,Card Purchase,710.58,Utilities,Delayed Refund,Distressed,Partial,2,High,Refund Approval,Resolved,2025-11-22T06:21:10,2025-11-27T22:26:58,72,2,0,4,3,No,Yes,Yes,Partial Refund,336.82,143.49,7.40,Yes,Valid
PFXC-000971,TXN-0010615,2026-01-26T04:00:47,Call Centre,Standard,2025-12-07T04:41:47,Bank Transfer,136.12,Digital Services,Unauthorised Transaction,Frustrated,Missing,0,Standard,Fraud Review,Resolved,2026-01-26T21:34:15,2026-02-05T15:40:14,120,2,1,2,4,Yes,No,Yes,Fraud Referral,0.00,251.66,17.56,Yes,Valid
PFXC-000972,TXN-0010447,2025-09-10T18:07:53,Mobile,Standard,2025-08-21T10:45:53,Card Purchase,72.46,Utilities,Subscription Dispute,Frustrated,Partial,1,Standard,Refund Approval,Resolved,2025-09-11T14:05:25,2025-09-17T23:13:11,120,3,2,3,3,No,Yes,No,Full Refund,72.46,173.09,19.96,Yes,Valid
PFXC-000973,TXN-0002386,2025-11-19T09:00:50,Chat,Standard,2025-10-07T20:57:50,Card Purchase,71.37,Digital Services,Failed Payment,Frustrated,Partial,1,Standard,Refund Approval,Resolved,2025-11-20T02:41:26,2025-11-23T03:03:51,120,2,0,1,2,No,Yes,No,Full Refund,71.37,90.05,17.68,No,Valid
PFXC-000974,TXN-0004439,2025-02-23T16:53:07,Web,Assisted Digital,2024-12-25T03:06:07,Bank Transfer,13.28,Other,Cash Withdrawal Dispute,Distressed,Partial,2,High,Customer Service,Awaiting Evidence,2025-02-24T07:05:57,,72,2,0,2,5,No,Yes,No,Pending,0.00,,14.21,No,Valid
PFXC-000975,TXN-0009948,2025-08-10T09:24:08,Mobile,Standard,2025-08-09T00:42:08,Cash Withdrawal,536.84,Cash Withdrawal,Delayed Refund,Frustrated,Partial,2,Standard,Refund Approval,Resolved,2025-08-10T17:53:03,2025-08-16T08:26:27,120,2,1,3,3,No,No,No,Full Refund,536.84,143.04,8.48,Yes,Valid
PFXC-000976,TXN-0007363,2025-11-13T21:52:57,Web,Standard,2025-11-11T00:10:57,Bank Transfer,64.09,Digital Services,Unauthorised Transaction,Frustrated,Partial,2,Standard,Customer Service,Rejected,2025-11-14T17:24:54,2025-11-21T15:15:21,120,3,2,5,4,No,No,No,No Refund,0.00,185.37,19.53,Yes,Valid
PFXC-000977,TXN-0003229,2025-04-14T11:31:52,Call Centre,Standard,2025-03-06T13:18:52,Card Purchase,103.40,Retail,Other,Neutral,Complete,2,Standard,Customer Service,Resolved,2025-04-15T14:34:10,2025-04-18T15:25:21,120,0,0,1,2,No,No,No,Partial Refund,32.53,99.89,27.04,No,Valid
PFXC-000978,TXN-0010042,2025-09-08T04:34:01,Mobile,Standard,2025-08-27T17:28:01,Card Purchase,123.37,Retail,Subscription Dispute,Frustrated,Partial,2,Standard,Customer Service,Cancelled,2025-09-09T06:06:48,2025-09-13T18:46:43,120,2,2,3,2,No,Yes,Yes,Customer Withdrawn,0.00,134.21,25.55,Yes,Valid
PFXC-000979,TXN-0002968,2026-04-06T02:16:11,Mobile,Vulnerable Support,2026-03-12T19:50:11,Direct Debit,42.83,Retail,Duplicate Debit,Frustrated,Partial,1,Low,Payment Operations,In Triage,2026-04-07T02:14:38,,168,1,1,3,3,No,No,No,Pending,0.00,,23.97,No,Valid
PFXC-000980,TXN-0002285,2026-06-14T13:58:42,Web,Standard,2026-05-05T03:27:42,Bank Transfer,27.62,Digital Services,Other,Frustrated,Complete,3,Standard,Customer Service,Awaiting Evidence,2026-06-15T06:54:26,,120,2,0,2,2,No,No,No,Pending,0.00,,16.93,No,Valid
PFXC-000981,TXN-0011325,2026-04-15T16:07:32,Mobile,Standard,2026-03-27T00:18:32,Cash Withdrawal,25.18,Utilities,Incorrect Amount,Frustrated,Complete,4,Standard,Payment Operations,Resolved,2026-04-16T13:13:29,2026-04-17T06:02:27,120,1,0,0,1,No,No,No,Full Refund,25.18,37.92,21.10,No,Valid
PFXC-000982,TXN-0001848,2025-05-08T01:13:15,Call Centre,Standard,2025-04-12T10:28:15,Wallet Payment,122.18,Travel,Merchant Non-confirmation,Frustrated,Complete,3,Standard,Technical Support,In Triage,2025-05-08T23:50:14,,120,1,1,1,2,No,No,Yes,Pending,0.00,,22.62,No,Valid
PFXC-000983,TXN-0010964,2026-05-11T21:41:26,Web,Assisted Digital,2026-04-15T23:55:26,Bank Transfer,75.31,Retail,Failed Payment,Distressed,Missing,0,Standard,Technical Support,Rejected,2026-05-13T01:19:17,2026-05-16T23:02:46,120,1,2,2,3,No,Yes,No,No Refund,0.00,121.36,27.63,Yes,Valid
PFXC-000984,TXN-0011813,2026-04-17T08:10:19,Call Centre,Standard,2026-04-01T23:09:19,Direct Debit,10.94,Cash Withdrawal,Other,Neutral,Complete,4,Standard,Customer Service,In Investigation,2026-04-17T22:12:54,,120,2,1,3,3,No,No,No,Pending,0.00,,14.04,No,Valid
PFXC-000985,TXN-0011988,2025-07-04T13:49:19,Web,Assisted Digital,2025-05-30T09:34:19,Bank Transfer,19.71,Other,Unauthorised Transaction,Frustrated,Partial,2,Standard,Customer Service,Pending Approval,2025-07-05T08:12:41,,120,2,2,2,4,No,Yes,No,Pending,0.00,,18.39,No,Valid
PFXC-000986,TXN-0002665,2025-04-14T19:39:56,Web,Standard,2025-04-11T03:04:56,Direct Debit,154.45,Utilities,Duplicate Debit,Frustrated,Missing,0,Low,Fraud Review,Resolved,2025-04-16T01:54:11,2025-04-21T14:36:13,168,2,0,1,3,Yes,Yes,No,Full Refund,154.45,162.94,30.24,No,Valid
PFXC-000987,TXN-0004934,2025-06-01T18:23:38,Web,Standard,2025-04-21T22:39:38,Cash Withdrawal,83.46,Utilities,Unauthorised Transaction,Frustrated,Partial,2,Standard,Customer Service,Rejected,2025-06-02T11:48:24,2025-06-06T20:53:18,120,2,0,3,1,No,Yes,No,No Refund,0.00,122.49,17.41,Yes,Valid
PFXC-000988,TXN-0007984,2025-02-07T09:31:42,Mobile,Standard,2025-01-22T10:32:42,Direct Debit,144.97,Retail,Delayed Refund,Neutral,Complete,2,Standard,Payment Operations,Resolved,2025-02-08T07:17:36,2025-02-11T08:05:44,120,1,1,1,1,No,No,No,Full Refund,144.97,94.57,21.77,No,Valid
PFXC-000989,TXN-0000040,2026-06-29T21:27:24,Web,Standard,2026-05-30T03:43:24,Card Purchase,211.66,Retail,Failed Payment,Frustrated,Complete,4,Standard,Technical Support,Rejected,2026-06-30T07:48:55,2026-07-03T05:46:41,120,3,1,4,2,No,No,Yes,No Refund,0.00,80.32,10.36,No,Valid
PFXC-000990,TXN-0010712,2025-08-30T09:05:21,Chat,Standard,2025-07-29T12:34:21,Direct Debit,62.22,Other,Merchant Non-confirmation,Frustrated,Partial,1,Low,Technical Support,Rejected,2025-08-31T08:51:10,2025-09-05T17:03:31,168,1,1,2,2,No,No,No,No Refund,0.00,151.97,23.76,No,Valid
PFXC-000991,TXN-0011852,2026-01-22T04:25:04,Web,Assisted Digital,2026-01-20T18:40:04,Card Purchase,19.64,Travel,Merchant Non-confirmation,Frustrated,Missing,0,Standard,Technical Support,In Investigation,2026-01-22T18:14:31,,120,1,1,2,5,No,No,No,Pending,0.00,,13.82,No,Valid
PFXC-000992,TXN-0000944,2025-08-22T19:13:28,Call Centre,Standard,2025-08-02T17:48:28,Card Purchase,25.21,Subscription,Unauthorised Transaction,Neutral,Complete,4,Low,Fraud Review,Resolved,2025-08-23T21:37:07,2025-08-29T09:10:52,168,2,0,2,2,Yes,No,No,Fraud Referral,0.00,157.96,26.39,No,Valid
PFXC-000993,TXN-0007021,2025-07-04T13:29:00,Web,Standard,2025-05-19T17:00:00,Card Purchase,117.62,Retail,Delayed Refund,Neutral,Complete,3,Low,Fraud Review,Resolved,2025-07-05T20:45:59,2025-07-09T13:49:10,168,2,0,1,3,Yes,No,No,Full Refund,117.62,120.34,31.28,No,Valid
PFXC-000994,TXN-0012054,2025-06-29T17:05:37,Mobile,Standard,2025-05-29T22:11:37,Direct Debit,176.31,Cash Withdrawal,Delayed Refund,Frustrated,Partial,1,Standard,Payment Operations,Rejected,2025-06-30T01:52:18,2025-07-07T01:16:29,120,1,1,4,2,No,No,No,No Refund,0.00,176.18,8.78,Yes,Valid
PFXC-000995,TXN-0008214,2026-03-24T04:04:47,Mobile,Standard,2026-03-03T20:56:47,Card Purchase,179.58,Digital Services,Delayed Refund,Frustrated,Partial,2,Standard,Complaints,Resolved,2026-03-24T21:24:18,2026-03-29T07:39:31,120,2,0,3,3,No,Yes,Yes,Partial Refund,136.65,123.58,17.33,Yes,Valid
PFXC-000996,TXN-0007475,2026-04-09T07:13:10,Call Centre,Standard,2026-03-06T07:10:10,Card Purchase,81.62,Retail,Duplicate Debit,Distressed,Complete,4,Standard,Payment Operations,Rejected,2026-04-09T23:26:26,2026-04-13T22:41:08,120,0,1,2,3,No,No,Yes,No Refund,0.00,111.47,16.22,No,Valid
PFXC-000997,TXN-0007726,2025-07-22T17:39:56,Mobile,Standard,2025-06-10T05:52:56,Card Purchase,253.75,Retail,Unauthorised Transaction,Neutral,Complete,2,Standard,Customer Service,Resolved,2025-07-23T11:37:34,2025-07-27T16:28:13,120,1,1,1,2,No,No,No,Fraud Referral,0.00,118.80,17.96,No,Valid
PFXC-000998,TXN-0011221,2025-08-15T12:07:56,Mobile,Standard,2025-08-11T16:34:56,Bank Transfer,130.14,Travel,Subscription Dispute,Neutral,Complete,4,Low,Customer Service,Rejected,2025-08-16T13:06:45,2025-08-20T07:20:18,168,1,0,1,3,No,No,No,No Refund,0.00,115.21,24.98,No,Valid
PFXC-000999,TXN-0002563,2025-02-25T05:55:20,Web,Standard,2025-02-13T08:45:20,Card Purchase,42.78,Retail,Merchant Non-confirmation,Frustrated,Partial,1,Standard,Technical Support,Resolved,2025-02-25T19:30:30,2025-03-01T22:07:58,120,1,1,1,3,No,No,No,Full Refund,42.78,112.21,13.59,No,Valid
PFXC-001000,TXN-0003729,2025-07-30T19:42:07,Mobile,Vulnerable Support,2025-07-09T03:45:07,Card Purchase,95.18,Retail,Delayed Refund,Distressed,Complete,3,Standard,Fraud Review,Resolved,2025-07-31T13:47:49,2025-08-05T04:25:16,120,3,0,5,5,Yes,No,No,Fraud Referral,0.00,128.72,18.10,Yes,Valid
PFXC-001001,TXN-0000735,2025-08-02T19:35:30,Mobile,Standard,2025-06-07T06:00:30,Direct Debit,85.37,Cash Withdrawal,Merchant Non-confirmation,Frustrated,Complete,3,Low,Technical Support,Awaiting Evidence,2025-08-04T05:16:55,,168,3,0,3,3,No,No,No,Pending,0.00,,33.69,No,Valid
PFXC-001002,TXN-0007126,2025-10-17T19:11:51,Web,Assisted Digital,2025-09-20T08:22:51,Card Purchase,50.31,Retail,Incorrect Amount,Frustrated,Complete,2,Standard,Payment Operations,Resolved,2025-10-18T04:41:50,2025-10-19T23:09:48,120,2,0,2,1,No,No,No,Partial Refund,21.17,51.97,9.50,No,Valid
PFXC-001003,TXN-0000166,2026-06-15T13:22:21,Mobile,Standard,2026-05-23T09:10:21,Card Purchase,1531.89,Other,Merchant Non-confirmation,Frustrated,Complete,3,Standard,Fraud Review,Resolved,2026-06-16T11:40:39,2026-06-21T17:16:50,120,1,1,3,2,Yes,Yes,No,Partial Refund,674.67,147.91,22.31,Yes,Valid
PFXC-001004,TXN-0002136,2026-04-14T19:08:55,Web,Standard,2026-03-08T09:42:55,Wallet Payment,28.02,Other,Subscription Dispute,Distressed,Partial,1,Standard,Customer Service,Resolved,2026-04-15T12:34:22,2026-04-19T16:29:22,120,0,1,2,5,No,No,No,Full Refund,28.02,117.34,17.42,No,Valid
PFXC-001005,TXN-0008978,2025-09-19T14:06:23,Mobile,Standard,2025-09-03T06:02:23,Card Purchase,61.20,Utilities,Incorrect Amount,Neutral,Complete,3,Standard,Payment Operations,In Investigation,2025-09-20T08:34:28,,120,2,0,1,3,No,No,No,Pending,0.00,,18.47,No,Valid
PFXC-001006,TXN-0006753,2025-11-02T09:56:52,Web,Assisted Digital,2025-09-15T03:26:52,Bank Transfer,46.10,Digital Services,Subscription Dispute,Distressed,Partial,2,Standard,Customer Service,Rejected,2025-11-03T03:38:37,2025-11-09T10:52:32,120,2,1,4,2,No,No,No,No Refund,0.00,168.93,17.70,Yes,Valid
PFXC-001007,TXN-0006576,2025-05-19T21:37:52,Web,Assisted Digital,2025-04-10T05:42:52,Wallet Payment,47.78,Utilities,Duplicate Debit,Distressed,Complete,3,Low,Payment Operations,Rejected,2025-05-21T07:27:41,2025-05-23T07:11:34,168,0,0,2,3,No,No,No,No Refund,0.00,81.56,33.83,No,Valid
PFXC-001008,TXN-0003730,2025-09-30T12:23:52,Call Centre,Standard,2025-08-08T08:02:52,Card Purchase,364.26,Subscription,Subscription Dispute,Frustrated,Partial,2,Standard,Customer Service,Resolved,2025-10-01T02:45:22,2025-10-06T21:35:36,120,3,1,3,3,No,No,Yes,Partial Refund,223.23,153.20,14.36,Yes,Valid
PFXC-001009,TXN-0005821,2026-05-12T22:51:01,Chat,Standard,2026-04-21T08:01:01,Cash Withdrawal,64.94,Utilities,Delayed Refund,Frustrated,Complete,2,Standard,Refund Approval,Resolved,2026-05-13T18:29:00,2026-05-16T10:38:13,120,2,1,2,2,No,Yes,No,Full Refund,64.94,83.79,19.63,No,Valid
PFXC-001010,TXN-0009727,2025-06-05T16:27:08,Mobile,Standard,2025-05-01T21:38:08,Card Purchase,14.36,Retail,Delayed Refund,Neutral,Complete,3,Standard,Payment Operations,Resolved,2025-06-06T09:59:06,2025-06-11T00:32:37,120,3,0,1,4,No,Yes,No,Full Refund,14.36,128.09,17.53,Yes,Valid
PFXC-001011,TXN-0009820,2025-10-27T09:36:16,Mobile,Assisted Digital,2025-08-27T12:04:16,Card Purchase,2500.00,Subscription,Delayed Refund,Frustrated,Complete,3,High,Payment Operations,Resolved,2025-10-27T18:25:22,2025-10-30T20:55:25,72,3,0,3,3,No,Yes,No,Full Refund,2500.00,83.32,8.82,Yes,Valid
PFXC-001012,TXN-0009477,2025-08-03T12:46:35,Email,Standard,2025-06-19T06:02:35,Direct Debit,53.63,Subscription,Delayed Refund,Frustrated,Partial,2,Low,Refund Approval,Resolved,2025-08-05T01:09:56,2025-08-08T01:02:15,168,2,2,3,2,No,No,No,Full Refund,53.63,108.26,36.39,No,Valid
PFXC-001013,TXN-0009282,2026-02-14T06:15:33,Mobile,Assisted Digital,2026-01-30T12:18:33,Card Purchase,56.58,Digital Services,Delayed Refund,Distressed,Partial,1,Standard,Payment Operations,Rejected,2026-02-15T02:57:43,2026-02-20T03:45:26,120,2,1,4,1,No,Yes,No,No Refund,0.00,141.50,20.70,Yes,Valid
PFXC-001014,TXN-0011349,2025-10-30T06:35:30,Mobile,Assisted Digital,2025-10-26T02:46:30,Bank Transfer,61.03,Retail,Merchant Non-confirmation,Frustrated,Partial,1,Standard,Technical Support,Resolved,2025-10-30T21:54:54,2025-11-04T11:24:06,120,1,0,2,4,No,No,No,Partial Refund,47.07,124.81,15.32,Yes,Valid
PFXC-001015,TXN-0000273,2025-07-29T19:27:00,Email,Standard,2025-07-27T08:40:00,Card Purchase,81.92,Subscription,Duplicate Debit,Distressed,Partial,2,Low,Payment Operations,Rejected,2025-07-30T23:06:48,2025-08-04T11:57:39,168,2,0,3,3,No,No,No,No Refund,0.00,136.51,27.66,No,Valid
PFXC-001016,TXN-0000954,2025-06-14T08:52:37,Mobile,Standard,2025-05-09T14:48:37,Card Purchase,39.26,Retail,Incorrect Amount,Neutral,Complete,3,Standard,Refund Approval,Resolved,2025-06-15T02:51:21,2025-06-17T12:36:42,120,1,0,1,4,No,Yes,No,Full Refund,39.26,75.73,17.98,No,Valid
PFXC-001017,TXN-0004083,2026-04-05T07:31:08,Email,Vulnerable Support,2026-03-06T12:57:08,Direct Debit,22.17,Utilities,Merchant Non-confirmation,Frustrated,Complete,2,Standard,Fraud Review,Rejected,2026-04-06T03:03:09,2026-04-13T11:34:23,120,2,0,2,4,Yes,No,Yes,No Refund,0.00,196.05,19.53,Yes,Valid
PFXC-001018,TXN-0005979,2025-01-15T12:23:00,Email,Standard,2024-12-27T18:58:00,Card Purchase,35.66,Retail,Duplicate Debit,Positive,Partial,1,Standard,Payment Operations,Rejected,2025-01-16T10:11:44,2025-01-19T16:36:30,120,3,0,1,2,No,Yes,No,No Refund,0.00,100.23,21.81,No,Valid
PFXC-001019,TXN-0003088,2026-02-23T19:00:42,Call Centre,Standard,2026-02-19T08:56:42,Bank Transfer,21.94,Utilities,Failed Payment,Neutral,Partial,2,Standard,Technical Support,Rejected,2026-02-24T15:22:48,2026-02-25T08:44:17,120,1,0,1,2,No,No,No,No Refund,0.00,37.73,20.37,No,Valid
PFXC-001020,TXN-0011362,2026-01-14T07:33:51,Call Centre,Standard,2025-12-08T18:29:51,Direct Debit,64.58,Travel,Delayed Refund,Neutral,Complete,3,Standard,Payment Operations,Resolved,2026-01-15T07:40:15,2026-01-17T08:46:03,120,1,0,1,2,No,No,No,Full Refund,64.58,73.20,24.11,No,Valid
PFXC-001021,TXN-0012141,2025-10-24T21:30:04,Call Centre,Standard,2025-08-31T03:45:04,Card Purchase,83.06,Digital Services,Unauthorised Transaction,Frustrated,Complete,4,Low,Fraud Review,In Investigation,2025-10-25T23:49:59,,168,3,0,3,2,Yes,No,No,Pending,0.00,,26.33,No,Valid
PFXC-001022,TXN-0004299,2025-07-14T02:53:09,Mobile,Standard,2025-06-23T22:55:09,Bank Transfer,67.18,Cash Withdrawal,Duplicate Debit,Neutral,Complete,4,Low,Refund Approval,Resolved,2025-07-15T04:43:34,2025-07-16T07:20:49,168,2,0,1,4,No,Yes,No,Full Refund,67.18,52.46,25.84,No,Valid
PFXC-001023,TXN-0002093,2025-06-16T08:01:34,Call Centre,Standard,2025-04-17T14:20:34,Card Purchase,6.09,Digital Services,Failed Payment,Frustrated,Missing,0,Low,Technical Support,Rejected,2025-06-17T07:24:42,2025-06-22T21:16:52,168,2,2,3,1,No,No,No,No Refund,0.00,157.26,23.39,No,Valid
PFXC-001024,TXN-0002275,2025-12-19T22:49:35,Mobile,Assisted Digital,2025-11-14T01:07:35,Wallet Payment,92.49,Subscription,Subscription Dispute,Distressed,Partial,1,Standard,Customer Service,Rejected,2025-12-20T14:06:33,2025-12-26T05:43:16,120,1,1,3,2,No,No,No,No Refund,0.00,150.89,15.28,Yes,Valid
PFXC-001025,TXN-0002403,2026-02-02T08:49:42,Chat,Standard,2026-01-14T18:48:42,Card Purchase,40.58,Utilities,Duplicate Debit,Frustrated,Complete,2,Standard,Payment Operations,Resolved,2026-02-02T18:57:29,2026-02-07T07:50:34,120,2,1,2,5,No,No,No,Full Refund,40.58,119.01,10.13,No,Valid
PFXC-001026,TXN-0009879,2026-04-14T14:50:39,Chat,Vulnerable Support,2026-03-07T04:44:39,Card Purchase,23.82,Other,Merchant Non-confirmation,Distressed,Partial,1,High,Refund Approval,Resolved,2026-04-14T20:20:55,2026-04-20T14:17:11,72,1,1,3,3,No,No,No,Partial Refund,16.75,143.44,5.50,Yes,Valid
PFXC-001027,TXN-0008835,2025-04-03T08:05:54,Web,Standard,2025-02-25T10:46:54,Direct Debit,149.80,Retail,Merchant Non-confirmation,Frustrated,Complete,4,Standard,Technical Support,Rejected,2025-04-04T02:26:30,2025-04-07T14:41:24,120,2,0,2,3,No,No,No,No Refund,0.00,102.59,18.34,No,Valid
PFXC-001028,TXN-0004323,2025-08-16T10:34:45,Call Centre,Standard,2025-07-26T02:00:45,Wallet Payment,102.25,Utilities,Delayed Refund,Neutral,Partial,1,Standard,Payment Operations,In Triage,2025-08-16T18:34:08,,120,0,0,0,2,No,No,No,Pending,0.00,,7.99,No,Valid
PFXC-001029,TXN-0001447,2025-03-20T03:11:15,Mobile,Standard,2025-02-17T10:50:15,Card Purchase,33.50,Retail,Failed Payment,Neutral,Partial,2,Standard,Technical Support,Rejected,2025-03-20T21:25:18,2025-03-24T04:04:25,120,1,1,1,2,No,No,No,No Refund,0.00,96.89,18.23,No,Valid
PFXC-001030,TXN-0007764,2025-12-07T01:00:23,Call Centre,Standard,2025-10-23T00:00:23,Card Purchase,131.38,Utilities,Unauthorised Transaction,Frustrated,Complete,2,Standard,Customer Service,Resolved,2025-12-07T22:58:53,2025-12-11T21:27:25,120,2,1,2,1,No,No,No,Fraud Referral,0.00,116.45,21.98,No,Valid
PFXC-001031,TXN-0005633,2025-02-17T14:13:17,Mobile,Standard,2025-01-29T03:48:17,Direct Debit,76.82,Other,Delayed Refund,Neutral,Complete,2,Standard,Payment Operations,Pending Approval,2025-02-18T04:50:29,,120,2,0,2,3,No,No,Yes,Pending,0.00,,14.62,No,Valid
PFXC-001032,TXN-0009767,2025-11-25T08:52:06,Mobile,Standard,2025-09-29T02:05:06,Card Purchase,40.50,Travel,Merchant Non-confirmation,Frustrated,Partial,2,Standard,Technical Support,Rejected,2025-11-26T09:54:05,2025-12-02T00:04:16,120,2,2,4,2,No,Yes,No,No Refund,0.00,159.20,25.03,Yes,Valid
PFXC-001033,TXN-0007435,2025-04-17T03:02:36,Mobile,Standard,2025-03-18T23:42:36,Bank Transfer,191.79,Digital Services,Merchant Non-confirmation,Neutral,Complete,4,Standard,Technical Support,Resolved,2025-04-17T22:49:30,2025-04-21T17:04:53,120,3,1,2,3,No,No,No,Full Refund,191.79,110.04,19.78,No,Valid
PFXC-001034,TXN-0004629,2026-02-05T11:42:06,Web,Standard,2026-01-26T04:52:06,Card Purchase,13.94,Retail,Duplicate Debit,Neutral,Partial,2,Standard,Payment Operations,Resolved,2026-02-06T02:09:05,2026-02-08T21:56:29,120,2,0,3,1,No,No,No,Full Refund,13.94,82.24,14.45,No,Valid
PFXC-001035,TXN-0003967,2026-03-09T02:51:01,Call Centre,Standard,2026-02-22T19:21:01,Direct Debit,178.25,Subscription,Cash Withdrawal Dispute,Frustrated,Partial,1,Standard,Customer Service,Resolved,2026-03-09T17:14:28,2026-03-15T05:00:24,120,0,1,2,3,No,Yes,Yes,Full Refund,178.25,146.16,14.39,Yes,Valid
PFXC-001036,TXN-0010495,2025-11-25T23:42:30,Web,Standard,2025-11-07T01:01:30,Direct Debit,394.20,Subscription,Merchant Non-confirmation,Frustrated,Complete,4,Standard,Fraud Review,Resolved,2025-11-26T15:01:25,2025-12-03T00:54:37,120,3,0,2,4,Yes,Yes,No,Full Refund,394.20,169.20,15.32,Yes,Valid
PFXC-001037,TXN-0001380,2025-11-30T03:15:45,Web,Standard,2025-11-23T20:25:45,Direct Debit,133.03,Retail,Unauthorised Transaction,Frustrated,Complete,4,Standard,Fraud Review,Resolved,2025-12-01T01:36:26,2025-12-09T14:32:32,120,3,0,5,5,Yes,Yes,No,Partial Refund,74.54,227.28,22.34,Yes,Valid
PFXC-001038,TXN-0000731,2025-01-16T14:39:10,Web,Standard,2025-01-05T21:37:10,Card Purchase,77.13,Subscription,Incorrect Amount,Neutral,Complete,3,Standard,Payment Operations,Resolved,2025-01-17T10:26:25,2025-01-18T21:06:59,120,1,1,1,1,No,No,No,Full Refund,77.13,54.46,19.79,No,Valid
PFXC-001039,TXN-0009944,2025-03-01T22:02:52,Web,Standard,2025-02-14T06:26:52,Direct Debit,7.00,Other,Other,Frustrated,Complete,2,Standard,Customer Service,Rejected,2025-03-02T12:37:44,2025-03-06T15:16:17,120,1,2,1,2,No,No,No,No Refund,0.00,113.22,14.58,No,Valid
PFXC-001040,TXN-0011108,2025-05-04T14:02:57,Web,Standard,2025-03-05T21:35:57,Bank Transfer,23.05,Digital Services,Failed Payment,Frustrated,Complete,3,Standard,Technical Support,Resolved,2025-05-05T13:56:14,2025-05-06T18:06:25,120,2,0,1,1,No,No,No,Partial Refund,8.01,52.06,23.89,No,Valid
PFXC-001041,TXN-0003413,2025-03-04T21:40:50,Mobile,Standard,2025-01-10T20:11:50,Card Purchase,32.31,Cash Withdrawal,Incorrect Amount,Distressed,Missing,0,Standard,Fraud Review,Resolved,2025-03-05T12:01:49,2025-03-13T02:45:04,120,3,2,5,3,Yes,No,Yes,Fraud Referral,0.00,197.07,14.35,Yes,Valid
PFXC-001042,TXN-0001324,2026-06-06T09:57:50,Email,Standard,2026-04-08T20:52:50,Card Purchase,38.37,Utilities,Delayed Refund,Neutral,Complete,3,Standard,Payment Operations,Rejected,2026-06-07T02:17:36,2026-06-10T23:06:01,120,3,0,0,2,No,No,No,No Refund,0.00,109.14,16.33,No,Valid
PFXC-001043,TXN-0009398,2025-09-04T05:44:58,Email,Assisted Digital,2025-08-02T05:14:58,Direct Debit,406.42,Retail,Delayed Refund,Neutral,Complete,4,Low,Payment Operations,Resolved,2025-09-05T13:37:13,2025-09-08T13:27:12,168,3,0,1,2,No,No,No,Full Refund,406.42,103.70,31.87,No,Valid
PFXC-001044,TXN-0006627,2026-01-04T22:44:27,Web,Standard,2025-11-16T18:23:27,Card Purchase,90.00,Retail,Other,Frustrated,Complete,3,Low,Customer Service,Resolved,2026-01-06T01:45:58,2026-01-07T09:53:03,168,0,0,0,3,No,No,No,Full Refund,90.00,59.14,27.03,No,Valid
PFXC-001045,TXN-0000464,2026-04-09T15:43:28,Call Centre,Assisted Digital,2026-02-25T17:36:28,Card Purchase,141.46,Subscription,Subscription Dispute,Frustrated,Partial,2,Standard,Customer Service,Resolved,2026-04-10T12:19:56,2026-04-14T16:40:54,120,0,1,2,3,No,Yes,No,Partial Refund,99.99,120.96,20.61,Yes,Valid
PFXC-001046,TXN-0001499,2025-01-26T14:28:54,Call Centre,Standard,2025-01-10T11:00:54,Card Purchase,19.42,Retail,Subscription Dispute,Frustrated,Complete,3,Standard,Refund Approval,Resolved,2025-01-27T10:13:05,2025-01-31T23:03:46,120,1,1,3,4,No,No,Yes,Full Refund,19.42,128.58,19.74,Yes,Valid
PFXC-001047,TXN-0012465,2025-06-23T15:22:37,Call Centre,Vulnerable Support,2025-04-26T07:46:37,Wallet Payment,54.27,Digital Services,Delayed Refund,Neutral,Complete,3,Low,Payment Operations,Resolved,2025-06-24T11:13:06,2025-06-27T02:22:44,168,0,1,1,2,No,No,No,Full Refund,54.27,83.00,19.84,No,Valid
PFXC-001048,TXN-0010084,2025-02-14T19:12:46,Call Centre,Standard,2025-01-23T23:03:46,Card Purchase,38.36,Subscription,Failed Payment,Neutral,Partial,2,Standard,Refund Approval,Resolved,2025-02-15T12:28:32,2025-02-18T03:06:31,120,1,1,1,1,No,No,No,Full Refund,38.36,79.90,17.26,No,Valid
PFXC-001049,TXN-0006895,2025-06-30T17:38:49,Chat,Standard,2025-05-12T18:28:49,Card Purchase,98.49,Digital Services,Failed Payment,Neutral,Partial,2,Low,Technical Support,Resolved,2025-07-01T16:33:10,2025-07-03T19:20:12,168,1,0,0,1,No,No,No,Full Refund,98.49,73.69,22.91,No,Valid
PFXC-001050,TXN-0006773,2025-12-09T09:25:27,Mobile,Standard,2025-10-11T04:29:27,Bank Transfer,114.60,Retail,Incorrect Amount,Distressed,Partial,2,Standard,Payment Operations,In Investigation,2025-12-10T04:09:56,,120,1,1,2,2,No,No,No,Pending,0.00,,18.74,No,Valid
PFXC-001051,TXN-0001647,2026-01-25T08:54:14,Web,Standard,2026-01-22T12:47:14,Card Purchase,231.63,Other,Duplicate Debit,Frustrated,Complete,4,Standard,Payment Operations,Resolved,2026-01-26T07:40:28,2026-01-30T03:59:46,120,2,1,3,3,No,No,No,Full Refund,231.63,115.09,22.77,No,Valid
PFXC-001052,TXN-0000032,2025-12-01T23:13:23,Web,Standard,2025-10-07T17:24:23,Card Purchase,46.06,Retail,Unauthorised Transaction,Frustrated,Partial,1,High,Customer Service,Rejected,2025-12-02T00:28:22,2025-12-08T05:19:09,72,1,0,2,3,No,Yes,No,No Refund,0.00,150.10,1.25,Yes,Valid
PFXC-001053,TXN-0009275,2026-05-09T06:55:21,Web,Assisted Digital,2026-05-05T16:36:21,Card Purchase,257.03,Subscription,Delayed Refund,Neutral,Complete,2,Standard,Refund Approval,Resolved,2026-05-09T23:10:07,2026-05-13T08:08:37,120,0,0,1,2,No,No,No,Full Refund,257.03,97.22,16.25,No,Valid
PFXC-001054,TXN-0005824,2025-10-11T14:36:24,Web,Standard,2025-09-02T13:24:24,Card Purchase,37.80,Retail,Cash Withdrawal Dispute,Distressed,Complete,2,High,Customer Service,Rejected,2025-10-11T17:03:37,2025-10-15T22:08:35,72,0,0,2,2,No,Yes,No,No Refund,0.00,103.54,2.45,Yes,Valid
PFXC-001055,TXN-0004745,2025-11-14T13:25:10,Mobile,Standard,2025-10-05T05:20:10,Card Purchase,54.26,Other,Cash Withdrawal Dispute,Frustrated,Complete,4,Standard,Customer Service,Rejected,2025-11-15T06:59:02,2025-11-19T14:20:24,120,0,1,4,4,No,No,No,No Refund,0.00,120.92,17.56,Yes,Valid
PFXC-001056,TXN-0002375,2025-11-10T19:24:57,Mobile,Standard,2025-10-25T16:41:57,Card Purchase,94.14,Subscription,Cash Withdrawal Dispute,Frustrated,Missing,0,Standard,Customer Service,Resolved,2025-11-11T22:37:10,2025-11-20T23:21:37,120,2,1,5,3,No,No,Yes,Partial Refund,49.81,243.94,27.20,Yes,Valid
PFXC-001057,TXN-0007813,2026-04-01T11:30:45,Web,Standard,2026-03-03T10:11:45,Card Purchase,98.48,Other,Unauthorised Transaction,Frustrated,Partial,1,Standard,Customer Service,Resolved,2026-04-02T04:29:26,2026-04-07T04:29:22,120,2,0,2,1,No,Yes,Yes,Full Refund,98.48,136.98,16.98,Yes,Valid
PFXC-001058,TXN-0011765,2025-11-10T19:30:09,Mobile,Standard,2025-10-02T13:27:09,Card Purchase,79.72,Utilities,Unauthorised Transaction,Frustrated,Complete,3,Standard,Fraud Review,Resolved,2025-11-11T10:05:11,2025-11-18T08:42:44,120,3,0,3,4,Yes,Yes,No,Full Refund,79.72,181.21,14.58,Yes,Valid
PFXC-001059,TXN-0008007,2025-12-11T18:21:39,Chat,Standard,2025-11-01T12:08:39,Direct Debit,79.59,Travel,Incorrect Amount,Frustrated,Partial,1,Standard,Payment Operations,Resolved,2025-12-12T09:21:40,2025-12-16T12:53:11,120,0,0,2,0,No,No,No,Full Refund,79.59,114.53,15.00,No,Valid
PFXC-001060,TXN-0005802,2025-03-20T14:38:46,Mobile,Standard,2025-03-14T08:39:46,Bank Transfer,145.74,Other,Unauthorised Transaction,Frustrated,Complete,2,High,Customer Service,In Triage,2025-03-20T23:12:17,,72,2,1,3,2,No,Yes,No,Pending,0.00,,8.56,No,Valid
PFXC-001061,TXN-0001964,2026-04-15T22:23:14,Mobile,Standard,2026-04-13T22:52:14,Card Purchase,26.46,Retail,Cash Withdrawal Dispute,Neutral,Complete,4,Standard,Customer Service,In Investigation,2026-04-16T15:20:41,,120,2,1,1,3,No,No,No,Pending,0.00,,16.96,No,Valid
PFXC-001062,TXN-0008394,2025-01-18T02:57:32,Web,Standard,2025-01-13T08:11:32,Bank Transfer,82.61,Retail,Other,Neutral,Complete,4,Standard,Customer Service,Rejected,2025-01-18T14:35:59,2025-01-22T15:08:47,120,1,0,1,3,No,No,No,No Refund,0.00,108.19,11.64,No,Valid
PFXC-001063,TXN-0005729,2026-06-09T00:42:12,Chat,Vulnerable Support,2026-04-20T18:40:12,Card Purchase,220.65,Other,Unauthorised Transaction,Distressed,Missing,0,Urgent,Customer Service,Resolved,2026-06-09T03:18:29,2026-06-19T11:54:02,24,2,2,3,4,No,Yes,No,Fraud Referral,0.00,251.20,2.60,Yes,Valid
PFXC-001064,TXN-0007022,2025-10-16T14:18:33,Web,Standard,2025-09-22T18:46:33,Direct Debit,45.69,Digital Services,Duplicate Debit,Frustrated,Complete,4,Standard,Payment Operations,Resolved,2025-10-17T04:57:19,2025-10-20T15:56:39,120,3,1,2,1,No,No,No,Full Refund,45.69,97.64,14.65,No,Valid
PFXC-001065,TXN-0009493,2025-02-04T16:59:36,Chat,Assisted Digital,2024-12-19T08:08:36,Card Purchase,249.51,Retail,Subscription Dispute,Neutral,Complete,4,Standard,Customer Service,Rejected,2025-02-05T04:40:34,2025-02-09T02:37:45,120,0,1,0,3,No,No,No,No Refund,0.00,105.64,11.68,No,Valid
PFXC-001066,TXN-0011374,2025-03-31T05:03:14,Mobile,Standard,2025-03-04T04:17:14,Bank Transfer,208.16,Other,Failed Payment,Neutral,Complete,3,Standard,Technical Support,Rejected,2025-04-01T00:12:34,2025-04-03T13:02:44,120,1,0,0,4,No,No,No,No Refund,0.00,79.99,19.16,No,Valid
PFXC-001067,TXN-0009552,2025-07-13T22:01:50,Mobile,Standard,2025-05-29T18:55:50,Wallet Payment,163.05,Travel,Incorrect Amount,Neutral,Complete,2,Standard,Payment Operations,In Triage,2025-07-14T16:38:08,,120,0,0,1,2,No,No,No,Pending,0.00,,18.61,No,Valid
PFXC-001068,TXN-0000459,2025-07-03T14:00:10,Mobile,Standard,2025-06-10T15:29:10,Bank Transfer,152.86,Retail,Failed Payment,Frustrated,Partial,2,Standard,Fraud Review,Resolved,2025-07-04T04:28:55,2025-07-09T02:43:29,120,1,1,5,4,Yes,No,No,Fraud Referral,0.00,132.72,14.48,Yes,Valid
PFXC-001069,TXN-0010793,2025-11-23T13:59:52,Call Centre,Standard,2025-10-20T16:54:52,Card Purchase,71.98,Digital Services,Unauthorised Transaction,Frustrated,Partial,1,High,Fraud Review,Resolved,2025-11-24T06:18:42,2025-11-30T02:59:28,72,2,0,2,1,Yes,Yes,Yes,Partial Refund,24.17,156.99,16.31,Yes,Valid
PFXC-001070,TXN-0003288,2026-05-14T07:49:10,Chat,Standard,2026-04-03T16:31:10,Card Purchase,49.58,Retail,Merchant Non-confirmation,Frustrated,Partial,2,Standard,Technical Support,Rejected,2026-05-15T00:41:42,2026-05-20T10:51:25,120,2,1,1,4,No,Yes,No,No Refund,0.00,147.04,16.88,Yes,Valid
PFXC-001071,TXN-0011218,2025-07-16T02:36:03,Email,Standard,2025-06-13T10:26:03,Card Purchase,41.25,Digital Services,Duplicate Debit,Neutral,Partial,1,Standard,Payment Operations,Resolved,2025-07-16T12:53:11,2025-07-19T15:19:06,120,1,0,0,2,No,No,No,Full Refund,41.25,84.72,10.29,No,Valid
PFXC-001072,TXN-0000682,2026-01-29T20:32:20,Mobile,Standard,2026-01-02T00:06:20,Card Purchase,22.70,Utilities,Cash Withdrawal Dispute,Frustrated,Partial,2,Standard,Customer Service,Rejected,2026-01-30T07:55:03,2026-02-05T21:06:44,120,1,2,5,2,No,Yes,No,No Refund,0.00,168.57,11.38,Yes,Valid
PFXC-001073,TXN-0003594,2025-02-24T10:08:23,Email,Standard,2024-12-31T07:13:23,Card Purchase,41.26,Travel,Merchant Non-confirmation,Frustrated,Complete,3,Standard,Fraud Review,Resolved,2025-02-25T08:19:41,2025-03-03T22:45:00,120,3,0,2,3,Yes,Yes,No,Full Refund,41.26,180.61,22.19,Yes,Valid
PFXC-001074,TXN-0009688,2025-03-03T05:57:40,Call Centre,Standard,2025-01-06T01:32:40,Bank Transfer,396.16,Other,Unauthorised Transaction,Distressed,Complete,4,High,Customer Service,Rejected,2025-03-03T06:12:40,2025-03-08T15:01:06,72,1,1,4,3,No,No,Yes,No Refund,0.00,129.06,0.25,Yes,Valid
PFXC-001075,TXN-0011674,2025-07-30T22:48:26,Call Centre,Standard,2025-06-22T22:38:26,Wallet Payment,141.36,Other,Failed Payment,Frustrated,Partial,1,Standard,Refund Approval,Resolved,2025-07-31T16:23:24,2025-08-04T00:30:09,120,2,1,2,4,No,No,No,Full Refund,141.36,97.70,17.58,No,Valid
PFXC-001076,TXN-0011250,2025-09-11T12:44:38,Mobile,Assisted Digital,2025-07-30T00:10:38,Bank Transfer,108.29,Digital Services,Duplicate Debit,Frustrated,Missing,0,Standard,Payment Operations,Resolved,2025-09-12T06:46:41,2025-09-18T06:09:26,120,2,1,2,3,No,Yes,No,Full Refund,108.29,161.41,18.03,Yes,Valid
PFXC-001077,TXN-0008964,2025-04-30T10:37:02,Call Centre,Assisted Digital,2025-03-23T01:48:02,Card Purchase,154.24,Travel,Unauthorised Transaction,Frustrated,Complete,4,Standard,Customer Service,Resolved,2025-05-01T17:56:46,2025-05-06T00:17:58,120,2,0,3,3,No,Yes,No,Full Refund,154.24,133.68,31.33,Yes,Valid
PFXC-001078,TXN-0009502,2026-02-04T04:03:42,Call Centre,Standard,2026-01-13T04:04:42,Wallet Payment,64.72,Retail,Delayed Refund,Frustrated,Missing,0,Low,Refund Approval,Resolved,2026-02-05T13:26:12,2026-02-14T00:18:35,168,3,2,3,4,No,Yes,No,Full Refund,64.72,236.25,33.38,Yes,Valid
PFXC-001079,TXN-0003213,2025-07-13T06:08:55,Mobile,Standard,2025-07-05T13:58:55,Direct Debit,125.19,Subscription,Cash Withdrawal Dispute,Neutral,Partial,1,Standard,Customer Service,Pending Merchant,2025-07-13T22:08:01,,120,0,1,0,2,No,No,No,Pending,0.00,,15.99,No,Valid
PFXC-001080,TXN-0007906,2025-11-24T13:43:01,Web,Standard,2025-09-30T13:34:01,Card Purchase,77.25,Subscription,Subscription Dispute,Distressed,Complete,3,Low,Customer Service,Resolved,2025-11-25T09:59:57,2025-11-28T21:11:32,168,3,0,2,2,No,Yes,No,Partial Refund,20.83,103.48,20.28,No,Valid
PFXC-001081,TXN-0011271,2025-04-30T08:05:08,Email,Standard,2025-04-12T13:54:08,Card Purchase,109.34,Retail,Failed Payment,Neutral,Partial,2,Standard,Technical Support,Resolved,2025-05-01T01:23:13,2025-05-04T08:46:28,120,1,0,0,3,No,No,No,Full Refund,109.34,96.69,17.30,No,Valid
PFXC-001082,TXN-0007221,2026-06-20T05:53:51,Mobile,Vulnerable Support,2026-05-14T10:07:51,Wallet Payment,16.61,Travel,Unauthorised Transaction,Frustrated,Partial,2,High,Customer Service,Rejected,2026-06-20T22:22:08,2026-06-26T03:54:18,72,0,1,3,3,No,No,No,No Refund,0.00,142.01,16.47,Yes,Valid
PFXC-001083,TXN-0008363,2025-04-10T10:08:44,Mobile,Standard,2025-04-04T22:46:44,Card Purchase,112.26,Utilities,Incorrect Amount,Frustrated,Missing,0,Standard,Payment Operations,Cancelled,2025-04-11T01:53:16,2025-04-17T18:11:18,120,0,4,3,4,No,No,No,Customer Withdrawn,0.00,176.04,15.74,Yes,Valid
PFXC-001084,TXN-0010223,2026-06-19T03:40:42,Mobile,Vulnerable Support,2026-06-01T02:30:42,Card Purchase,142.94,Retail,Delayed Refund,Frustrated,Complete,2,High,Payment Operations,Pending Merchant,2026-06-19T14:56:12,,72,1,1,2,1,No,No,No,Pending,0.00,,11.26,No,Valid
PFXC-001085,TXN-0010852,2025-12-09T12:46:17,Mobile,Standard,2025-11-16T23:21:17,Direct Debit,57.16,Utilities,Unauthorised Transaction,Distressed,Partial,2,Standard,Fraud Review,Resolved,2025-12-10T09:50:59,2025-12-20T00:34:00,120,2,1,4,2,Yes,No,Yes,Fraud Referral,0.00,251.80,21.08,Yes,Valid
PFXC-001086,TXN-0003081,2026-04-09T06:00:41,Web,Vulnerable Support,2026-02-26T06:57:41,Bank Transfer,78.07,Utilities,Cash Withdrawal Dispute,Distressed,Complete,2,Standard,Customer Service,Resolved,2026-04-09T23:12:39,2026-04-14T20:20:20,120,0,0,3,3,No,No,Yes,Partial Refund,61.09,134.33,17.20,Yes,Valid
PFXC-001087,TXN-0012423,2025-11-30T20:38:44,Chat,Standard,2025-10-06T07:32:44,Card Purchase,415.98,Retail,Duplicate Debit,Distressed,Complete,3,Standard,Payment Operations,Resolved,2025-12-01T16:27:07,2025-12-06T04:59:45,120,3,0,3,5,No,Yes,No,Full Refund,415.98,128.35,19.81,Yes,Valid
PFXC-001088,TXN-0011540,2025-05-14T14:26:42,Email,Standard,2025-04-05T21:14:42,Card Purchase,72.11,Retail,Subscription Dispute,Frustrated,Complete,3,Low,Customer Service,In Triage,2025-05-15T19:46:35,,168,2,1,1,2,No,No,No,Pending,0.00,,29.33,No,Valid
PFXC-001089,TXN-0004748,2025-04-01T16:30:56,Web,Standard,2025-02-17T15:56:56,Card Purchase,99.54,Retail,Failed Payment,Neutral,Partial,1,Standard,Technical Support,Rejected,2025-04-02T12:23:48,2025-04-04T14:01:47,120,1,0,1,1,No,No,No,No Refund,0.00,69.51,19.88,No,Valid
PFXC-001090,TXN-0011149,2025-05-29T07:06:08,Mobile,Standard,2025-04-24T17:12:08,Bank Transfer,83.83,Retail,Incorrect Amount,Frustrated,Complete,3,Low,Payment Operations,Rejected,2025-05-30T06:48:25,2025-06-01T03:44:33,168,1,1,3,2,No,No,No,No Refund,0.00,68.64,23.70,No,Valid
PFXC-001091,TXN-0002359,2025-11-24T01:51:47,Mobile,Standard,2025-11-04T06:03:47,Card Purchase,76.78,Utilities,Duplicate Debit,Positive,Partial,2,Standard,Payment Operations,Rejected,2025-11-24T21:21:38,2025-11-27T10:27:16,120,0,1,1,2,No,No,No,No Refund,0.00,80.59,19.50,No,Valid
PFXC-001092,TXN-0003726,2025-08-24T21:05:35,Web,Standard,2025-07-04T21:32:35,Bank Transfer,52.20,Retail,Duplicate Debit,Neutral,Partial,2,Low,Fraud Review,Rejected,2025-08-26T00:19:42,2025-08-30T08:43:10,168,2,1,2,2,Yes,No,No,No Refund,0.00,131.63,27.24,No,Valid
PFXC-001093,TXN-0005773,2025-10-25T08:19:10,Web,Standard,2025-09-07T14:29:10,Bank Transfer,9.76,Travel,Subscription Dispute,Distressed,Complete,4,Standard,Customer Service,Resolved,2025-10-25T19:36:13,2025-10-30T00:15:22,120,0,0,2,3,No,No,No,Full Refund,9.76,111.94,11.28,No,Valid
PFXC-001094,TXN-0003413,2026-01-14T06:03:15,Web,Standard,2025-12-01T22:01:15,Card Purchase,213.89,Digital Services,Incorrect Amount,Frustrated,Partial,2,Standard,Fraud Review,Resolved,2026-01-15T02:44:19,2026-01-21T16:27:53,120,2,1,3,3,Yes,No,No,Full Refund,213.89,178.41,20.68,Yes,Valid
PFXC-001095,TXN-0000989,2026-04-12T18:35:18,Email,Assisted Digital,2026-02-13T12:57:18,Card Purchase,72.88,Digital Services,Merchant Non-confirmation,Frustrated,Partial,2,Low,Technical Support,Resolved,2026-04-14T02:16:03,2026-04-18T13:34:17,168,0,0,1,2,No,No,No,Full Refund,72.88,138.98,31.68,No,Valid
PFXC-001096,TXN-0003299,2026-04-12T03:40:07,Mobile,Standard,2026-02-24T12:02:07,Wallet Payment,14.45,Retail,Merchant Non-confirmation,Neutral,Complete,3,Standard,Technical Support,Resolved,2026-04-12T21:01:15,2026-04-15T10:13:02,120,1,0,3,4,No,No,No,Full Refund,14.45,78.55,17.35,No,Valid
PFXC-001097,TXN-0002787,2025-09-25T20:27:41,Mobile,Vulnerable Support,2025-09-02T03:25:41,Wallet Payment,236.22,Travel,Incorrect Amount,Frustrated,Complete,3,High,Payment Operations,Cancelled,2025-09-26T00:36:45,2025-10-01T23:13:02,72,2,1,5,2,No,Yes,No,Customer Withdrawn,0.00,146.76,4.15,Yes,Valid
PFXC-001098,TXN-0009815,2025-10-06T18:29:44,Web,Standard,2025-09-10T21:11:44,Wallet Payment,60.91,Other,Merchant Non-confirmation,Neutral,Complete,4,Standard,Technical Support,Rejected,2025-10-07T17:39:34,2025-10-09T18:57:28,120,1,0,0,2,No,No,No,No Refund,0.00,72.46,23.16,No,Valid
PFXC-001099,TXN-0004608,2025-12-10T22:50:26,Mobile,Vulnerable Support,2025-12-01T17:48:26,Card Purchase,32.71,Retail,Merchant Non-confirmation,Frustrated,Complete,4,Standard,Technical Support,Pending Approval,2025-12-11T19:28:07,,120,3,0,3,3,No,No,No,Pending,0.00,,20.63,No,Valid
PFXC-001100,TXN-0000488,2026-04-19T04:13:54,Mobile,Standard,2026-02-19T00:42:54,Card Purchase,952.12,Retail,Incorrect Amount,Frustrated,Partial,2,Low,Payment Operations,Resolved,2026-04-20T13:03:19,2026-04-24T13:42:23,168,1,1,3,3,No,No,Yes,Partial Refund,436.89,129.47,32.82,No,Valid
PFXC-001101,TXN-0005276,2025-12-10T01:58:25,Email,Vulnerable Support,2025-11-02T15:41:25,Card Purchase,580.66,Retail,Duplicate Debit,Neutral,Complete,4,High,Refund Approval,Resolved,2025-12-10T14:26:11,2025-12-11T22:29:01,72,2,0,3,2,No,Yes,Yes,Full Refund,580.66,44.51,12.46,No,Valid
PFXC-001102,TXN-0012441,2025-03-14T11:18:09,Web,Standard,2025-02-11T14:29:09,Card Purchase,61.81,Utilities,Cash Withdrawal Dispute,Frustrated,Partial,2,High,Customer Service,Rejected,2025-03-15T03:51:56,2025-03-21T16:20:51,72,2,1,5,3,No,Yes,Yes,No Refund,0.00,173.05,16.56,Yes,Valid
PFXC-001103,TXN-0008163,2025-09-10T16:55:56,Mobile,Standard,2025-08-07T07:03:56,Direct Debit,50.12,Retail,Unauthorised Transaction,Frustrated,Partial,2,Standard,Fraud Review,Resolved,2025-09-11T14:48:20,2025-09-20T03:17:27,120,2,1,5,3,Yes,Yes,Yes,Fraud Referral,0.00,226.36,21.87,Yes,Valid
PFXC-001104,TXN-0006209,2025-12-04T12:56:32,Email,Assisted Digital,2025-11-18T08:10:32,Card Purchase,16.70,Other,Other,Distressed,Missing,0,Standard,Customer Service,Resolved,2025-12-05T04:10:51,2025-12-12T21:03:28,120,2,1,4,5,No,No,No,Full Refund,16.70,200.12,15.24,Yes,Valid
PFXC-001105,TXN-0009848,2025-04-27T04:36:08,Mobile,Standard,2025-04-12T12:25:08,Card Purchase,71.94,Subscription,Failed Payment,Neutral,Complete,3,Standard,Technical Support,Resolved,2025-04-27T23:15:19,2025-04-29T15:32:07,120,0,0,2,3,No,No,No,Partial Refund,33.93,58.93,18.65,No,Valid
PFXC-001106,TXN-0008857,2026-06-05T09:48:03,Web,Standard,2026-05-18T20:17:03,Card Purchase,36.70,Travel,Other,Neutral,Complete,2,Low,Customer Service,Rejected,2026-06-06T09:45:40,2026-06-10T00:20:22,168,1,1,1,3,No,No,No,No Refund,0.00,110.54,23.96,No,Valid
PFXC-001107,TXN-0002819,2025-09-01T16:13:26,Web,Standard,2025-07-30T19:09:26,Bank Transfer,1751.42,Retail,Delayed Refund,Distressed,Partial,2,Standard,Payment Operations,Resolved,2025-09-02T06:41:48,2025-09-08T13:03:38,120,1,1,2,2,No,No,No,Full Refund,1751.42,164.84,14.47,Yes,Valid
PFXC-001108,TXN-0004428,2025-09-06T16:51:06,Chat,Standard,2025-08-17T01:57:06,Direct Debit,196.87,Cash Withdrawal,Delayed Refund,Positive,Complete,4,Low,Payment Operations,Awaiting Evidence,2025-09-07T15:27:25,,168,2,0,1,1,No,No,No,Pending,0.00,,22.61,No,Valid
PFXC-001109,TXN-0006786,2026-03-16T11:50:08,Web,Standard,2026-02-05T23:47:08,Card Purchase,57.45,Digital Services,Failed Payment,Frustrated,Complete,4,Low,Technical Support,Rejected,2026-03-17T18:24:42,2026-03-20T00:35:32,168,2,1,2,3,No,No,No,No Refund,0.00,84.76,30.58,No,Valid
PFXC-001110,TXN-0003802,2025-01-16T16:55:56,Mobile,Standard,2024-11-19T01:21:56,Card Purchase,140.51,Subscription,Subscription Dispute,Frustrated,Complete,3,Standard,Fraud Review,Rejected,2025-01-17T01:13:28,2025-01-22T15:28:59,120,3,0,2,3,Yes,Yes,Yes,No Refund,0.00,142.55,8.29,Yes,Valid
PFXC-001111,TXN-0000376,2026-06-28T19:30:05,Mobile,Standard,2026-04-29T10:34:05,Cash Withdrawal,789.02,Utilities,Merchant Non-confirmation,Neutral,Complete,2,Standard,Technical Support,In Triage,2026-06-29T18:34:36,,120,1,1,1,2,No,No,No,Pending,0.00,,23.08,No,Valid
PFXC-001112,TXN-0003062,2025-10-27T12:29:03,Call Centre,Standard,2025-10-24T23:00:03,Cash Withdrawal,318.77,Subscription,Failed Payment,Frustrated,Complete,3,Standard,Technical Support,In Investigation,2025-10-28T09:14:36,,120,0,1,1,2,No,No,No,Pending,0.00,,20.76,No,Valid
PFXC-001113,TXN-0003036,2025-12-30T07:15:20,Email,Standard,2025-12-06T13:31:20,Bank Transfer,48.57,Retail,Delayed Refund,Neutral,Complete,3,Standard,Payment Operations,In Investigation,2025-12-31T12:02:21,,120,0,0,2,4,No,No,Yes,Pending,0.00,,28.78,No,Valid
PFXC-001114,TXN-0004647,2025-09-29T17:48:44,Mobile,Standard,2025-08-20T01:10:44,Bank Transfer,221.43,Other,Duplicate Debit,Frustrated,Complete,2,Low,Refund Approval,Resolved,2025-09-30T20:26:40,2025-10-03T07:14:50,168,2,1,2,3,No,No,No,Full Refund,221.43,85.44,26.63,No,Valid
PFXC-001115,TXN-0000658,2026-04-14T00:55:04,Web,Assisted Digital,2026-02-13T16:34:04,Card Purchase,332.98,Digital Services,Delayed Refund,Frustrated,Missing,0,Standard,Refund Approval,Resolved,2026-04-15T00:22:48,2026-04-20T14:36:50,120,3,1,2,5,No,Yes,No,Full Refund,332.98,157.70,23.46,Yes,Valid
PFXC-001116,TXN-0008592,2025-12-31T13:16:10,Mobile,Standard,2025-12-20T21:20:10,Direct Debit,219.24,Other,Cash Withdrawal Dispute,Distressed,Partial,2,High,Customer Service,Resolved,2025-12-31T19:43:38,2026-01-06T07:16:42,72,1,0,2,3,No,No,No,Full Refund,219.24,138.01,6.46,Yes,Valid
PFXC-001117,TXN-0007670,2025-10-06T12:15:29,Call Centre,Standard,2025-09-06T15:26:29,Wallet Payment,1235.56,Travel,Unauthorised Transaction,Distressed,Complete,2,Standard,Customer Service,Resolved,2025-10-07T07:42:34,2025-10-12T17:40:32,120,2,1,5,2,No,No,No,Partial Refund,812.47,149.42,19.45,Yes,Valid
PFXC-001118,TXN-0002405,2026-04-30T01:27:56,Web,Standard,2026-03-16T09:28:56,Card Purchase,48.03,Subscription,Other,Frustrated,Partial,1,Standard,Customer Service,Cancelled,2026-04-30T18:14:18,2026-05-06T22:57:55,120,3,1,4,5,No,No,No,Customer Withdrawn,0.00,165.50,16.77,Yes,Valid
PFXC-001119,TXN-0006137,2025-05-06T15:38:22,Email,Standard,2025-04-03T03:00:22,Bank Transfer,15.86,Subscription,Other,Neutral,Partial,2,Standard,Customer Service,Rejected,2025-05-07T06:00:14,2025-05-09T08:21:26,120,0,0,1,4,No,No,No,No Refund,0.00,64.72,14.36,No,Valid
PFXC-001120,TXN-0010581,2025-04-13T07:12:46,Mobile,Assisted Digital,2025-02-28T14:12:46,Direct Debit,33.83,Retail,Duplicate Debit,Distressed,Complete,4,Standard,Payment Operations,Resolved,2025-04-14T03:28:27,2025-04-19T17:55:24,120,2,1,3,3,No,No,Yes,Full Refund,33.83,154.71,20.26,Yes,Valid
PFXC-001121,TXN-0010090,2026-01-14T06:03:30,Call Centre,Standard,2026-01-01T14:59:30,Card Purchase,13.96,Retail,Merchant Non-confirmation,Distressed,Partial,1,Standard,Technical Support,Resolved,2026-01-14T15:18:40,2026-01-21T07:26:52,120,2,2,2,3,No,Yes,Yes,Partial Refund,3.92,169.39,9.25,Yes,Valid
PFXC-001122,TXN-0012030,2025-01-02T04:42:02,Mobile,Standard,2024-11-27T04:58:02,Direct Debit,58.46,Cash Withdrawal,Unauthorised Transaction,Frustrated,Complete,3,Standard,Fraud Review,In Investigation,2025-01-02T19:18:24,,120,2,0,1,1,Yes,No,No,Pending,0.00,,14.61,No,Valid
PFXC-001123,TXN-0000712,2025-03-29T20:29:32,Mobile,Standard,2025-03-21T12:02:32,Direct Debit,91.36,Digital Services,Subscription Dispute,Neutral,Complete,4,Standard,Customer Service,In Investigation,2025-03-30T19:51:08,,120,2,0,2,1,No,No,Yes,Pending,0.00,,23.36,No,Valid
PFXC-001124,TXN-0008928,2025-10-31T19:56:31,Chat,Standard,2025-10-30T17:41:31,Card Purchase,15.52,Subscription,Subscription Dispute,Neutral,Complete,2,Low,Customer Service,Resolved,2025-11-01T20:49:07,2025-11-07T07:41:41,168,3,2,3,4,No,No,No,Full Refund,15.52,155.75,24.88,No,Valid
PFXC-001125,TXN-0001051,2025-07-06T09:09:47,Web,Assisted Digital,2025-07-04T04:06:47,Cash Withdrawal,39.29,Travel,Failed Payment,Frustrated,Complete,4,Standard,Technical Support,Rejected,2025-07-06T15:33:41,2025-07-10T07:16:25,120,3,0,3,2,No,No,No,No Refund,0.00,94.11,6.40,No,Valid
PFXC-001126,TXN-0002050,2026-05-21T20:06:59,Mobile,Assisted Digital,2026-03-25T14:22:59,Direct Debit,126.91,Retail,Delayed Refund,Frustrated,Partial,2,Low,Payment Operations,Resolved,2026-05-23T02:01:27,2026-05-25T11:36:39,168,3,0,3,2,No,No,No,Full Refund,126.91,87.49,29.91,No,Valid
PFXC-001127,TXN-0007098,2025-03-10T11:08:52,Web,Standard,2025-03-09T03:25:52,Card Purchase,23.90,Retail,Failed Payment,Frustrated,Partial,2,Standard,Technical Support,Cancelled,2025-03-10T23:24:35,2025-03-15T07:02:23,120,2,2,5,6,No,No,No,Customer Withdrawn,0.00,115.89,12.26,No,Valid
PFXC-001128,TXN-0001158,2026-04-22T00:31:08,Mobile,Standard,2026-03-14T09:09:08,Card Purchase,86.71,Retail,Subscription Dispute,Frustrated,Partial,2,Low,Fraud Review,Resolved,2026-04-22T21:45:15,2026-04-29T21:02:11,168,3,0,5,4,Yes,Yes,No,Full Refund,86.71,188.52,21.24,Yes,Valid
PFXC-001129,TXN-0003392,2026-05-13T03:33:54,Chat,Standard,2026-04-29T15:13:54,Direct Debit,62.58,Cash Withdrawal,Failed Payment,Neutral,Complete,3,Standard,Technical Support,Rejected,2026-05-13T20:46:23,2026-05-14T20:01:03,120,0,0,0,2,No,No,No,No Refund,0.00,40.45,17.21,No,Valid
PFXC-001130,TXN-0001106,2025-04-01T04:20:06,Web,Standard,2025-02-23T21:47:06,Card Purchase,16.68,Other,Incorrect Amount,Neutral,Partial,1,Standard,Payment Operations,Resolved,2025-04-01T16:57:32,2025-04-06T02:01:32,120,2,0,1,1,No,No,No,Full Refund,16.68,117.69,12.62,No,Valid
PFXC-001131,TXN-0001085,2025-05-15T13:17:30,Mobile,Assisted Digital,2025-04-25T18:00:30,Direct Debit,291.03,Digital Services,Incorrect Amount,Neutral,Partial,2,Standard,Payment Operations,Rejected,2025-05-16T07:29:10,2025-05-19T00:43:10,120,0,2,2,3,No,No,No,No Refund,0.00,83.43,18.19,No,Valid
PFXC-001132,TXN-0003524,2025-04-26T17:33:29,Web,Standard,2025-04-07T20:20:29,Card Purchase,57.18,Retail,Merchant Non-confirmation,Neutral,Complete,4,Standard,Technical Support,Rejected,2025-04-27T16:04:18,2025-05-01T17:10:40,120,2,1,1,3,No,No,No,No Refund,0.00,119.62,22.51,No,Valid
PFXC-001133,TXN-0003074,2025-11-19T14:52:57,Web,Standard,2025-10-18T00:05:57,Bank Transfer,246.97,Retail,Duplicate Debit,Distressed,Complete,2,Low,Refund Approval,Resolved,2025-11-20T19:35:03,2025-11-23T04:24:40,168,1,1,2,1,No,No,No,Full Refund,246.97,85.53,28.70,No,Valid
PFXC-001134,TXN-0011907,2025-11-01T06:12:57,Web,Standard,2025-10-29T18:24:57,Card Purchase,51.18,Utilities,Delayed Refund,Frustrated,Partial,1,Standard,Payment Operations,Resolved,2025-11-01T21:39:49,2025-11-09T12:32:43,120,2,2,5,2,No,No,Yes,Full Refund,51.18,198.33,15.45,Yes,Valid
PFXC-001135,TXN-0007400,2025-11-27T20:54:11,Call Centre,Vulnerable Support,2025-10-06T12:01:11,Card Purchase,163.95,Retail,Subscription Dispute,Frustrated,Complete,4,High,Refund Approval,Resolved,2025-11-28T12:08:24,2025-12-02T04:27:13,72,1,1,2,3,No,No,No,Full Refund,163.95,103.55,15.24,Yes,Valid
PFXC-001136,TXN-0006274,2025-11-23T06:51:45,Mobile,Standard,2025-10-10T12:30:45,Bank Transfer,391.13,Utilities,Delayed Refund,Frustrated,Partial,2,Standard,Payment Operations,Pending Merchant,2025-11-23T20:32:47,,120,2,1,4,4,No,No,Yes,Pending,0.00,,13.68,No,Valid
PFXC-001137,TXN-0001118,2026-04-02T00:47:26,Web,Assisted Digital,2026-03-18T08:57:26,Direct Debit,94.84,Retail,Merchant Non-confirmation,Frustrated,Complete,4,Standard,Technical Support,Resolved,2026-04-02T17:19:22,2026-04-06T07:56:34,120,2,0,2,3,No,Yes,No,Partial Refund,59.33,103.15,16.53,No,Valid
PFXC-001138,TXN-0007742,2026-03-02T04:36:14,Web,Vulnerable Support,2026-01-31T10:03:14,Card Purchase,104.00,Digital Services,Merchant Non-confirmation,Frustrated,Partial,1,Standard,Technical Support,In Investigation,2026-03-03T08:26:01,,120,2,0,3,3,No,No,No,Pending,0.00,,27.83,No,Valid
PFXC-001139,TXN-0008234,2026-02-25T19:22:41,Web,Standard,2026-01-13T09:51:41,Bank Transfer,112.75,Retail,Failed Payment,Neutral,Complete,2,Standard,Technical Support,Resolved,2026-02-26T12:39:28,2026-02-27T23:49:46,120,1,0,0,4,No,No,No,Full Refund,112.75,52.45,17.28,No,Valid
PFXC-001140,TXN-0000451,2025-10-16T18:04:11,Email,Standard,2025-09-02T13:11:11,Direct Debit,46.93,Utilities,Failed Payment,Positive,Partial,2,Standard,Technical Support,Rejected,2025-10-17T12:10:30,2025-10-19T18:40:33,120,0,0,1,2,No,No,No,No Refund,0.00,72.61,18.11,No,Valid
PFXC-001141,TXN-0002544,2025-06-18T10:00:05,Web,Standard,2025-05-05T18:55:05,Bank Transfer,230.63,Cash Withdrawal,Unauthorised Transaction,Frustrated,Partial,1,High,Refund Approval,Resolved,2025-06-18T16:27:30,2025-06-25T18:26:59,72,1,2,4,4,No,Yes,Yes,Full Refund,230.63,176.45,6.46,Yes,Valid
PFXC-001142,TXN-0011382,2026-02-17T19:50:05,Call Centre,Standard,2026-02-14T16:31:05,Card Purchase,88.67,Digital Services,Failed Payment,Neutral,Complete,4,Standard,Complaints,Resolved,2026-02-18T20:14:44,2026-02-20T20:42:39,120,1,1,2,2,No,No,Yes,Partial Refund,51.90,72.88,24.41,No,Valid
PFXC-001143,TXN-0010957,2025-10-24T14:45:40,Web,Standard,2025-08-27T14:18:40,Card Purchase,156.88,Retail,Duplicate Debit,Frustrated,Complete,4,Low,Payment Operations,Resolved,2025-10-25T19:22:09,2025-10-29T07:00:56,168,2,0,2,3,No,No,No,Full Refund,156.88,112.25,28.61,No,Valid
PFXC-001144,TXN-0009775,2026-03-31T02:15:46,Mobile,Vulnerable Support,2026-03-22T23:54:46,Card Purchase,261.27,Retail,Unauthorised Transaction,Distressed,Partial,1,High,Fraud Review,In Investigation,2026-03-31T07:57:03,,72,2,1,2,2,Yes,No,No,Pending,0.00,,5.69,No,Valid
PFXC-001145,TXN-0001860,2025-08-09T05:36:18,Mobile,Standard,2025-07-26T10:53:18,Card Purchase,44.93,Digital Services,Other,Frustrated,Complete,4,Standard,Fraud Review,Resolved,2025-08-09T20:49:17,2025-08-15T22:29:57,120,2,1,4,3,Yes,No,No,Full Refund,44.93,160.89,15.22,Yes,Valid
PFXC-001146,TXN-0001160,2025-01-25T10:06:06,Chat,Assisted Digital,2025-01-16T10:35:06,Card Purchase,46.20,Travel,Unauthorised Transaction,Distressed,Partial,1,Standard,Fraud Review,In Investigation,2025-01-26T04:55:30,,120,2,0,2,2,Yes,No,Yes,Pending,0.00,,18.82,No,Valid
PFXC-001147,TXN-0006036,2025-03-02T23:40:18,Mobile,Standard,2025-01-20T14:54:18,Wallet Payment,27.49,Retail,Merchant Non-confirmation,Frustrated,Complete,3,Standard,Technical Support,Rejected,2025-03-03T14:49:42,2025-03-06T18:19:33,120,1,0,0,3,No,No,No,No Refund,0.00,90.65,15.16,No,Valid
PFXC-001148,TXN-0010600,2026-05-28T19:18:27,Mobile,Standard,2026-04-03T00:26:27,Bank Transfer,104.00,Subscription,Unauthorised Transaction,Neutral,Complete,2,Standard,Customer Service,Rejected,2026-05-29T15:18:24,2026-06-01T01:00:13,120,0,0,0,2,No,No,No,No Refund,0.00,77.70,20.00,No,Valid
PFXC-001149,TXN-0004260,2025-06-11T18:10:23,Email,Vulnerable Support,2025-06-06T19:58:23,Card Purchase,62.05,Utilities,Incorrect Amount,Neutral,Complete,2,Standard,Payment Operations,Resolved,2025-06-12T14:52:48,2025-06-14T12:25:23,120,1,1,0,3,No,No,No,Full Refund,62.05,66.25,20.71,No,Valid
PFXC-001150,TXN-0007945,2025-03-28T11:20:55,Web,Assisted Digital,2025-02-15T14:09:55,Bank Transfer,66.32,Subscription,Cash Withdrawal Dispute,Frustrated,Complete,3,High,Refund Approval,Resolved,2025-03-28T16:49:40,2025-04-01T14:03:52,72,1,0,1,2,No,Yes,No,Partial Refund,31.31,98.72,5.48,Yes,Valid
PFXC-001151,TXN-0012478,2025-09-30T22:10:14,Web,Standard,2025-08-12T20:28:14,Card Purchase,233.53,Travel,Incorrect Amount,Frustrated,Complete,2,Standard,Payment Operations,Resolved,2025-10-01T19:01:03,2025-10-05T16:22:54,120,3,1,2,2,No,No,No,Full Refund,233.53,114.21,20.85,No,Valid
PFXC-001152,TXN-0010253,2025-11-19T21:39:42,Call Centre,Standard,2025-10-03T21:57:42,Direct Debit,78.96,Subscription,Failed Payment,Positive,Complete,3,Standard,Technical Support,Resolved,2025-11-20T17:28:36,2025-11-22T13:23:01,120,0,0,0,2,No,Yes,No,Partial Refund,50.18,63.72,19.82,No,Valid
PFXC-001153,TXN-0009418,2026-02-01T23:01:54,Chat,Vulnerable Support,2025-12-23T18:26:54,Cash Withdrawal,82.20,Retail,Incorrect Amount,Neutral,Complete,4,Standard,Payment Operations,Rejected,2026-02-02T13:42:28,2026-02-04T10:28:09,120,1,0,2,0,No,No,No,No Refund,0.00,59.44,14.68,No,Valid
PFXC-001154,TXN-0003978,2025-07-08T20:14:38,Web,Standard,2025-05-11T22:10:38,Card Purchase,83.58,Travel,Subscription Dispute,Frustrated,Complete,2,Low,Customer Service,Awaiting Evidence,2025-07-09T21:12:18,,168,1,0,0,3,No,No,No,Pending,0.00,,24.96,No,Valid
PFXC-001155,TXN-0004656,2025-07-04T06:23:58,Web,Standard,2025-05-05T08:12:58,Card Purchase,21.71,Retail,Incorrect Amount,Neutral,Complete,2,Standard,Payment Operations,Resolved,2025-07-05T04:15:28,2025-07-07T15:00:53,120,2,0,1,4,No,No,No,Full Refund,21.71,80.62,21.86,No,Valid
PFXC-001156,TXN-0001599,2025-11-24T17:46:10,Email,Standard,2025-11-19T19:09:10,Card Purchase,31.10,Other,Cash Withdrawal Dispute,Frustrated,Complete,4,High,Customer Service,Pending Customer,2025-11-25T03:24:57,,72,0,0,2,3,No,No,No,Pending,0.00,,9.65,No,Valid
PFXC-001157,TXN-0012255,2025-09-18T12:25:36,Mobile,Standard,2025-09-15T05:53:36,Cash Withdrawal,6.09,Utilities,Incorrect Amount,Neutral,Partial,1,Standard,Payment Operations,Resolved,2025-09-19T02:21:09,2025-09-23T10:07:27,120,0,1,0,3,No,No,No,Full Refund,6.09,117.70,13.93,No,Valid
PFXC-001158,TXN-0002970,2025-09-22T18:52:17,Call Centre,Standard,2025-08-10T09:23:17,Card Purchase,119.38,Digital Services,Unauthorised Transaction,Frustrated,Complete,4,High,Fraud Review,Resolved,2025-09-22T23:50:48,2025-09-30T08:41:54,72,3,1,2,4,Yes,Yes,No,Full Refund,119.38,181.83,4.98,Yes,Valid
PFXC-001159,TXN-0006084,2025-05-16T17:44:59,Mobile,Standard,2025-04-08T20:15:59,Direct Debit,31.38,Travel,Delayed Refund,Frustrated,Complete,4,Standard,Payment Operations,Rejected,2025-05-17T09:24:27,2025-05-21T17:45:00,120,0,0,2,2,No,No,No,No Refund,0.00,120.00,15.66,No,Valid
PFXC-001160,TXN-0011895,2025-11-23T21:28:46,Mobile,Standard,2025-11-14T21:25:46,Card Purchase,19.68,Retail,Failed Payment,Frustrated,Partial,2,Standard,Technical Support,Pending Customer,2025-11-24T21:36:29,,120,1,1,3,3,No,No,No,Pending,0.00,,24.13,No,Valid
PFXC-001161,TXN-0004482,2025-08-06T01:05:11,Chat,Standard,2025-06-18T14:02:11,Card Purchase,58.17,Other,Delayed Refund,Frustrated,Partial,1,Standard,Payment Operations,Resolved,2025-08-06T18:47:10,2025-08-11T22:52:30,120,1,0,1,5,No,Yes,No,Full Refund,58.17,141.79,17.70,Yes,Valid
PFXC-001162,TXN-0008178,2025-06-18T03:31:55,Email,Standard,2025-06-14T04:05:55,Cash Withdrawal,86.45,Retail,Duplicate Debit,Frustrated,Complete,3,Standard,Fraud Review,Resolved,2025-06-19T01:25:29,2025-06-24T18:49:36,120,3,0,4,5,Yes,Yes,No,Fraud Referral,0.00,159.29,21.89,Yes,Valid
PFXC-001163,TXN-0001057,2025-04-29T04:27:34,Mobile,Standard,2025-02-27T10:54:34,Card Purchase,84.31,Subscription,Other,Frustrated,Complete,4,Standard,Customer Service,Rejected,2025-04-30T04:27:41,2025-05-03T22:22:19,120,1,1,2,3,No,No,No,No Refund,0.00,113.91,24.00,No,Valid
PFXC-001164,TXN-0007547,2026-02-13T08:53:18,Call Centre,Standard,2026-01-13T00:48:18,Bank Transfer,22.43,Subscription,Other,Frustrated,Missing,0,Low,Customer Service,Rejected,2026-02-14T17:41:18,2026-02-22T05:09:04,168,2,0,2,5,No,No,No,No Refund,0.00,212.26,32.80,Yes,Valid
PFXC-001165,TXN-0007932,2025-08-18T02:59:18,Email,Standard,2025-07-15T20:49:18,Card Purchase,147.54,Other,Delayed Refund,Neutral,Partial,2,Low,Payment Operations,Resolved,2025-08-19T07:32:39,2025-08-20T07:34:36,168,0,0,1,2,No,Yes,No,Full Refund,147.54,52.59,28.56,No,Valid
PFXC-001166,TXN-0011298,2026-05-28T20:44:48,Call Centre,Standard,2026-04-03T20:51:48,Bank Transfer,2500.00,Utilities,Incorrect Amount,Frustrated,Partial,1,High,Payment Operations,Rejected,2026-05-29T03:30:27,2026-06-02T15:40:26,72,1,1,4,0,No,No,Yes,No Refund,0.00,114.93,6.76,Yes,Valid
PFXC-001167,TXN-0000943,2025-02-04T18:02:49,Mobile,Standard,2025-01-06T20:43:49,Direct Debit,105.06,Digital Services,Duplicate Debit,Neutral,Missing,0,Standard,Payment Operations,In Triage,2025-02-05T19:15:37,,120,2,0,1,0,No,No,No,Pending,0.00,,25.21,No,Valid
PFXC-001168,TXN-0008836,2025-05-20T09:23:31,Email,Standard,2025-04-07T17:16:31,Card Purchase,98.31,Utilities,Subscription Dispute,Distressed,Partial,1,Standard,Refund Approval,Resolved,2025-05-21T10:07:57,2025-05-26T13:03:50,120,2,1,3,4,No,Yes,Yes,Full Refund,98.31,147.67,24.74,Yes,Valid
PFXC-001169,TXN-0002407,2025-03-08T12:33:56,Web,Assisted Digital,2025-02-22T13:24:56,Card Purchase,396.26,Other,Duplicate Debit,Frustrated,Partial,1,Standard,Payment Operations,Resolved,2025-03-09T07:06:45,2025-03-12T17:34:56,120,1,1,2,3,No,Yes,No,Full Refund,396.26,101.02,18.55,No,Valid
PFXC-001170,TXN-0000763,2026-03-08T10:51:31,Mobile,Standard,2026-02-23T15:10:31,Card Purchase,96.18,Utilities,Unauthorised Transaction,Distressed,Partial,2,Standard,Complaints,Resolved,2026-03-09T02:07:06,2026-03-15T04:21:51,120,1,1,3,3,No,No,Yes,Fraud Referral,0.00,161.51,15.26,Yes,Valid
PFXC-001171,TXN-0012430,2025-11-06T11:53:59,Mobile,Standard,2025-10-23T03:09:59,Wallet Payment,41.07,Travel,Delayed Refund,Distressed,Partial,1,Standard,Payment Operations,Resolved,2025-11-07T07:07:29,2025-11-12T12:13:18,120,0,1,2,4,No,Yes,No,Full Refund,41.07,144.32,19.23,Yes,Valid
PFXC-001172,TXN-0001226,2025-04-02T05:02:14,Chat,Standard,2025-03-15T00:26:14,Bank Transfer,129.03,Retail,Subscription Dispute,Neutral,Complete,2,Standard,Customer Service,Rejected,2025-04-02T20:32:55,2025-04-07T09:59:34,120,1,0,1,2,No,No,No,No Refund,0.00,124.96,15.51,Yes,Valid
PFXC-001173,TXN-0007888,2025-05-13T13:42:59,Web,Standard,2025-03-31T17:00:59,Direct Debit,268.37,Subscription,Cash Withdrawal Dispute,Frustrated,Complete,3,High,Customer Service,Resolved,2025-05-14T07:34:43,2025-05-18T01:53:47,72,1,0,2,3,No,Yes,No,Partial Refund,86.44,108.18,17.86,Yes,Valid
PFXC-001174,TXN-0011173,2025-03-19T23:32:03,Call Centre,Standard,2025-02-18T20:09:03,Bank Transfer,54.76,Subscription,Cash Withdrawal Dispute,Frustrated,Complete,4,Standard,Customer Service,Rejected,2025-03-20T15:39:11,2025-03-24T16:50:15,120,0,0,1,3,No,No,No,No Refund,0.00,113.30,16.12,No,Valid
PFXC-001175,TXN-0006863,2025-08-01T17:42:58,Mobile,Standard,2025-07-25T08:38:58,Direct Debit,120.01,Retail,Unauthorised Transaction,Frustrated,Partial,2,High,Customer Service,Rejected,2025-08-01T23:30:33,2025-08-08T00:15:38,72,2,2,4,3,No,No,Yes,No Refund,0.00,150.54,5.79,Yes,Valid
PFXC-001176,TXN-0004639,2026-02-17T09:10:26,Mobile,Assisted Digital,2026-01-01T06:00:26,Card Purchase,43.01,Retail,Unauthorised Transaction,Frustrated,Partial,2,High,Fraud Review,Resolved,2026-02-17T15:04:45,2026-02-25T21:31:15,72,2,0,1,4,Yes,No,No,Fraud Referral,0.00,204.35,5.91,Yes,Valid
PFXC-001177,TXN-0002202,2025-12-17T22:42:04,Web,Assisted Digital,2025-11-28T16:14:04,Cash Withdrawal,80.55,Travel,Other,Distressed,Partial,2,Standard,Customer Service,Resolved,2025-12-18T20:47:45,2025-12-23T11:01:21,120,2,0,3,2,No,No,No,Full Refund,80.55,132.32,22.09,Yes,Valid
PFXC-001178,TXN-0003481,2025-12-11T12:56:37,Web,Vulnerable Support,2025-11-02T18:11:37,Direct Debit,62.67,Digital Services,Delayed Refund,Positive,Complete,2,High,Payment Operations,Rejected,2025-12-11T17:06:41,2025-12-13T21:52:41,72,1,0,1,2,No,No,No,No Refund,0.00,56.93,4.17,No,Valid
PFXC-001179,TXN-0002053,2025-08-10T15:27:12,Web,Standard,2025-06-13T12:25:12,Card Purchase,78.84,Retail,Duplicate Debit,Positive,Partial,1,Standard,Payment Operations,Cancelled,2025-08-11T14:49:45,2025-08-12T13:02:52,120,0,0,0,1,No,No,No,Duplicate Case,0.00,45.59,23.38,No,Valid
PFXC-001180,TXN-0012253,2026-03-18T17:53:35,Email,Assisted Digital,2026-03-06T14:03:35,Bank Transfer,198.78,Cash Withdrawal,Subscription Dispute,Distressed,Partial,2,Low,Customer Service,Rejected,2026-03-19T21:56:37,2026-03-25T20:09:43,168,2,0,2,3,No,Yes,No,No Refund,0.00,170.27,28.05,Yes,Valid
PFXC-001181,TXN-0012041,2026-02-18T21:45:50,Mobile,Standard,2025-12-30T00:39:50,Card Purchase,104.60,Retail,Unauthorised Transaction,Distressed,Complete,3,Standard,Fraud Review,Resolved,2026-02-19T16:59:11,2026-02-28T03:53:29,120,3,1,4,4,Yes,Yes,No,Full Refund,104.60,222.13,19.22,Yes,Valid
PFXC-001182,TXN-0003695,2025-04-05T18:43:21,Email,Vulnerable Support,2025-02-22T00:19:21,Bank Transfer,63.83,Retail,Unauthorised Transaction,Frustrated,Complete,4,High,Complaints,Resolved,2025-04-06T01:45:52,2025-04-11T05:50:51,72,2,0,3,4,No,No,Yes,Fraud Referral,0.00,131.13,7.04,Yes,Valid
PFXC-001183,TXN-0006671,2025-05-23T07:57:14,Email,Standard,2025-04-30T04:32:14,Card Purchase,224.85,Digital Services,Merchant Non-confirmation,Neutral,Partial,1,Standard,Refund Approval,Resolved,2025-05-24T05:03:44,2025-05-27T12:43:45,120,0,0,0,4,No,No,No,Full Refund,224.85,100.78,21.11,No,Valid
PFXC-001184,TXN-0002361,2026-02-07T00:40:55,Web,Standard,2026-01-08T20:30:55,Card Purchase,67.26,Retail,Delayed Refund,Neutral,Partial,2,Standard,Payment Operations,In Triage,2026-02-07T18:56:22,,120,0,0,3,2,No,No,No,Pending,0.00,,18.26,No,Valid
PFXC-001185,TXN-0003107,2025-04-05T00:58:18,Chat,Standard,2025-02-20T23:11:18,Bank Transfer,351.49,Subscription,Delayed Refund,Frustrated,Partial,1,Standard,Payment Operations,Rejected,2025-04-05T20:25:01,2025-04-09T11:41:24,120,1,1,4,3,No,No,Yes,No Refund,0.00,106.72,19.45,No,Valid
PFXC-001186,TXN-0005239,2025-07-20T08:54:15,Chat,Standard,2025-05-26T05:37:15,Card Purchase,6.50,Cash Withdrawal,Failed Payment,Frustrated,Missing,0,Standard,Technical Support,Resolved,2025-07-20T22:34:05,2025-07-28T12:12:18,120,0,2,3,5,No,No,No,Full Refund,6.50,195.30,13.66,Yes,Valid
PFXC-001187,TXN-0006589,2025-01-30T11:33:24,Web,Standard,2025-01-18T19:09:24,Bank Transfer,56.73,Retail,Delayed Refund,Frustrated,Complete,3,Standard,Payment Operations,Resolved,2025-01-31T09:25:15,2025-02-03T04:16:50,120,2,0,2,4,No,No,No,Full Refund,56.73,88.72,21.86,No,Valid
PFXC-001188,TXN-0003380,2026-02-06T17:01:22,Chat,Standard,2025-12-21T22:04:22,Card Purchase,16.38,Retail,Other,Frustrated,Complete,4,Standard,Customer Service,Rejected,2026-02-07T06:41:35,2026-02-10T15:34:28,120,1,1,2,3,No,No,No,No Refund,0.00,94.55,13.67,No,Valid
PFXC-001189,TXN-0009174,2025-01-14T16:39:56,Mobile,Assisted Digital,2024-11-17T02:30:56,Card Purchase,31.54,Retail,Duplicate Debit,Neutral,Complete,3,Standard,Payment Operations,Resolved,2025-01-14T22:53:15,2025-01-17T17:51:31,120,1,0,0,3,No,No,No,Full Refund,31.54,73.19,6.22,No,Valid
PFXC-001190,TXN-0007559,2025-02-11T05:25:28,Mobile,Standard,2024-12-29T16:27:28,Cash Withdrawal,263.87,Subscription,Failed Payment,Frustrated,Partial,1,Standard,Technical Support,Pending Merchant,2025-02-11T21:21:25,,120,0,1,0,1,No,No,No,Pending,0.00,,15.93,No,Valid
PFXC-001191,TXN-0009987,2025-08-10T22:51:27,Email,Standard,2025-06-19T00:30:27,Card Purchase,15.55,Other,Delayed Refund,Positive,Complete,4,Standard,Refund Approval,Resolved,2025-08-11T17:48:29,2025-08-13T15:59:49,120,0,1,1,3,No,Yes,No,Partial Refund,7.93,65.14,18.95,No,Valid
PFXC-001192,TXN-0008034,2026-04-17T13:00:16,Web,Standard,2026-02-24T20:18:16,Wallet Payment,42.07,Retail,Unauthorised Transaction,Frustrated,Complete,3,Low,Fraud Review,Rejected,2026-04-18T18:16:23,2026-04-25T12:43:10,168,2,1,4,4,Yes,Yes,No,No Refund,0.00,191.72,29.27,Yes,Valid
PFXC-001193,TXN-0002494,2025-08-18T22:57:01,Web,Standard,2025-07-11T14:13:01,Wallet Payment,119.03,Utilities,Incorrect Amount,Distressed,Partial,2,Standard,Payment Operations,Resolved,2025-08-19T22:52:05,2025-08-24T02:55:47,120,2,0,2,3,No,Yes,No,Full Refund,119.03,123.98,23.92,Yes,Valid
PFXC-001194,TXN-0012342,2026-02-26T17:44:23,Web,Standard,2026-01-26T04:46:23,Card Purchase,249.53,Digital Services,Failed Payment,Positive,Complete,3,Standard,Technical Support,Resolved,2026-02-27T14:29:33,2026-03-01T23:41:05,120,0,0,0,3,No,No,No,Partial Refund,182.83,77.95,20.75,No,Valid
PFXC-001195,TXN-0004928,2025-11-26T06:08:41,Chat,Standard,2025-11-04T15:13:41,Direct Debit,225.69,Other,Duplicate Debit,Positive,Complete,4,Low,Payment Operations,Resolved,2025-11-27T05:02:06,2025-11-26T20:07:27,168,0,0,1,2,No,No,No,Full Refund,225.69,13.98,22.89,No,Valid
PFXC-001196,TXN-0001691,2026-06-21T07:10:51,Mobile,Standard,2026-06-07T22:47:51,Card Purchase,62.95,Subscription,Failed Payment,Distressed,Missing,0,Low,Fraud Review,Cancelled,2026-06-22T14:46:36,2026-06-29T13:01:33,168,2,0,4,3,Yes,No,Yes,Customer Withdrawn,0.00,197.85,31.60,Yes,Valid
PFXC-001197,TXN-0000610,2025-10-01T07:20:06,Mobile,Assisted Digital,2025-09-22T22:25:06,Card Purchase,211.33,Subscription,Other,Frustrated,Partial,1,Standard,Customer Service,Resolved,2025-10-02T01:45:48,2025-10-06T16:25:03,120,1,0,5,2,No,No,Yes,Full Refund,211.33,129.08,18.43,Yes,Valid
PFXC-001198,TXN-0011623,2025-01-17T04:00:22,Email,Standard,2025-01-12T23:40:22,Bank Transfer,443.82,Subscription,Delayed Refund,Frustrated,Missing,0,Standard,Payment Operations,Rejected,2025-01-18T00:27:54,2025-01-25T10:03:52,120,3,2,4,3,No,Yes,No,No Refund,0.00,198.06,20.46,Yes,Valid
PFXC-001199,TXN-0009992,2025-02-08T21:47:39,Call Centre,Standard,2024-12-15T05:28:39,Card Purchase,10.64,Digital Services,Subscription Dispute,Distressed,Complete,3,Standard,Customer Service,Rejected,2025-02-09T12:29:55,2025-02-14T15:39:06,120,3,1,4,2,No,No,No,No Refund,0.00,137.86,14.70,Yes,Valid
PFXC-001200,TXN-0000176,2026-01-26T03:55:45,Mobile,Standard,2025-12-19T19:33:45,Direct Debit,29.54,Digital Services,Merchant Non-confirmation,Neutral,Complete,4,Standard,Technical Support,Resolved,2026-01-26T18:46:11,2026-01-30T08:51:57,120,2,0,2,2,No,No,No,Full Refund,29.54,100.94,14.84,No,Valid
PFXC-001201,TXN-0000148,2025-11-15T17:14:02,Call Centre,Standard,2025-11-14T00:26:02,Card Purchase,40.35,Digital Services,Unauthorised Transaction,Neutral,Complete,2,Standard,Fraud Review,Pending Merchant,2025-11-16T07:50:25,,120,2,0,0,2,Yes,No,Yes,Pending,0.00,,14.61,No,Valid
PFXC-001202,TXN-0008968,2025-07-22T13:58:45,Web,Standard,2025-06-08T23:14:45,Card Purchase,95.22,Travel,Duplicate Debit,Distressed,Partial,2,Low,Payment Operations,Rejected,2025-07-23T12:45:33,2025-07-27T08:43:49,168,2,1,2,2,No,Yes,No,No Refund,0.00,114.75,22.78,No,Valid
PFXC-001203,TXN-0002359,2025-01-02T12:23:25,Call Centre,Standard,2024-12-28T16:46:25,Wallet Payment,117.23,Utilities,Other,Frustrated,Partial,2,Standard,Fraud Review,Resolved,2025-01-03T08:10:03,2025-01-10T18:00:20,120,2,0,3,3,Yes,No,No,Fraud Referral,0.00,197.62,19.78,Yes,Valid
PFXC-001204,TXN-0009001,2025-05-28T22:32:28,Call Centre,Standard,2025-05-26T01:15:28,Card Purchase,80.16,Cash Withdrawal,Unauthorised Transaction,Frustrated,Missing,0,High,Fraud Review,Rejected,2025-05-29T10:03:07,2025-06-09T04:33:52,72,2,1,3,4,Yes,No,Yes,No Refund,0.00,270.02,11.51,Yes,Valid
PFXC-001205,TXN-0007689,2025-07-21T10:42:40,Call Centre,Standard,2025-05-23T02:02:40,Card Purchase,11.50,Retail,Failed Payment,Positive,Complete,2,Standard,Technical Support,Rejected,2025-07-22T01:29:51,2025-07-22T17:34:00,120,0,0,0,3,No,No,No,No Refund,0.00,30.86,14.79,No,Valid
PFXC-001206,TXN-0012206,2025-08-13T15:46:09,Email,Standard,2025-06-27T11:59:09,Card Purchase,5.35,Travel,Duplicate Debit,Frustrated,Complete,2,Standard,Payment Operations,Resolved,2025-08-14T13:24:36,2025-08-17T09:10:55,120,2,1,2,2,No,Yes,No,Full Refund,5.35,89.41,21.64,No,Valid
PFXC-001207,TXN-0008574,2025-06-19T23:28:15,Web,Standard,2025-04-21T06:59:15,Direct Debit,78.95,Retail,Incorrect Amount,Neutral,Complete,3,Standard,Payment Operations,Rejected,2025-06-20T19:39:53,2025-06-23T15:04:59,120,1,1,1,2,No,No,No,No Refund,0.00,87.61,20.19,No,Valid
PFXC-001208,TXN-0000416,2025-09-14T17:30:32,Chat,Standard,2025-08-09T04:49:32,Direct Debit,87.93,Utilities,Unauthorised Transaction,Frustrated,Partial,2,Standard,Customer Service,Rejected,2025-09-16T01:05:21,2025-09-20T08:55:08,120,1,1,3,2,No,Yes,No,No Refund,0.00,135.41,31.58,Yes,Valid
PFXC-001209,TXN-0007980,2025-08-27T21:49:28,Call Centre,Standard,2025-08-16T13:21:28,Card Purchase,112.64,Digital Services,Delayed Refund,Neutral,Partial,2,Standard,Payment Operations,Resolved,2025-08-28T15:21:46,2025-09-01T20:50:58,120,2,1,2,3,No,No,No,Partial Refund,87.38,119.03,17.54,No,Valid
PFXC-001210,TXN-0007566,2025-12-24T21:14:44,Web,Standard,2025-11-02T17:09:44,Card Purchase,235.17,Digital Services,Merchant Non-confirmation,Frustrated,Complete,4,Standard,Technical Support,Resolved,2025-12-25T20:42:56,2025-12-30T22:56:24,120,1,1,3,2,No,No,Yes,Partial Refund,139.04,145.69,23.47,Yes,Valid
PFXC-001211,TXN-0010954,2026-01-09T10:36:22,Web,Assisted Digital,2025-12-01T19:21:22,Direct Debit,600.38,Retail,Merchant Non-confirmation,Distressed,Partial,2,Low,Fraud Review,Rejected,2026-01-10T16:11:48,2026-01-17T00:02:30,168,2,0,3,2,Yes,No,Yes,No Refund,0.00,181.44,29.59,Yes,Valid
PFXC-001212,TXN-0007628,2026-01-10T06:57:02,Email,Vulnerable Support,2026-01-09T03:38:02,Bank Transfer,116.76,Travel,Delayed Refund,Frustrated,Complete,2,Standard,Fraud Review,Rejected,2026-01-11T01:35:39,2026-01-15T06:49:03,120,2,1,1,4,Yes,Yes,No,No Refund,0.00,119.87,18.64,No,Valid
PFXC-001213,TXN-0004668,2025-09-14T18:35:43,Email,Standard,2025-08-13T15:01:43,Direct Debit,17.71,Other,Duplicate Debit,Frustrated,Complete,3,Standard,Fraud Review,Cancelled,2025-09-15T07:13:03,2025-09-20T13:36:48,120,3,1,3,4,Yes,Yes,No,Duplicate Case,0.00,139.02,12.62,Yes,Valid
PFXC-001214,TXN-0009334,2026-02-19T09:54:13,Chat,Standard,2026-01-25T21:06:13,Card Purchase,24.70,Subscription,Incorrect Amount,Frustrated,Partial,2,Standard,Payment Operations,In Investigation,2026-02-20T04:06:00,,120,2,1,3,2,No,No,Yes,Pending,0.00,,18.20,No,Valid
PFXC-001215,TXN-0008660,2025-10-14T05:39:23,Web,Standard,2025-09-20T22:11:23,Bank Transfer,15.01,Travel,Unauthorised Transaction,Distressed,Partial,2,Standard,Fraud Review,Resolved,2025-10-14T22:47:18,2025-10-22T02:01:17,120,2,0,4,3,Yes,No,No,Full Refund,15.01,188.37,17.13,Yes,Valid
PFXC-001216,TXN-0006783,2026-02-11T12:27:50,Chat,Standard,2026-02-05T21:47:50,Card Purchase,48.47,Digital Services,Other,Distressed,Partial,2,Low,Refund Approval,Resolved,2026-02-12T13:39:24,2026-02-20T09:21:51,168,2,1,4,3,No,No,No,Full Refund,48.47,212.90,25.19,Yes,Valid
PFXC-001217,TXN-0006899,2025-03-24T06:13:52,Chat,Vulnerable Support,2025-01-26T04:35:52,Direct Debit,130.79,Retail,Merchant Non-confirmation,Frustrated,Partial,1,High,Technical Support,Awaiting Evidence,2025-03-24T07:57:47,,72,2,2,3,5,No,No,No,Pending,0.00,,1.73,No,Valid
PFXC-001218,TXN-0007157,2025-09-10T21:12:24,Chat,Standard,2025-07-24T05:06:24,Card Purchase,189.37,Retail,Cash Withdrawal Dispute,Distressed,Partial,1,High,Customer Service,Rejected,2025-09-11T05:03:55,2025-09-16T14:44:49,72,2,0,4,4,No,No,No,No Refund,0.00,137.54,7.86,Yes,Valid
PFXC-001219,TXN-0001452,2025-05-28T10:29:36,Email,Standard,2025-04-22T20:01:36,Bank Transfer,38.79,Subscription,Delayed Refund,Frustrated,Partial,2,Standard,Payment Operations,Pending Customer,2025-05-29T08:24:47,,120,2,0,2,3,No,No,No,Pending,0.00,,21.92,No,Valid
PFXC-001220,TXN-0011319,2026-03-19T11:09:18,Web,Standard,2026-02-28T18:52:18,Card Purchase,26.66,Cash Withdrawal,Subscription Dispute,Neutral,Complete,3,Standard,Fraud Review,Resolved,2026-03-20T06:08:36,2026-03-23T20:53:33,120,1,0,1,3,Yes,No,No,Fraud Referral,0.00,105.74,18.99,No,Valid
PFXC-001221,TXN-0009411,2025-06-12T18:05:22,Mobile,Standard,2025-06-03T14:37:22,Card Purchase,82.95,Cash Withdrawal,Delayed Refund,Frustrated,Missing,0,Standard,Payment Operations,Resolved,2025-06-13T19:05:09,2025-06-18T08:39:24,120,1,2,5,2,No,No,No,Full Refund,82.95,134.57,25.00,Yes,Valid
PFXC-001222,TXN-0010465,2026-05-23T02:17:46,Mobile,Standard,2026-05-13T00:59:46,Wallet Payment,15.76,Cash Withdrawal,Delayed Refund,Frustrated,Complete,3,Standard,Payment Operations,Pending Approval,2026-05-23T15:15:22,,120,2,0,1,2,No,No,No,Pending,0.00,,12.96,No,Valid
PFXC-001223,TXN-0007588,2025-09-17T04:17:17,Mobile,Standard,2025-07-27T04:46:17,Direct Debit,38.07,Cash Withdrawal,Incorrect Amount,Neutral,Complete,3,Standard,Payment Operations,Rejected,2025-09-17T16:05:01,2025-09-20T04:47:20,120,2,0,1,4,No,No,No,No Refund,0.00,72.50,11.80,No,Valid
PFXC-001224,TXN-0004126,2025-10-10T22:19:50,Mobile,Standard,2025-09-01T23:43:50,Wallet Payment,90.54,Utilities,Duplicate Debit,Frustrated,Partial,2,Standard,Fraud Review,Resolved,2025-10-11T17:53:44,2025-10-16T01:21:36,120,0,1,3,4,Yes,No,Yes,Full Refund,90.54,123.03,19.57,Yes,Valid
PFXC-001225,TXN-0008544,2025-10-03T17:23:02,Chat,Assisted Digital,2025-08-26T21:45:02,Direct Debit,47.09,Cash Withdrawal,Duplicate Debit,Distressed,Complete,4,Standard,Fraud Review,Resolved,2025-10-04T09:44:48,2025-10-08T07:17:27,120,3,0,2,1,Yes,No,Yes,Full Refund,47.09,109.91,16.36,No,Valid
PFXC-001226,TXN-0003484,2026-05-09T22:51:41,Mobile,Standard,2026-05-03T12:18:41,Card Purchase,10.32,Utilities,Delayed Refund,Frustrated,Partial,2,Low,Payment Operations,Resolved,2026-05-10T22:02:28,2026-05-16T08:10:43,168,2,1,3,1,No,No,No,Full Refund,10.32,153.32,23.18,No,Valid
PFXC-001227,TXN-0009524,2026-05-28T11:09:26,Web,Standard,2026-04-10T13:38:26,Card Purchase,46.91,Cash Withdrawal,Merchant Non-confirmation,Distressed,Partial,2,Standard,Complaints,Resolved,2026-05-29T08:13:03,2026-06-02T17:38:47,120,0,1,3,3,No,No,Yes,Full Refund,46.91,126.49,21.06,Yes,Valid
PFXC-001228,TXN-0000292,2025-01-03T09:07:24,Chat,Standard,2024-12-01T21:01:24,Bank Transfer,104.27,Digital Services,Duplicate Debit,Neutral,Partial,2,Standard,Payment Operations,Pending Merchant,2025-01-04T08:17:28,,120,2,1,1,3,No,No,No,Pending,0.00,,23.17,No,Valid
PFXC-001229,TXN-0001866,2025-12-12T19:01:58,Email,Standard,2025-11-10T20:20:58,Direct Debit,96.53,Retail,Delayed Refund,Neutral,Complete,2,Standard,Payment Operations,In Investigation,2025-12-13T13:36:17,,120,2,0,1,3,No,No,No,Pending,0.00,,18.57,No,Valid
PFXC-001230,TXN-0003560,2026-05-16T12:51:43,Call Centre,Assisted Digital,2026-05-13T17:58:43,Direct Debit,18.59,Retail,Other,Frustrated,Complete,2,Standard,Customer Service,Cancelled,2026-05-17T07:26:37,2026-05-21T01:45:56,120,1,0,4,3,No,Yes,No,Customer Withdrawn,0.00,108.90,18.58,No,Valid
PFXC-001231,TXN-0008637,2025-09-14T10:56:07,Web,Standard,2025-08-23T14:26:07,Bank Transfer,28.40,Retail,Merchant Non-confirmation,Neutral,Complete,4,Low,Technical Support,Resolved,2025-09-15T15:48:04,2025-09-18T04:00:07,168,1,0,1,2,No,No,No,Full Refund,28.40,89.07,28.87,No,Valid
PFXC-001232,TXN-0005236,2025-01-26T06:25:12,Web,Vulnerable Support,2025-01-22T16:28:12,Card Purchase,125.79,Retail,Duplicate Debit,Frustrated,Complete,3,Low,Payment Operations,Rejected,2025-01-27T07:40:03,2025-01-30T14:15:16,168,2,1,3,2,No,No,No,No Refund,0.00,103.83,25.25,No,Valid
PFXC-001233,TXN-0008713,2025-11-30T14:25:09,Web,Assisted Digital,2025-11-13T02:43:09,Card Purchase,102.41,Retail,Merchant Non-confirmation,Frustrated,Partial,1,Standard,Technical Support,Resolved,2025-12-01T16:28:20,2025-12-06T08:19:41,120,4,0,2,3,No,No,No,Full Refund,102.41,137.91,26.05,Yes,Valid
PFXC-001234,TXN-0009997,2025-03-04T04:19:20,Call Centre,Standard,2025-01-31T03:10:20,Wallet Payment,101.83,Utilities,Delayed Refund,Frustrated,Missing,0,Standard,Complaints,Pending Customer,2025-03-04T21:55:23,,120,0,1,2,1,No,No,Yes,Pending,0.00,,17.60,No,Valid
PFXC-001235,TXN-0005893,2025-06-30T17:52:30,Email,Standard,2025-06-20T01:11:30,Wallet Payment,21.20,Utilities,Unauthorised Transaction,Neutral,Complete,4,Standard,Fraud Review,In Investigation,2025-07-01T14:39:26,,120,2,0,1,2,Yes,No,No,Pending,0.00,,20.78,No,Valid
PFXC-001236,TXN-0003363,2025-12-26T23:26:16,Mobile,Standard,2025-12-02T23:48:16,Cash Withdrawal,23.74,Cash Withdrawal,Other,Distressed,Partial,2,Standard,Customer Service,Rejected,2025-12-27T20:36:16,2026-01-01T07:33:14,120,2,0,3,1,No,Yes,Yes,No Refund,0.00,128.12,21.17,Yes,Valid
PFXC-001237,TXN-0006757,2025-11-04T08:03:23,Web,Standard,2025-10-01T09:55:23,Bank Transfer,50.88,Utilities,Unauthorised Transaction,Frustrated,Missing,0,Standard,Customer Service,Resolved,2025-11-05T05:29:55,2025-11-12T06:23:42,120,1,2,5,2,No,Yes,Yes,Full Refund,50.88,190.34,21.44,Yes,Valid
PFXC-001238,TXN-0010181,2025-05-03T18:23:49,Mobile,Standard,2025-04-16T07:23:49,Card Purchase,62.62,Subscription,Cash Withdrawal Dispute,Distressed,Partial,2,Standard,Customer Service,Rejected,2025-05-04T10:03:23,2025-05-10T16:04:20,120,1,0,4,3,No,Yes,No,No Refund,0.00,165.68,15.66,Yes,Valid
PFXC-001239,TXN-0004803,2025-02-01T03:37:19,Email,Standard,2024-12-26T15:40:19,Card Purchase,253.33,Retail,Failed Payment,Neutral,Partial,1,Standard,Technical Support,Resolved,2025-02-01T22:36:42,2025-02-05T18:22:25,120,1,1,1,2,No,No,No,Partial Refund,143.94,110.75,18.99,No,Valid
PFXC-001240,TXN-0006747,2025-09-20T05:12:00,Chat,Standard,2025-07-22T06:00:00,Card Purchase,36.83,Digital Services,Merchant Non-confirmation,Neutral,Complete,2,Standard,Technical Support,Rejected,2025-09-21T07:17:55,2025-09-23T06:59:39,120,1,0,0,2,No,No,No,No Refund,0.00,73.79,26.10,No,Valid
PFXC-001241,TXN-0007700,2025-08-16T11:48:16,Web,Standard,2025-06-28T15:51:16,Bank Transfer,63.33,Subscription,Subscription Dispute,Frustrated,Partial,2,Standard,Customer Service,Cancelled,2025-08-17T05:18:36,2025-08-23T01:45:15,120,1,1,4,3,No,Yes,No,Customer Withdrawn,0.00,157.95,17.51,Yes,Valid
PFXC-001242,TXN-0006815,2025-06-26T06:20:36,Chat,Standard,2025-04-29T11:56:36,Bank Transfer,47.31,Travel,Subscription Dispute,Frustrated,Missing,0,Standard,Customer Service,Cancelled,2025-06-27T04:04:22,2025-07-03T03:25:49,120,1,1,4,2,No,Yes,No,Customer Withdrawn,0.00,165.09,21.73,Yes,Valid
PFXC-001243,TXN-0008921,2026-06-30T15:03:24,Mobile,Standard,2026-05-03T13:46:24,Card Purchase,190.44,Other,Delayed Refund,Neutral,Complete,2,Standard,Payment Operations,Awaiting Evidence,2026-07-01T08:48:36,,120,1,1,1,2,No,No,No,Pending,0.00,,17.75,No,Valid
PFXC-001244,TXN-0001263,2025-05-21T15:36:28,Mobile,Standard,2025-05-17T12:59:28,Card Purchase,73.16,Digital Services,Merchant Non-confirmation,Distressed,Complete,3,Standard,Technical Support,Resolved,2025-05-22T17:32:17,2025-05-26T22:02:26,120,2,1,3,3,No,No,No,Full Refund,73.16,126.43,25.93,Yes,Valid
PFXC-001245,TXN-0010211,2025-10-01T08:45:46,Mobile,Standard,2025-08-11T20:09:46,Wallet Payment,24.42,Retail,Subscription Dispute,Frustrated,Partial,2,Standard,Customer Service,Rejected,2025-10-01T19:41:39,2025-10-07T09:31:07,120,2,2,3,2,No,No,No,No Refund,0.00,144.76,10.93,Yes,Valid
PFXC-001246,TXN-0009157,2025-09-01T20:39:09,Chat,Standard,2025-08-24T12:40:09,Card Purchase,161.54,Other,Duplicate Debit,Frustrated,Partial,2,Standard,Payment Operations,Resolved,2025-09-02T14:15:58,2025-09-05T16:47:06,120,1,1,2,4,No,No,No,Full Refund,161.54,92.13,17.61,No,Valid
PFXC-001247,TXN-0010131,2026-03-14T06:41:57,Call Centre,Assisted Digital,2026-01-27T18:50:57,Direct Debit,638.13,Retail,Failed Payment,Frustrated,Partial,1,Standard,Technical Support,Rejected,2026-03-14T23:56:41,2026-03-17T05:50:46,120,1,0,1,4,No,No,No,No Refund,0.00,71.15,17.25,No,Valid
PFXC-001248,TXN-0011120,2025-05-26T16:53:03,Web,Standard,2025-05-13T05:47:03,Bank Transfer,255.83,Utilities,Duplicate Debit,Distressed,Missing,0,Standard,Fraud Review,Resolved,2025-05-27T16:41:43,2025-06-03T21:14:59,120,1,1,3,2,Yes,Yes,No,Full Refund,255.83,196.37,23.81,Yes,Valid
PFXC-001249,TXN-0002947,2025-04-29T21:39:29,Mobile,Standard,2025-04-27T07:26:29,Card Purchase,49.63,Retail,Incorrect Amount,Frustrated,Partial,2,Standard,Payment Operations,Cancelled,2025-04-30T06:51:45,2025-05-04T17:18:33,120,1,1,3,2,No,No,No,Customer Withdrawn,0.00,115.65,9.20,No,Valid
PFXC-001250,TXN-0009084,2025-02-14T20:37:22,Web,Standard,2025-01-03T13:08:22,Card Purchase,9.57,Digital Services,Unauthorised Transaction,Frustrated,Complete,4,Standard,Fraud Review,Resolved,2025-02-15T17:00:53,2025-02-22T21:49:17,120,3,1,3,3,Yes,Yes,Yes,Partial Refund,1.99,193.20,20.39,Yes,Valid
PFXC-001251,TXN-0000806,2025-10-16T07:27:32,Web,Standard,2025-09-08T16:21:32,Card Purchase,76.91,Digital Services,Other,Frustrated,Partial,1,Standard,Customer Service,Rejected,2025-10-17T05:18:03,2025-10-21T12:56:41,120,1,1,3,2,No,No,Yes,No Refund,0.00,125.49,21.84,Yes,Valid
PFXC-001252,TXN-0009409,2025-09-02T20:04:08,Call Centre,Standard,2025-08-24T18:34:08,Direct Debit,418.43,Retail,Failed Payment,Distressed,Missing,0,Low,Fraud Review,In Investigation,2025-09-03T22:37:30,,168,3,2,5,5,Yes,Yes,No,Pending,0.00,,26.56,No,Valid
PFXC-001253,TXN-0004902,2025-08-27T07:31:02,Email,Vulnerable Support,2025-07-21T03:06:02,Card Purchase,82.65,Digital Services,Unauthorised Transaction,Distressed,Complete,4,High,Customer Service,Rejected,2025-08-27T20:28:30,2025-09-02T10:57:05,72,2,1,3,3,No,No,Yes,No Refund,0.00,147.43,12.96,Yes,Valid
PFXC-001254,TXN-0003776,2025-04-24T16:43:53,Mobile,Standard,2025-04-05T04:21:53,Card Purchase,130.32,Other,Subscription Dispute,Frustrated,Complete,2,Standard,Customer Service,Rejected,2025-04-25T08:28:12,2025-04-27T06:25:51,120,0,0,1,1,No,No,No,No Refund,0.00,61.70,15.74,No,Valid
PFXC-001255,TXN-0002966,2025-11-01T01:34:38,Call Centre,Assisted Digital,2025-09-11T15:54:38,Card Purchase,176.31,Retail,Incorrect Amount,Frustrated,Complete,3,Standard,Fraud Review,Resolved,2025-11-01T14:17:31,2025-11-06T18:29:13,120,3,0,3,3,Yes,Yes,No,Full Refund,176.31,136.91,12.71,Yes,Valid
PFXC-001256,TXN-0003239,2026-01-22T17:39:08,Call Centre,Assisted Digital,2025-12-01T15:31:08,Card Purchase,27.63,Subscription,Subscription Dispute,Frustrated,Complete,3,Standard,Customer Service,Rejected,2026-01-23T13:19:18,2026-01-27T01:32:02,120,1,0,1,1,No,No,No,No Refund,0.00,103.88,19.67,No,Valid
PFXC-001257,TXN-0000452,2025-07-13T13:03:35,Email,Standard,2025-06-15T14:31:35,Direct Debit,26.80,Other,Unauthorised Transaction,Distressed,Missing,0,Standard,Fraud Review,Resolved,2025-07-14T07:55:42,2025-07-24T22:43:21,120,2,1,4,4,Yes,No,No,Fraud Referral,0.00,273.66,18.87,Yes,Valid
PFXC-001258,TXN-0008821,2025-12-04T08:29:55,Web,Standard,2025-12-02T20:01:55,Wallet Payment,62.98,Travel,Delayed Refund,Neutral,Complete,3,Standard,Refund Approval,Resolved,2025-12-04T20:26:47,2025-12-08T21:40:40,120,0,1,0,2,No,No,No,Partial Refund,30.48,109.18,11.95,No,Valid
PFXC-001259,TXN-0003101,2025-12-11T00:55:08,Web,Standard,2025-12-01T13:49:08,Card Purchase,419.44,Retail,Duplicate Debit,Neutral,Complete,4,Standard,Refund Approval,Resolved,2025-12-11T16:00:54,2025-12-14T10:00:55,120,2,0,1,1,No,No,No,Full Refund,419.44,81.10,15.10,No,Valid
PFXC-001260,TXN-0004159,2025-05-24T05:22:11,Call Centre,Standard,2025-05-16T03:55:11,Direct Debit,171.01,Retail,Other,Frustrated,Complete,3,Standard,Customer Service,Resolved,2025-05-25T03:56:45,2025-05-30T20:20:53,120,2,1,2,3,No,Yes,No,Full Refund,171.01,158.98,22.58,Yes,Valid
PFXC-001261,TXN-0000761,2025-12-16T22:01:09,Mobile,Standard,2025-11-14T15:17:09,Card Purchase,42.56,Retail,Other,Neutral,Complete,2,Standard,Customer Service,Rejected,2025-12-17T08:50:36,2025-12-21T13:19:45,120,2,0,2,3,No,Yes,No,No Refund,0.00,111.31,10.82,No,Valid
PFXC-001262,TXN-0000580,2025-11-18T05:31:37,Chat,Standard,2025-11-11T10:07:37,Wallet Payment,47.95,Travel,Merchant Non-confirmation,Frustrated,Complete,4,Standard,Refund Approval,Resolved,2025-11-19T02:09:09,2025-11-20T07:39:05,120,1,0,2,4,No,No,No,Partial Refund,30.31,50.12,20.63,No,Valid
PFXC-001263,TXN-0001084,2026-03-03T18:54:57,Web,Vulnerable Support,2026-01-05T01:01:57,Card Purchase,203.72,Utilities,Incorrect Amount,Neutral,Complete,3,High,Payment Operations,In Triage,2026-03-03T21:04:08,,72,1,0,1,2,No,No,No,Pending,0.00,,2.15,No,Valid
PFXC-001264,TXN-0005682,2025-09-13T14:36:18,Web,Standard,2025-08-29T00:43:18,Direct Debit,62.80,Retail,Duplicate Debit,Neutral,Partial,2,Standard,Complaints,Resolved,2025-09-14T11:25:05,2025-09-17T17:22:47,120,1,0,1,2,No,No,Yes,Full Refund,62.80,98.77,20.81,No,Valid
PFXC-001265,TXN-0009969,2025-10-03T21:55:30,Mobile,Standard,2025-08-14T10:53:30,Card Purchase,11.22,Utilities,Delayed Refund,Frustrated,Complete,4,Standard,Payment Operations,Resolved,2025-10-04T18:00:09,2025-10-05T17:01:36,120,0,0,1,3,No,No,No,Full Refund,11.22,43.10,20.08,No,Valid
PFXC-001266,TXN-0007343,2026-06-07T15:07:55,Email,Standard,2026-04-15T01:05:55,Wallet Payment,1025.15,Subscription,Failed Payment,Frustrated,Complete,3,Standard,Technical Support,Rejected,2026-06-08T10:09:40,2026-06-11T09:18:27,120,1,2,2,3,No,No,Yes,No Refund,0.00,90.18,19.03,No,Valid
PFXC-001267,TXN-0006153,2025-03-07T08:37:55,Mobile,Standard,2025-02-24T04:26:55,Card Purchase,19.20,Retail,Unauthorised Transaction,Frustrated,Complete,2,Low,Customer Service,Rejected,2025-03-08T14:58:04,2025-03-13T05:28:00,168,2,0,1,3,No,No,No,No Refund,0.00,140.83,30.34,No,Valid
PFXC-001268,TXN-0005439,2025-06-07T20:53:04,Web,Standard,2025-05-18T09:01:04,Direct Debit,85.85,Retail,Cash Withdrawal Dispute,Frustrated,Partial,1,Standard,Customer Service,Pending Merchant,2025-06-08T08:58:14,,120,1,1,4,3,No,No,No,Pending,0.00,,12.09,No,Valid
PFXC-001269,TXN-0008016,2025-02-15T14:51:47,Mobile,Standard,2024-12-23T18:15:47,Card Purchase,145.15,Utilities,Unauthorised Transaction,Frustrated,Partial,1,Standard,Customer Service,Resolved,2025-02-16T12:48:41,2025-02-23T01:20:50,120,3,0,4,3,No,Yes,Yes,Partial Refund,88.90,178.48,21.95,Yes,Valid
PFXC-001270,TXN-0000276,2025-08-12T10:56:06,Mobile,Standard,2025-07-08T05:39:06,Card Purchase,375.86,Travel,Cash Withdrawal Dispute,Distressed,Partial,2,Standard,Customer Service,Rejected,2025-08-13T05:23:15,2025-08-19T14:07:14,120,2,1,2,4,No,Yes,No,No Refund,0.00,171.19,18.45,Yes,Valid
PFXC-001271,TXN-0011938,2025-12-04T07:46:22,Mobile,Standard,2025-10-26T19:32:22,Card Purchase,50.54,Cash Withdrawal,Subscription Dispute,Frustrated,Partial,1,Standard,Customer Service,Rejected,2025-12-05T06:11:35,2025-12-08T15:54:14,120,0,0,2,2,No,No,No,No Refund,0.00,104.13,22.42,No,Valid
PFXC-001272,TXN-0004787,2026-06-28T15:36:41,Web,Standard,2026-06-26T06:28:41,Direct Debit,45.81,Retail,Merchant Non-confirmation,Frustrated,Missing,0,Standard,Technical Support,Rejected,2026-06-29T06:36:36,2026-07-05T23:04:21,120,0,2,3,6,No,Yes,No,No Refund,0.00,175.46,15.00,Yes,Valid
PFXC-001273,TXN-0000200,2026-06-21T02:04:41,Web,Standard,2026-06-08T07:06:41,Card Purchase,70.16,Cash Withdrawal,Subscription Dispute,Neutral,Partial,2,Standard,Customer Service,Rejected,2026-06-22T03:56:30,2026-06-25T01:27:25,120,1,1,3,2,No,No,No,No Refund,0.00,95.38,25.86,No,Valid
PFXC-001274,TXN-0005781,2025-01-29T23:37:21,Call Centre,Assisted Digital,2024-12-04T11:18:21,Wallet Payment,418.18,Subscription,Other,Frustrated,Complete,2,Standard,Customer Service,Resolved,2025-01-31T02:02:26,2025-02-05T00:40:22,120,2,1,4,3,No,No,No,Partial Refund,314.06,145.05,26.42,Yes,Valid
PFXC-001275,TXN-0005432,2025-07-02T02:00:27,Call Centre,Standard,2025-05-18T10:19:27,Card Purchase,277.31,Retail,Merchant Non-confirmation,Frustrated,Complete,2,Standard,Technical Support,Rejected,2025-07-02T21:50:59,2025-07-07T02:19:09,120,3,0,3,1,No,No,No,No Refund,0.00,120.31,19.84,Yes,Valid
PFXC-001276,TXN-0005376,2025-06-22T22:18:57,Web,Standard,2025-05-23T21:06:57,Cash Withdrawal,89.75,Digital Services,Unauthorised Transaction,Frustrated,Complete,2,High,Fraud Review,Awaiting Evidence,2025-06-23T10:47:38,,72,2,1,4,3,Yes,Yes,No,Pending,0.00,,12.48,No,Valid
PFXC-001277,TXN-0004930,2025-01-05T00:05:11,Mobile,Standard,2024-11-10T21:22:11,Card Purchase,19.54,Retail,Duplicate Debit,Frustrated,Partial,2,Standard,Fraud Review,Resolved,2025-01-05T20:37:08,2025-01-11T15:59:06,120,2,1,4,2,Yes,Yes,No,Full Refund,19.54,159.90,20.53,Yes,Valid
PFXC-001278,TXN-0004237,2025-12-24T11:03:13,Mobile,Standard,2025-12-05T01:28:13,Card Purchase,117.81,Retail,Duplicate Debit,Frustrated,Missing,0,Standard,Payment Operations,Resolved,2025-12-25T02:17:30,2025-12-31T07:49:09,120,1,2,3,3,No,No,No,Partial Refund,81.79,164.77,15.24,Yes,Valid
PFXC-001279,TXN-0009973,2026-05-30T01:42:03,Mobile,Standard,2026-04-27T10:37:03,Bank Transfer,59.70,Cash Withdrawal,Unauthorised Transaction,Frustrated,Partial,2,Standard,Refund Approval,Resolved,2026-05-31T01:26:08,2026-06-06T17:01:44,120,2,0,2,5,No,Yes,Yes,Full Refund,59.70,183.33,23.73,Yes,Valid
PFXC-001280,TXN-0005311,2025-03-25T07:37:53,Mobile,Standard,2025-01-31T19:19:53,Wallet Payment,19.64,Other,Subscription Dispute,Neutral,Complete,4,Standard,Customer Service,Rejected,2025-03-25T18:34:35,2025-03-29T23:46:04,120,2,0,1,1,No,No,No,No Refund,0.00,112.14,10.95,No,Valid
PFXC-001281,TXN-0006001,2025-11-16T06:49:21,Web,Standard,2025-10-11T00:35:21,Card Purchase,135.94,Other,Failed Payment,Frustrated,Complete,4,Standard,Technical Support,In Investigation,2025-11-16T16:39:55,,120,2,2,4,2,No,No,No,Pending,0.00,,9.84,No,Valid
PFXC-001282,TXN-0010167,2025-04-02T03:41:09,Chat,Standard,2025-02-15T16:25:09,Direct Debit,57.45,Retail,Failed Payment,Neutral,Complete,3,Standard,Technical Support,Rejected,2025-04-02T18:38:19,2025-04-06T08:29:57,120,2,0,1,4,No,No,No,No Refund,0.00,100.81,14.95,No,Valid
PFXC-001283,TXN-0006645,2025-12-17T12:11:29,Web,Assisted Digital,2025-10-22T03:08:29,Bank Transfer,38.14,Retail,Subscription Dispute,Frustrated,Complete,3,Standard,Customer Service,Rejected,2025-12-18T13:59:46,2025-12-22T01:36:56,120,1,1,2,2,No,No,No,No Refund,0.00,109.42,25.80,No,Valid
PFXC-001284,TXN-0011475,2026-04-13T12:17:42,Call Centre,Assisted Digital,2026-03-06T18:57:42,Card Purchase,27.27,Subscription,Merchant Non-confirmation,Frustrated,Complete,3,Standard,Technical Support,Rejected,2026-04-14T16:58:22,2026-04-18T03:53:54,120,0,0,0,3,No,No,No,No Refund,0.00,111.60,28.68,No,Valid
PFXC-001285,TXN-0000951,2025-09-11T07:06:31,Call Centre,Standard,2025-08-10T19:32:31,Cash Withdrawal,113.11,Digital Services,Duplicate Debit,Frustrated,Complete,2,Low,Payment Operations,Resolved,2025-09-12T11:23:30,2025-09-12T20:22:08,168,1,1,1,2,No,No,No,Full Refund,113.11,37.26,28.28,No,Valid
PFXC-001286,TXN-0011132,2025-12-20T07:05:15,Chat,Standard,2025-11-23T07:14:15,Wallet Payment,226.98,Travel,Incorrect Amount,Neutral,Partial,1,Standard,Payment Operations,Awaiting Evidence,2025-12-21T02:39:19,,120,2,1,2,5,No,No,No,Pending,0.00,,19.57,No,Valid
PFXC-001287,TXN-0009903,2025-06-27T01:32:26,Call Centre,Standard,2025-06-18T16:53:26,Bank Transfer,84.01,Subscription,Cash Withdrawal Dispute,Frustrated,Complete,3,Low,Fraud Review,Resolved,2025-06-28T07:54:36,2025-07-02T12:24:47,168,1,0,1,3,Yes,No,No,Fraud Referral,0.00,130.87,30.37,No,Valid
PFXC-001288,TXN-0008914,2025-02-14T08:21:21,Call Centre,Assisted Digital,2025-01-01T14:30:21,Bank Transfer,49.51,Digital Services,Delayed Refund,Frustrated,Complete,3,Low,Payment Operations,Resolved,2025-02-15T13:55:15,2025-02-18T17:04:03,168,2,0,3,2,No,No,No,Full Refund,49.51,104.71,29.57,No,Valid
PFXC-001289,TXN-0005027,2025-12-23T18:37:54,Web,Standard,2025-11-02T23:27:54,Card Purchase,20.20,Digital Services,Failed Payment,Frustrated,Partial,1,Standard,Technical Support,Resolved,2025-12-24T18:55:30,2025-12-28T01:30:20,120,1,1,1,3,No,No,No,Full Refund,20.20,102.87,24.29,No,Valid
PFXC-001290,TXN-0005077,2026-02-01T19:11:00,Email,Standard,2026-01-10T19:42:00,Bank Transfer,382.16,Travel,Merchant Non-confirmation,Frustrated,Complete,4,Low,Refund Approval,Resolved,2026-02-03T04:19:02,2026-02-06T08:00:57,168,1,1,1,1,No,No,No,Full Refund,382.16,108.83,33.13,No,Valid
PFXC-001291,TXN-0010017,2026-05-13T18:29:47,Web,Standard,2026-04-04T12:56:47,Card Purchase,41.01,Retail,Unauthorised Transaction,Neutral,Partial,1,High,Customer Service,Awaiting Evidence,2026-05-14T05:12:13,,72,2,0,1,1,No,No,No,Pending,0.00,,10.71,No,Valid
PFXC-001292,TXN-0004191,2026-04-15T17:54:35,Web,Standard,2026-04-07T17:15:35,Cash Withdrawal,51.59,Subscription,Unauthorised Transaction,Frustrated,Partial,1,High,Fraud Review,Resolved,2026-04-16T04:32:34,2026-04-24T07:22:17,72,3,0,2,3,Yes,No,Yes,Fraud Referral,0.00,205.46,10.63,Yes,Valid
PFXC-001293,TXN-0004574,2025-11-14T14:22:18,Mobile,Standard,2025-09-27T23:26:18,Card Purchase,15.24,Subscription,Failed Payment,Frustrated,Partial,2,Standard,Refund Approval,Resolved,2025-11-15T05:05:48,2025-11-20T19:24:53,120,1,2,3,3,No,Yes,No,Full Refund,15.24,149.04,14.73,Yes,Valid
PFXC-001294,TXN-0011314,2026-01-30T06:15:45,Mobile,Standard,2025-12-17T22:31:45,Bank Transfer,60.11,Utilities,Unauthorised Transaction,Frustrated,Partial,2,Standard,Fraud Review,Resolved,2026-01-31T00:49:21,2026-02-10T14:55:03,120,4,1,3,3,Yes,Yes,No,Fraud Referral,0.00,272.66,18.56,Yes,Valid
PFXC-001295,TXN-0001856,2025-02-03T19:19:33,Call Centre,Assisted Digital,2025-01-23T07:01:33,Card Purchase,24.39,Digital Services,Merchant Non-confirmation,Frustrated,Complete,3,Standard,Technical Support,Resolved,2025-02-04T12:59:44,2025-02-08T18:10:23,120,2,0,4,4,No,No,No,Full Refund,24.39,118.85,17.67,No,Valid
PFXC-001296,TXN-0009651,2025-03-31T13:06:51,Call Centre,Vulnerable Support,2025-02-02T13:14:51,Direct Debit,17.25,Retail,Unauthorised Transaction,Frustrated,Partial,2,Standard,Fraud Review,Pending Customer,2025-04-01T08:25:53,,120,2,2,2,3,Yes,No,No,Pending,0.00,,19.32,No,Valid
PFXC-001297,TXN-0002131,2025-10-31T08:13:32,Email,Standard,2025-09-23T10:55:32,Direct Debit,111.32,Retail,Unauthorised Transaction,Distressed,Partial,1,Standard,Customer Service,Resolved,2025-10-31T23:50:50,2025-11-06T05:45:32,120,1,1,2,3,No,No,No,Full Refund,111.32,141.53,15.62,Yes,Valid
PFXC-001298,TXN-0011185,2025-03-02T03:33:38,Chat,Standard,2025-02-12T03:29:38,Card Purchase,144.89,Retail,Other,Frustrated,Missing,0,Standard,Customer Service,Resolved,2025-03-02T17:47:48,2025-03-09T03:03:24,120,0,2,4,3,No,Yes,No,Partial Refund,57.10,167.50,14.24,Yes,Valid
PFXC-001299,TXN-0010572,2025-07-05T10:13:00,Mobile,Standard,2025-05-11T10:33:00,Bank Transfer,42.02,Retail,Delayed Refund,Neutral,Complete,2,Standard,Payment Operations,Resolved,2025-07-06T07:30:09,2025-07-08T10:35:47,120,2,0,0,4,No,No,No,Full Refund,42.02,72.38,21.29,No,Valid
PFXC-001300,TXN-0000174,2025-10-31T02:25:50,Web,Assisted Digital,2025-10-15T16:57:50,Direct Debit,18.28,Cash Withdrawal,Duplicate Debit,Neutral,Partial,1,Low,Payment Operations,Resolved,2025-11-01T09:52:18,2025-11-03T00:23:01,168,2,1,4,3,No,Yes,No,Full Refund,18.28,69.95,31.44,No,Valid
PFXC-001301,TXN-0012233,2025-12-26T03:35:50,Mobile,Standard,2025-12-22T16:30:50,Card Purchase,14.20,Digital Services,Merchant Non-confirmation,Distressed,Partial,2,Standard,Technical Support,Rejected,2025-12-27T00:13:19,2025-12-31T12:06:34,120,1,1,5,2,No,Yes,No,No Refund,0.00,128.51,20.62,Yes,Valid
PFXC-001302,TXN-0010081,2026-03-30T07:57:40,Web,Standard,2026-03-22T16:26:40,Card Purchase,103.48,Utilities,Duplicate Debit,Neutral,Complete,3,Standard,Payment Operations,Resolved,2026-03-31T06:19:43,2026-04-02T16:58:28,120,1,0,1,2,No,No,No,Full Refund,103.48,81.01,22.37,No,Valid
PFXC-001303,TXN-0002738,2026-01-07T23:25:21,Call Centre,Standard,2025-12-28T13:59:21,Card Purchase,132.88,Utilities,Unauthorised Transaction,Frustrated,Partial,2,Standard,Customer Service,In Investigation,2026-01-09T02:40:51,,120,2,1,4,3,No,No,No,Pending,0.00,,27.26,No,Valid
PFXC-001304,TXN-0004822,2025-02-10T09:33:58,Call Centre,Vulnerable Support,2024-12-24T06:46:58,Card Purchase,13.91,Retail,Duplicate Debit,Frustrated,Complete,2,Standard,Payment Operations,Resolved,2025-02-11T13:02:49,2025-02-13T00:41:01,120,1,0,3,1,No,No,No,Full Refund,13.91,63.12,27.48,No,Valid
PFXC-001305,TXN-0004202,2025-05-14T06:45:28,Call Centre,Standard,2025-04-25T05:30:28,Card Purchase,86.44,Retail,Cash Withdrawal Dispute,Distressed,Complete,3,High,Customer Service,Cancelled,2025-05-14T09:05:24,2025-05-20T10:37:09,72,2,0,3,3,No,Yes,Yes,Customer Withdrawn,0.00,147.86,2.33,Yes,Valid
PFXC-001306,TXN-0002231,2026-05-28T01:11:16,Web,Standard,2026-04-04T08:17:16,Direct Debit,30.81,Utilities,Merchant Non-confirmation,Frustrated,Partial,1,Standard,Technical Support,Cancelled,2026-05-28T18:09:29,2026-06-02T19:42:04,120,1,0,1,3,No,Yes,No,Customer Withdrawn,0.00,138.51,16.97,Yes,Valid
PFXC-001307,TXN-0006789,2025-01-11T08:36:54,Call Centre,Standard,2024-12-12T22:53:54,Card Purchase,436.82,Retail,Merchant Non-confirmation,Distressed,Partial,2,Standard,Technical Support,Resolved,2025-01-12T05:30:33,2025-01-17T19:04:44,120,2,1,5,4,No,Yes,No,Partial Refund,260.79,154.46,20.89,Yes,Valid
PFXC-001308,TXN-0002160,2025-10-18T13:37:07,Mobile,Standard,2025-09-28T18:01:07,Direct Debit,108.79,Travel,Failed Payment,Neutral,Complete,4,Standard,Refund Approval,Resolved,2025-10-19T04:55:57,2025-10-20T03:43:16,120,0,0,0,1,No,No,No,Full Refund,108.79,38.10,15.31,No,Valid
PFXC-001309,TXN-0011930,2026-01-03T20:37:10,Mobile,Standard,2025-11-10T03:18:10,Wallet Payment,21.60,Digital Services,Unauthorised Transaction,Neutral,Complete,4,High,Customer Service,Resolved,2026-01-04T04:37:43,2026-01-06T18:47:25,72,0,0,1,3,No,No,No,Full Refund,21.60,70.17,8.01,No,Valid
PFXC-001310,TXN-0010190,2026-03-16T04:48:56,Mobile,Standard,2026-02-20T22:40:56,Direct Debit,38.31,Subscription,Delayed Refund,Distressed,Complete,2,Standard,Payment Operations,Resolved,2026-03-16T21:37:13,2026-03-21T21:00:20,120,1,0,2,2,No,No,No,Full Refund,38.31,136.19,16.80,Yes,Valid
PFXC-001311,TXN-0004836,2025-04-04T05:25:17,Web,Standard,2025-03-18T16:40:17,Wallet Payment,76.32,Utilities,Failed Payment,Neutral,Partial,1,Low,Technical Support,Resolved,2025-04-05T10:44:57,2025-04-07T12:22:44,168,2,1,2,3,No,No,No,Full Refund,76.32,78.96,29.33,No,Valid
PFXC-001312,TXN-0005139,2025-04-25T18:01:41,Call Centre,Standard,2025-03-22T00:26:41,Direct Debit,105.57,Travel,Delayed Refund,Frustrated,Complete,2,Standard,Payment Operations,Resolved,2025-04-26T18:56:40,2025-05-02T01:28:57,120,2,1,3,3,No,Yes,No,Full Refund,105.57,151.45,24.92,Yes,Valid
PFXC-001313,TXN-0010679,2025-04-21T09:45:47,Email,Standard,2025-02-22T14:42:47,Bank Transfer,90.63,Subscription,Subscription Dispute,Frustrated,Missing,0,Standard,Customer Service,Resolved,2025-04-22T02:33:43,2025-04-29T00:18:23,120,2,2,3,6,No,No,No,Full Refund,90.63,182.54,16.80,Yes,Valid
PFXC-001314,TXN-0002855,2026-01-30T18:44:22,Mobile,Standard,2025-12-02T16:53:22,Bank Transfer,36.85,Subscription,Other,Distressed,Partial,2,Standard,Customer Service,Resolved,2026-01-31T14:34:40,2026-02-05T00:32:48,120,0,2,3,4,No,Yes,No,Full Refund,36.85,125.81,19.84,Yes,Valid
PFXC-001315,TXN-0006028,2025-01-29T08:35:31,Mobile,Standard,2025-01-10T12:05:31,Card Purchase,50.71,Subscription,Unauthorised Transaction,Neutral,Complete,2,Low,Refund Approval,Resolved,2025-01-30T12:45:43,2025-02-03T10:57:28,168,2,0,0,3,No,No,No,Full Refund,50.71,122.37,28.17,No,Valid
PFXC-001316,TXN-0005394,2025-07-20T02:56:49,Call Centre,Standard,2025-06-25T19:57:49,Wallet Payment,7.93,Utilities,Incorrect Amount,Positive,Complete,2,Standard,Payment Operations,Resolved,2025-07-20T14:08:00,2025-07-23T04:36:00,120,1,0,1,2,No,No,No,Full Refund,7.93,73.65,11.19,No,Valid
PFXC-001317,TXN-0010437,2025-01-10T08:16:05,Email,Standard,2024-12-16T10:20:05,Card Purchase,38.34,Retail,Duplicate Debit,Neutral,Complete,3,Standard,Payment Operations,Rejected,2025-01-10T23:48:05,2025-01-13T03:46:11,120,1,0,0,1,No,No,No,No Refund,0.00,67.50,15.53,No,Valid
PFXC-001318,TXN-0007369,2026-04-20T07:21:05,Call Centre,Standard,2026-04-15T10:34:05,Card Purchase,23.50,Subscription,Delayed Refund,Frustrated,Complete,4,Standard,Fraud Review,Resolved,2026-04-21T02:20:12,2026-04-27T21:45:39,120,2,1,2,3,Yes,Yes,No,Full Refund,23.50,182.41,18.99,Yes,Valid
PFXC-001319,TXN-0003420,2025-12-26T20:46:56,Call Centre,Standard,2025-12-07T20:18:56,Card Purchase,89.29,Cash Withdrawal,Unauthorised Transaction,Distressed,Complete,4,High,Fraud Review,Resolved,2025-12-27T08:25:48,2026-01-03T03:18:17,72,3,0,2,2,Yes,No,No,Full Refund,89.29,174.52,11.65,Yes,Valid
PFXC-001320,TXN-0003045,2025-10-25T21:04:17,Web,Standard,2025-10-05T12:03:17,Wallet Payment,361.13,Retail,Duplicate Debit,Distressed,Partial,2,Standard,Payment Operations,Resolved,2025-10-26T11:53:15,2025-10-31T12:43:31,120,2,0,3,1,No,No,Yes,Full Refund,361.13,135.65,14.82,Yes,Valid
PFXC-001321,TXN-0009105,2025-11-30T15:17:05,Email,Standard,2025-10-06T01:15:05,Card Purchase,426.53,Digital Services,Duplicate Debit,Distressed,Complete,2,Standard,Payment Operations,Resolved,2025-12-01T12:22:12,2025-12-03T15:03:03,120,1,1,2,2,No,No,No,Full Refund,426.53,71.77,21.09,No,Valid
PFXC-001322,TXN-0004142,2026-02-21T20:29:23,Mobile,Standard,2026-01-31T16:29:23,Card Purchase,79.47,Subscription,Duplicate Debit,Frustrated,Partial,2,Standard,Payment Operations,Resolved,2026-02-22T18:16:11,2026-02-26T16:07:50,120,2,0,3,2,No,No,No,Full Refund,79.47,115.64,21.78,No,Valid
PFXC-001323,TXN-0007039,2025-06-06T02:34:35,Mobile,Standard,2025-04-11T06:35:35,Wallet Payment,41.94,Digital Services,Failed Payment,Frustrated,Missing,0,Standard,Technical Support,Rejected,2025-06-06T15:29:24,2025-06-11T00:31:42,120,2,1,2,4,No,No,No,No Refund,0.00,117.95,12.91,No,Valid
PFXC-001324,TXN-0007775,2026-02-05T11:51:58,Mobile,Standard,2026-01-04T19:56:58,Bank Transfer,34.89,Retail,Duplicate Debit,Neutral,Partial,1,Low,Payment Operations,Rejected,2026-02-06T23:01:44,2026-02-08T02:48:07,168,0,0,0,2,No,No,No,No Refund,0.00,62.94,35.16,No,Valid
PFXC-001325,TXN-0008883,2025-01-25T01:48:18,Web,Standard,2025-01-12T00:52:18,Wallet Payment,156.65,Other,Failed Payment,Neutral,Missing,0,Low,Technical Support,Resolved,2025-01-26T15:58:04,2025-01-31T15:00:02,168,0,3,2,4,No,No,No,Full Refund,156.65,157.20,38.16,No,Valid
PFXC-001326,TXN-0006740,2025-02-28T16:48:26,Mobile,Assisted Digital,2025-02-21T17:50:26,Card Purchase,171.61,Other,Incorrect Amount,Neutral,Partial,2,Standard,Payment Operations,Resolved,2025-03-01T16:33:26,2025-03-05T06:55:36,120,0,1,1,1,No,No,No,Partial Refund,77.24,110.12,23.75,No,Valid
PFXC-001327,TXN-0006279,2026-05-09T13:45:18,Web,Standard,2026-04-27T14:15:18,Card Purchase,110.94,Travel,Delayed Refund,Frustrated,Missing,0,Standard,Refund Approval,Resolved,2026-05-10T12:36:24,2026-05-16T11:44:01,120,0,2,2,4,No,No,No,Full Refund,110.94,165.98,22.85,Yes,Valid
PFXC-001328,TXN-0003448,2025-11-30T02:35:24,Web,Standard,2025-11-26T10:00:24,Wallet Payment,147.46,Digital Services,Merchant Non-confirmation,Distressed,Partial,1,Standard,Technical Support,Rejected,2025-11-30T22:58:20,2025-12-05T18:36:21,120,0,0,2,3,No,Yes,No,No Refund,0.00,136.02,20.38,Yes,Valid
PFXC-001329,TXN-0002010,2025-03-12T17:05:18,Mobile,Standard,2025-02-08T11:20:18,Card Purchase,114.18,Travel,Delayed Refund,Frustrated,Complete,4,Low,Fraud Review,Awaiting Evidence,2025-03-13T14:58:21,,168,2,0,2,2,Yes,No,No,Pending,0.00,,21.88,No,Valid
PFXC-001330,TXN-0005212,2025-01-22T18:35:53,Call Centre,Standard,2024-11-29T02:00:53,Wallet Payment,124.16,Retail,Merchant Non-confirmation,Frustrated,Complete,2,Standard,Fraud Review,Resolved,2025-01-23T09:38:31,2025-01-29T09:05:42,120,3,0,2,3,Yes,No,Yes,Full Refund,124.16,158.50,15.04,Yes,Valid
PFXC-001331,TXN-0006747,2025-05-19T01:35:54,Mobile,Standard,2025-04-16T10:13:54,Card Purchase,29.47,Travel,Incorrect Amount,Distressed,Complete,3,Standard,Payment Operations,Resolved,2025-05-19T19:50:49,2025-05-24T18:43:42,120,2,0,3,1,No,Yes,No,Full Refund,29.47,137.13,18.25,Yes,Valid
PFXC-001332,TXN-0002057,2026-01-16T22:50:50,Web,Standard,2025-11-20T15:49:50,Card Purchase,95.86,Digital Services,Other,Neutral,Complete,2,Standard,Customer Service,Rejected,2026-01-17T13:27:49,2026-01-21T02:16:50,120,1,0,1,1,No,No,No,No Refund,0.00,99.43,14.62,No,Valid
PFXC-001333,TXN-0002649,2025-11-23T17:06:43,Email,Assisted Digital,2025-10-06T01:23:43,Bank Transfer,311.37,Subscription,Delayed Refund,Frustrated,Partial,1,Standard,Payment Operations,Resolved,2025-11-24T11:30:08,2025-11-29T02:27:06,120,1,1,2,2,No,Yes,No,Full Refund,311.37,129.34,18.39,Yes,Valid
PFXC-001334,TXN-0007516,2025-09-16T07:07:05,Mobile,Standard,2025-09-03T08:13:05,Cash Withdrawal,65.16,Retail,Delayed Refund,Neutral,Complete,2,Standard,Payment Operations,Awaiting Evidence,2025-09-16T22:28:13,,120,2,0,1,3,No,Yes,No,Pending,0.00,,15.35,No,Valid
PFXC-001335,TXN-0003395,2025-03-29T12:51:39,Mobile,Standard,2025-03-19T11:42:39,Card Purchase,120.11,Retail,Failed Payment,Frustrated,Complete,3,Standard,Technical Support,Rejected,2025-03-30T13:15:04,2025-04-04T01:17:05,120,1,1,2,2,No,No,No,No Refund,0.00,132.42,24.39,Yes,Valid
PFXC-001336,TXN-0000114,2026-04-28T11:58:40,Web,Standard,2026-03-10T00:54:40,Card Purchase,146.37,Other,Duplicate Debit,Frustrated,Complete,3,Low,Payment Operations,Resolved,2026-04-29T22:55:50,2026-05-03T23:28:06,168,2,1,2,5,No,Yes,Yes,Partial Refund,89.01,131.49,34.95,No,Valid
PFXC-001337,TXN-0000036,2025-03-13T03:05:06,Mobile,Standard,2025-01-11T10:29:06,Bank Transfer,106.30,Travel,Failed Payment,Distressed,Complete,2,Standard,Technical Support,Rejected,2025-03-13T15:16:02,2025-03-15T23:17:48,120,2,0,2,3,No,No,No,No Refund,0.00,68.21,12.18,No,Valid
PFXC-001338,TXN-0009571,2025-01-04T10:09:06,Web,Standard,2024-12-26T23:03:06,Card Purchase,38.99,Digital Services,Other,Frustrated,Partial,1,Low,Customer Service,Resolved,2025-01-05T15:26:28,2025-01-10T03:28:16,168,1,1,3,1,No,No,No,Full Refund,38.99,137.32,29.29,No,Valid
PFXC-001339,TXN-0007057,2025-03-23T09:30:25,Call Centre,Standard,2025-03-05T02:15:25,Card Purchase,60.23,Travel,Incorrect Amount,Frustrated,Partial,2,Standard,Payment Operations,Resolved,2025-03-24T05:25:15,2025-03-27T10:03:51,120,1,1,2,1,No,No,No,Partial Refund,26.57,96.56,19.91,No,Valid
PFXC-001340,TXN-0005698,2026-03-29T11:57:39,Web,Standard,2026-01-29T23:55:39,Card Purchase,146.00,Digital Services,Failed Payment,Neutral,Partial,2,Standard,Technical Support,Resolved,2026-03-30T04:06:32,2026-04-02T23:25:27,120,0,1,2,2,No,No,No,Full Refund,146.00,107.46,16.15,No,Valid
PFXC-001341,TXN-0012070,2025-03-07T18:28:03,Call Centre,Standard,2025-02-22T11:16:03,Direct Debit,97.56,Subscription,Delayed Refund,Positive,Complete,3,Low,Payment Operations,Resolved,2025-03-08T20:42:33,2025-03-10T09:06:22,168,2,0,1,2,No,No,No,Partial Refund,48.62,62.64,26.24,No,Valid
PFXC-001342,TXN-0009878,2026-05-04T08:25:55,Chat,Standard,2026-04-03T04:34:55,Card Purchase,68.31,Subscription,Merchant Non-confirmation,Neutral,Complete,4,Standard,Technical Support,Pending Merchant,2026-05-05T00:58:58,,120,1,0,1,2,No,No,No,Pending,0.00,,16.55,No,Valid
PFXC-001343,TXN-0010908,2026-03-08T20:42:00,Mobile,Standard,2026-02-07T23:53:00,Wallet Payment,66.74,Travel,Cash Withdrawal Dispute,Neutral,Complete,3,Standard,Customer Service,Cancelled,2026-03-09T12:15:37,2026-03-13T07:37:19,120,0,1,1,2,No,No,No,Customer Withdrawn,0.00,106.92,15.56,No,Valid
PFXC-001344,TXN-0009248,2026-04-21T02:16:41,Mobile,Standard,2026-02-22T02:19:41,Card Purchase,13.04,Subscription,Unauthorised Transaction,Neutral,Complete,3,Low,Fraud Review,Resolved,2026-04-22T13:24:39,2026-04-27T22:09:48,168,2,0,1,3,Yes,No,No,Fraud Referral,0.00,163.89,35.13,No,Valid
PFXC-001345,TXN-0006268,2025-04-18T18:47:16,Call Centre,Standard,2025-02-23T07:19:16,Bank Transfer,150.06,Other,Subscription Dispute,Frustrated,Complete,4,Standard,Customer Service,Resolved,2025-04-19T15:53:48,2025-04-24T15:08:26,120,3,0,4,0,No,Yes,Yes,Full Refund,150.06,140.35,21.11,Yes,Valid
PFXC-001346,TXN-0002331,2025-06-05T20:37:29,Mobile,Standard,2025-04-21T07:01:29,Card Purchase,78.91,Cash Withdrawal,Failed Payment,Frustrated,Complete,4,Standard,Complaints,Cancelled,2025-06-06T13:37:37,2025-06-08T17:40:01,120,2,0,2,3,No,No,Yes,Customer Withdrawn,0.00,69.04,17.00,No,Valid
PFXC-001347,TXN-0011810,2026-01-03T06:07:46,Web,Standard,2025-11-17T21:10:46,Bank Transfer,13.29,Digital Services,Duplicate Debit,Positive,Partial,2,Low,Payment Operations,Awaiting Evidence,2026-01-04T15:32:25,,168,2,1,1,3,No,No,No,Pending,0.00,,33.41,No,Valid
PFXC-001348,TXN-0005088,2025-05-05T14:31:42,Mobile,Standard,2025-04-28T15:23:42,Direct Debit,63.68,Subscription,Failed Payment,Frustrated,Complete,2,Standard,Technical Support,Rejected,2025-05-06T08:07:02,2025-05-06T17:39:51,120,1,0,2,1,No,No,No,No Refund,0.00,27.14,17.59,No,Valid
PFXC-001349,TXN-0009533,2026-03-18T20:41:01,Chat,Standard,2026-02-04T16:04:01,Bank Transfer,54.56,Other,Unauthorised Transaction,Frustrated,Complete,2,Standard,Fraud Review,Awaiting Evidence,2026-03-19T14:41:43,,120,2,1,2,3,Yes,No,No,Pending,0.00,,18.01,No,Valid
PFXC-001350,TXN-0011932,2025-09-21T04:34:34,Web,Standard,2025-09-08T03:08:34,Bank Transfer,302.72,Subscription,Duplicate Debit,Positive,Complete,2,Standard,Payment Operations,Resolved,2025-09-21T22:36:31,2025-09-22T23:34:48,120,1,0,1,2,No,Yes,No,Full Refund,302.72,43.00,18.03,No,Valid
PFXC-001351,TXN-0010438,2025-08-06T03:42:11,Web,Standard,2025-07-10T19:31:11,Bank Transfer,26.51,Subscription,Delayed Refund,Frustrated,Complete,3,Standard,Payment Operations,Resolved,2025-08-06T20:07:37,2025-08-11T17:27:21,120,2,0,4,3,No,Yes,No,Full Refund,26.51,133.75,16.42,Yes,Valid
PFXC-001352,TXN-0004758,2025-04-26T23:17:31,Call Centre,Standard,2025-04-04T18:06:31,Bank Transfer,22.03,Digital Services,Duplicate Debit,Frustrated,Complete,2,Low,Payment Operations,Resolved,2025-04-28T03:03:22,2025-04-29T02:46:47,168,2,0,2,2,No,No,No,Full Refund,22.03,51.49,27.76,No,Valid
PFXC-001353,TXN-0002548,2026-03-27T07:45:44,Mobile,Standard,2026-03-02T05:33:44,Card Purchase,30.04,Cash Withdrawal,Merchant Non-confirmation,Frustrated,Complete,3,Standard,Fraud Review,Resolved,2026-03-28T01:52:22,2026-04-04T07:09:16,120,4,0,2,2,Yes,No,No,Full Refund,30.04,191.39,18.11,Yes,Valid
PFXC-001354,TXN-0010139,2025-10-20T19:09:05,Email,Standard,2025-10-15T17:13:05,Cash Withdrawal,38.70,Travel,Delayed Refund,Frustrated,Complete,4,Standard,Payment Operations,Resolved,2025-10-21T21:41:01,2025-10-26T00:31:36,120,2,0,3,3,No,No,Yes,Full Refund,38.70,125.38,26.53,Yes,Valid
PFXC-001355,TXN-0009651,2025-04-13T18:07:02,Mobile,Standard,2025-04-05T15:53:02,Direct Debit,80.48,Subscription,Duplicate Debit,Frustrated,Complete,3,Standard,Payment Operations,Cancelled,2025-04-14T10:33:24,2025-04-14T22:05:26,120,1,0,2,3,No,No,No,Duplicate Case,0.00,27.97,16.44,No,Valid
PFXC-001356,TXN-0002089,2026-03-04T00:49:24,Web,Assisted Digital,2026-01-14T10:54:24,Cash Withdrawal,82.05,Retail,Duplicate Debit,Neutral,Partial,2,Low,Payment Operations,Resolved,2026-03-05T11:35:32,2026-03-06T21:59:43,168,1,1,1,1,No,No,No,Partial Refund,32.57,69.17,34.77,No,Valid
PFXC-001357,TXN-0010774,2025-04-18T03:55:35,Mobile,Assisted Digital,2025-03-20T10:52:35,Card Purchase,101.80,Travel,Other,Neutral,Complete,4,Standard,Fraud Review,In Investigation,2025-04-18T22:25:45,,120,3,1,1,5,Yes,No,No,Pending,0.00,,18.50,No,Valid
PFXC-001358,TXN-0002635,2025-10-26T12:43:35,Email,Assisted Digital,2025-09-08T01:46:35,Bank Transfer,21.44,Other,Failed Payment,Frustrated,Complete,3,Standard,Fraud Review,Rejected,2025-10-27T11:42:04,2025-10-31T01:29:31,120,2,1,2,3,Yes,No,Yes,No Refund,0.00,108.77,22.97,No,Valid
PFXC-001359,TXN-0012037,2025-02-09T06:58:05,Mobile,Standard,2024-12-22T02:30:05,Card Purchase,82.58,Other,Merchant Non-confirmation,Frustrated,Partial,1,Standard,Technical Support,Resolved,2025-02-10T02:27:45,2025-02-17T06:21:49,120,3,2,6,4,No,No,No,Full Refund,82.58,191.40,19.49,Yes,Valid
PFXC-001360,TXN-0008790,2025-10-01T17:58:06,Call Centre,Standard,2025-09-30T01:33:06,Card Purchase,26.83,Digital Services,Failed Payment,Frustrated,Complete,2,Low,Fraud Review,Rejected,2025-10-02T14:00:31,2025-10-07T11:36:37,168,2,0,1,3,Yes,No,No,No Refund,0.00,137.64,20.04,No,Valid
PFXC-001361,TXN-0003764,2025-02-15T20:05:21,Web,Standard,2025-02-02T12:53:21,Direct Debit,66.39,Retail,Failed Payment,Frustrated,Complete,3,Low,Technical Support,Resolved,2025-02-17T10:38:29,2025-02-19T16:17:31,168,0,1,2,2,No,No,No,Full Refund,66.39,92.20,38.55,No,Valid
PFXC-001362,TXN-0010282,2026-02-11T03:17:25,Chat,Standard,2025-12-21T00:06:25,Card Purchase,35.36,Other,Unauthorised Transaction,Frustrated,Partial,1,Standard,Fraud Review,Rejected,2026-02-11T19:25:27,2026-02-20T01:41:35,120,4,1,3,4,Yes,No,No,No Refund,0.00,214.40,16.13,Yes,Valid
PFXC-001363,TXN-0010460,2025-04-09T19:21:08,Web,Standard,2025-03-11T18:34:08,Card Purchase,154.88,Retail,Unauthorised Transaction,Frustrated,Partial,1,High,Fraud Review,In Triage,2025-04-10T08:26:51,,72,3,0,2,3,Yes,No,Yes,Pending,0.00,,13.10,No,Valid
PFXC-001364,TXN-0004505,2026-01-11T02:36:33,Email,Standard,2025-12-15T04:54:33,Card Purchase,34.56,Other,Failed Payment,Frustrated,Partial,2,Standard,Technical Support,Resolved,2026-01-11T16:28:31,2026-01-16T03:47:23,120,0,0,2,3,No,No,No,Full Refund,34.56,121.18,13.87,Yes,Valid
PFXC-001365,TXN-0007816,2025-02-17T04:22:00,Web,Standard,2025-02-14T01:59:00,Direct Debit,254.18,Subscription,Merchant Non-confirmation,Positive,Complete,4,Standard,Technical Support,Cancelled,2025-02-18T00:57:17,2025-02-22T02:31:31,120,1,0,1,3,No,No,No,Customer Withdrawn,0.00,118.16,20.59,No,Valid
PFXC-001366,TXN-0010710,2025-05-29T15:22:34,Call Centre,Standard,2025-04-22T14:44:34,Wallet Payment,10.31,Retail,Merchant Non-confirmation,Frustrated,Partial,1,Low,Technical Support,Resolved,2025-05-30T18:52:28,2025-06-04T10:45:28,168,1,0,1,1,No,Yes,Yes,Full Refund,10.31,139.38,27.50,No,Valid
PFXC-001367,TXN-0001839,2026-05-12T06:19:17,Mobile,Standard,2026-04-18T11:27:17,Direct Debit,96.51,Digital Services,Unauthorised Transaction,Frustrated,Partial,1,High,Customer Service,Resolved,2026-05-13T04:04:25,2026-05-17T17:04:24,72,1,1,3,1,No,No,No,Full Refund,96.51,130.75,21.75,Yes,Valid
PFXC-001368,TXN-0009186,2025-03-13T10:03:44,Mobile,Standard,2025-02-09T16:34:44,Bank Transfer,43.40,Digital Services,Cash Withdrawal Dispute,Distressed,Partial,1,Standard,Refund Approval,Resolved,2025-03-14T01:56:14,2025-03-19T03:02:21,120,3,1,2,4,No,No,No,Full Refund,43.40,136.98,15.88,Yes,Valid
PFXC-001369,TXN-0011519,2025-12-18T13:43:59,Mobile,Standard,2025-12-14T04:53:59,Card Purchase,130.71,Digital Services,Merchant Non-confirmation,Frustrated,Missing,0,Low,Technical Support,Rejected,2025-12-19T20:52:08,2025-12-25T17:43:42,168,1,1,3,3,No,No,No,No Refund,0.00,172.00,31.14,Yes,Valid
PFXC-001370,TXN-0006659,2025-09-24T14:40:21,Mobile,Standard,2025-09-13T20:08:21,Direct Debit,133.83,Utilities,Unauthorised Transaction,Frustrated,Partial,2,High,Customer Service,Rejected,2025-09-24T21:15:55,2025-09-29T14:04:52,72,1,2,2,2,No,No,No,No Refund,0.00,119.41,6.59,Yes,Valid
PFXC-001371,TXN-0002024,2025-02-24T04:02:06,Email,Standard,2025-02-11T05:24:06,Wallet Payment,89.13,Utilities,Subscription Dispute,Neutral,Complete,2,Low,Customer Service,Resolved,2025-02-25T10:36:37,2025-02-26T16:06:32,168,0,1,1,3,No,No,No,Partial Refund,29.91,60.07,30.58,No,Valid
PFXC-001372,TXN-0006675,2025-06-26T13:39:31,Chat,Assisted Digital,2025-05-04T19:13:31,Card Purchase,97.44,Retail,Duplicate Debit,Neutral,Complete,2,Standard,Refund Approval,Resolved,2025-06-27T12:01:38,2025-06-28T23:33:26,120,1,0,1,5,No,No,No,Full Refund,97.44,57.90,22.37,No,Valid
PFXC-001373,TXN-0005880,2025-07-08T21:35:07,Mobile,Standard,2025-05-29T11:34:07,Direct Debit,22.41,Retail,Unauthorised Transaction,Frustrated,Complete,3,Low,Customer Service,Rejected,2025-07-10T01:20:19,2025-07-14T23:08:10,168,2,1,2,5,No,No,No,No Refund,0.00,145.55,27.75,No,Valid
PFXC-001374,TXN-0003722,2026-01-13T03:28:03,Mobile,Standard,2025-11-15T07:45:03,Card Purchase,322.27,Utilities,Unauthorised Transaction,Frustrated,Missing,0,High,Customer Service,Resolved,2026-01-13T10:10:46,2026-01-19T11:35:01,72,1,0,2,3,No,No,No,Fraud Referral,0.00,152.12,6.71,Yes,Valid
PFXC-001375,TXN-0009439,2025-01-10T12:45:22,Chat,Standard,2025-01-03T14:29:22,Card Purchase,32.66,Cash Withdrawal,Subscription Dispute,Distressed,Partial,2,Low,Customer Service,Rejected,2025-01-11T16:39:08,2025-01-19T09:26:59,168,2,1,4,2,No,No,No,No Refund,0.00,212.69,27.90,Yes,Valid
PFXC-001376,TXN-0007241,2026-01-31T06:24:32,Web,Standard,2025-12-02T17:40:32,Direct Debit,8.96,Subscription,Duplicate Debit,Positive,Complete,3,Standard,Payment Operations,Resolved,2026-02-01T01:48:54,2026-02-01T08:43:23,120,0,0,0,3,No,No,No,Full Refund,8.96,26.31,19.41,No,Valid
PFXC-001377,TXN-0005378,2026-04-25T06:07:09,Web,Assisted Digital,2026-04-21T07:08:09,Card Purchase,35.74,Utilities,Merchant Non-confirmation,Frustrated,Complete,3,Low,Technical Support,Rejected,2026-04-26T06:51:56,2026-04-30T23:55:43,168,1,0,3,5,No,Yes,No,No Refund,0.00,137.81,24.75,No,Valid
PFXC-001378,TXN-0001947,2025-09-07T04:59:37,Web,Standard,2025-08-03T17:50:37,Wallet Payment,24.23,Digital Services,Delayed Refund,Neutral,Complete,3,Low,Payment Operations,Resolved,2025-09-08T13:35:31,2025-09-09T22:15:42,168,1,0,1,2,No,No,No,Partial Refund,6.66,65.27,32.60,No,Valid
PFXC-001379,TXN-0002370,2025-10-16T19:55:21,Mobile,Standard,2025-09-14T03:54:21,Card Purchase,163.46,Digital Services,Merchant Non-confirmation,Frustrated,Complete,2,Standard,Technical Support,Rejected,2025-10-17T13:10:42,2025-10-21T05:51:53,120,2,0,3,1,No,No,Yes,No Refund,0.00,105.94,17.26,No,Valid
PFXC-001380,TXN-0005698,2025-08-05T21:35:48,Call Centre,Standard,2025-07-20T20:29:48,Card Purchase,23.24,Retail,Failed Payment,Neutral,Partial,1,Low,Refund Approval,Resolved,2025-08-07T00:15:46,2025-08-12T04:43:40,168,1,0,0,2,No,No,No,Full Refund,23.24,151.13,26.67,No,Valid
PFXC-001381,TXN-0006923,2025-12-28T01:29:59,Web,Standard,2025-10-29T02:36:59,Bank Transfer,30.13,Subscription,Duplicate Debit,Distressed,Partial,2,Standard,Payment Operations,Rejected,2025-12-28T20:21:02,2026-01-01T04:19:31,120,0,2,2,1,No,Yes,Yes,No Refund,0.00,98.83,18.85,No,Valid
PFXC-001382,TXN-0010895,2026-03-31T17:42:30,Web,Standard,2026-02-07T15:42:30,Card Purchase,150.43,Cash Withdrawal,Duplicate Debit,Frustrated,Partial,2,Standard,Fraud Review,Resolved,2026-04-01T14:38:59,2026-04-06T23:41:52,120,3,1,3,2,Yes,Yes,No,Full Refund,150.43,149.99,20.94,Yes,Valid
PFXC-001383,TXN-0005645,2026-03-07T21:26:12,Mobile,Standard,2026-02-16T14:59:12,Wallet Payment,456.33,Digital Services,Merchant Non-confirmation,Frustrated,Partial,2,Standard,Technical Support,Resolved,2026-03-08T22:39:49,2026-03-14T03:30:23,120,2,2,3,2,No,Yes,No,Full Refund,456.33,150.07,25.23,Yes,Valid
PFXC-001384,TXN-0008817,2025-10-28T03:34:02,Chat,Standard,2025-10-14T04:29:02,Card Purchase,151.50,Other,Delayed Refund,Distressed,Partial,2,Standard,Payment Operations,Rejected,2025-10-29T00:38:10,2025-11-03T05:08:23,120,0,1,3,6,No,No,Yes,No Refund,0.00,145.57,21.07,Yes,Valid
PFXC-001385,TXN-0005109,2025-11-13T04:04:19,Mobile,Standard,2025-11-11T09:45:19,Card Purchase,91.29,Retail,Cash Withdrawal Dispute,Distressed,Partial,1,Standard,Customer Service,Rejected,2025-11-13T22:55:28,2025-11-19T01:00:57,120,1,0,2,2,No,Yes,Yes,No Refund,0.00,140.94,18.85,Yes,Valid
PFXC-001386,TXN-0003899,2025-11-29T23:49:55,Web,Standard,2025-11-14T03:21:55,Card Purchase,12.03,Subscription,Incorrect Amount,Frustrated,Missing,0,Standard,Payment Operations,Rejected,2025-11-30T12:17:42,2025-12-06T11:00:18,120,2,1,5,2,No,No,No,No Refund,0.00,155.17,12.46,Yes,Valid
PFXC-001387,TXN-0000293,2025-01-03T16:59:09,Email,Standard,2024-11-19T23:26:09,Card Purchase,229.94,Cash Withdrawal,Subscription Dispute,Frustrated,Complete,4,Standard,Customer Service,Resolved,2025-01-04T06:03:06,2025-01-07T20:02:48,120,1,0,2,4,No,No,No,Full Refund,229.94,99.06,13.07,No,Valid
PFXC-001388,TXN-0009375,2025-10-03T07:00:54,Mobile,Standard,2025-08-17T00:50:54,Bank Transfer,184.61,Retail,Incorrect Amount,Distressed,Partial,2,Standard,Payment Operations,Rejected,2025-10-04T04:35:13,2025-10-08T09:44:19,120,3,1,4,3,No,Yes,No,No Refund,0.00,122.72,21.57,Yes,Valid
PFXC-001389,TXN-0004052,2026-05-02T23:05:20,Web,Standard,2026-04-30T00:58:20,Direct Debit,130.55,Travel,Failed Payment,Positive,Complete,4,Standard,Technical Support,In Triage,2026-05-03T19:25:20,,120,0,0,1,1,No,No,No,Pending,0.00,,20.33,No,Valid
PFXC-001390,TXN-0001440,2025-04-29T20:46:07,Mobile,Standard,2025-03-06T16:58:07,Card Purchase,19.39,Retail,Other,Frustrated,Partial,2,Standard,Fraud Review,Pending Customer,2025-04-30T08:57:46,,120,4,1,3,2,Yes,Yes,No,Pending,0.00,,12.19,No,Valid
PFXC-001391,TXN-0001444,2025-03-01T20:58:15,Mobile,Assisted Digital,2025-01-29T18:45:15,Direct Debit,15.67,Digital Services,Failed Payment,Positive,Partial,1,Standard,Technical Support,Rejected,2025-03-03T01:29:05,2025-03-05T19:29:47,120,2,0,1,2,No,No,No,No Refund,0.00,94.53,28.51,No,Valid
PFXC-001392,TXN-0010952,2025-08-07T21:35:52,Call Centre,Standard,2025-07-01T23:51:52,Bank Transfer,124.44,Travel,Unauthorised Transaction,Frustrated,Complete,3,Standard,Customer Service,Resolved,2025-08-08T20:56:39,2025-08-13T08:39:09,120,3,0,3,4,No,No,No,Full Refund,124.44,131.05,23.35,Yes,Valid
PFXC-001393,TXN-0009492,2025-02-07T04:23:16,Chat,Standard,2024-12-16T14:52:16,Card Purchase,172.03,Cash Withdrawal,Delayed Refund,Frustrated,Complete,3,Low,Fraud Review,Resolved,2025-02-08T12:13:53,2025-02-14T04:42:27,168,2,0,4,3,Yes,Yes,No,Fraud Referral,0.00,168.32,31.84,Yes,Valid
PFXC-001394,TXN-0005773,2026-01-01T16:31:17,Mobile,Standard,2025-11-02T10:58:17,Card Purchase,39.85,Utilities,Failed Payment,Frustrated,Partial,2,Standard,Complaints,Rejected,2026-01-02T21:02:16,2026-01-05T06:56:06,120,3,1,3,1,No,No,Yes,No Refund,0.00,86.41,28.52,No,Valid
PFXC-001395,TXN-0004999,2025-09-14T08:15:56,Email,Standard,2025-07-19T16:28:56,Wallet Payment,47.41,Travel,Failed Payment,Neutral,Complete,3,Standard,Technical Support,Resolved,2025-09-15T03:57:33,2025-09-16T22:12:18,120,2,0,0,1,No,No,No,Full Refund,47.41,61.94,19.69,No,Valid
PFXC-001396,TXN-0007417,2025-09-20T16:32:37,Mobile,Standard,2025-07-22T17:21:37,Direct Debit,50.53,Subscription,Subscription Dispute,Frustrated,Partial,2,Standard,Customer Service,Pending Approval,2025-09-21T02:29:48,,120,4,1,3,2,No,No,No,Pending,0.00,,9.95,No,Valid
PFXC-001397,TXN-0009596,2025-07-11T05:00:31,Chat,Vulnerable Support,2025-05-26T04:06:31,Bank Transfer,57.81,Utilities,Merchant Non-confirmation,Positive,Complete,2,Standard,Refund Approval,Resolved,2025-07-12T02:46:45,2025-07-14T17:50:31,120,1,1,1,3,No,No,Yes,Full Refund,57.81,84.83,21.77,No,Valid
PFXC-001398,TXN-0005605,2025-07-23T08:49:31,Call Centre,Standard,2025-07-08T05:41:31,Bank Transfer,26.86,Retail,Delayed Refund,Distressed,Partial,1,Low,Payment Operations,Resolved,2025-07-24T17:29:00,2025-07-29T01:16:58,168,1,1,2,1,No,No,No,Full Refund,26.86,136.46,32.66,No,Valid
PFXC-001399,TXN-0000478,2026-03-20T08:44:31,Mobile,Standard,2026-03-10T16:44:31,Bank Transfer,38.75,Travel,Duplicate Debit,Frustrated,Missing,0,Low,Refund Approval,Resolved,2026-03-21T11:30:03,2026-03-26T09:17:08,168,1,2,1,3,No,No,No,Partial Refund,14.43,144.54,26.76,No,Valid
PFXC-001400,TXN-0009754,2026-04-03T10:37:09,Mobile,Standard,2026-03-24T00:25:09,Card Purchase,34.80,Cash Withdrawal,Subscription Dispute,Frustrated,Missing,0,Standard,Customer Service,Resolved,2026-04-03T21:33:37,2026-04-10T05:38:27,120,1,1,3,3,No,No,Yes,Full Refund,34.80,163.02,10.94,Yes,Valid
PFXC-001401,TXN-0008834,2025-08-23T17:54:33,Call Centre,Standard,2025-07-19T21:55:33,Card Purchase,465.37,Digital Services,Failed Payment,Neutral,Complete,3,Standard,Technical Support,Rejected,2025-08-24T21:34:29,2025-08-27T15:17:20,120,1,0,1,1,No,No,No,No Refund,0.00,93.38,27.67,No,Valid
PFXC-001402,TXN-0000247,2025-01-07T06:31:19,Web,Standard,2024-12-31T05:37:19,Wallet Payment,64.98,Utilities,Cash Withdrawal Dispute,Distressed,Complete,3,Standard,Customer Service,Resolved,2025-01-08T02:00:59,2025-01-12T08:54:03,120,2,0,3,3,No,Yes,Yes,Full Refund,64.98,122.38,19.49,Yes,Valid
PFXC-001403,TXN-0010609,2025-07-22T21:52:53,Web,Standard,2025-07-14T04:42:53,Bank Transfer,41.74,Retail,Delayed Refund,Neutral,Missing,0,Low,Payment Operations,In Investigation,2025-07-23T19:59:13,,168,0,0,0,1,No,No,No,Pending,0.00,,22.11,No,Valid
PFXC-001404,TXN-0003063,2025-10-13T22:28:27,Chat,Standard,2025-10-04T03:49:27,Direct Debit,31.04,Retail,Cash Withdrawal Dispute,Frustrated,Complete,3,High,Fraud Review,Resolved,2025-10-14T06:39:21,2025-10-21T17:57:15,72,3,1,3,2,Yes,No,Yes,Full Refund,31.04,187.48,8.18,Yes,Valid
PFXC-001405,TXN-0007881,2025-02-03T08:20:25,Email,Standard,2025-01-20T07:52:25,Bank Transfer,38.38,Retail,Unauthorised Transaction,Distressed,Missing,0,High,Fraud Review,Resolved,2025-02-03T16:20:03,2025-02-12T07:46:25,72,2,0,3,2,Yes,No,No,Fraud Referral,0.00,215.43,7.99,Yes,Valid
PFXC-001406,TXN-0001326,2025-12-05T04:58:06,Mobile,Assisted Digital,2025-10-27T00:19:06,Card Purchase,149.63,Utilities,Merchant Non-confirmation,Neutral,Complete,3,Standard,Technical Support,Resolved,2025-12-05T16:01:03,2025-12-10T03:19:57,120,2,0,2,4,No,No,No,Full Refund,149.63,118.36,11.05,No,Valid
PFXC-001407,TXN-0004177,2026-06-25T00:33:15,Chat,Standard,2026-05-23T11:51:15,Card Purchase,146.91,Retail,Failed Payment,Frustrated,Complete,2,Low,Refund Approval,Resolved,2026-06-26T08:49:05,2026-06-29T19:32:45,168,2,1,3,3,No,No,No,Full Refund,146.91,114.99,32.26,No,Valid
PFXC-001408,TXN-0010903,2025-07-14T11:48:37,Call Centre,Standard,2025-07-01T08:23:37,Card Purchase,99.73,Retail,Cash Withdrawal Dispute,Distressed,Complete,4,Standard,Fraud Review,Resolved,2025-07-14T23:29:58,2025-07-22T12:27:20,120,3,0,3,3,Yes,No,No,Full Refund,99.73,192.65,11.69,Yes,Valid
PFXC-001409,TXN-0002359,2025-08-02T17:25:45,Email,Standard,2025-06-08T04:38:45,Card Purchase,254.15,Utilities,Unauthorised Transaction,Distressed,Complete,4,High,Fraud Review,Resolved,2025-08-03T01:20:54,2025-08-11T14:10:39,72,4,0,3,3,Yes,Yes,No,Fraud Referral,0.00,212.75,7.92,Yes,Valid
PFXC-001410,TXN-0000193,2026-02-07T12:41:56,Web,Standard,2025-12-23T23:18:56,Card Purchase,353.02,Retail,Delayed Refund,Frustrated,Partial,1,Standard,Payment Operations,Rejected,2026-02-08T04:06:00,2026-02-11T10:39:25,120,1,1,2,2,No,No,No,No Refund,0.00,93.96,15.40,No,Valid
PFXC-001411,TXN-0000152,2025-12-24T15:42:36,Email,Standard,2025-12-09T02:19:36,Card Purchase,20.20,Retail,Delayed Refund,Neutral,Complete,3,Low,Payment Operations,Pending Merchant,2025-12-25T19:55:06,,168,2,1,2,3,No,Yes,No,Pending,0.00,,28.21,No,Valid
PFXC-001412,TXN-0001030,2026-04-09T21:14:52,Call Centre,Standard,2026-02-15T01:47:52,Cash Withdrawal,72.43,Other,Subscription Dispute,Frustrated,Complete,3,Standard,Customer Service,Rejected,2026-04-10T11:41:14,2026-04-13T06:15:10,120,0,1,2,2,No,No,No,No Refund,0.00,81.01,14.44,No,Valid
PFXC-001413,TXN-0001049,2025-01-18T10:30:20,Mobile,Assisted Digital,2024-11-18T19:47:20,Card Purchase,83.32,Travel,Delayed Refund,Distressed,Complete,2,Standard,Payment Operations,Rejected,2025-01-19T06:47:34,2025-01-24T00:05:06,120,3,2,5,3,No,Yes,No,No Refund,0.00,133.58,20.29,Yes,Valid
PFXC-001414,TXN-0011104,2025-06-26T01:07:58,Web,Standard,2025-06-05T15:16:58,Card Purchase,12.70,Digital Services,Delayed Refund,Frustrated,Complete,3,Standard,Complaints,Rejected,2025-06-26T20:58:35,2025-07-01T22:11:30,120,1,0,3,3,No,No,Yes,No Refund,0.00,141.06,19.84,Yes,Valid
PFXC-001415,TXN-0003666,2026-01-20T10:20:12,Web,Standard,2025-12-25T00:44:12,Wallet Payment,23.65,Utilities,Other,Distressed,Partial,1,Standard,Customer Service,Rejected,2026-01-21T03:14:09,2026-01-26T19:05:09,120,2,1,3,3,No,No,No,No Refund,0.00,152.75,16.90,Yes,Valid
PFXC-001416,TXN-0001662,2025-04-09T17:11:22,Email,Standard,2025-02-08T17:38:22,Wallet Payment,173.32,Retail,Cash Withdrawal Dispute,Frustrated,Partial,2,High,Customer Service,Rejected,2025-04-09T18:46:52,2025-04-16T14:37:40,72,2,1,3,3,No,No,Yes,No Refund,0.00,165.44,1.59,Yes,Valid
PFXC-001417,TXN-0008898,2025-07-01T05:04:38,Mobile,Assisted Digital,2025-05-11T13:33:38,Card Purchase,276.36,Other,Subscription Dispute,Frustrated,Complete,3,Standard,Customer Service,Resolved,2025-07-01T23:50:40,2025-07-04T22:02:26,120,2,0,2,3,No,No,No,Partial Refund,165.70,88.96,18.77,No,Valid
PFXC-001418,TXN-0007810,2026-03-11T18:04:23,Mobile,Standard,2026-02-13T18:02:23,Wallet Payment,533.23,Utilities,Incorrect Amount,Frustrated,Partial,1,Standard,Payment Operations,Resolved,2026-03-12T11:18:20,2026-03-17T03:01:26,120,2,1,3,2,No,Yes,No,Full Refund,533.23,128.95,17.23,Yes,Valid
PFXC-001419,TXN-0010029,2026-01-31T06:23:40,Mobile,Standard,2025-12-03T03:13:40,Bank Transfer,28.92,Utilities,Delayed Refund,Frustrated,Complete,3,Standard,Payment Operations,Resolved,2026-02-01T07:13:43,2026-02-02T05:42:34,120,0,0,0,3,No,No,No,Full Refund,28.92,47.32,24.83,No,Valid
PFXC-001420,TXN-0011980,2025-07-24T12:45:22,Web,Standard,2025-07-20T14:11:22,Wallet Payment,15.97,Retail,Failed Payment,Frustrated,Partial,1,Standard,Technical Support,Pending Customer,2025-07-25T08:57:05,,120,2,0,2,1,No,No,No,Pending,0.00,,20.20,No,Valid
PFXC-001421,TXN-0006106,2025-08-03T03:41:19,Mobile,Assisted Digital,2025-06-20T22:04:19,Card Purchase,51.77,Retail,Duplicate Debit,Neutral,Complete,3,Standard,Payment Operations,In Investigation,2025-08-03T18:09:56,,120,2,1,4,2,No,No,No,Pending,0.00,,14.48,No,Valid
PFXC-001422,TXN-0008615,2025-02-19T05:23:23,Mobile,Assisted Digital,2024-12-28T03:03:23,Direct Debit,86.57,Travel,Delayed Refund,Frustrated,Complete,4,Standard,Refund Approval,Resolved,2025-02-20T03:14:12,2025-02-23T07:23:06,120,2,0,2,4,No,Yes,No,Full Refund,86.57,98.00,21.85,No,Valid
PFXC-001423,TXN-0008693,2025-11-04T15:54:51,Web,Standard,2025-09-29T07:53:51,Wallet Payment,51.56,Retail,Other,Frustrated,Missing,0,Low,Customer Service,Rejected,2025-11-05T18:46:35,2025-11-12T16:09:53,168,1,1,3,4,No,No,No,No Refund,0.00,192.25,26.86,Yes,Valid
PFXC-001424,TXN-0006304,2026-01-17T06:18:07,Chat,Standard,2025-12-23T06:56:07,Card Purchase,54.58,Subscription,Unauthorised Transaction,Frustrated,Missing,0,High,Customer Service,Resolved,2026-01-17T16:31:01,2026-01-26T08:01:35,72,1,2,5,3,No,Yes,No,Full Refund,54.58,217.72,10.22,Yes,Valid
PFXC-001425,TXN-0003739,2025-08-11T07:22:45,Mobile,Standard,2025-08-08T20:42:45,Bank Transfer,200.99,Other,Cash Withdrawal Dispute,Frustrated,Partial,1,Standard,Customer Service,Rejected,2025-08-11T18:36:05,2025-08-19T14:06:26,120,4,0,1,4,No,No,No,No Refund,0.00,198.73,11.22,Yes,Valid
PFXC-001426,TXN-0011740,2025-07-23T00:12:46,Web,Standard,2025-06-30T16:38:46,Bank Transfer,260.53,Utilities,Other,Neutral,Complete,3,Low,Customer Service,Resolved,2025-07-23T20:25:38,2025-07-27T03:44:27,168,1,0,1,2,No,No,No,Full Refund,260.53,99.53,20.21,No,Valid
PFXC-001427,TXN-0005768,2025-02-17T11:01:33,Mobile,Assisted Digital,2025-01-27T06:53:33,Bank Transfer,311.22,Retail,Failed Payment,Positive,Complete,2,Standard,Technical Support,Resolved,2025-02-18T08:26:13,2025-02-19T02:02:44,120,1,0,0,3,No,No,No,Partial Refund,78.00,39.02,21.41,No,Valid
PFXC-001428,TXN-0002837,2025-05-21T17:34:37,Mobile,Standard,2025-04-05T11:02:37,Cash Withdrawal,134.09,Other,Merchant Non-confirmation,Frustrated,Partial,2,Standard,Fraud Review,Rejected,2025-05-22T12:36:28,2025-05-29T11:15:07,120,2,1,3,3,Yes,No,Yes,No Refund,0.00,185.68,19.03,Yes,Valid
PFXC-001429,TXN-0003458,2025-10-01T13:00:27,Mobile,Standard,2025-09-15T13:14:27,Bank Transfer,142.02,Subscription,Subscription Dispute,Frustrated,Partial,2,Standard,Customer Service,Resolved,2025-10-02T09:10:56,2025-10-07T11:10:49,120,0,1,2,4,No,No,Yes,Full Refund,142.02,142.17,20.17,Yes,Valid
PFXC-001430,TXN-0005520,2026-02-22T11:04:40,Call Centre,Standard,2026-01-31T01:45:40,Card Purchase,35.35,Retail,Delayed Refund,Neutral,Partial,1,Standard,Payment Operations,Rejected,2026-02-23T02:20:18,2026-02-26T20:29:57,120,3,0,3,2,No,No,No,No Refund,0.00,105.42,15.26,No,Valid
PFXC-001431,TXN-0002050,2025-09-02T17:41:26,Call Centre,Standard,2025-08-03T00:08:26,Wallet Payment,10.16,Other,Cash Withdrawal Dispute,Frustrated,Complete,4,Standard,Customer Service,Resolved,2025-09-03T07:05:46,2025-09-08T09:43:14,120,1,1,5,2,No,Yes,No,Full Refund,10.16,136.03,13.41,Yes,Valid
PFXC-001432,TXN-0003752,2025-06-11T16:43:05,Web,Standard,2025-05-20T18:06:05,Bank Transfer,165.80,Digital Services,Merchant Non-confirmation,Neutral,Complete,4,Standard,Technical Support,Resolved,2025-06-12T10:40:51,2025-06-16T06:14:12,120,1,1,1,2,No,No,No,Partial Refund,86.11,109.52,17.96,No,Valid
PFXC-001433,TXN-0007010,2025-04-21T10:31:51,Call Centre,Standard,2025-02-26T14:22:51,Cash Withdrawal,49.21,Other,Merchant Non-confirmation,Distressed,Partial,1,Standard,Technical Support,Rejected,2025-04-22T07:46:20,2025-04-26T16:18:36,120,1,1,3,4,No,No,No,No Refund,0.00,125.78,21.24,Yes,Valid
PFXC-001434,TXN-0002141,2025-03-02T03:52:03,Web,Standard,2025-01-10T06:31:03,Direct Debit,38.19,Utilities,Subscription Dispute,Neutral,Complete,2,Standard,Customer Service,Rejected,2025-03-03T07:26:36,2025-03-05T20:40:13,120,0,2,0,1,No,No,No,No Refund,0.00,88.80,27.58,No,Valid
PFXC-001435,TXN-0000786,2025-03-23T02:04:39,Web,Standard,2025-03-11T01:40:39,Card Purchase,41.66,Retail,Subscription Dispute,Positive,Partial,2,Standard,Customer Service,Rejected,2025-03-23T20:57:22,2025-03-26T14:20:03,120,1,0,1,2,No,Yes,No,No Refund,0.00,84.26,18.88,No,Valid
PFXC-001436,TXN-0003658,2026-02-28T14:31:32,Mobile,Assisted Digital,2026-01-13T17:25:32,Card Purchase,15.19,Cash Withdrawal,Incorrect Amount,Frustrated,Complete,4,Standard,Payment Operations,Rejected,2026-03-01T01:02:43,2026-03-04T02:14:05,120,1,2,2,2,No,No,No,No Refund,0.00,83.71,10.52,No,Valid
PFXC-001437,TXN-0003495,2026-02-22T17:07:01,Chat,Standard,2026-01-21T21:38:01,Wallet Payment,66.47,Travel,Duplicate Debit,Neutral,Complete,2,Standard,Payment Operations,Cancelled,2026-02-23T11:30:18,2026-02-25T04:35:04,120,1,0,1,2,No,No,No,Duplicate Case,0.00,59.47,18.39,No,Valid
PFXC-001438,TXN-0003726,2025-02-05T01:59:13,Mobile,Standard,2025-02-01T18:47:13,Card Purchase,136.66,Subscription,Cash Withdrawal Dispute,Frustrated,Partial,1,Standard,Customer Service,Rejected,2025-02-05T23:04:43,2025-02-13T08:45:14,120,2,0,3,3,No,No,No,No Refund,0.00,198.77,21.09,Yes,Valid
PFXC-001439,TXN-0005834,2025-04-24T11:16:22,Mobile,Standard,2025-03-23T19:20:22,Card Purchase,21.39,Other,Unauthorised Transaction,Frustrated,Partial,1,High,Customer Service,Rejected,2025-04-24T17:06:09,2025-04-27T18:54:55,72,1,0,2,4,No,No,No,No Refund,0.00,79.64,5.83,Yes,Valid
PFXC-001440,TXN-0000832,2025-09-14T19:26:18,Call Centre,Standard,2025-08-17T12:59:18,Cash Withdrawal,78.87,Retail,Delayed Refund,Frustrated,Complete,3,Standard,Payment Operations,Pending Customer,2025-09-15T08:47:16,,120,1,1,2,1,No,No,No,Pending,0.00,,13.35,No,Valid
PFXC-001441,TXN-0010865,2025-02-19T07:44:53,Mobile,Standard,2025-01-01T11:17:53,Wallet Payment,58.19,Other,Merchant Non-confirmation,Frustrated,Partial,2,Standard,Technical Support,Rejected,2025-02-20T06:57:51,2025-02-23T07:02:06,120,0,0,2,3,No,No,No,No Refund,0.00,95.29,23.22,No,Valid
PFXC-001442,TXN-0008294,2025-12-12T19:47:02,Email,Standard,2025-10-30T01:10:02,Direct Debit,15.96,Digital Services,Failed Payment,Neutral,Partial,1,Standard,Technical Support,In Investigation,2025-12-13T13:36:13,,120,1,0,0,1,No,No,No,Pending,0.00,,17.82,No,Valid
PFXC-001443,TXN-0012093,2025-09-22T10:40:13,Mobile,Assisted Digital,2025-09-03T11:57:13,Card Purchase,225.27,Retail,Duplicate Debit,Frustrated,Missing,0,Standard,Payment Operations,Rejected,2025-09-23T02:22:50,2025-09-29T01:25:13,120,0,2,3,3,No,Yes,No,No Refund,0.00,158.75,15.71,Yes,Valid
PFXC-001444,TXN-0008841,2025-05-30T03:05:05,Web,Standard,2025-04-28T10:04:05,Cash Withdrawal,187.87,Retail,Unauthorised Transaction,Frustrated,Partial,2,Standard,Refund Approval,Resolved,2025-05-31T02:34:25,2025-06-08T16:04:17,120,4,1,4,4,No,Yes,Yes,Full Refund,187.87,228.99,23.49,Yes,Valid
PFXC-001445,TXN-0002994,2026-06-06T16:16:42,Mobile,Vulnerable Support,2026-05-15T16:41:42,Card Purchase,81.25,Subscription,Duplicate Debit,Positive,Partial,2,Standard,Payment Operations,Resolved,2026-06-07T06:04:20,2026-06-10T11:22:20,120,2,0,0,2,No,Yes,Yes,Full Refund,81.25,91.09,13.79,No,Valid
PFXC-001446,TXN-0007796,2025-06-20T06:53:06,Email,Standard,2025-05-01T12:25:06,Cash Withdrawal,160.88,Cash Withdrawal,Unauthorised Transaction,Frustrated,Complete,4,Standard,Fraud Review,Resolved,2025-06-20T23:59:05,2025-06-27T01:26:01,120,2,1,5,5,Yes,No,No,Fraud Referral,0.00,162.55,17.10,Yes,Valid
PFXC-001447,TXN-0004082,2026-05-28T21:16:23,Mobile,Standard,2026-05-06T17:38:23,Card Purchase,137.30,Retail,Merchant Non-confirmation,Frustrated,Complete,2,Standard,Technical Support,Rejected,2026-05-29T13:47:39,2026-06-02T23:19:09,120,2,0,2,2,No,No,No,No Refund,0.00,122.05,16.52,Yes,Valid
PFXC-001448,TXN-0011838,2025-03-08T02:08:48,Web,Standard,2025-01-09T22:21:48,Wallet Payment,18.46,Retail,Cash Withdrawal Dispute,Neutral,Partial,2,High,Customer Service,Pending Customer,2025-03-08T06:03:58,,72,1,2,2,2,No,No,No,Pending,0.00,,3.92,No,Valid
PFXC-001449,TXN-0002361,2026-03-24T00:41:28,Mobile,Standard,2026-01-28T06:42:28,Bank Transfer,51.59,Digital Services,Unauthorised Transaction,Frustrated,Complete,2,Standard,Fraud Review,Resolved,2026-03-24T18:17:12,2026-03-30T20:46:43,120,0,1,2,3,Yes,Yes,No,Fraud Referral,0.00,164.09,17.60,Yes,Valid
PFXC-001450,TXN-0008639,2025-04-19T19:45:16,Web,Standard,2025-03-04T01:42:16,Card Purchase,82.92,Digital Services,Cash Withdrawal Dispute,Distressed,Partial,1,Standard,Customer Service,Rejected,2025-04-20T21:35:51,2025-04-25T18:22:17,120,0,1,3,2,No,Yes,No,No Refund,0.00,142.62,25.84,Yes,Valid
PFXC-001451,TXN-0012292,2025-09-25T03:52:30,Mobile,Standard,2025-08-19T05:52:30,Bank Transfer,51.21,Travel,Merchant Non-confirmation,Frustrated,Partial,1,Low,Technical Support,In Investigation,2025-09-26T11:22:58,,168,1,1,2,2,No,No,Yes,Pending,0.00,,31.51,No,Valid
PFXC-001452,TXN-0007974,2025-05-25T07:05:38,Mobile,Standard,2025-04-08T00:13:38,Card Purchase,56.30,Retail,Incorrect Amount,Frustrated,Partial,2,Standard,Refund Approval,Resolved,2025-05-26T04:53:57,2025-05-29T23:34:01,120,2,1,4,4,No,No,No,Full Refund,56.30,112.47,21.81,No,Valid
PFXC-001453,TXN-0007669,2025-05-20T08:52:04,Call Centre,Assisted Digital,2025-03-30T21:39:04,Card Purchase,17.79,Utilities,Merchant Non-confirmation,Positive,Partial,2,Standard,Technical Support,Rejected,2025-05-21T04:06:23,2025-05-24T06:05:24,120,1,0,0,1,No,No,No,No Refund,0.00,93.22,19.24,No,Valid
PFXC-001454,TXN-0002265,2025-04-04T21:20:21,Web,Standard,2025-02-20T17:13:21,Card Purchase,10.98,Retail,Unauthorised Transaction,Frustrated,Partial,1,Standard,Fraud Review,Pending Approval,2025-04-05T16:22:39,,120,3,1,2,3,Yes,No,No,Pending,0.00,,19.04,No,Valid
PFXC-001455,TXN-0000166,2026-01-13T06:55:28,Email,Standard,2025-11-23T10:14:28,Card Purchase,16.21,Utilities,Subscription Dispute,Frustrated,Missing,0,Low,Fraud Review,Rejected,2026-01-14T12:44:43,2026-01-22T06:51:56,168,3,1,3,4,Yes,Yes,No,No Refund,0.00,215.94,29.82,Yes,Valid
PFXC-001456,TXN-0005664,2025-03-20T11:10:16,Web,Standard,2025-01-26T14:28:16,Card Purchase,7.71,Retail,Incorrect Amount,Neutral,Complete,4,Standard,Payment Operations,Resolved,2025-03-21T02:43:57,2025-03-25T06:58:42,120,1,1,3,4,No,No,No,Full Refund,7.71,115.81,15.56,No,Valid
PFXC-001457,TXN-0006591,2025-03-15T15:17:59,Mobile,Standard,2025-02-24T06:28:59,Card Purchase,237.36,Cash Withdrawal,Subscription Dispute,Frustrated,Partial,1,Standard,Customer Service,Cancelled,2025-03-16T11:09:12,2025-03-21T02:15:51,120,1,1,2,2,No,Yes,No,Customer Withdrawn,0.00,130.96,19.85,Yes,Valid
PFXC-001458,TXN-0002423,2025-09-25T11:42:34,Web,Standard,2025-09-21T14:18:34,Cash Withdrawal,41.31,Other,Failed Payment,Frustrated,Partial,1,Standard,Technical Support,Resolved,2025-09-26T00:01:32,2025-09-30T22:37:28,120,1,1,4,2,No,Yes,No,Full Refund,41.31,130.92,12.32,Yes,Valid
PFXC-001459,TXN-0008874,2026-03-23T04:03:44,Mobile,Assisted Digital,2026-01-27T03:47:44,Card Purchase,136.59,Subscription,Delayed Refund,Frustrated,Missing,0,Standard,Payment Operations,Rejected,2026-03-24T05:06:57,2026-03-30T03:21:31,120,2,1,3,2,No,Yes,No,No Refund,0.00,167.30,25.05,Yes,Valid
PFXC-001460,TXN-0012432,2025-07-31T01:20:46,Mobile,Standard,2025-07-12T19:43:46,Direct Debit,25.88,Other,Unauthorised Transaction,Frustrated,Complete,3,Standard,Fraud Review,Resolved,2025-07-31T16:29:06,2025-08-07T15:38:13,120,2,1,4,3,Yes,Yes,Yes,Partial Refund,16.09,182.29,15.14,Yes,Valid
PFXC-001461,TXN-0004589,2025-12-02T01:22:32,Web,Standard,2025-10-08T07:47:32,Card Purchase,23.71,Travel,Delayed Refund,Frustrated,Complete,2,Standard,Complaints,Resolved,2025-12-03T01:27:21,2025-12-06T03:34:25,120,2,1,2,3,No,Yes,Yes,Full Refund,23.71,98.20,24.08,No,Valid
PFXC-001462,TXN-0010697,2026-06-18T00:36:04,Web,Standard,2026-05-05T23:29:04,Card Purchase,164.12,Retail,Subscription Dispute,Frustrated,Missing,0,Low,Customer Service,Pending Approval,2026-06-19T08:01:00,,168,2,1,2,2,No,No,Yes,Pending,0.00,,31.42,No,Valid
PFXC-001463,TXN-0000610,2025-01-12T19:24:23,Mobile,Standard,2024-11-15T08:26:23,Card Purchase,83.80,Utilities,Merchant Non-confirmation,Frustrated,Partial,1,Standard,Technical Support,Rejected,2025-01-13T16:50:05,2025-01-19T00:51:37,120,2,0,1,3,No,Yes,No,No Refund,0.00,149.45,21.43,Yes,Valid
PFXC-001464,TXN-0001673,2025-01-01T18:21:53,Web,Standard,2024-11-18T03:34:53,Bank Transfer,398.24,Travel,Failed Payment,Frustrated,Missing,0,Standard,Complaints,Resolved,2025-01-02T16:38:53,2025-01-08T19:39:14,120,3,1,3,5,No,Yes,Yes,Full Refund,398.24,169.29,22.28,Yes,Valid
PFXC-001465,TXN-0006573,2025-04-28T08:18:48,Email,Standard,2025-03-25T18:47:48,Direct Debit,473.84,Retail,Merchant Non-confirmation,Neutral,Complete,3,Standard,Technical Support,Resolved,2025-04-29T02:05:12,2025-05-02T08:51:36,120,1,0,1,2,No,No,No,Full Refund,473.84,96.55,17.77,No,Valid
PFXC-001466,TXN-0000646,2025-01-15T13:00:20,Call Centre,Assisted Digital,2024-12-11T19:58:20,Direct Debit,30.60,Subscription,Unauthorised Transaction,Frustrated,Complete,2,High,Customer Service,Resolved,2025-01-16T04:20:34,2025-01-20T07:50:43,72,0,0,3,2,No,No,No,Partial Refund,13.01,114.84,15.34,Yes,Valid
PFXC-001467,TXN-0004304,2025-03-17T22:30:36,Web,Standard,2025-02-27T07:05:36,Card Purchase,63.44,Other,Incorrect Amount,Frustrated,Partial,2,Standard,Payment Operations,Resolved,2025-03-18T16:07:52,2025-03-20T06:10:02,120,1,1,1,1,No,No,No,Full Refund,63.44,55.66,17.62,No,Valid
PFXC-001468,TXN-0006046,2025-09-14T10:53:25,Call Centre,Standard,2025-08-28T02:20:25,Card Purchase,23.70,Digital Services,Delayed Refund,Frustrated,Missing,0,Standard,Refund Approval,Resolved,2025-09-15T06:21:11,2025-09-20T17:08:20,120,2,1,3,3,No,No,No,Full Refund,23.70,150.25,19.46,Yes,Valid
PFXC-001469,TXN-0006457,2025-04-27T17:26:46,Email,Standard,2025-03-24T08:40:46,Card Purchase,63.13,Digital Services,Merchant Non-confirmation,Distressed,Complete,2,Standard,Technical Support,Rejected,2025-04-28T07:54:48,2025-05-04T02:33:10,120,2,1,3,3,No,No,No,No Refund,0.00,153.11,14.47,Yes,Valid
PFXC-001470,TXN-0010971,2026-01-29T16:06:33,Web,Standard,2026-01-24T04:15:33,Card Purchase,35.64,Digital Services,Duplicate Debit,Neutral,Complete,4,Standard,Payment Operations,Rejected,2026-01-30T04:06:24,2026-02-01T09:22:38,120,2,0,1,2,No,No,No,No Refund,0.00,65.27,12.00,No,Valid
PFXC-001471,TXN-0012307,2025-01-25T04:48:02,Chat,Standard,2025-01-20T22:02:02,Card Purchase,59.47,Subscription,Delayed Refund,Frustrated,Partial,1,Standard,Payment Operations,Pending Merchant,2025-01-25T18:39:51,,120,1,1,2,1,No,No,No,Pending,0.00,,13.86,No,Valid
PFXC-001472,TXN-0000711,2026-05-28T05:54:16,Call Centre,Standard,2026-04-13T19:05:16,Card Purchase,33.80,Utilities,Unauthorised Transaction,Frustrated,Complete,4,Standard,Customer Service,Resolved,2026-05-28T20:50:31,2026-06-02T19:00:45,120,1,1,0,3,No,Yes,No,Partial Refund,14.44,133.11,14.94,Yes,Valid
PFXC-001473,TXN-0003078,2025-02-03T06:23:13,Mobile,Standard,2025-01-16T20:33:13,Wallet Payment,115.66,Digital Services,Unauthorised Transaction,Neutral,Complete,3,High,Customer Service,In Investigation,2025-02-03T12:12:59,,72,1,0,1,1,No,No,No,Pending,0.00,,5.83,No,Valid
PFXC-001474,TXN-0001838,2025-06-08T19:27:38,Chat,Standard,2025-05-04T00:44:38,Direct Debit,184.97,Utilities,Merchant Non-confirmation,Frustrated,Complete,4,Standard,Technical Support,Resolved,2025-06-09T10:45:49,2025-06-13T14:02:01,120,2,1,2,3,No,Yes,No,Partial Refund,37.75,114.57,15.30,No,Valid
PFXC-001475,TXN-0004501,2025-04-22T18:56:51,Web,Standard,2025-03-24T14:44:51,Cash Withdrawal,81.91,Retail,Duplicate Debit,Distressed,Missing,0,Standard,Refund Approval,Resolved,2025-04-23T14:34:37,2025-04-28T12:45:38,120,2,1,4,3,No,No,No,Full Refund,81.91,137.81,19.63,Yes,Valid
PFXC-001476,TXN-0006411,2025-11-14T06:37:45,Web,Standard,2025-09-15T08:51:45,Card Purchase,171.94,Travel,Unauthorised Transaction,Frustrated,Complete,3,Standard,Fraud Review,Resolved,2025-11-15T00:55:52,2025-11-23T02:02:26,120,3,1,2,4,Yes,No,No,Fraud Referral,0.00,211.41,18.30,Yes,Valid
PFXC-001477,TXN-0011856,2025-05-06T08:17:06,Call Centre,Standard,2025-04-03T01:06:06,Cash Withdrawal,30.71,Retail,Subscription Dispute,Frustrated,Complete,2,Standard,Refund Approval,Resolved,2025-05-07T08:02:58,2025-05-09T00:33:48,120,2,0,3,1,No,No,No,Partial Refund,21.69,64.28,23.76,No,Valid
PFXC-001478,TXN-0010696,2025-10-05T10:52:53,Web,Standard,2025-09-21T05:33:53,Direct Debit,21.15,Travel,Failed Payment,Distressed,Partial,1,Standard,Technical Support,Rejected,2025-10-06T10:47:25,2025-10-10T22:54:57,120,2,1,2,3,No,No,No,No Refund,0.00,132.03,23.91,Yes,Valid
PFXC-001479,TXN-0012142,2026-03-29T13:42:23,Mobile,Standard,2026-02-14T15:52:23,Card Purchase,86.13,Retail,Delayed Refund,Distressed,Complete,3,Standard,Payment Operations,In Triage,2026-03-30T07:22:54,,120,2,1,2,1,No,No,No,Pending,0.00,,17.68,No,Valid
PFXC-001480,TXN-0009317,2026-03-02T07:49:36,Web,Standard,2026-02-22T21:35:36,Card Purchase,142.08,Travel,Failed Payment,Frustrated,Partial,2,Low,Technical Support,Rejected,2026-03-03T09:01:31,2026-03-04T12:44:22,168,2,1,2,3,No,Yes,No,No Refund,0.00,52.91,25.20,No,Valid
PFXC-001481,TXN-0000836,2025-05-20T15:58:23,Email,Standard,2025-03-21T18:22:23,Bank Transfer,568.46,Other,Failed Payment,Neutral,Partial,1,Standard,Technical Support,Rejected,2025-05-21T14:21:15,2025-05-25T15:48:34,120,3,0,1,3,No,No,No,No Refund,0.00,119.84,22.38,No,Valid
PFXC-001482,TXN-0009588,2025-07-14T14:43:31,Mobile,Standard,2025-05-27T05:07:31,Card Purchase,253.84,Retail,Subscription Dispute,Frustrated,Missing,0,Standard,Customer Service,Rejected,2025-07-14T22:33:43,2025-07-22T05:31:36,120,1,1,4,4,No,Yes,Yes,No Refund,0.00,182.80,7.84,Yes,Valid
PFXC-001483,TXN-0004671,2025-01-02T01:26:47,Email,Standard,2024-11-06T11:25:47,Wallet Payment,294.38,Retail,Unauthorised Transaction,Distressed,Complete,2,High,Fraud Review,Resolved,2025-01-02T09:17:11,2025-01-08T19:13:40,72,3,0,3,2,Yes,No,Yes,Full Refund,294.38,161.78,7.84,Yes,Valid
PFXC-001484,TXN-0005957,2025-12-28T20:34:37,Web,Standard,2025-12-24T22:17:37,Wallet Payment,157.20,Retail,Merchant Non-confirmation,Positive,Complete,2,Standard,Technical Support,Rejected,2025-12-29T16:42:13,2026-01-02T08:23:29,120,0,0,0,4,No,No,No,No Refund,0.00,107.81,20.13,No,Valid
PFXC-001485,TXN-0012069,2026-05-11T10:48:44,Call Centre,Standard,2026-04-05T22:29:44,Card Purchase,55.33,Travel,Unauthorised Transaction,Neutral,Complete,4,Standard,Customer Service,Resolved,2026-05-12T03:14:01,2026-05-14T00:58:31,120,1,0,0,3,No,No,No,Full Refund,55.33,62.16,16.42,No,Valid
PFXC-001486,TXN-0008414,2025-09-07T09:41:51,Mobile,Assisted Digital,2025-07-30T03:03:51,Direct Debit,7.87,Digital Services,Unauthorised Transaction,Distressed,Partial,1,Standard,Fraud Review,Resolved,2025-09-08T07:31:43,2025-09-16T15:21:34,120,2,0,2,4,Yes,No,Yes,Full Refund,7.87,221.66,21.83,Yes,Valid
PFXC-001487,TXN-0009732,2025-09-04T14:30:49,Mobile,Assisted Digital,2025-07-27T05:51:49,Card Purchase,886.98,Retail,Duplicate Debit,Neutral,Complete,2,Standard,Payment Operations,Pending Approval,2025-09-05T03:36:36,,120,2,0,1,3,No,No,No,Pending,0.00,,13.10,No,Valid
PFXC-001488,TXN-0010334,2025-08-09T14:54:48,Web,Standard,2025-07-27T13:58:48,Bank Transfer,38.37,Retail,Incorrect Amount,Neutral,Partial,2,Standard,Payment Operations,Resolved,2025-08-10T13:11:01,2025-08-14T09:42:37,120,2,2,1,2,No,No,No,Full Refund,38.37,114.80,22.27,No,Valid
PFXC-001489,TXN-0011772,2025-11-19T18:49:37,Web,Standard,2025-11-15T18:08:37,Wallet Payment,141.75,Other,Merchant Non-confirmation,Distressed,Complete,3,Standard,Technical Support,Resolved,2025-11-20T14:18:43,2025-11-24T23:27:28,120,2,0,4,3,No,No,Yes,Full Refund,141.75,124.63,19.49,Yes,Valid
PFXC-001490,TXN-0006126,2025-05-04T14:09:26,Web,Standard,2025-03-19T02:13:26,Bank Transfer,170.46,Retail,Delayed Refund,Neutral,Partial,1,Standard,Payment Operations,In Triage,2025-05-05T12:30:58,,120,1,1,1,4,No,No,No,Pending,0.00,,22.36,No,Valid
PFXC-001491,TXN-0003880,2026-06-16T05:50:33,Mobile,Standard,2026-04-21T18:07:33,Card Purchase,108.03,Utilities,Unauthorised Transaction,Frustrated,Complete,4,Standard,Fraud Review,Resolved,2026-06-16T21:46:21,2026-06-24T09:40:47,120,1,1,3,5,Yes,No,No,Fraud Referral,0.00,195.84,15.93,Yes,Valid
PFXC-001492,TXN-0007595,2025-10-26T23:05:29,Mobile,Standard,2025-09-13T21:45:29,Card Purchase,143.19,Cash Withdrawal,Incorrect Amount,Distressed,Partial,1,Standard,Payment Operations,Resolved,2025-10-28T00:26:14,2025-11-01T11:44:15,120,1,0,3,2,No,No,Yes,Partial Refund,113.48,132.65,25.35,Yes,Valid
PFXC-001493,TXN-0011472,2025-08-10T16:35:16,Web,Standard,2025-06-27T10:04:16,Card Purchase,41.89,Travel,Other,Distressed,Complete,2,Standard,Refund Approval,Resolved,2025-08-11T18:46:39,2025-08-16T00:14:55,120,1,1,4,2,No,No,No,Full Refund,41.89,127.66,26.19,Yes,Valid
PFXC-001494,TXN-0006284,2025-10-02T07:26:13,Mobile,Assisted Digital,2025-09-28T10:24:13,Card Purchase,92.56,Retail,Failed Payment,Frustrated,Complete,3,Standard,Technical Support,Cancelled,2025-10-03T08:22:55,2025-10-03T15:36:09,120,1,1,2,2,No,No,Yes,Customer Withdrawn,0.00,32.17,24.95,No,Valid
PFXC-001495,TXN-0002496,2025-02-08T23:30:11,Mobile,Standard,2024-12-20T20:06:11,Direct Debit,88.84,Travel,Delayed Refund,Frustrated,Complete,4,Standard,Payment Operations,Resolved,2025-02-09T15:27:39,2025-02-15T08:30:05,120,3,2,5,3,No,Yes,No,Full Refund,88.84,153.00,15.96,Yes,Valid
PFXC-001496,TXN-0000813,2026-02-19T20:54:52,Mobile,Standard,2026-02-14T18:06:52,Wallet Payment,191.91,Retail,Delayed Refund,Distressed,Missing,0,Standard,Payment Operations,Resolved,2026-02-20T00:47:48,2026-02-25T23:47:47,120,0,2,4,2,No,Yes,No,Full Refund,191.91,146.88,3.88,Yes,Valid
PFXC-001497,TXN-0011788,2025-07-12T15:56:36,Web,Standard,2025-05-12T19:51:36,Direct Debit,470.12,Retail,Incorrect Amount,Frustrated,Missing,0,Standard,Payment Operations,Resolved,2025-07-13T13:28:00,2025-07-19T01:04:38,120,1,1,2,3,No,No,No,Partial Refund,227.81,153.13,21.52,Yes,Valid
PFXC-001498,TXN-0011112,2025-08-14T09:08:16,Call Centre,Vulnerable Support,2025-08-13T02:34:16,Bank Transfer,10.42,Retail,Subscription Dispute,Frustrated,Complete,2,High,Customer Service,Rejected,2025-08-14T18:52:36,2025-08-18T03:58:05,72,1,1,3,1,No,Yes,No,No Refund,0.00,90.83,9.74,Yes,Valid
PFXC-001499,TXN-0003893,2025-02-22T14:29:26,Email,Standard,2025-01-30T06:13:26,Card Purchase,46.85,Digital Services,Other,Neutral,Partial,2,Low,Refund Approval,Resolved,2025-02-24T01:58:39,2025-02-26T19:37:30,168,1,0,1,4,No,No,No,Full Refund,46.85,101.13,35.49,No,Valid
PFXC-001500,TXN-0007669,2025-05-15T22:54:08,Mobile,Standard,2025-04-07T04:47:08,Card Purchase,95.13,Subscription,Incorrect Amount,Neutral,Complete,2,Standard,Payment Operations,Resolved,2025-05-16T16:39:05,2025-05-18T08:41:43,120,0,1,1,2,No,No,No,Full Refund,95.13,57.79,17.75,No,Valid
PFXC-001501,TXN-0011185,2025-08-05T12:56:56,Email,Assisted Digital,2025-07-08T09:40:56,Card Purchase,97.80,Utilities,Failed Payment,Positive,Partial,1,Low,Technical Support,Rejected,2025-08-06T19:29:23,2025-08-09T06:15:36,168,1,1,0,3,No,No,No,No Refund,0.00,89.31,30.54,No,Valid
PFXC-001502,TXN-0000168,2025-06-09T10:41:30,Web,Vulnerable Support,2025-04-16T11:20:30,Card Purchase,244.33,Travel,Unauthorised Transaction,Frustrated,Partial,1,High,Fraud Review,Resolved,2025-06-09T18:54:28,2025-06-16T13:41:34,72,2,0,2,4,Yes,Yes,No,Full Refund,244.33,171.00,8.22,Yes,Valid
PFXC-001503,TXN-0008114,2025-01-09T15:29:01,Web,Standard,2024-12-29T22:06:01,Card Purchase,89.13,Travel,Duplicate Debit,Frustrated,Complete,4,Standard,Payment Operations,Rejected,2025-01-10T08:32:07,2025-01-14T05:17:13,120,2,0,2,2,No,Yes,No,No Refund,0.00,109.80,17.05,No,Valid
PFXC-001504,TXN-0012017,2025-05-28T01:26:17,Mobile,Standard,2025-04-13T22:26:17,Direct Debit,90.18,Utilities,Unauthorised Transaction,Distressed,Partial,2,High,Fraud Review,Resolved,2025-05-28T19:07:59,2025-06-04T01:16:09,72,2,1,5,3,Yes,Yes,No,Fraud Referral,0.00,167.83,17.70,Yes,Valid
PFXC-001505,TXN-0009824,2025-10-04T06:17:50,Chat,Standard,2025-08-10T00:14:50,Cash Withdrawal,201.65,Utilities,Cash Withdrawal Dispute,Distressed,Partial,1,Standard,Customer Service,Rejected,2025-10-05T06:21:36,2025-10-11T03:36:20,120,2,0,2,3,No,No,Yes,No Refund,0.00,165.31,24.06,Yes,Valid
PFXC-001506,TXN-0005929,2026-04-06T07:48:31,Chat,Assisted Digital,2026-02-23T15:55:31,Card Purchase,151.82,Subscription,Delayed Refund,Frustrated,Partial,1,Standard,Payment Operations,Pending Approval,2026-04-07T01:02:11,,120,1,0,2,1,No,No,No,Pending,0.00,,17.23,No,Valid
PFXC-001507,TXN-0005767,2026-01-29T16:01:09,Web,Standard,2025-12-29T23:02:09,Card Purchase,24.88,Retail,Subscription Dispute,Frustrated,Partial,1,Standard,Complaints,Rejected,2026-01-30T15:08:58,2026-02-03T16:54:59,120,1,1,2,4,No,No,Yes,No Refund,0.00,120.90,23.13,Yes,Valid
PFXC-001508,TXN-0011308,2026-06-27T09:34:09,Mobile,Standard,2026-05-08T01:19:09,Bank Transfer,77.36,Travel,Duplicate Debit,Frustrated,Partial,2,Standard,Payment Operations,Awaiting Evidence,2026-06-28T03:52:26,,120,2,2,4,6,No,No,No,Pending,0.00,,18.30,No,Valid
PFXC-001509,TXN-0002851,2025-01-04T19:16:24,Chat,Standard,2024-12-29T19:00:24,Bank Transfer,63.91,Retail,Failed Payment,Neutral,Partial,1,Low,Technical Support,Resolved,2025-01-05T21:28:58,2025-01-07T05:48:32,168,0,1,1,1,No,No,No,Full Refund,63.91,58.54,26.21,No,Valid
PFXC-001510,TXN-0006084,2026-04-18T18:05:18,Mobile,Standard,2026-04-04T05:51:18,Bank Transfer,18.04,Digital Services,Cash Withdrawal Dispute,Distressed,Complete,3,High,Customer Service,Resolved,2026-04-19T03:53:05,2026-04-21T23:33:33,72,0,0,2,1,No,Yes,No,Partial Refund,5.61,77.47,9.80,Yes,Valid
PFXC-001511,TXN-0000582,2026-03-26T04:20:30,Web,Standard,2026-02-12T12:52:30,Bank Transfer,77.80,Retail,Other,Distressed,Missing,0,Standard,Fraud Review,Resolved,2026-03-27T02:41:39,2026-04-05T16:09:48,120,3,1,5,3,Yes,Yes,Yes,Full Refund,77.80,251.82,22.35,Yes,Valid
PFXC-001512,TXN-0002909,2026-05-16T22:30:04,Chat,Standard,2026-03-21T06:49:04,Direct Debit,65.87,Retail,Subscription Dispute,Frustrated,Partial,1,Standard,Refund Approval,Resolved,2026-05-17T12:57:08,2026-05-22T10:36:11,120,1,1,3,2,No,No,No,Full Refund,65.87,132.10,14.45,Yes,Valid
PFXC-001513,TXN-0011346,2025-05-12T12:56:27,Mobile,Standard,2025-03-31T15:29:27,Bank Transfer,35.84,Travel,Other,Frustrated,Partial,2,Standard,Fraud Review,Resolved,2025-05-12T23:25:00,2025-05-21T10:21:56,120,2,1,3,3,Yes,No,Yes,Full Refund,35.84,213.42,10.48,Yes,Valid
PFXC-001514,TXN-0000681,2025-12-08T15:12:31,Mobile,Standard,2025-11-14T02:22:31,Card Purchase,20.97,Other,Duplicate Debit,Neutral,Complete,3,Standard,Payment Operations,Resolved,2025-12-09T08:24:42,2025-12-12T07:33:10,120,2,0,0,3,No,Yes,No,Full Refund,20.97,88.34,17.20,No,Valid
PFXC-001515,TXN-0009729,2026-01-17T04:07:59,Chat,Standard,2025-12-30T21:07:59,Card Purchase,190.94,Retail,Unauthorised Transaction,Distressed,Complete,2,High,Fraud Review,Resolved,2026-01-17T14:29:41,2026-01-23T11:02:15,72,2,0,2,5,Yes,No,No,Full Refund,190.94,150.90,10.36,Yes,Valid
PFXC-001516,TXN-0001889,2025-01-17T10:33:57,Web,Standard,2024-12-25T08:53:57,Card Purchase,47.14,Utilities,Failed Payment,Frustrated,Complete,4,Low,Technical Support,Rejected,2025-01-18T17:21:22,2025-01-20T02:03:43,168,1,0,0,5,No,Yes,No,No Refund,0.00,63.50,30.79,No,Valid
PFXC-001517,TXN-0009706,2026-03-26T15:37:08,Web,Standard,2026-03-02T20:48:08,Card Purchase,95.15,Utilities,Delayed Refund,Frustrated,Complete,2,Standard,Payment Operations,Resolved,2026-03-27T11:45:26,2026-03-30T13:58:36,120,0,1,1,2,No,No,No,Full Refund,95.15,94.36,20.14,No,Valid
PFXC-001518,TXN-0006554,2025-02-26T20:27:06,Web,Standard,2025-01-30T05:04:06,Bank Transfer,41.79,Retail,Failed Payment,Neutral,Complete,4,Standard,Technical Support,Resolved,2025-02-27T10:39:07,2025-03-03T19:16:02,120,1,1,3,3,No,No,No,Full Refund,41.79,118.82,14.20,No,Valid
PFXC-001519,TXN-0004926,2025-05-04T18:38:05,Mobile,Standard,2025-03-22T12:11:05,Card Purchase,25.06,Travel,Failed Payment,Frustrated,Missing,0,Low,Technical Support,Resolved,2025-05-06T02:16:05,2025-05-10T16:42:17,168,0,1,1,0,No,No,No,Full Refund,25.06,142.07,31.63,No,Valid
PFXC-001520,TXN-0008501,2026-06-14T21:11:18,Mobile,Standard,2026-05-08T17:10:18,Bank Transfer,156.29,Retail,Duplicate Debit,Positive,Complete,3,Standard,Payment Operations,Resolved,2026-06-15T17:11:31,2026-06-17T21:14:58,120,2,0,1,3,No,Yes,No,Full Refund,156.29,72.06,20.00,No,Valid
PFXC-001521,TXN-0001359,2025-10-17T18:01:43,Web,Standard,2025-08-24T05:07:43,Card Purchase,370.33,Cash Withdrawal,Delayed Refund,Frustrated,Partial,1,Standard,Fraud Review,Resolved,2025-10-18T09:53:11,2025-10-26T08:31:44,120,2,2,3,3,Yes,Yes,No,Fraud Referral,0.00,206.50,15.86,Yes,Valid
PFXC-001522,TXN-0011726,2026-02-23T10:38:08,Mobile,Vulnerable Support,2025-12-24T16:25:08,Card Purchase,22.03,Other,Subscription Dispute,Frustrated,Partial,2,Low,Complaints,Resolved,2026-02-24T20:57:43,2026-02-28T13:57:36,168,3,0,2,2,No,Yes,Yes,Full Refund,22.03,123.32,34.33,No,Valid
PFXC-001523,TXN-0005387,2025-06-25T11:06:17,Web,Standard,2025-05-30T04:30:17,Card Purchase,92.64,Subscription,Delayed Refund,Neutral,Partial,1,Low,Refund Approval,Resolved,2025-06-26T17:40:09,2025-06-30T23:41:15,168,1,0,2,0,No,No,No,Partial Refund,46.80,132.58,30.56,No,Valid
PFXC-001524,TXN-0007505,2025-01-02T18:47:50,Web,Standard,2024-12-16T02:53:50,Card Purchase,168.81,Retail,Subscription Dispute,Frustrated,Partial,2,Standard,Customer Service,Resolved,2025-01-03T13:16:41,2025-01-10T00:51:11,120,1,2,3,3,No,No,No,Full Refund,168.81,174.06,18.48,Yes,Valid
PFXC-001525,TXN-0003621,2025-02-22T23:12:35,Email,Standard,2025-01-05T23:14:35,Card Purchase,100.47,Travel,Subscription Dispute,Frustrated,Partial,2,Standard,Customer Service,Rejected,2025-02-23T16:13:08,2025-03-01T19:13:10,120,1,1,3,1,No,Yes,No,No Refund,0.00,164.01,17.01,Yes,Valid
PFXC-001526,TXN-0010777,2025-02-05T12:14:47,Call Centre,Standard,2025-01-26T19:55:47,Direct Debit,189.41,Travel,Failed Payment,Positive,Partial,1,Standard,Refund Approval,Resolved,2025-02-06T10:57:30,2025-02-08T15:07:28,120,1,0,1,3,No,No,No,Full Refund,189.41,74.88,22.71,No,Valid
PFXC-001527,TXN-0005762,2025-12-30T01:04:24,Mobile,Standard,2025-12-12T10:32:24,Wallet Payment,50.07,Subscription,Cash Withdrawal Dispute,Frustrated,Complete,2,Standard,Customer Service,Resolved,2025-12-30T15:35:31,2026-01-04T19:46:17,120,2,0,2,4,No,No,No,Partial Refund,15.38,138.70,14.52,Yes,Valid
PFXC-001528,TXN-0008644,2025-02-01T23:11:56,Web,Standard,2024-12-06T14:27:56,Bank Transfer,103.50,Subscription,Duplicate Debit,Neutral,Complete,2,Standard,Payment Operations,Resolved,2025-02-02T16:43:29,2025-02-05T05:47:26,120,1,1,1,4,No,No,No,Full Refund,103.50,78.59,17.53,No,Valid
PFXC-001529,TXN-0010173,2025-01-20T00:57:53,Chat,Standard,2024-12-26T22:32:53,Direct Debit,31.98,Utilities,Incorrect Amount,Positive,Partial,1,Standard,Payment Operations,Rejected,2025-01-20T21:23:56,2025-01-24T06:22:32,120,1,0,0,3,No,No,No,No Refund,0.00,101.41,20.43,No,Valid
PFXC-001530,TXN-0001894,2026-06-15T09:41:33,Mobile,Assisted Digital,2026-05-23T03:15:33,Card Purchase,18.71,Retail,Merchant Non-confirmation,Frustrated,Partial,2,Standard,Fraud Review,Resolved,2026-06-16T07:17:52,2026-06-21T20:52:14,120,2,0,2,4,Yes,No,Yes,Fraud Referral,0.00,155.18,21.61,Yes,Valid
PFXC-001531,TXN-0002559,2025-11-24T07:52:04,Email,Standard,2025-10-20T23:51:04,Card Purchase,85.25,Retail,Duplicate Debit,Distressed,Complete,2,Standard,Refund Approval,Resolved,2025-11-24T22:05:00,2025-11-28T23:22:41,120,0,2,3,3,No,No,Yes,Full Refund,85.25,111.51,14.22,No,Valid
PFXC-001532,TXN-0007475,2025-05-19T00:21:44,Mobile,Standard,2025-04-03T22:54:44,Card Purchase,102.82,Travel,Unauthorised Transaction,Distressed,Complete,2,Standard,Customer Service,Resolved,2025-05-19T23:49:37,2025-05-24T22:35:45,120,2,1,3,2,No,No,Yes,Fraud Referral,0.00,142.23,23.46,Yes,Valid
PFXC-001533,TXN-0000978,2025-11-18T15:47:20,Web,Standard,2025-10-20T21:45:20,Wallet Payment,84.26,Digital Services,Delayed Refund,Frustrated,Partial,1,Standard,Payment Operations,Resolved,2025-11-19T11:45:59,2025-11-26T01:33:17,120,1,2,4,4,No,No,No,Full Refund,84.26,177.77,19.98,Yes,Valid
PFXC-001534,TXN-0004136,2025-04-03T19:29:46,Call Centre,Standard,2025-04-02T00:44:46,Card Purchase,8.57,Digital Services,Duplicate Debit,Frustrated,Partial,2,Standard,Payment Operations,Resolved,2025-04-04T09:52:29,2025-04-07T02:56:46,120,1,1,0,1,No,No,No,Full Refund,8.57,79.45,14.38,No,Valid
PFXC-001535,TXN-0000999,2025-01-02T05:40:50,Email,Standard,2024-12-30T02:28:50,Card Purchase,83.15,Digital Services,Incorrect Amount,Frustrated,Complete,2,Low,Payment Operations,Resolved,2025-01-03T02:59:48,2025-01-05T11:01:40,168,2,1,4,4,No,No,No,Full Refund,83.15,77.35,21.32,No,Valid
PFXC-001536,TXN-0007592,2026-05-22T12:26:56,Chat,Standard,2026-04-21T07:22:56,Card Purchase,67.12,Retail,Failed Payment,Frustrated,Complete,2,Standard,Refund Approval,Resolved,2026-05-23T04:14:07,2026-05-25T13:03:42,120,2,0,2,1,No,No,No,Full Refund,67.12,72.61,15.79,No,Valid
PFXC-001537,TXN-0003290,2026-03-03T14:38:07,Web,Standard,2026-01-30T10:43:07,Direct Debit,196.60,Retail,Failed Payment,Frustrated,Partial,2,Standard,Technical Support,In Investigation,2026-03-04T13:17:31,,120,1,0,1,1,No,No,No,Pending,0.00,,22.66,No,Valid
PFXC-001538,TXN-0004579,2025-12-12T06:06:35,Call Centre,Standard,2025-10-24T10:33:35,Wallet Payment,31.34,Travel,Failed Payment,Frustrated,Partial,2,Low,Technical Support,Awaiting Evidence,2025-12-13T04:43:52,,168,1,0,1,1,No,No,No,Pending,0.00,,22.62,No,Valid
PFXC-001539,TXN-0008566,2025-08-12T21:15:35,Chat,Standard,2025-07-10T02:41:35,Wallet Payment,5.98,Travel,Cash Withdrawal Dispute,Frustrated,Partial,1,Standard,Fraud Review,Resolved,2025-08-13T22:07:44,2025-08-22T06:31:51,120,0,1,2,3,Yes,No,No,Fraud Referral,0.00,225.27,24.87,Yes,Valid
PFXC-001540,TXN-0002898,2025-10-06T01:51:50,Mobile,Standard,2025-09-30T16:37:50,Card Purchase,84.49,Travel,Duplicate Debit,Frustrated,Complete,2,Standard,Payment Operations,Cancelled,2025-10-06T21:29:00,2025-10-12T01:12:53,120,2,0,4,3,No,No,No,Duplicate Case,0.00,143.35,19.62,Yes,Valid
PFXC-001541,TXN-0004638,2025-06-29T03:04:39,Web,Standard,2025-04-30T10:40:39,Card Purchase,64.89,Digital Services,Delayed Refund,Frustrated,Partial,1,Standard,Payment Operations,Pending Customer,2025-06-29T22:47:43,,120,2,1,3,4,No,No,No,Pending,0.00,,19.72,No,Valid
PFXC-001542,TXN-0007119,2025-12-20T09:46:46,Mobile,Standard,2025-11-03T21:21:46,Card Purchase,78.33,Cash Withdrawal,Merchant Non-confirmation,Distressed,Partial,1,Standard,Fraud Review,Resolved,2025-12-21T00:05:19,2025-12-30T05:59:53,120,4,1,6,4,Yes,No,No,Partial Refund,39.42,236.22,14.31,Yes,Valid
PFXC-001543,TXN-0010856,2025-02-19T07:07:43,Web,Standard,2025-02-16T16:32:43,Card Purchase,166.37,Cash Withdrawal,Failed Payment,Frustrated,Partial,2,Low,Technical Support,Rejected,2025-02-20T08:21:28,2025-02-24T03:07:29,168,1,1,3,2,No,No,No,No Refund,0.00,116.00,25.23,No,Valid
PFXC-001544,TXN-0003866,2025-04-08T14:39:17,Mobile,Vulnerable Support,2025-03-06T15:25:17,Bank Transfer,93.44,Digital Services,Duplicate Debit,Positive,Partial,2,Low,Payment Operations,Rejected,2025-04-09T16:56:13,2025-04-13T14:54:38,168,0,2,1,4,No,No,No,No Refund,0.00,120.26,26.28,No,Valid
PFXC-001545,TXN-0006585,2026-05-31T12:45:18,Web,Standard,2026-05-29T08:55:18,Card Purchase,52.96,Other,Merchant Non-confirmation,Distressed,Partial,2,Standard,Fraud Review,Resolved,2026-06-01T09:10:21,2026-06-08T22:48:16,120,2,1,5,3,Yes,No,Yes,Full Refund,52.96,202.05,20.42,Yes,Valid
PFXC-001546,TXN-0004843,2025-11-05T03:46:08,Email,Standard,2025-10-20T18:38:08,Bank Transfer,125.39,Travel,Unauthorised Transaction,Frustrated,Partial,1,Standard,Customer Service,Resolved,2025-11-05T18:38:41,2025-11-12T09:22:02,120,2,1,1,6,No,No,No,Fraud Referral,0.00,173.60,14.88,Yes,Valid
PFXC-001547,TXN-0007204,2025-03-01T13:34:56,Mobile,Standard,2025-01-29T09:35:56,Cash Withdrawal,16.52,Other,Subscription Dispute,Frustrated,Complete,2,Standard,Customer Service,Rejected,2025-03-02T05:00:41,2025-03-06T11:13:40,120,1,0,0,3,No,No,No,No Refund,0.00,117.65,15.43,No,Valid
PFXC-001548,TXN-0009455,2025-08-22T23:38:15,Mobile,Vulnerable Support,2025-07-12T20:23:15,Wallet Payment,104.29,Other,Delayed Refund,Frustrated,Complete,2,Standard,Payment Operations,Resolved,2025-08-23T14:54:26,2025-08-28T02:53:51,120,2,1,2,3,No,No,No,Full Refund,104.29,123.26,15.27,Yes,Valid
PFXC-001549,TXN-0011887,2025-08-24T15:11:24,Web,Standard,2025-07-27T22:41:24,Direct Debit,50.36,Travel,Unauthorised Transaction,Frustrated,Partial,2,High,Customer Service,Resolved,2025-08-25T01:58:18,2025-08-31T08:11:43,72,2,0,1,1,No,No,Yes,Fraud Referral,0.00,161.01,10.78,Yes,Valid
PFXC-001550,TXN-0012360,2026-03-29T18:31:45,Mobile,Standard,2026-03-07T21:07:45,Card Purchase,187.61,Travel,Subscription Dispute,Neutral,Complete,4,Standard,Refund Approval,Resolved,2026-03-30T03:23:18,2026-04-03T15:37:02,120,2,0,1,1,No,No,No,Full Refund,187.61,117.09,8.86,No,Valid
PFXC-001551,TXN-0004597,2025-01-03T16:16:33,Web,Standard,2024-12-27T15:39:33,Card Purchase,55.36,Retail,Unauthorised Transaction,Distressed,Complete,4,Standard,Fraud Review,Resolved,2025-01-04T16:38:29,2025-01-11T11:14:33,120,3,0,4,3,Yes,Yes,No,Fraud Referral,0.00,186.97,24.37,Yes,Valid
PFXC-001552,TXN-0006112,2025-05-03T17:30:58,Web,Assisted Digital,2025-03-12T12:23:58,Card Purchase,39.70,Utilities,Duplicate Debit,Neutral,Partial,1,Standard,Payment Operations,Cancelled,2025-05-04T10:19:38,2025-05-07T13:53:07,120,0,0,1,1,No,No,No,Duplicate Case,0.00,92.37,16.81,No,Valid
PFXC-001553,TXN-0002833,2025-04-24T02:14:56,Call Centre,Standard,2025-03-29T20:39:56,Card Purchase,267.11,Utilities,Incorrect Amount,Neutral,Partial,2,Standard,Payment Operations,Pending Merchant,2025-04-24T14:03:25,,120,1,1,1,3,No,No,No,Pending,0.00,,11.81,No,Valid
PFXC-001554,TXN-0002450,2026-02-10T17:56:05,Call Centre,Standard,2026-01-09T22:10:05,Card Purchase,113.59,Digital Services,Delayed Refund,Frustrated,Complete,4,Standard,Complaints,Rejected,2026-02-11T14:42:24,2026-02-15T04:53:47,120,3,0,3,1,No,No,Yes,No Refund,0.00,106.96,20.77,No,Valid
PFXC-001555,TXN-0008955,2025-02-07T22:38:03,Call Centre,Standard,2024-12-19T03:17:03,Direct Debit,9.81,Travel,Subscription Dispute,Neutral,Complete,4,Low,Customer Service,In Triage,2025-02-08T23:51:32,,168,2,1,1,3,No,No,Yes,Pending,0.00,,25.22,No,Valid
PFXC-001556,TXN-0010721,2026-02-03T13:21:45,Web,Standard,2026-01-15T07:14:45,Cash Withdrawal,75.59,Retail,Incorrect Amount,Frustrated,Complete,4,Standard,Payment Operations,Resolved,2026-02-04T05:50:19,2026-02-06T19:07:17,120,1,1,2,1,No,Yes,No,Full Refund,75.59,77.76,16.48,No,Valid
PFXC-001557,TXN-0003418,2025-01-28T09:57:29,Mobile,Standard,2024-12-12T17:42:29,Card Purchase,60.41,Utilities,Duplicate Debit,Neutral,Complete,4,Standard,Payment Operations,Cancelled,2025-01-29T06:20:39,2025-01-31T16:24:57,120,2,0,1,4,No,No,No,Duplicate Case,0.00,78.46,20.39,No,Valid
PFXC-001558,TXN-0004590,2026-02-22T21:24:03,Mobile,Standard,2025-12-31T13:13:03,Wallet Payment,31.80,Cash Withdrawal,Unauthorised Transaction,Frustrated,Complete,3,High,Fraud Review,Resolved,2026-02-23T09:29:33,2026-03-02T00:39:30,72,2,0,3,3,Yes,Yes,No,Fraud Referral,0.00,171.26,12.09,Yes,Valid
PFXC-001559,TXN-0002014,2025-03-30T12:23:04,Mobile,Assisted Digital,2025-02-19T11:02:04,Direct Debit,288.30,Subscription,Unauthorised Transaction,Frustrated,Complete,3,Standard,Customer Service,Pending Approval,2025-03-31T10:34:26,,120,2,0,2,2,No,No,No,Pending,0.00,,22.19,No,Valid
PFXC-001560,TXN-0000008,2026-04-19T09:27:15,Mobile,Standard,2026-03-18T16:36:15,Card Purchase,94.12,Utilities,Unauthorised Transaction,Frustrated,Partial,1,Standard,Customer Service,Rejected,2026-04-20T04:23:23,2026-04-26T19:12:55,120,4,1,5,3,No,No,Yes,No Refund,0.00,177.76,18.94,Yes,Valid
PFXC-001561,TXN-0005051,2025-05-05T18:42:51,Web,Standard,2025-03-24T13:22:51,Wallet Payment,91.79,Retail,Unauthorised Transaction,Distressed,Partial,2,High,Customer Service,Rejected,2025-05-06T04:45:56,2025-05-10T12:17:46,72,0,1,3,2,No,No,Yes,No Refund,0.00,113.58,10.05,Yes,Valid
PFXC-001562,TXN-0003320,2026-03-16T02:08:34,Mobile,Assisted Digital,2026-01-30T06:00:34,Card Purchase,84.02,Retail,Merchant Non-confirmation,Frustrated,Complete,2,Standard,Technical Support,Resolved,2026-03-16T18:49:47,2026-03-21T16:36:12,120,3,1,4,2,No,No,No,Partial Refund,30.21,134.46,16.69,Yes,Valid
PFXC-001563,TXN-0002014,2025-11-11T21:30:10,Mobile,Standard,2025-10-03T13:27:10,Direct Debit,228.52,Retail,Other,Neutral,Partial,2,Low,Customer Service,Rejected,2025-11-12T20:29:52,2025-11-15T17:50:07,168,0,0,0,2,No,No,No,No Refund,0.00,92.33,23.00,No,Valid
PFXC-001564,TXN-0011974,2026-04-01T16:47:23,Mobile,Standard,2026-02-13T17:23:23,Bank Transfer,35.65,Subscription,Delayed Refund,Frustrated,Partial,2,Standard,Refund Approval,Resolved,2026-04-02T14:44:47,2026-04-08T07:05:56,120,1,1,3,4,No,Yes,No,Full Refund,35.65,158.31,21.96,Yes,Valid
PFXC-001565,TXN-0006355,2025-08-31T19:31:48,Web,Standard,2025-08-08T06:02:48,Bank Transfer,107.81,Retail,Merchant Non-confirmation,Frustrated,Complete,3,Standard,Technical Support,Cancelled,2025-09-01T13:20:24,2025-09-06T05:05:49,120,2,1,3,3,No,No,Yes,Customer Withdrawn,0.00,129.57,17.81,Yes,Valid
PFXC-001566,TXN-0009438,2025-08-09T07:29:43,Mobile,Standard,2025-07-13T20:07:43,Card Purchase,121.36,Cash Withdrawal,Incorrect Amount,Distressed,Missing,0,Standard,Payment Operations,Rejected,2025-08-10T03:04:08,2025-08-14T18:52:51,120,1,0,2,4,No,No,Yes,No Refund,0.00,131.39,19.57,Yes,Valid
PFXC-001567,TXN-0004436,2025-09-27T15:35:41,Mobile,Standard,2025-07-31T07:03:41,Direct Debit,138.42,Digital Services,Unauthorised Transaction,Frustrated,Partial,1,High,Fraud Review,Resolved,2025-09-28T02:28:00,2025-10-08T13:51:19,72,3,2,5,4,Yes,No,No,Fraud Referral,0.00,262.26,10.87,Yes,Valid
PFXC-001568,TXN-0003652,2026-04-07T05:08:17,Mobile,Standard,2026-02-11T16:23:17,Card Purchase,32.04,Subscription,Merchant Non-confirmation,Distressed,Complete,2,Standard,Technical Support,Resolved,2026-04-07T22:43:37,2026-04-12T07:39:09,120,2,1,3,4,No,No,Yes,Partial Refund,15.93,122.51,17.59,Yes,Valid
PFXC-001569,TXN-0001155,2025-05-21T12:11:47,Mobile,Standard,2025-04-09T18:33:47,Card Purchase,140.50,Travel,Failed Payment,Neutral,Partial,2,Low,Technical Support,Resolved,2025-05-22T12:14:04,2025-05-23T18:08:55,168,0,1,1,1,No,No,No,Full Refund,140.50,53.95,24.04,No,Valid
PFXC-001570,TXN-0009006,2026-01-29T03:56:13,Mobile,Standard,2025-12-03T06:44:13,Direct Debit,18.84,Cash Withdrawal,Incorrect Amount,Frustrated,Missing,0,Standard,Fraud Review,Cancelled,2026-01-29T18:40:47,2026-02-09T08:41:44,120,2,3,5,6,Yes,Yes,No,Customer Withdrawn,0.00,268.76,14.74,Yes,Valid
PFXC-001571,TXN-0010323,2025-07-23T20:20:29,Mobile,Standard,2025-06-26T22:34:29,Card Purchase,508.29,Retail,Failed Payment,Neutral,Complete,2,High,Technical Support,Cancelled,2025-07-24T05:35:54,2025-07-26T00:27:52,72,1,0,0,1,No,No,No,Customer Withdrawn,0.00,52.12,9.26,No,Valid
PFXC-001572,TXN-0002091,2025-11-11T02:17:17,Mobile,Standard,2025-10-10T17:28:17,Card Purchase,24.47,Digital Services,Delayed Refund,Neutral,Missing,0,Low,Payment Operations,Awaiting Evidence,2025-11-12T07:26:30,,168,1,2,1,4,No,No,No,Pending,0.00,,29.15,No,Valid
PFXC-001573,TXN-0006990,2025-12-28T11:20:44,Mobile,Standard,2025-11-22T15:07:44,Card Purchase,27.52,Other,Subscription Dispute,Positive,Partial,2,Standard,Refund Approval,Resolved,2025-12-29T04:39:42,2026-01-02T06:45:01,120,1,0,0,2,No,No,No,Partial Refund,14.16,115.40,17.32,No,Valid
PFXC-001574,TXN-0011185,2025-11-13T18:03:20,Email,Standard,2025-09-24T10:36:20,Bank Transfer,24.00,Other,Unauthorised Transaction,Frustrated,Complete,2,Standard,Customer Service,Rejected,2025-11-14T20:45:07,2025-11-17T12:03:58,120,1,1,2,4,No,No,No,No Refund,0.00,90.01,26.70,No,Valid
PFXC-001575,TXN-0011224,2026-04-28T22:48:42,Web,Standard,2026-04-15T12:03:42,Card Purchase,138.37,Utilities,Unauthorised Transaction,Frustrated,Missing,0,Standard,Fraud Review,Rejected,2026-04-29T21:36:21,2026-05-09T10:10:34,120,3,1,4,4,Yes,Yes,No,No Refund,0.00,251.36,22.79,Yes,Valid
PFXC-001576,TXN-0002279,2026-02-28T03:37:26,Mobile,Standard,2025-12-31T20:43:26,Card Purchase,293.34,Subscription,Incorrect Amount,Frustrated,Partial,1,Standard,Payment Operations,Resolved,2026-03-01T02:20:14,2026-03-04T09:21:51,120,2,1,2,3,No,No,No,Partial Refund,210.51,101.74,22.71,No,Valid
PFXC-001577,TXN-0005350,2025-12-30T19:31:10,Web,Standard,2025-11-04T17:59:10,Card Purchase,86.75,Other,Cash Withdrawal Dispute,Frustrated,Partial,2,Standard,Fraud Review,Resolved,2025-12-31T12:08:58,2026-01-10T03:13:56,120,3,1,4,3,Yes,Yes,No,Full Refund,86.75,247.71,16.63,Yes,Valid
PFXC-001578,TXN-0011919,2026-01-31T20:34:47,Chat,Standard,2026-01-29T10:59:47,Wallet Payment,34.74,Utilities,Failed Payment,Distressed,Partial,2,Standard,Technical Support,Resolved,2026-02-01T16:11:58,2026-02-06T05:32:13,120,1,1,4,3,No,Yes,No,Full Refund,34.74,128.96,19.62,Yes,Valid
PFXC-001579,TXN-0009658,2025-09-02T16:29:40,Mobile,Standard,2025-07-18T23:31:40,Wallet Payment,27.95,Other,Unauthorised Transaction,Frustrated,Partial,1,Standard,Customer Service,In Triage,2025-09-03T04:34:37,,120,2,1,2,3,No,No,No,Pending,0.00,,12.08,No,Valid
PFXC-001580,TXN-0005962,2026-03-16T10:01:09,Call Centre,Standard,2026-02-28T21:34:09,Cash Withdrawal,237.07,Retail,Incorrect Amount,Neutral,Missing,0,Standard,Payment Operations,Rejected,2026-03-17T10:07:12,2026-03-21T08:00:25,120,0,1,2,5,No,No,No,No Refund,0.00,117.99,24.10,No,Valid
PFXC-001581,TXN-0002539,2026-04-19T02:17:10,Mobile,Standard,2026-02-17T13:32:10,Wallet Payment,123.36,Retail,Delayed Refund,Frustrated,Complete,4,Standard,Payment Operations,Resolved,2026-04-19T11:48:59,2026-04-24T00:56:07,120,1,1,2,2,No,No,No,Full Refund,123.36,118.65,9.53,No,Valid
PFXC-001582,TXN-0008714,2025-11-07T13:32:52,Call Centre,Standard,2025-11-03T20:07:52,Cash Withdrawal,134.94,Digital Services,Delayed Refund,Neutral,Partial,1,Standard,Payment Operations,Rejected,2025-11-08T07:50:09,2025-11-11T21:49:05,120,1,1,2,3,No,No,No,No Refund,0.00,104.27,18.29,No,Valid
PFXC-001583,TXN-0006471,2025-06-14T16:10:28,Chat,Assisted Digital,2025-04-29T12:29:28,Direct Debit,19.90,Subscription,Incorrect Amount,Frustrated,Missing,0,Standard,Payment Operations,Rejected,2025-06-15T04:04:16,2025-06-19T07:21:57,120,3,1,2,0,No,Yes,No,No Refund,0.00,111.19,11.90,No,Valid
PFXC-001584,TXN-0001933,2025-12-03T00:38:25,Chat,Standard,2025-10-17T20:32:25,Card Purchase,49.01,Other,Failed Payment,Neutral,Partial,1,Standard,Technical Support,Pending Customer,2025-12-03T19:17:43,,120,1,0,1,2,No,No,No,Pending,0.00,,18.66,No,Valid
PFXC-001585,TXN-0007021,2025-07-28T09:48:17,Web,Standard,2025-06-18T09:13:17,Card Purchase,46.95,Digital Services,Duplicate Debit,Frustrated,Partial,1,Standard,Payment Operations,Rejected,2025-07-29T03:18:51,2025-08-02T20:40:45,120,1,2,4,3,No,Yes,No,No Refund,0.00,130.87,17.51,Yes,Valid
PFXC-001586,TXN-0002095,2026-04-25T20:14:36,Email,Standard,2026-03-09T16:24:36,Direct Debit,108.45,Retail,Delayed Refund,Neutral,Complete,3,Standard,Payment Operations,Resolved,2026-04-26T10:58:34,2026-04-29T05:17:20,120,3,0,1,2,No,No,No,Full Refund,108.45,81.05,14.73,No,Valid
PFXC-001587,TXN-0001620,2025-08-12T17:22:34,Web,Standard,2025-07-28T02:27:34,Card Purchase,23.04,Retail,Subscription Dispute,Neutral,Complete,2,Low,Customer Service,In Triage,2025-08-13T12:49:52,,168,1,1,1,3,No,No,No,Pending,0.00,,19.46,No,Valid
PFXC-001588,TXN-0000521,2026-02-10T01:56:30,Mobile,Assisted Digital,2026-01-31T16:58:30,Card Purchase,75.08,Subscription,Delayed Refund,Frustrated,Missing,0,Low,Refund Approval,Resolved,2026-02-11T07:05:43,2026-02-16T20:06:42,168,2,2,4,2,No,No,No,Full Refund,75.08,162.17,29.15,No,Valid
PFXC-001589,TXN-0010057,2026-06-19T21:15:42,Mobile,Standard,2026-06-07T04:26:42,Cash Withdrawal,88.29,Subscription,Delayed Refund,Frustrated,Partial,2,Standard,Payment Operations,Resolved,2026-06-20T06:47:55,2026-06-25T00:13:48,120,1,2,4,1,No,No,No,Full Refund,88.29,122.97,9.54,Yes,Valid
PFXC-001590,TXN-0006198,2026-04-07T21:52:08,Mobile,Standard,2026-03-07T04:29:08,Card Purchase,30.90,Subscription,Incorrect Amount,Frustrated,Partial,2,Standard,Fraud Review,Rejected,2026-04-08T09:43:43,2026-04-14T23:21:21,120,3,1,3,5,Yes,Yes,No,No Refund,0.00,169.49,11.86,Yes,Valid
PFXC-001591,TXN-0006279,2025-12-27T19:01:37,Mobile,Standard,2025-11-16T21:10:37,Bank Transfer,13.48,Retail,Merchant Non-confirmation,Positive,Complete,4,Standard,Technical Support,Rejected,2025-12-28T09:19:30,2025-12-30T09:10:54,120,1,0,0,0,No,No,No,No Refund,0.00,62.15,14.30,No,Valid
PFXC-001592,TXN-0007543,2025-09-05T01:53:40,Mobile,Vulnerable Support,2025-07-15T07:18:40,Card Purchase,121.64,Cash Withdrawal,Incorrect Amount,Frustrated,Complete,2,High,Payment Operations,Rejected,2025-09-05T08:59:47,2025-09-08T16:02:55,72,2,1,3,4,No,No,No,No Refund,0.00,86.15,7.10,Yes,Valid
PFXC-001593,TXN-0006055,2026-06-01T01:00:58,Email,Standard,2026-05-15T00:49:58,Card Purchase,55.25,Utilities,Unauthorised Transaction,Frustrated,Partial,1,Standard,Fraud Review,Resolved,2026-06-02T01:30:05,2026-06-08T04:04:41,120,3,1,4,3,Yes,No,No,Full Refund,55.25,171.06,24.49,Yes,Valid
PFXC-001594,TXN-0000233,2025-11-10T18:18:48,Call Centre,Standard,2025-09-25T05:58:48,Bank Transfer,182.32,Utilities,Delayed Refund,Neutral,Partial,1,Standard,Payment Operations,Resolved,2025-11-11T11:49:48,2025-11-14T21:05:05,120,1,0,1,4,No,No,No,Full Refund,182.32,98.77,17.52,No,Valid
PFXC-001595,TXN-0000391,2026-05-02T00:07:15,Mobile,Vulnerable Support,2026-03-24T10:05:15,Card Purchase,268.05,Digital Services,Unauthorised Transaction,Frustrated,Partial,1,High,Fraud Review,Resolved,2026-05-02T03:08:06,2026-05-10T10:29:13,72,3,0,4,4,Yes,Yes,Yes,Fraud Referral,0.00,202.37,3.01,Yes,Valid
PFXC-001596,TXN-0007867,2026-01-16T22:55:23,Web,Standard,2025-12-29T04:10:23,Wallet Payment,151.80,Cash Withdrawal,Subscription Dispute,Distressed,Missing,0,Low,Customer Service,Resolved,2026-01-17T21:43:02,2026-01-24T02:16:30,168,1,2,3,4,No,No,No,Full Refund,151.80,171.35,22.79,Yes,Valid
PFXC-001597,TXN-0005158,2026-02-22T04:46:25,Web,Assisted Digital,2026-01-27T11:50:25,Card Purchase,55.86,Travel,Delayed Refund,Neutral,Partial,2,Standard,Payment Operations,Resolved,2026-02-22T23:28:17,2026-02-26T17:11:06,120,1,1,3,3,No,No,No,Full Refund,55.86,108.41,18.70,No,Valid
PFXC-001598,TXN-0009245,2025-03-20T18:15:30,Mobile,Standard,2025-03-11T11:59:30,Card Purchase,59.87,Other,Duplicate Debit,Frustrated,Complete,3,Standard,Fraud Review,Resolved,2025-03-21T10:06:06,2025-03-24T18:27:33,120,0,1,2,2,Yes,No,No,Full Refund,59.87,96.20,15.84,No,Valid
PFXC-001599,TXN-0000998,2026-01-15T18:58:09,Mobile,Standard,2025-12-27T14:50:09,Card Purchase,36.21,Digital Services,Failed Payment,Neutral,Complete,2,Standard,Technical Support,Rejected,2026-01-16T09:58:15,2026-01-17T21:05:58,120,1,0,2,1,No,No,No,No Refund,0.00,50.13,15.00,No,Valid
PFXC-001600,TXN-0000831,2026-06-15T08:04:03,Mobile,Standard,2026-05-12T03:34:03,Cash Withdrawal,32.10,Utilities,Cash Withdrawal Dispute,Frustrated,Complete,4,Standard,Fraud Review,Resolved,2026-06-16T03:52:28,2026-06-23T01:06:51,120,3,0,3,2,Yes,Yes,No,Full Refund,32.10,185.05,19.81,Yes,Valid
PFXC-001601,TXN-0007557,2026-04-13T06:53:08,Web,Standard,2026-03-11T01:25:08,Card Purchase,128.25,Subscription,Failed Payment,Neutral,Partial,1,Standard,Technical Support,Rejected,2026-04-14T07:41:55,2026-04-18T02:17:56,120,2,0,1,4,No,No,No,No Refund,0.00,115.41,24.81,No,Valid
PFXC-001602,TXN-0000281,2025-01-03T21:51:26,Call Centre,Standard,2024-12-08T16:01:26,Card Purchase,38.77,Subscription,Duplicate Debit,Neutral,Partial,2,Standard,Payment Operations,Pending Customer,2025-01-04T19:04:52,,120,1,0,0,2,No,No,No,Pending,0.00,,21.22,No,Valid
PFXC-001603,TXN-0004924,2025-06-28T20:35:20,Web,Standard,2025-06-17T07:06:20,Bank Transfer,48.76,Retail,Merchant Non-confirmation,Frustrated,Missing,0,Standard,Technical Support,Cancelled,2025-06-29T07:40:05,2025-07-07T18:29:55,120,1,1,3,3,No,Yes,No,Customer Withdrawn,0.00,213.91,11.08,Yes,Valid
PFXC-001604,TXN-0011984,2026-02-01T12:23:16,Mobile,Standard,2025-12-18T04:55:16,Card Purchase,106.10,Subscription,Failed Payment,Positive,Partial,1,Standard,Technical Support,Resolved,2026-02-02T05:24:38,2026-02-05T06:08:06,120,0,1,1,3,No,No,No,Full Refund,106.10,89.75,17.02,No,Valid
PFXC-001605,TXN-0003399,2025-09-21T01:27:32,Email,Standard,2025-07-28T21:52:32,Bank Transfer,81.96,Utilities,Delayed Refund,Frustrated,Missing,0,Standard,Fraud Review,Rejected,2025-09-21T20:34:34,2025-09-30T01:17:51,120,2,1,4,3,Yes,Yes,No,No Refund,0.00,215.84,19.12,Yes,Valid
PFXC-001606,TXN-0011683,2026-02-27T21:21:30,Web,Standard,2026-02-10T22:21:30,Direct Debit,358.00,Subscription,Merchant Non-confirmation,Positive,Complete,2,Low,Technical Support,Resolved,2026-02-28T22:29:20,2026-03-05T19:59:09,168,2,1,1,2,No,No,No,Partial Refund,245.09,142.63,25.13,No,Valid
PFXC-001607,TXN-0002987,2026-05-03T14:50:37,Web,Standard,2026-04-01T13:14:37,Direct Debit,15.87,Travel,Merchant Non-confirmation,Frustrated,Complete,2,Standard,Refund Approval,Resolved,2026-05-04T12:00:09,2026-05-08T03:00:22,120,1,1,3,3,No,No,No,Full Refund,15.87,108.16,21.16,No,Valid
PFXC-001608,TXN-0007046,2025-07-17T12:07:16,Web,Standard,2025-07-04T18:01:16,Bank Transfer,23.44,Digital Services,Delayed Refund,Distressed,Missing,0,Low,Fraud Review,Resolved,2025-07-19T00:08:36,2025-07-26T17:45:16,168,2,0,3,5,Yes,Yes,Yes,Fraud Referral,0.00,221.63,36.02,Yes,Valid
PFXC-001609,TXN-0007476,2026-02-23T15:35:59,Web,Standard,2026-01-18T04:20:59,Card Purchase,30.88,Other,Cash Withdrawal Dispute,Frustrated,Complete,2,Standard,Fraud Review,Rejected,2026-02-24T08:58:46,2026-03-05T20:37:02,120,4,0,3,6,Yes,No,Yes,No Refund,0.00,245.02,17.38,Yes,Valid
PFXC-001610,TXN-0010949,2025-03-14T11:23:11,Web,Standard,2025-02-20T23:08:11,Direct Debit,68.05,Travel,Subscription Dispute,Neutral,Partial,2,Standard,Customer Service,In Triage,2025-03-15T12:04:17,,120,1,1,3,2,No,No,No,Pending,0.00,,24.69,No,Valid
PFXC-001611,TXN-0009854,2025-12-05T00:53:23,Mobile,Assisted Digital,2025-11-25T08:11:23,Card Purchase,56.11,Subscription,Delayed Refund,Frustrated,Partial,2,Low,Payment Operations,Rejected,2025-12-06T00:44:10,2025-12-10T06:08:55,168,1,0,2,4,No,No,No,No Refund,0.00,125.26,23.85,No,Valid
PFXC-001612,TXN-0000432,2026-06-02T12:15:00,Email,Standard,2026-04-22T21:00:00,Direct Debit,203.84,Other,Merchant Non-confirmation,Distressed,Partial,1,Standard,Technical Support,Resolved,2026-06-03T13:03:51,2026-06-09T13:50:44,120,2,0,2,1,No,Yes,No,Partial Refund,51.10,169.60,24.81,Yes,Valid
PFXC-001613,TXN-0001777,2025-02-08T23:43:28,Web,Standard,2025-01-07T15:36:28,Card Purchase,70.69,Utilities,Delayed Refund,Neutral,Partial,2,Low,Payment Operations,Rejected,2025-02-10T05:16:12,2025-02-12T19:23:49,168,1,0,0,1,No,No,No,No Refund,0.00,91.67,29.55,No,Valid
PFXC-001614,TXN-0010537,2026-06-24T01:59:12,Chat,Assisted Digital,2026-06-06T20:02:12,Card Purchase,109.72,Retail,Duplicate Debit,Neutral,Complete,4,Standard,Refund Approval,Resolved,2026-06-24T16:49:53,2026-06-26T23:40:34,120,1,0,1,2,No,Yes,No,Full Refund,109.72,69.69,14.84,No,Valid
PFXC-001615,TXN-0012476,2026-02-14T14:36:19,Mobile,Standard,2026-02-03T09:57:19,Card Purchase,313.49,Subscription,Unauthorised Transaction,Frustrated,Complete,3,Standard,Customer Service,Resolved,2026-02-15T08:36:29,2026-02-20T18:46:45,120,2,0,2,3,No,Yes,No,Partial Refund,125.22,148.17,18.00,Yes,Valid
PFXC-001616,TXN-0001207,2026-02-14T21:26:00,Mobile,Standard,2026-01-14T02:09:00,Cash Withdrawal,192.22,Digital Services,Delayed Refund,Frustrated,Missing,0,Standard,Refund Approval,Resolved,2026-02-15T14:49:14,2026-02-21T09:25:01,120,1,1,3,3,No,Yes,Yes,Full Refund,192.22,155.98,17.39,Yes,Valid
PFXC-001617,TXN-0011165,2026-01-20T17:33:34,Mobile,Standard,2026-01-04T08:32:34,Card Purchase,20.77,Retail,Merchant Non-confirmation,Neutral,Complete,4,Low,Refund Approval,Resolved,2026-01-21T19:41:35,2026-01-27T07:27:25,168,0,1,0,4,No,No,No,Full Refund,20.77,157.90,26.13,No,Valid
PFXC-001618,TXN-0003536,2025-09-01T13:43:32,Chat,Standard,2025-08-16T12:38:32,Bank Transfer,67.23,Retail,Delayed Refund,Frustrated,Partial,1,Standard,Refund Approval,Resolved,2025-09-02T07:45:16,2025-09-06T20:14:17,120,0,1,3,3,No,No,Yes,Full Refund,67.23,126.51,18.03,Yes,Valid
PFXC-001619,TXN-0000371,2026-01-27T21:49:35,Call Centre,Standard,2025-12-04T23:56:35,Bank Transfer,8.58,Retail,Merchant Non-confirmation,Frustrated,Complete,4,Standard,Technical Support,Rejected,2026-01-28T22:45:28,2026-02-02T19:30:02,120,0,0,2,3,No,No,No,No Refund,0.00,141.67,24.93,Yes,Valid
PFXC-001620,TXN-0002992,2025-08-22T10:44:47,Web,Standard,2025-08-20T08:06:47,Direct Debit,32.92,Cash Withdrawal,Other,Frustrated,Complete,2,Standard,Fraud Review,Resolved,2025-08-22T21:58:21,2025-08-31T20:42:09,120,4,1,3,4,Yes,No,Yes,Full Refund,32.92,225.96,11.23,Yes,Valid
PFXC-001621,TXN-0009213,2026-02-27T05:26:02,Web,Standard,2026-02-16T00:53:02,Card Purchase,17.18,Retail,Unauthorised Transaction,Frustrated,Partial,2,Standard,Fraud Review,Resolved,2026-02-27T17:24:26,2026-03-05T09:48:13,120,1,0,3,3,Yes,Yes,Yes,Fraud Referral,0.00,148.37,11.97,Yes,Valid
PFXC-001622,TXN-0006715,2025-05-05T23:34:04,Mobile,Standard,2025-03-08T14:50:04,Card Purchase,238.93,Other,Duplicate Debit,Frustrated,Complete,4,Standard,Payment Operations,Resolved,2025-05-07T03:28:05,2025-05-11T16:49:12,120,2,1,2,1,No,Yes,No,Full Refund,238.93,137.25,27.90,Yes,Valid
PFXC-001623,TXN-0003356,2026-05-31T16:08:04,Email,Standard,2026-04-20T05:58:04,Wallet Payment,5.04,Other,Unauthorised Transaction,Distressed,Partial,2,Standard,Customer Service,Resolved,2026-06-01T11:52:40,2026-06-09T07:40:53,120,3,1,3,5,No,Yes,No,Full Refund,5.04,207.55,19.74,Yes,Valid
PFXC-001624,TXN-0011007,2025-12-04T05:41:36,Chat,Standard,2025-10-13T03:50:36,Direct Debit,48.86,Retail,Unauthorised Transaction,Neutral,Complete,4,Standard,Customer Service,Resolved,2025-12-04T20:11:44,2025-12-07T12:51:04,120,0,0,1,1,No,No,No,Partial Refund,33.11,79.16,14.50,No,Valid
PFXC-001625,TXN-0009317,2025-01-13T01:26:21,Web,Standard,2024-11-13T14:14:21,Card Purchase,54.60,Subscription,Duplicate Debit,Frustrated,Complete,2,Standard,Payment Operations,Resolved,2025-01-13T22:05:10,2025-01-16T22:13:52,120,3,1,2,4,No,No,No,Full Refund,54.60,92.79,20.65,No,Valid
PFXC-001626,TXN-0000421,2025-12-11T05:56:51,Web,Standard,2025-11-12T01:48:51,Cash Withdrawal,28.53,Retail,Delayed Refund,Frustrated,Partial,2,Standard,Payment Operations,Resolved,2025-12-12T00:06:18,2025-12-15T21:04:33,120,1,1,2,4,No,No,No,Full Refund,28.53,111.13,18.16,No,Valid
PFXC-001627,TXN-0007821,2025-10-23T17:47:06,Mobile,Standard,2025-09-15T23:26:06,Bank Transfer,19.68,Cash Withdrawal,Other,Frustrated,Complete,2,Standard,Customer Service,Resolved,2025-10-24T12:30:17,2025-10-28T10:09:01,120,2,1,2,3,No,No,No,Full Refund,19.68,112.37,18.72,No,Valid
PFXC-001628,TXN-0011275,2025-07-15T12:35:44,Web,Standard,2025-07-04T16:24:44,Direct Debit,134.49,Travel,Cash Withdrawal Dispute,Frustrated,Complete,2,Standard,Customer Service,Resolved,2025-07-16T12:24:24,2025-07-21T10:05:05,120,0,1,2,3,No,Yes,No,Full Refund,134.49,141.49,23.81,Yes,Valid
PFXC-001629,TXN-0007502,2025-08-19T19:11:56,Mobile,Standard,2025-06-20T08:24:56,Cash Withdrawal,73.21,Retail,Delayed Refund,Distressed,Missing,0,Standard,Payment Operations,Resolved,2025-08-20T16:34:24,2025-08-26T19:38:27,120,2,1,3,4,No,No,No,Full Refund,73.21,168.44,21.37,Yes,Valid
PFXC-001630,TXN-0004082,2025-10-06T10:53:22,Mobile,Standard,2025-09-24T05:49:22,Direct Debit,101.14,Retail,Incorrect Amount,Frustrated,Partial,1,Standard,Payment Operations,Resolved,2025-10-07T12:15:25,2025-10-11T20:39:06,120,3,0,2,1,No,No,No,Partial Refund,49.40,129.76,25.37,Yes,Valid
PFXC-001631,TXN-0009209,2026-06-08T23:43:19,Chat,Standard,2026-05-18T08:27:19,Card Purchase,57.23,Subscription,Unauthorised Transaction,Frustrated,Missing,0,Standard,Fraud Review,Resolved,2026-06-09T14:25:34,2026-06-20T04:39:24,120,1,1,3,3,Yes,Yes,No,Fraud Referral,0.00,268.93,14.70,Yes,Valid
PFXC-001632,TXN-0009295,2025-01-21T05:06:04,Web,Standard,2025-01-15T08:53:04,Card Purchase,150.69,Retail,Incorrect Amount,Frustrated,Missing,0,Standard,Payment Operations,Rejected,2025-01-21T22:20:42,2025-01-28T19:20:15,120,0,1,3,4,No,Yes,No,No Refund,0.00,182.24,17.24,Yes,Valid
PFXC-001633,TXN-0009429,2026-05-22T02:25:18,Mobile,Standard,2026-04-21T09:32:18,Card Purchase,40.58,Travel,Incorrect Amount,Neutral,Complete,3,Standard,Payment Operations,Cancelled,2026-05-22T18:48:12,2026-05-24T21:59:48,120,2,0,2,3,No,No,No,Customer Withdrawn,0.00,67.58,16.38,No,Valid
PFXC-001634,TXN-0007641,2026-02-13T05:43:31,Web,Standard,2026-01-15T00:47:31,Wallet Payment,43.52,Travel,Subscription Dispute,Neutral,Partial,1,Low,Customer Service,Rejected,2026-02-14T05:07:30,2026-02-19T09:53:39,168,1,1,4,3,No,No,No,No Refund,0.00,148.17,23.40,No,Valid
PFXC-001635,TXN-0010367,2025-09-26T13:01:35,Mobile,Standard,2025-08-16T13:40:35,Card Purchase,26.77,Retail,Delayed Refund,Frustrated,Complete,2,Standard,Payment Operations,Resolved,2025-09-27T16:38:05,2025-09-29T10:12:11,120,1,0,2,5,No,No,No,Partial Refund,6.81,69.18,27.61,No,Valid
PFXC-001636,TXN-0007157,2026-01-06T00:17:46,Mobile,Standard,2025-11-22T21:30:46,Cash Withdrawal,256.01,Retail,Failed Payment,Distressed,Complete,4,Standard,Technical Support,Resolved,2026-01-06T17:07:46,2026-01-10T12:50:32,120,2,1,2,3,No,No,No,Full Refund,256.01,108.55,16.83,No,Valid
PFXC-001637,TXN-0009009,2026-06-24T07:22:06,Email,Standard,2026-06-08T19:19:06,Card Purchase,138.30,Other,Duplicate Debit,Frustrated,Complete,2,Standard,Payment Operations,Pending Customer,2026-06-25T09:32:32,,120,3,0,2,2,No,Yes,No,Pending,0.00,,26.17,No,Valid
PFXC-001638,TXN-0007694,2025-04-22T02:46:45,Chat,Standard,2025-03-20T11:44:45,Card Purchase,482.64,Retail,Subscription Dispute,Frustrated,Partial,1,Standard,Customer Service,Resolved,2025-04-22T18:36:53,2025-04-27T14:45:00,120,2,1,5,4,No,No,No,Full Refund,482.64,131.97,15.84,Yes,Valid
PFXC-001639,TXN-0006835,2026-04-14T10:08:37,Mobile,Vulnerable Support,2026-04-08T19:10:37,Card Purchase,147.86,Other,Other,Frustrated,Partial,1,High,Customer Service,Rejected,2026-04-14T12:59:48,2026-04-19T04:46:07,72,2,0,3,2,No,Yes,No,No Refund,0.00,114.63,2.85,Yes,Valid
PFXC-001640,TXN-0003960,2025-10-21T08:28:09,Chat,Standard,2025-09-23T04:20:09,Card Purchase,66.48,Retail,Delayed Refund,Frustrated,Partial,2,Standard,Payment Operations,Resolved,2025-10-22T06:47:43,2025-10-27T16:10:37,120,3,1,3,2,No,Yes,No,Full Refund,66.48,151.71,22.33,Yes,Valid
PFXC-001641,TXN-0002773,2026-01-20T02:14:14,Web,Assisted Digital,2025-12-12T03:10:14,Bank Transfer,26.10,Subscription,Duplicate Debit,Frustrated,Complete,4,Standard,Payment Operations,Resolved,2026-01-20T20:07:07,2026-01-24T13:05:23,120,2,1,3,3,No,No,No,Full Refund,26.10,106.85,17.88,No,Valid
PFXC-001642,TXN-0011023,2026-03-13T13:56:56,Email,Standard,2026-02-27T23:33:56,Wallet Payment,337.49,Subscription,Merchant Non-confirmation,Distressed,Missing,0,Low,Refund Approval,Resolved,2026-03-14T21:53:46,2026-03-20T22:41:36,168,2,2,5,5,No,No,Yes,Full Refund,337.49,176.74,31.95,Yes,Valid
PFXC-001643,TXN-0011593,2025-10-14T16:25:08,Mobile,Standard,2025-09-15T22:44:08,Card Purchase,27.23,Subscription,Subscription Dispute,Frustrated,Partial,1,Standard,Customer Service,Cancelled,2025-10-15T11:38:07,2025-10-20T11:30:47,120,2,0,3,4,No,Yes,No,Customer Withdrawn,0.00,139.09,19.22,Yes,Valid
PFXC-001644,TXN-0011762,2025-08-03T09:32:41,Email,Standard,2025-06-20T17:42:41,Wallet Payment,158.48,Subscription,Duplicate Debit,Frustrated,Complete,3,Standard,Refund Approval,Resolved,2025-08-04T06:46:33,2025-08-09T00:30:07,120,2,1,3,3,No,Yes,Yes,Full Refund,158.48,134.96,21.23,Yes,Valid
PFXC-001645,TXN-0006666,2025-02-13T22:41:04,Call Centre,Standard,2025-01-07T23:54:04,Bank Transfer,652.03,Other,Incorrect Amount,Neutral,Complete,2,Standard,Payment Operations,Rejected,2025-02-14T12:28:38,2025-02-18T14:01:45,120,1,0,0,2,No,No,No,No Refund,0.00,111.34,13.79,No,Valid
PFXC-001646,TXN-0004943,2025-04-12T22:20:29,Mobile,Assisted Digital,2025-03-15T03:37:29,Wallet Payment,26.08,Subscription,Failed Payment,Frustrated,Missing,0,Standard,Technical Support,Resolved,2025-04-13T08:28:22,2025-04-22T01:21:50,120,3,1,3,5,No,Yes,Yes,Partial Refund,18.47,219.02,10.13,Yes,Valid
PFXC-001647,TXN-0010372,2026-05-22T16:22:13,Web,Standard,2026-03-27T11:43:13,Card Purchase,121.93,Retail,Subscription Dispute,Neutral,Complete,3,Standard,Customer Service,Resolved,2026-05-23T14:54:03,2026-05-25T22:52:47,120,1,0,1,4,No,No,No,Partial Refund,90.87,78.51,22.53,No,Valid
PFXC-001648,TXN-0003278,2026-01-19T05:19:03,Email,Standard,2025-11-28T22:43:03,Card Purchase,104.43,Retail,Delayed Refund,Frustrated,Complete,2,Standard,Complaints,In Triage,2026-01-19T20:02:39,,120,1,0,1,2,No,No,Yes,Pending,0.00,,14.73,No,Valid
PFXC-001649,TXN-0004232,2025-03-08T05:00:09,Web,Standard,2025-02-08T09:20:09,Card Purchase,17.42,Subscription,Failed Payment,Neutral,Partial,1,Standard,Technical Support,Resolved,2025-03-08T22:01:56,2025-03-11T22:49:38,120,1,1,1,2,No,No,No,Full Refund,17.42,89.82,17.03,No,Valid
PFXC-001650,TXN-0011341,2025-11-20T16:27:26,Mobile,Standard,2025-11-18T04:01:26,Card Purchase,51.86,Retail,Failed Payment,Neutral,Complete,2,Standard,Technical Support,Resolved,2025-11-21T11:29:48,2025-11-25T14:02:13,120,2,1,2,2,No,No,No,Full Refund,51.86,117.58,19.04,No,Valid
PFXC-001651,TXN-0005112,2025-03-21T11:52:52,Chat,Standard,2025-03-16T07:37:52,Card Purchase,18.45,Digital Services,Delayed Refund,Frustrated,Complete,3,Low,Payment Operations,Rejected,2025-03-22T20:50:57,2025-03-24T17:15:02,168,1,0,2,3,No,No,No,No Refund,0.00,77.37,32.97,No,Valid
PFXC-001652,TXN-0012264,2026-05-18T20:39:21,Mobile,Vulnerable Support,2026-03-22T11:41:21,Card Purchase,47.70,Digital Services,Failed Payment,Distressed,Complete,3,High,Complaints,Rejected,2026-05-19T06:28:37,2026-05-23T01:22:09,72,2,0,3,3,No,No,Yes,No Refund,0.00,100.71,9.82,Yes,Valid
PFXC-001653,TXN-0011893,2026-06-04T04:29:56,Call Centre,Standard,2026-05-12T16:52:56,Bank Transfer,248.62,Retail,Duplicate Debit,Frustrated,Partial,2,Standard,Payment Operations,Resolved,2026-06-04T19:53:13,2026-06-10T00:37:31,120,2,2,5,2,No,Yes,Yes,Full Refund,248.62,140.13,15.39,Yes,Valid
PFXC-001654,TXN-0010366,2025-08-04T11:35:00,Mobile,Assisted Digital,2025-08-03T08:41:00,Direct Debit,163.82,Retail,Merchant Non-confirmation,Neutral,Complete,3,Low,Refund Approval,Resolved,2025-08-05T16:31:12,2025-08-08T08:00:06,168,0,0,0,0,No,No,No,Full Refund,163.82,92.42,28.94,No,Valid
PFXC-001655,TXN-0011586,2025-12-20T17:56:55,Mobile,Assisted Digital,2025-11-11T20:13:55,Wallet Payment,99.63,Other,Unauthorised Transaction,Frustrated,Partial,1,Standard,Fraud Review,Awaiting Evidence,2025-12-21T13:16:07,,120,4,0,2,3,Yes,No,No,Pending,0.00,,19.32,No,Valid
PFXC-001656,TXN-0009386,2025-03-19T00:55:37,Mobile,Standard,2025-01-20T14:30:37,Direct Debit,21.29,Retail,Subscription Dispute,Frustrated,Missing,0,Standard,Customer Service,Rejected,2025-03-19T20:39:54,2025-03-30T00:34:32,120,2,1,4,3,No,Yes,No,No Refund,0.00,263.65,19.74,Yes,Valid
PFXC-001657,TXN-0006238,2025-12-06T03:26:12,Web,Standard,2025-10-20T23:31:12,Wallet Payment,310.56,Retail,Delayed Refund,Frustrated,Complete,4,Standard,Refund Approval,Resolved,2025-12-06T18:35:54,2025-12-11T21:53:13,120,3,0,3,3,No,No,Yes,Partial Refund,152.51,138.45,15.16,Yes,Valid
PFXC-001658,TXN-0001219,2025-06-19T22:13:34,Web,Standard,2025-05-25T15:14:34,Bank Transfer,221.03,Travel,Duplicate Debit,Frustrated,Partial,2,Standard,Payment Operations,Cancelled,2025-06-20T19:16:31,2025-06-24T15:56:23,120,2,1,3,0,No,Yes,Yes,Duplicate Case,0.00,113.71,21.05,No,Valid
PFXC-001659,TXN-0009392,2026-03-04T18:09:02,Mobile,Standard,2026-01-23T04:45:02,Cash Withdrawal,87.11,Retail,Other,Neutral,Complete,3,Standard,Customer Service,Rejected,2026-03-05T15:16:58,2026-03-08T19:04:46,120,2,0,3,2,No,No,No,No Refund,0.00,96.93,21.13,No,Valid
PFXC-001660,TXN-0006009,2025-09-10T03:59:25,Mobile,Standard,2025-08-13T17:17:25,Cash Withdrawal,68.67,Subscription,Failed Payment,Frustrated,Partial,2,Standard,Technical Support,Resolved,2025-09-10T19:30:28,2025-09-12T22:05:25,120,1,1,1,3,No,No,No,Full Refund,68.67,66.10,15.52,No,Valid
PFXC-001661,TXN-0003179,2025-01-29T17:32:42,Web,Standard,2025-01-01T21:26:42,Bank Transfer,48.17,Retail,Failed Payment,Distressed,Partial,1,Standard,Technical Support,Rejected,2025-01-30T09:02:00,2025-02-04T20:20:11,120,1,1,5,5,No,Yes,No,No Refund,0.00,146.79,15.49,Yes,Valid
PFXC-001662,TXN-0004737,2025-03-08T00:46:38,Chat,Standard,2025-02-15T19:58:38,Direct Debit,58.07,Subscription,Duplicate Debit,Frustrated,Partial,2,Standard,Fraud Review,Rejected,2025-03-08T19:22:05,2025-03-11T23:05:38,120,2,0,3,1,Yes,Yes,Yes,No Refund,0.00,94.32,18.59,No,Valid
PFXC-001663,TXN-0004691,2025-04-13T16:53:19,Mobile,Standard,2025-02-22T18:30:19,Cash Withdrawal,7.91,Digital Services,Unauthorised Transaction,Distressed,Partial,1,Standard,Fraud Review,Resolved,2025-04-14T23:38:34,2025-04-21T16:56:21,120,1,1,2,2,Yes,No,No,Full Refund,7.91,192.05,30.75,Yes,Valid
PFXC-001664,TXN-0000875,2025-10-25T23:23:12,Mobile,Standard,2025-10-17T01:01:12,Card Purchase,73.85,Cash Withdrawal,Other,Frustrated,Complete,2,Low,Refund Approval,Resolved,2025-10-26T22:36:31,2025-11-01T11:08:12,168,2,1,2,2,No,No,No,Partial Refund,24.16,155.75,23.22,No,Valid
PFXC-001665,TXN-0005560,2025-05-19T21:56:40,Mobile,Standard,2025-04-21T17:28:40,Bank Transfer,155.02,Retail,Unauthorised Transaction,Distressed,Complete,3,Standard,Fraud Review,Resolved,2025-05-20T12:12:37,2025-05-28T14:31:53,120,2,1,4,3,Yes,Yes,Yes,Fraud Referral,0.00,208.59,14.27,Yes,Valid
PFXC-001666,TXN-0011936,2025-04-27T20:00:55,Chat,Assisted Digital,2025-03-15T02:15:55,Card Purchase,136.84,Subscription,Other,Neutral,Partial,2,Standard,Customer Service,Resolved,2025-04-28T13:09:43,2025-05-01T12:03:21,120,1,0,1,3,No,Yes,No,Partial Refund,77.63,88.04,17.15,No,Valid
PFXC-001667,TXN-0010844,2026-06-13T20:07:25,Mobile,Assisted Digital,2026-05-13T08:03:25,Card Purchase,21.32,Other,Subscription Dispute,Distressed,Missing,0,Standard,Customer Service,In Triage,2026-06-14T18:12:14,,120,1,2,3,2,No,No,No,Pending,0.00,,22.08,No,Valid
PFXC-001668,TXN-0006989,2025-08-21T15:18:50,Web,Standard,2025-07-12T13:46:50,Card Purchase,49.67,Subscription,Delayed Refund,Distressed,Partial,2,Standard,Refund Approval,Resolved,2025-08-22T12:10:47,2025-08-28T11:17:04,120,1,3,4,3,No,No,Yes,Full Refund,49.67,163.97,20.87,Yes,Valid
PFXC-001669,TXN-0012422,2025-06-29T19:01:44,Mobile,Vulnerable Support,2025-06-27T22:31:44,Direct Debit,118.36,Utilities,Incorrect Amount,Frustrated,Complete,4,Standard,Fraud Review,Resolved,2025-06-30T04:40:34,2025-07-05T06:15:58,120,3,0,3,3,Yes,No,No,Full Refund,118.36,131.24,9.65,Yes,Valid
PFXC-001670,TXN-0003973,2026-02-10T07:36:40,Mobile,Standard,2026-01-12T22:26:40,Direct Debit,65.94,Retail,Failed Payment,Frustrated,Complete,2,Standard,Technical Support,In Triage,2026-02-10T17:30:10,,120,1,0,2,3,No,No,No,Pending,0.00,,9.89,No,Valid
PFXC-001671,TXN-0008522,2025-04-18T21:08:21,Call Centre,Standard,2025-04-17T09:15:21,Card Purchase,152.91,Digital Services,Failed Payment,Frustrated,Complete,2,Standard,Technical Support,Rejected,2025-04-19T07:40:01,2025-04-22T13:18:51,120,1,1,2,3,No,No,No,No Refund,0.00,88.18,10.53,No,Valid
PFXC-001672,TXN-0003398,2026-06-09T06:28:27,Email,Standard,2026-04-27T13:36:27,Card Purchase,131.72,Retail,Unauthorised Transaction,Frustrated,Partial,2,Standard,Customer Service,Pending Approval,2026-06-10T01:04:11,,120,1,1,3,4,No,No,No,Pending,0.00,,18.60,No,Valid
PFXC-001673,TXN-0004573,2025-04-18T02:20:00,Web,Standard,2025-02-22T10:58:00,Direct Debit,211.95,Digital Services,Cash Withdrawal Dispute,Distressed,Partial,2,High,Customer Service,Rejected,2025-04-18T08:47:12,2025-04-24T16:33:17,72,1,2,3,5,No,Yes,No,No Refund,0.00,158.22,6.45,Yes,Valid
PFXC-001674,TXN-0004299,2026-06-28T05:46:12,Chat,Standard,2026-06-10T09:11:12,Bank Transfer,20.34,Retail,Unauthorised Transaction,Frustrated,Missing,0,High,Customer Service,Awaiting Evidence,2026-06-28T09:10:04,,72,2,2,2,3,No,Yes,Yes,Pending,0.00,,3.40,No,Valid
PFXC-001675,TXN-0004428,2025-01-10T03:44:09,Web,Standard,2024-11-30T02:50:09,Bank Transfer,86.09,Utilities,Unauthorised Transaction,Frustrated,Partial,1,Standard,Customer Service,In Investigation,2025-01-11T04:36:41,,120,1,1,4,2,No,No,No,Pending,0.00,,24.88,No,Valid
PFXC-001676,TXN-0007390,2026-05-08T19:43:42,Mobile,Standard,2026-03-30T18:27:42,Bank Transfer,186.98,Other,Delayed Refund,Frustrated,Missing,0,Standard,Payment Operations,Rejected,2026-05-09T13:14:46,2026-05-16T15:00:59,120,1,1,3,5,No,No,No,No Refund,0.00,187.29,17.52,Yes,Valid
PFXC-001677,TXN-0004996,2025-06-28T19:03:00,Mobile,Standard,2025-06-08T00:46:00,Card Purchase,10.95,Digital Services,Duplicate Debit,Frustrated,Complete,4,Standard,Payment Operations,Cancelled,2025-06-29T16:11:12,2025-07-03T06:23:43,120,2,0,3,1,No,No,No,Duplicate Case,0.00,107.35,21.14,No,Valid
PFXC-001678,TXN-0008542,2025-04-14T05:36:38,Web,Standard,2025-03-26T16:33:38,Wallet Payment,11.92,Retail,Duplicate Debit,Frustrated,Partial,1,Standard,Payment Operations,Resolved,2025-04-15T00:17:17,2025-04-17T14:21:12,120,1,2,2,1,No,No,No,Full Refund,11.92,80.74,18.68,No,Valid
PFXC-001679,TXN-0012026,2025-11-30T02:46:37,Mobile,Standard,2025-10-23T11:24:37,Cash Withdrawal,99.93,Travel,Delayed Refund,Frustrated,Complete,3,Standard,Payment Operations,Resolved,2025-12-01T03:33:52,2025-12-04T11:58:56,120,1,0,2,4,No,No,Yes,Full Refund,99.93,105.21,24.79,No,Valid
PFXC-001680,TXN-0009322,2025-06-30T11:54:45,Chat,Standard,2025-05-20T04:08:45,Card Purchase,115.07,Cash Withdrawal,Delayed Refund,Frustrated,Missing,0,Standard,Refund Approval,Resolved,2025-07-01T09:43:29,2025-07-08T21:44:48,120,4,1,4,4,No,No,No,Full Refund,115.07,201.83,21.81,Yes,Valid
PFXC-001681,TXN-0008817,2025-12-05T04:19:53,Web,Standard,2025-10-09T21:04:53,Cash Withdrawal,28.44,Travel,Cash Withdrawal Dispute,Frustrated,Complete,3,Standard,Refund Approval,Resolved,2025-12-06T02:04:35,2025-12-11T02:28:30,120,2,0,2,3,No,No,Yes,Full Refund,28.44,142.14,21.75,Yes,Valid
PFXC-001682,TXN-0002882,2025-01-07T00:16:01,Call Centre,Standard,2024-12-13T17:06:01,Direct Debit,19.06,Digital Services,Incorrect Amount,Frustrated,Complete,2,Low,Payment Operations,In Investigation,2025-01-08T07:12:55,,168,2,1,3,2,No,No,No,Pending,0.00,,30.95,No,Valid
PFXC-001683,TXN-0007613,2025-05-15T20:35:20,Mobile,Standard,2025-05-07T19:23:20,Card Purchase,163.36,Digital Services,Incorrect Amount,Frustrated,Missing,0,Standard,Payment Operations,In Investigation,2025-05-16T18:45:21,,120,2,2,2,3,No,No,No,Pending,0.00,,22.17,No,Valid
PFXC-001684,TXN-0004773,2025-07-17T11:08:57,Web,Standard,2025-06-10T12:33:57,Bank Transfer,72.04,Other,Other,Frustrated,Complete,3,Standard,Customer Service,Resolved,2025-07-18T02:17:20,2025-07-21T17:02:18,120,2,0,2,2,No,No,No,Partial Refund,22.13,101.89,15.14,No,Valid
PFXC-001685,TXN-0000420,2026-03-16T07:12:55,Web,Standard,2026-02-09T00:15:55,Card Purchase,16.71,Utilities,Incorrect Amount,Frustrated,Partial,2,Standard,Refund Approval,Resolved,2026-03-16T18:48:28,2026-03-21T05:25:27,120,2,1,2,2,No,Yes,No,Full Refund,16.71,118.21,11.59,No,Valid
PFXC-001686,TXN-0004516,2026-03-29T06:37:05,Email,Standard,2026-03-04T02:04:05,Card Purchase,39.32,Retail,Merchant Non-confirmation,Frustrated,Partial,1,Standard,Refund Approval,Resolved,2026-03-30T01:33:50,2026-04-03T12:27:57,120,1,1,3,2,No,No,No,Full Refund,39.32,125.85,18.95,Yes,Valid
PFXC-001687,TXN-0007405,2026-01-11T19:54:15,Web,Standard,2025-12-15T02:31:15,Card Purchase,194.76,Retail,Delayed Refund,Distressed,Partial,2,Standard,Refund Approval,Resolved,2026-01-12T09:28:40,2026-01-17T07:12:31,120,1,1,2,3,No,Yes,No,Full Refund,194.76,131.30,13.57,Yes,Valid
PFXC-001688,TXN-0009533,2026-05-31T02:16:42,Chat,Standard,2026-04-06T23:10:42,Bank Transfer,25.21,Utilities,Subscription Dispute,Frustrated,Complete,3,Standard,Customer Service,Rejected,2026-05-31T22:47:42,2026-06-05T21:01:20,120,2,1,3,2,No,No,Yes,No Refund,0.00,138.74,20.52,Yes,Valid
PFXC-001689,TXN-0007973,2025-04-13T09:01:43,Mobile,Standard,2025-03-24T23:54:43,Card Purchase,28.33,Digital Services,Unauthorised Transaction,Frustrated,Complete,2,Standard,Fraud Review,Resolved,2025-04-14T07:15:16,2025-04-20T16:42:54,120,2,1,4,3,Yes,Yes,Yes,Fraud Referral,0.00,175.69,22.23,Yes,Valid
PFXC-001690,TXN-0001598,2025-09-15T18:59:16,Chat,Standard,2025-08-24T18:43:16,Card Purchase,308.77,Retail,Cash Withdrawal Dispute,Frustrated,Complete,2,High,Customer Service,Rejected,2025-09-16T01:24:46,2025-09-22T06:19:17,72,2,0,1,5,No,No,No,No Refund,0.00,155.33,6.43,Yes,Valid
PFXC-001691,TXN-0009023,2026-03-03T19:04:04,Email,Standard,2026-01-03T17:47:04,Card Purchase,53.47,Cash Withdrawal,Subscription Dispute,Neutral,Complete,2,Standard,Customer Service,Rejected,2026-03-04T08:17:07,2026-03-06T10:14:33,120,2,1,1,1,No,No,No,No Refund,0.00,63.17,13.22,No,Valid
PFXC-001692,TXN-0001633,2026-03-30T08:27:30,Email,Standard,2026-03-04T02:54:30,Card Purchase,24.24,Retail,Unauthorised Transaction,Frustrated,Partial,1,Standard,Customer Service,Rejected,2026-03-31T00:00:07,2026-04-04T22:52:41,120,2,1,3,3,No,Yes,No,No Refund,0.00,134.42,15.54,Yes,Valid
PFXC-001693,TXN-0003284,2025-11-25T03:35:25,Web,Standard,2025-11-03T05:39:25,Card Purchase,49.03,Digital Services,Subscription Dispute,Neutral,Complete,3,Standard,Refund Approval,Resolved,2025-11-25T21:06:08,2025-11-28T04:55:02,120,1,0,1,3,No,No,No,Partial Refund,15.69,73.33,17.51,No,Valid
PFXC-001694,TXN-0008183,2025-09-21T06:51:59,Call Centre,Standard,2025-08-23T23:56:59,Bank Transfer,34.50,Travel,Subscription Dispute,Frustrated,Complete,4,Standard,Customer Service,Resolved,2025-09-22T02:43:54,2025-09-25T12:33:23,120,1,0,2,3,No,No,No,Partial Refund,20.38,101.69,19.87,No,Valid
PFXC-001695,TXN-0001613,2025-05-27T12:23:05,Web,Assisted Digital,2025-04-22T06:04:05,Bank Transfer,29.94,Cash Withdrawal,Failed Payment,Frustrated,Missing,0,Standard,Technical Support,Resolved,2025-05-28T05:59:05,2025-06-02T20:34:25,120,1,2,4,3,No,No,No,Partial Refund,17.16,152.19,17.60,Yes,Valid
PFXC-001696,TXN-0001294,2025-08-11T19:51:49,Email,Assisted Digital,2025-08-08T11:22:49,Card Purchase,15.20,Digital Services,Merchant Non-confirmation,Frustrated,Complete,3,Standard,Refund Approval,Resolved,2025-08-12T14:48:50,2025-08-16T16:29:43,120,0,1,1,3,No,No,No,Partial Refund,4.03,116.63,18.95,No,Valid
PFXC-001697,TXN-0001512,2025-07-16T07:48:30,Mobile,Standard,2025-07-12T02:30:30,Cash Withdrawal,30.69,Subscription,Merchant Non-confirmation,Frustrated,Complete,4,Low,Technical Support,Resolved,2025-07-17T21:32:12,2025-07-19T17:29:29,168,2,0,3,2,No,No,No,Full Refund,30.69,81.68,37.73,No,Valid
PFXC-001698,TXN-0007854,2025-05-15T02:54:17,Web,Standard,2025-03-29T05:19:17,Card Purchase,103.97,Subscription,Unauthorised Transaction,Distressed,Complete,2,Standard,Refund Approval,Resolved,2025-05-16T08:17:52,2025-05-20T07:46:17,120,1,0,3,4,No,No,No,Partial Refund,74.45,124.87,29.39,Yes,Valid
PFXC-001699,TXN-0009179,2026-05-08T04:19:07,Mobile,Standard,2026-05-05T20:56:07,Bank Transfer,75.16,Digital Services,Incorrect Amount,Distressed,Missing,0,Standard,Payment Operations,Rejected,2026-05-08T19:41:49,2026-05-11T20:45:00,120,0,1,2,2,No,No,No,No Refund,0.00,88.43,15.38,No,Valid
PFXC-001700,TXN-0000459,2025-01-25T16:38:49,Call Centre,Standard,2025-01-23T17:32:49,Cash Withdrawal,20.42,Digital Services,Cash Withdrawal Dispute,Distressed,Complete,3,Low,Fraud Review,Resolved,2025-01-26T21:46:58,2025-02-03T13:14:03,168,3,1,4,3,Yes,No,Yes,Fraud Referral,0.00,212.59,29.14,Yes,Valid
PFXC-001701,TXN-0009906,2025-03-16T19:33:25,Web,Vulnerable Support,2025-02-09T04:53:25,Bank Transfer,66.25,Digital Services,Other,Frustrated,Partial,2,High,Customer Service,Rejected,2025-03-17T06:52:37,2025-03-22T04:06:02,72,2,0,1,1,No,Yes,No,No Refund,0.00,128.54,11.32,Yes,Valid
PFXC-001702,TXN-0006999,2026-02-24T03:21:52,Mobile,Standard,2026-02-12T23:17:52,Card Purchase,47.65,Digital Services,Merchant Non-confirmation,Neutral,Partial,1,Standard,Technical Support,In Investigation,2026-02-24T16:58:18,,120,2,1,1,1,No,No,No,Pending,0.00,,13.61,No,Valid
PFXC-001703,TXN-0012388,2026-06-27T01:06:48,Mobile,Vulnerable Support,2026-05-03T06:22:48,Bank Transfer,12.80,Utilities,Other,Neutral,Complete,3,Standard,Customer Service,Resolved,2026-06-27T12:13:03,2026-07-01T03:59:31,120,0,0,1,2,No,No,No,Full Refund,12.80,98.88,11.10,No,Valid
PFXC-001704,TXN-0004410,2025-05-25T22:07:06,Web,Standard,2025-05-20T04:01:06,Wallet Payment,30.14,Subscription,Unauthorised Transaction,Distressed,Partial,1,Standard,Customer Service,Resolved,2025-05-26T18:34:23,2025-06-01T09:33:44,120,2,1,5,2,No,Yes,Yes,Fraud Referral,0.00,155.44,20.45,Yes,Valid
PFXC-001705,TXN-0006919,2025-03-15T23:08:49,Mobile,Standard,2025-02-23T02:29:49,Cash Withdrawal,55.89,Subscription,Unauthorised Transaction,Frustrated,Partial,2,Standard,Refund Approval,Resolved,2025-03-16T18:13:54,2025-03-20T20:29:01,120,1,0,2,4,No,No,No,Full Refund,55.89,117.34,19.08,No,Valid
PFXC-001706,TXN-0012203,2026-04-15T15:09:18,Web,Standard,2026-03-19T19:20:18,Cash Withdrawal,28.89,Travel,Failed Payment,Neutral,Complete,3,Standard,Technical Support,Resolved,2026-04-16T08:17:37,2026-04-18T01:42:54,120,2,0,1,2,No,No,No,Full Refund,28.89,58.56,17.14,No,Valid
PFXC-001707,TXN-0010234,2025-01-20T08:46:12,Mobile,Standard,2025-01-01T00:08:12,Bank Transfer,36.72,Subscription,Cash Withdrawal Dispute,Frustrated,Partial,2,Standard,Customer Service,Cancelled,2025-01-21T08:28:25,2025-01-26T06:44:53,120,1,0,4,1,No,Yes,Yes,Customer Withdrawn,0.00,141.98,23.70,Yes,Valid
PFXC-001708,TXN-0001924,2025-05-31T21:51:38,Web,Standard,2025-04-22T11:29:38,Card Purchase,228.10,Retail,Delayed Refund,Frustrated,Complete,3,Standard,Payment Operations,Resolved,2025-06-01T13:37:16,2025-06-05T13:01:03,120,2,0,1,3,No,No,No,Full Refund,228.10,111.16,15.76,No,Valid
PFXC-001709,TXN-0004884,2025-07-22T09:08:00,Call Centre,Standard,2025-05-24T18:29:00,Card Purchase,198.56,Subscription,Unauthorised Transaction,Frustrated,Complete,4,High,Customer Service,Rejected,2025-07-22T17:24:36,2025-07-28T16:52:11,72,1,0,2,3,No,Yes,No,No Refund,0.00,151.74,8.28,Yes,Valid
PFXC-001710,TXN-0007887,2026-06-18T21:43:30,Web,Standard,2026-05-09T07:48:30,Bank Transfer,181.77,Digital Services,Unauthorised Transaction,Neutral,Complete,4,High,Customer Service,Awaiting Evidence,2026-06-19T10:59:27,,72,0,1,3,1,No,No,No,Pending,0.00,,13.27,No,Valid
PFXC-001711,TXN-0000121,2025-03-16T15:33:52,Web,Standard,2025-02-12T14:38:52,Card Purchase,35.41,Cash Withdrawal,Subscription Dispute,Neutral,Missing,0,Standard,Customer Service,Awaiting Evidence,2025-03-17T06:27:04,,120,2,1,2,2,No,Yes,Yes,Pending,0.00,,14.89,No,Valid
PFXC-001712,TXN-0005718,2026-02-23T05:04:46,Call Centre,Standard,2025-12-31T09:52:46,Card Purchase,25.99,Cash Withdrawal,Merchant Non-confirmation,Positive,Partial,1,Low,Technical Support,Awaiting Evidence,2026-02-24T02:28:31,,168,1,0,1,3,No,No,No,Pending,0.00,,21.40,No,Valid
PFXC-001713,TXN-0005580,2025-08-18T23:01:22,Chat,Standard,2025-07-22T10:07:22,Card Purchase,16.58,Utilities,Other,Neutral,Partial,1,Low,Customer Service,Resolved,2025-08-20T07:17:54,2025-08-24T15:57:32,168,1,0,1,4,No,No,No,Full Refund,16.58,136.94,32.28,No,Valid
PFXC-001714,TXN-0003356,2026-01-01T04:55:01,Web,Standard,2025-11-04T19:03:01,Card Purchase,19.98,Subscription,Unauthorised Transaction,Frustrated,Missing,0,High,Fraud Review,Resolved,2026-01-01T11:50:58,2026-01-13T02:53:44,72,3,2,5,6,Yes,No,No,Fraud Referral,0.00,285.98,6.93,Yes,Valid
PFXC-001715,TXN-0001061,2026-05-06T03:59:30,Mobile,Standard,2026-03-20T17:55:30,Card Purchase,108.21,Travel,Subscription Dispute,Frustrated,Complete,4,Standard,Fraud Review,Resolved,2026-05-07T04:19:55,2026-05-13T02:36:25,120,3,0,3,5,Yes,Yes,Yes,Fraud Referral,0.00,166.62,24.34,Yes,Valid
PFXC-001716,TXN-0005773,2025-01-18T06:25:17,Call Centre,Standard,2024-12-18T20:40:17,Direct Debit,46.51,Subscription,Unauthorised Transaction,Distressed,Partial,1,Standard,Fraud Review,Resolved,2025-01-19T10:00:34,2025-01-27T05:15:23,120,3,1,4,5,Yes,No,Yes,Fraud Referral,0.00,214.84,27.59,Yes,Valid
PFXC-001717,TXN-0003353,2026-06-28T11:19:57,Call Centre,Standard,2026-06-19T14:47:57,Cash Withdrawal,72.13,Digital Services,Unauthorised Transaction,Frustrated,Complete,2,Low,Customer Service,Awaiting Evidence,2026-06-29T06:42:08,,168,1,0,1,2,No,No,No,Pending,0.00,,19.37,No,Valid
PFXC-001718,TXN-0002064,2026-04-19T04:45:47,Email,Vulnerable Support,2026-02-23T20:27:47,Bank Transfer,319.95,Subscription,Merchant Non-confirmation,Frustrated,Partial,1,High,Technical Support,Resolved,2026-04-19T14:19:46,2026-04-25T01:31:47,72,1,0,4,4,No,Yes,No,Full Refund,319.95,140.77,9.57,Yes,Valid
PFXC-001719,TXN-0006026,2025-03-17T19:32:03,Mobile,Standard,2025-02-15T01:50:03,Wallet Payment,52.08,Subscription,Other,Frustrated,Complete,4,Standard,Customer Service,Rejected,2025-03-18T16:13:56,2025-03-22T03:44:13,120,2,0,0,3,No,No,No,No Refund,0.00,104.20,20.70,No,Valid
PFXC-001720,TXN-0004323,2026-03-17T01:55:07,Chat,Standard,2026-02-09T12:31:07,Card Purchase,19.61,Retail,Cash Withdrawal Dispute,Frustrated,Partial,2,High,Refund Approval,Resolved,2026-03-17T02:10:07,2026-03-23T14:31:28,72,1,1,1,3,No,No,No,Full Refund,19.61,156.61,0.25,Yes,Valid
PFXC-001721,TXN-0011200,2025-10-25T18:44:39,Email,Vulnerable Support,2025-10-24T05:37:39,Direct Debit,104.06,Retail,Incorrect Amount,Frustrated,Complete,4,High,Payment Operations,Resolved,2025-10-25T19:25:08,2025-10-31T13:15:32,72,1,3,3,2,No,No,Yes,Full Refund,104.06,138.51,0.67,Yes,Valid
PFXC-001722,TXN-0003695,2025-09-13T00:35:31,Web,Standard,2025-08-15T00:39:31,Bank Transfer,43.21,Retail,Failed Payment,Frustrated,Complete,2,Low,Technical Support,Rejected,2025-09-14T04:44:43,2025-09-15T23:46:57,168,2,0,1,3,No,Yes,No,No Refund,0.00,71.19,28.15,No,Valid
PFXC-001723,TXN-0001744,2025-07-13T18:15:39,Web,Standard,2025-06-19T10:06:39,Card Purchase,714.57,Digital Services,Duplicate Debit,Neutral,Complete,4,Standard,Refund Approval,Resolved,2025-07-14T12:43:15,2025-07-16T15:58:27,120,1,1,2,2,No,No,No,Partial Refund,446.11,69.71,18.46,No,Valid
PFXC-001724,TXN-0008448,2025-12-05T04:43:23,Mobile,Standard,2025-10-25T07:17:23,Card Purchase,47.69,Subscription,Incorrect Amount,Frustrated,Partial,1,Standard,Refund Approval,Resolved,2025-12-06T03:10:45,2025-12-08T09:48:40,120,0,1,2,3,No,No,No,Full Refund,47.69,77.09,22.46,No,Valid
PFXC-001725,TXN-0007864,2025-11-04T14:06:30,Web,Standard,2025-10-22T19:18:30,Card Purchase,17.32,Travel,Merchant Non-confirmation,Neutral,Complete,2,Low,Technical Support,Rejected,2025-11-05T13:27:00,2025-11-09T09:06:51,168,2,1,3,3,No,No,No,No Refund,0.00,115.01,23.34,No,Valid
PFXC-001726,TXN-0008356,2025-12-15T22:55:02,Mobile,Standard,2025-12-11T08:27:02,Card Purchase,432.65,Subscription,Failed Payment,Frustrated,Partial,1,Standard,Technical Support,Rejected,2025-12-16T14:49:48,2025-12-21T11:06:59,120,1,1,3,1,No,Yes,Yes,No Refund,0.00,132.20,15.91,Yes,Valid
PFXC-001727,TXN-0008829,2025-07-20T20:40:32,Mobile,Assisted Digital,2025-06-01T13:56:32,Card Purchase,2500.00,Subscription,Unauthorised Transaction,Distressed,Partial,2,High,Customer Service,Rejected,2025-07-21T02:56:10,2025-07-25T15:35:54,72,1,1,3,2,No,Yes,No,No Refund,0.00,114.92,6.26,Yes,Valid
PFXC-001728,TXN-0001584,2025-04-19T22:23:31,Email,Standard,2025-04-13T10:53:31,Card Purchase,88.75,Digital Services,Duplicate Debit,Frustrated,Complete,3,Standard,Payment Operations,Cancelled,2025-04-20T23:19:58,2025-04-23T00:57:28,120,1,2,2,1,No,No,No,Duplicate Case,0.00,74.57,24.94,No,Valid
PFXC-001729,TXN-0007524,2025-02-20T11:04:08,Call Centre,Standard,2025-01-09T20:08:08,Card Purchase,137.50,Digital Services,Failed Payment,Neutral,Complete,3,Standard,Technical Support,Rejected,2025-02-21T05:52:49,2025-02-22T09:52:05,120,1,0,1,2,No,No,No,No Refund,0.00,46.80,18.81,No,Valid
PFXC-001730,TXN-0009241,2025-07-02T20:19:20,Mobile,Standard,2025-06-26T21:43:20,Wallet Payment,150.61,Utilities,Unauthorised Transaction,Frustrated,Partial,1,High,Customer Service,Resolved,2025-07-03T00:34:27,2025-07-12T00:37:22,72,3,1,3,3,No,No,No,Fraud Referral,0.00,220.30,4.25,Yes,Valid
PFXC-001731,TXN-0012471,2025-06-01T19:17:27,Mobile,Standard,2025-05-22T07:07:27,Card Purchase,225.81,Digital Services,Merchant Non-confirmation,Frustrated,Complete,4,Standard,Technical Support,In Triage,2025-06-02T11:23:29,,120,1,0,3,4,No,No,Yes,Pending,0.00,,16.10,No,Valid
PFXC-001732,TXN-0006033,2026-04-18T06:33:21,Chat,Standard,2026-03-06T17:13:21,Cash Withdrawal,21.67,Other,Failed Payment,Frustrated,Partial,2,Standard,Fraud Review,Resolved,2026-04-19T03:46:55,2026-04-25T18:52:37,120,2,2,3,3,Yes,Yes,No,Partial Refund,5.36,180.32,21.23,Yes,Valid
PFXC-001733,TXN-0003605,2026-03-18T02:10:12,Call Centre,Standard,2026-02-06T16:03:12,Card Purchase,39.50,Travel,Incorrect Amount,Frustrated,Partial,2,Standard,Payment Operations,Resolved,2026-03-18T18:33:01,2026-03-22T12:49:38,120,1,0,3,3,No,No,No,Partial Refund,30.99,106.66,16.38,No,Valid
PFXC-001734,TXN-0005402,2026-03-26T21:00:12,Mobile,Vulnerable Support,2026-02-21T14:07:12,Wallet Payment,4.26,Subscription,Failed Payment,Frustrated,Partial,2,High,Complaints,Rejected,2026-03-27T02:40:52,2026-04-01T20:22:40,72,2,1,3,2,No,Yes,Yes,No Refund,0.00,143.37,5.68,Yes,Valid
PFXC-001735,TXN-0011534,2025-07-07T13:20:25,Web,Assisted Digital,2025-05-18T02:47:25,Cash Withdrawal,29.81,Travel,Failed Payment,Positive,Complete,3,Low,Technical Support,Resolved,2025-07-09T02:10:34,2025-07-11T00:55:39,168,0,0,1,2,No,No,No,Full Refund,29.81,83.59,36.84,No,Valid
PFXC-001736,TXN-0003957,2025-06-15T20:56:51,Mobile,Standard,2025-06-14T05:31:51,Cash Withdrawal,76.46,Other,Other,Positive,Partial,2,Standard,Fraud Review,In Investigation,2025-06-16T12:19:40,,120,2,0,0,3,Yes,No,No,Pending,0.00,,15.38,No,Valid
PFXC-001737,TXN-0004988,2026-01-08T22:19:56,Call Centre,Standard,2025-12-20T11:55:56,Direct Debit,96.03,Retail,Subscription Dispute,Positive,Partial,1,Standard,Customer Service,Rejected,2026-01-09T22:49:04,2026-01-11T20:29:06,120,0,0,1,2,No,No,No,No Refund,0.00,70.15,24.49,No,Valid
PFXC-001738,TXN-0008385,2025-02-18T08:54:25,Mobile,Standard,2025-01-21T03:08:25,Card Purchase,226.20,Subscription,Merchant Non-confirmation,Frustrated,Complete,2,Low,Technical Support,Resolved,2025-02-20T01:13:46,2025-02-22T13:34:18,168,1,0,3,2,No,No,No,Partial Refund,106.47,100.66,40.32,No,Valid
PFXC-001739,TXN-0007759,2025-10-24T04:20:50,Email,Standard,2025-10-14T23:30:50,Bank Transfer,159.53,Travel,Subscription Dispute,Distressed,Complete,2,Low,Customer Service,Rejected,2025-10-25T10:12:25,2025-10-27T13:46:40,168,3,1,2,2,No,No,No,No Refund,0.00,81.43,29.86,No,Valid
PFXC-001740,TXN-0005789,2025-11-08T13:43:35,Web,Standard,2025-10-19T18:16:35,Card Purchase,36.97,Retail,Unauthorised Transaction,Frustrated,Partial,1,High,Customer Service,Awaiting Evidence,2025-11-08T21:55:52,,72,0,1,3,4,No,No,Yes,Pending,0.00,,8.20,No,Valid
PFXC-001741,TXN-0002833,2025-06-08T05:40:45,Mobile,Standard,2025-04-18T01:53:45,Card Purchase,50.23,Utilities,Cash Withdrawal Dispute,Frustrated,Complete,2,High,Refund Approval,Resolved,2025-06-08T13:54:16,2025-06-12T12:53:04,72,1,0,2,3,No,No,No,Full Refund,50.23,103.21,8.23,Yes,Valid
PFXC-001742,TXN-0007049,2026-02-15T20:15:35,Mobile,Standard,2026-01-30T17:47:35,Direct Debit,50.58,Subscription,Delayed Refund,Positive,Complete,3,Low,Fraud Review,In Triage,2026-02-17T01:11:25,,168,3,0,1,1,Yes,No,No,Pending,0.00,,28.93,No,Valid
PFXC-001743,TXN-0008594,2026-04-05T02:14:12,Mobile,Assisted Digital,2026-03-11T00:02:12,Bank Transfer,58.19,Digital Services,Other,Neutral,Complete,4,Low,Customer Service,Awaiting Evidence,2026-04-06T10:21:23,,168,2,0,1,1,No,Yes,No,Pending,0.00,,32.12,No,Valid
PFXC-001744,TXN-0000673,2025-09-16T14:33:08,Mobile,Standard,2025-08-18T21:40:08,Card Purchase,52.52,Retail,Merchant Non-confirmation,Frustrated,Complete,2,Standard,Technical Support,In Triage,2025-09-17T01:17:38,,120,2,1,2,4,No,No,No,Pending,0.00,,10.74,No,Valid
PFXC-001745,TXN-0010363,2025-04-26T15:34:02,Chat,Standard,2025-04-02T08:01:02,Bank Transfer,86.72,Travel,Failed Payment,Frustrated,Partial,2,Standard,Technical Support,Rejected,2025-04-27T11:14:21,2025-04-30T13:23:55,120,3,1,2,3,No,No,No,No Refund,0.00,93.83,19.67,No,Valid
PFXC-001746,TXN-0010718,2026-06-25T17:04:59,Email,Standard,2026-04-30T00:03:59,Bank Transfer,83.91,Retail,Delayed Refund,Positive,Complete,3,Standard,Payment Operations,Pending Approval,2026-06-26T06:35:15,,120,1,0,0,3,No,No,No,Pending,0.00,,13.50,No,Valid
PFXC-001747,TXN-0006743,2025-09-15T16:33:07,Mobile,Standard,2025-07-28T03:17:07,Direct Debit,37.30,Retail,Duplicate Debit,Neutral,Complete,3,Standard,Payment Operations,Resolved,2025-09-16T05:07:48,2025-09-19T10:15:46,120,2,1,4,3,No,No,No,Full Refund,37.30,89.71,12.58,No,Valid
PFXC-001748,TXN-0004927,2025-08-29T13:35:19,Web,Vulnerable Support,2025-06-30T22:53:19,Direct Debit,5.89,Cash Withdrawal,Delayed Refund,Frustrated,Partial,1,Standard,Payment Operations,Rejected,2025-08-30T05:50:57,2025-09-05T08:35:15,120,3,1,2,4,No,Yes,Yes,No Refund,0.00,163.00,16.26,Yes,Valid
PFXC-001749,TXN-0009567,2026-06-11T08:03:35,Mobile,Standard,2026-05-30T21:31:35,Direct Debit,60.59,Retail,Incorrect Amount,Neutral,Complete,3,Standard,Payment Operations,Rejected,2026-06-11T22:51:26,2026-06-15T02:42:33,120,2,0,2,3,No,No,No,No Refund,0.00,90.65,14.80,No,Valid
PFXC-001750,TXN-0004247,2025-02-28T10:04:44,Web,Standard,2025-01-24T09:05:44,Bank Transfer,13.89,Other,Incorrect Amount,Frustrated,Complete,2,Low,Payment Operations,Resolved,2025-03-01T11:52:49,2025-03-03T02:00:42,168,2,1,2,3,No,No,No,Full Refund,13.89,63.93,25.80,No,Valid
PFXC-001751,TXN-0002355,2025-05-21T14:47:35,Chat,Standard,2025-05-12T09:56:35,Card Purchase,478.74,Travel,Subscription Dispute,Distressed,Missing,0,Standard,Customer Service,Resolved,2025-05-22T03:24:01,2025-05-31T04:06:01,120,3,2,5,3,No,Yes,No,Full Refund,478.74,229.31,12.61,Yes,Valid
PFXC-001752,TXN-0009578,2025-06-05T03:25:16,Web,Standard,2025-06-01T12:40:16,Direct Debit,202.55,Retail,Delayed Refund,Neutral,Complete,2,Standard,Payment Operations,Resolved,2025-06-05T18:22:31,2025-06-09T11:20:57,120,2,0,1,3,No,No,No,Full Refund,202.55,103.93,14.95,No,Valid
PFXC-001753,TXN-0004077,2025-05-15T21:00:21,Call Centre,Assisted Digital,2025-03-28T20:22:21,Card Purchase,48.00,Travel,Subscription Dispute,Frustrated,Partial,2,Standard,Customer Service,Rejected,2025-05-16T13:57:07,2025-05-23T14:23:25,120,3,2,4,4,No,No,No,No Refund,0.00,185.38,16.95,Yes,Valid
PFXC-001754,TXN-0005631,2025-04-19T11:53:27,Email,Standard,2025-03-06T20:22:27,Card Purchase,118.97,Subscription,Delayed Refund,Frustrated,Complete,4,Standard,Refund Approval,Resolved,2025-04-20T13:28:26,2025-04-24T10:25:59,120,2,1,3,3,No,Yes,No,Full Refund,118.97,118.54,25.58,No,Valid
PFXC-001755,TXN-0009395,2025-05-14T05:58:23,Mobile,Standard,2025-04-10T18:33:23,Cash Withdrawal,75.87,Travel,Delayed Refund,Frustrated,Complete,4,Standard,Payment Operations,Resolved,2025-05-14T18:31:21,2025-05-17T09:18:00,120,0,1,1,2,No,No,No,Full Refund,75.87,75.33,12.55,No,Valid
PFXC-001756,TXN-0009605,2025-08-08T00:35:44,Mobile,Standard,2025-08-06T16:14:44,Card Purchase,147.95,Retail,Incorrect Amount,Frustrated,Partial,1,Standard,Payment Operations,Rejected,2025-08-08T23:00:03,2025-08-13T22:25:46,120,2,2,4,2,No,No,No,No Refund,0.00,141.83,22.41,Yes,Valid
PFXC-001757,TXN-0006155,2025-11-17T07:52:44,Web,Standard,2025-09-24T07:49:44,Direct Debit,65.05,Subscription,Merchant Non-confirmation,Frustrated,Partial,2,Low,Technical Support,Rejected,2025-11-18T02:29:53,2025-11-22T16:43:40,168,1,2,3,1,No,No,No,No Refund,0.00,128.85,18.62,No,Valid
PFXC-001758,TXN-0001407,2025-02-16T15:43:57,Web,Standard,2025-01-07T19:40:57,Card Purchase,12.99,Retail,Cash Withdrawal Dispute,Frustrated,Complete,2,High,Customer Service,Rejected,2025-02-17T00:07:45,2025-02-20T04:16:51,72,1,0,2,1,No,Yes,No,No Refund,0.00,84.55,8.40,Yes,Valid
PFXC-001759,TXN-0004916,2026-02-14T16:18:28,Email,Standard,2025-12-30T18:13:28,Direct Debit,56.79,Retail,Delayed Refund,Positive,Partial,1,Low,Payment Operations,Pending Customer,2026-02-15T20:10:00,,168,0,1,1,4,No,No,No,Pending,0.00,,27.86,No,Valid
PFXC-001760,TXN-0010932,2026-04-22T12:27:31,Web,Vulnerable Support,2026-03-14T11:41:31,Card Purchase,20.65,Digital Services,Cash Withdrawal Dispute,Distressed,Complete,2,Standard,Customer Service,Rejected,2026-04-23T07:30:50,2026-05-01T09:25:32,120,3,1,3,5,No,Yes,Yes,No Refund,0.00,212.97,19.06,Yes,Valid
PFXC-001761,TXN-0008030,2026-05-14T04:50:18,Chat,Standard,2026-04-14T22:01:18,Direct Debit,107.63,Retail,Unauthorised Transaction,Frustrated,Complete,4,High,Customer Service,Resolved,2026-05-14T10:11:22,2026-05-19T11:20:38,72,1,1,3,4,No,Yes,Yes,Full Refund,107.63,126.51,5.35,Yes,Valid
PFXC-001762,TXN-0007901,2026-05-04T12:28:39,Email,Standard,2026-05-01T01:23:39,Wallet Payment,137.23,Retail,Delayed Refund,Neutral,Complete,2,Standard,Payment Operations,Pending Merchant,2026-05-05T08:57:14,,120,2,1,1,4,No,No,No,Pending,0.00,,20.48,No,Valid
PFXC-001763,TXN-0008984,2025-06-22T01:31:23,Mobile,Standard,2025-05-31T14:59:23,Cash Withdrawal,182.56,Other,Delayed Refund,Distressed,Missing,0,Standard,Payment Operations,Pending Merchant,2025-06-22T21:44:31,,120,1,2,3,3,No,Yes,No,Pending,0.00,,20.22,No,Valid
PFXC-001764,TXN-0002595,2025-08-18T06:58:36,Email,Standard,2025-07-17T16:19:36,Bank Transfer,24.64,Cash Withdrawal,Failed Payment,Frustrated,Complete,4,Standard,Technical Support,Resolved,2025-08-19T00:43:17,2025-08-23T12:23:11,120,1,1,3,1,No,No,No,Full Refund,24.64,125.41,17.74,Yes,Valid
PFXC-001765,TXN-0008718,2025-09-20T15:49:38,Web,Standard,2025-07-27T04:47:38,Card Purchase,95.70,Retail,Failed Payment,Frustrated,Partial,1,Standard,Technical Support,Resolved,2025-09-21T11:11:58,2025-09-25T02:17:43,120,0,1,1,2,No,No,No,Full Refund,95.70,106.47,19.37,No,Valid
PFXC-001766,TXN-0004233,2026-04-26T07:33:24,Mobile,Standard,2026-03-04T01:32:24,Wallet Payment,104.48,Cash Withdrawal,Merchant Non-confirmation,Frustrated,Partial,2,Standard,Fraud Review,Resolved,2026-04-27T01:04:54,2026-05-04T00:27:13,120,2,0,3,3,Yes,No,No,Full Refund,104.48,184.90,17.53,Yes,Valid
PFXC-001767,TXN-0010747,2025-06-15T06:31:39,Email,Vulnerable Support,2025-04-26T18:50:39,Card Purchase,5.90,Digital Services,Duplicate Debit,Frustrated,Complete,4,Low,Payment Operations,Awaiting Evidence,2025-06-16T15:27:14,,168,0,0,2,3,No,No,Yes,Pending,0.00,,32.93,No,Valid
PFXC-001768,TXN-0012439,2025-12-09T06:14:24,Email,Assisted Digital,2025-10-12T15:06:24,Direct Debit,630.15,Utilities,Cash Withdrawal Dispute,Frustrated,Complete,2,Standard,Customer Service,Rejected,2025-12-10T02:10:55,2025-12-15T04:12:02,120,1,1,3,1,No,No,No,No Refund,0.00,141.96,19.94,Yes,Valid
PFXC-001769,TXN-0010044,2025-07-11T23:48:06,Mobile,Assisted Digital,2025-06-06T02:51:06,Card Purchase,54.33,Retail,Unauthorised Transaction,Neutral,Complete,2,Standard,Customer Service,Resolved,2025-07-12T19:32:07,2025-07-15T09:50:07,120,0,0,0,3,No,No,No,Full Refund,54.33,82.03,19.73,No,Valid
PFXC-001770,TXN-0009100,2025-12-12T22:53:04,Web,Standard,2025-11-19T04:20:04,Bank Transfer,217.49,Subscription,Unauthorised Transaction,Distressed,Complete,3,High,Fraud Review,Resolved,2025-12-13T04:51:13,2025-12-20T15:34:46,72,1,1,2,4,Yes,Yes,Yes,Partial Refund,68.04,184.70,5.97,Yes,Valid
PFXC-001771,TXN-0003982,2025-06-26T16:42:46,Web,Standard,2025-06-19T00:26:46,Bank Transfer,8.08,Travel,Unauthorised Transaction,Frustrated,Partial,1,High,Refund Approval,Resolved,2025-06-27T08:26:07,2025-07-04T05:01:29,72,1,1,2,2,No,No,No,Full Refund,8.08,180.31,15.72,Yes,Valid
PFXC-001772,TXN-0002794,2025-09-22T20:25:40,Email,Standard,2025-09-15T12:00:40,Card Purchase,11.72,Cash Withdrawal,Unauthorised Transaction,Frustrated,Partial,1,High,Fraud Review,Resolved,2025-09-22T23:02:45,2025-10-01T10:04:09,72,2,0,4,3,Yes,No,No,Full Refund,11.72,205.64,2.62,Yes,Valid
PFXC-001773,TXN-0009870,2026-06-08T00:46:29,Mobile,Standard,2026-05-13T05:34:29,Bank Transfer,49.99,Subscription,Merchant Non-confirmation,Frustrated,Partial,1,Standard,Technical Support,Rejected,2026-06-08T15:58:05,2026-06-15T07:33:52,120,3,1,4,1,No,No,No,No Refund,0.00,174.79,15.19,Yes,Valid
PFXC-001774,TXN-0005316,2025-01-03T03:14:59,Call Centre,Standard,2024-11-08T08:32:59,Card Purchase,17.91,Utilities,Subscription Dispute,Frustrated,Complete,2,Standard,Refund Approval,Resolved,2025-01-03T23:13:53,2025-01-08T06:53:53,120,2,2,3,2,No,Yes,Yes,Partial Refund,13.37,123.65,19.98,Yes,Valid
PFXC-001775,TXN-0001515,2025-07-28T23:29:42,Email,Standard,2025-07-27T04:44:42,Direct Debit,113.07,Other,Duplicate Debit,Neutral,Partial,1,Low,Payment Operations,Resolved,2025-07-30T06:11:12,2025-08-01T14:15:04,168,1,1,2,1,No,No,No,Full Refund,113.07,86.76,30.69,No,Valid
PFXC-001776,TXN-0012111,2025-10-24T10:32:40,Mobile,Standard,2025-09-06T23:42:40,Card Purchase,24.96,Travel,Delayed Refund,Distressed,Complete,2,Standard,Payment Operations,Rejected,2025-10-25T06:29:08,2025-10-30T08:23:32,120,3,1,5,4,No,No,No,No Refund,0.00,141.85,19.94,Yes,Valid
PFXC-001777,TXN-0003048,2026-04-11T13:19:06,Email,Vulnerable Support,2026-03-04T06:06:06,Card Purchase,209.87,Digital Services,Delayed Refund,Distressed,Missing,0,High,Payment Operations,Rejected,2026-04-11T15:58:21,2026-04-18T16:07:00,72,2,1,5,2,No,Yes,No,No Refund,0.00,170.80,2.65,Yes,Valid
PFXC-001778,TXN-0008225,2026-03-26T04:33:30,Web,Vulnerable Support,2026-03-10T14:46:30,Card Purchase,44.14,Digital Services,Unauthorised Transaction,Positive,Complete,2,High,Customer Service,In Investigation,2026-03-26T11:59:36,,72,2,0,1,2,No,No,No,Pending,0.00,,7.44,No,Valid
PFXC-001779,TXN-0002069,2026-01-09T23:21:37,Mobile,Standard,2025-11-20T05:30:37,Cash Withdrawal,407.25,Digital Services,Cash Withdrawal Dispute,Distressed,Complete,2,High,Customer Service,Rejected,2026-01-10T08:53:26,2026-01-15T18:32:13,72,1,1,4,3,No,No,Yes,No Refund,0.00,139.18,9.53,Yes,Valid
PFXC-001780,TXN-0000890,2026-02-06T15:11:55,Web,Standard,2026-01-15T04:44:55,Card Purchase,31.24,Digital Services,Cash Withdrawal Dispute,Distressed,Partial,1,Standard,Customer Service,Resolved,2026-02-07T02:50:34,2026-02-13T10:46:30,120,2,0,2,2,No,Yes,No,Full Refund,31.24,163.58,11.64,Yes,Valid
PFXC-001781,TXN-0005809,2026-03-21T16:00:16,Mobile,Standard,2026-03-13T05:15:16,Card Purchase,94.79,Cash Withdrawal,Merchant Non-confirmation,Neutral,Partial,1,Standard,Technical Support,Resolved,2026-03-22T10:36:04,2026-03-26T14:50:43,120,1,2,3,3,No,No,Yes,Full Refund,94.79,118.84,18.60,No,Valid
PFXC-001782,TXN-0012058,2025-06-01T01:14:12,Email,Vulnerable Support,2025-05-24T04:43:12,Cash Withdrawal,41.03,Retail,Delayed Refund,Neutral,Partial,2,Standard,Payment Operations,Rejected,2025-06-01T20:21:31,2025-06-05T13:11:03,120,3,1,3,3,No,No,No,No Refund,0.00,107.95,19.12,No,Valid
PFXC-001783,TXN-0010643,2025-08-02T12:23:01,Mobile,Standard,2025-06-12T07:00:01,Card Purchase,57.27,Retail,Failed Payment,Neutral,Partial,2,Standard,Technical Support,Pending Customer,2025-08-03T10:27:57,,120,0,0,1,3,No,No,No,Pending,0.00,,22.08,No,Valid
PFXC-001784,TXN-0007230,2026-02-21T19:45:39,Web,Assisted Digital,2026-01-21T03:24:39,Wallet Payment,41.08,Other,Delayed Refund,Distressed,Complete,2,Standard,Payment Operations,Resolved,2026-02-22T11:05:20,2026-02-24T22:49:17,120,1,1,3,3,No,No,No,Partial Refund,19.88,75.06,15.33,No,Valid
PFXC-001785,TXN-0003732,2025-08-05T00:55:52,Chat,Assisted Digital,2025-08-01T00:15:52,Direct Debit,124.20,Other,Failed Payment,Neutral,Partial,2,Low,Technical Support,Resolved,2025-08-06T03:04:19,2025-08-09T00:23:26,168,2,0,3,2,No,No,No,Full Refund,124.20,95.46,26.14,No,Valid
PFXC-001786,TXN-0010503,2026-01-04T07:39:43,Mobile,Standard,2025-12-05T14:41:43,Wallet Payment,152.27,Travel,Incorrect Amount,Frustrated,Missing,0,Standard,Payment Operations,Resolved,2026-01-05T01:58:17,2026-01-10T12:35:26,120,2,0,3,3,No,Yes,No,Full Refund,152.27,148.93,18.31,Yes,Valid
PFXC-001787,TXN-0008611,2025-08-11T16:22:34,Email,Standard,2025-07-18T21:27:34,Card Purchase,352.34,Cash Withdrawal,Incorrect Amount,Distressed,Partial,1,Low,Payment Operations,Resolved,2025-08-13T00:15:01,2025-08-15T18:20:10,168,2,0,2,2,No,No,No,Partial Refund,187.69,97.96,31.87,No,Valid
PFXC-001788,TXN-0012460,2026-01-17T17:11:27,Chat,Vulnerable Support,2025-11-29T18:48:27,Bank Transfer,13.75,Travel,Incorrect Amount,Frustrated,Complete,4,Low,Payment Operations,Resolved,2026-01-19T03:34:01,2026-01-20T10:17:02,168,1,1,2,1,No,No,Yes,Full Refund,13.75,65.09,34.38,No,Valid
PFXC-001789,TXN-0005438,2026-02-12T22:56:18,Call Centre,Standard,2026-02-10T04:52:18,Card Purchase,70.53,Retail,Unauthorised Transaction,Distressed,Partial,1,Standard,Customer Service,Resolved,2026-02-13T18:06:20,2026-02-20T09:49:30,120,2,1,3,3,No,Yes,Yes,Full Refund,70.53,178.89,19.17,Yes,Valid
PFXC-001790,TXN-0011247,2025-09-02T09:58:16,Web,Standard,2025-08-26T00:32:16,Bank Transfer,70.60,Digital Services,Failed Payment,Frustrated,Partial,1,Standard,Technical Support,Resolved,2025-09-03T06:12:46,2025-09-06T06:36:17,120,3,0,2,4,No,No,Yes,Full Refund,70.60,92.63,20.24,No,Valid
PFXC-001791,TXN-0006013,2025-12-17T16:14:01,Web,Standard,2025-11-30T15:37:01,Card Purchase,149.53,Retail,Duplicate Debit,Frustrated,Complete,3,Standard,Payment Operations,Resolved,2025-12-18T07:02:28,2025-12-20T14:50:41,120,1,0,3,3,No,No,No,Full Refund,149.53,70.61,14.81,No,Valid
PFXC-001792,TXN-0009322,2026-02-11T12:12:03,Web,Standard,2026-01-08T08:27:03,Direct Debit,41.84,Retail,Incorrect Amount,Frustrated,Complete,3,Standard,Payment Operations,Rejected,2026-02-12T07:58:21,2026-02-14T08:54:21,120,1,2,4,1,No,No,No,No Refund,0.00,68.71,19.77,No,Valid
PFXC-001793,TXN-0001600,2025-07-09T22:46:52,Call Centre,Assisted Digital,2025-06-17T23:56:52,Cash Withdrawal,74.31,Retail,Unauthorised Transaction,Distressed,Complete,3,Standard,Fraud Review,Resolved,2025-07-10T11:01:40,2025-07-17T16:20:36,120,2,0,3,2,Yes,No,Yes,Fraud Referral,0.00,185.56,12.25,Yes,Valid
PFXC-001794,TXN-0009130,2025-11-12T22:06:27,Web,Standard,2025-10-03T11:19:27,Card Purchase,45.57,Retail,Delayed Refund,Frustrated,Complete,2,Low,Payment Operations,Rejected,2025-11-13T23:28:55,2025-11-15T19:32:27,168,0,1,2,4,No,Yes,No,No Refund,0.00,69.43,25.37,No,Valid
PFXC-001795,TXN-0010106,2025-05-24T09:43:02,Mobile,Assisted Digital,2025-04-23T06:41:02,Bank Transfer,11.24,Retail,Failed Payment,Neutral,Complete,3,Low,Technical Support,Rejected,2025-05-25T15:50:27,2025-05-28T16:06:12,168,3,0,1,1,No,No,No,No Refund,0.00,102.39,30.12,No,Valid
PFXC-001796,TXN-0007892,2025-07-08T19:15:15,Web,Standard,2025-05-10T06:10:15,Bank Transfer,84.90,Travel,Duplicate Debit,Frustrated,Complete,2,Standard,Payment Operations,Rejected,2025-07-09T05:44:22,2025-07-10T03:57:13,120,2,0,3,1,No,Yes,Yes,No Refund,0.00,32.70,10.49,No,Valid
PFXC-001797,TXN-0008464,2026-05-30T00:03:02,Web,Standard,2026-05-03T05:32:02,Direct Debit,171.65,Retail,Cash Withdrawal Dispute,Distressed,Complete,4,Standard,Complaints,Resolved,2026-05-30T17:41:09,2026-06-05T12:23:15,120,1,0,3,3,No,Yes,Yes,Full Refund,171.65,156.34,17.64,Yes,Valid
PFXC-001798,TXN-0004369,2025-03-13T00:39:00,Web,Assisted Digital,2025-01-18T13:43:00,Bank Transfer,142.78,Utilities,Delayed Refund,Frustrated,Complete,3,Standard,Fraud Review,Pending Customer,2025-03-13T16:11:05,,120,4,0,2,3,Yes,No,Yes,Pending,0.00,,15.53,No,Valid
PFXC-001799,TXN-0000634,2025-12-24T15:03:11,Mobile,Standard,2025-12-15T14:52:11,Card Purchase,143.64,Retail,Incorrect Amount,Distressed,Partial,1,Standard,Payment Operations,Resolved,2025-12-25T12:53:02,2025-12-29T01:22:24,120,2,2,3,2,No,No,No,Full Refund,143.64,106.32,21.83,No,Valid
PFXC-001800,TXN-0008437,2026-06-25T08:11:22,Call Centre,Standard,2026-06-22T16:56:22,Direct Debit,63.10,Retail,Unauthorised Transaction,Frustrated,Complete,4,Standard,Refund Approval,Resolved,2026-06-26T01:13:59,2026-06-28T23:02:55,120,1,0,1,3,No,No,No,Full Refund,63.10,86.86,17.04,No,Valid
PFXC-001801,TXN-0000057,2025-03-10T17:47:54,Web,Standard,2025-01-17T21:25:54,Wallet Payment,133.58,Subscription,Subscription Dispute,Neutral,Complete,2,Standard,Customer Service,Rejected,2025-03-11T09:02:45,2025-03-15T03:37:37,120,2,0,1,2,No,Yes,No,No Refund,0.00,105.83,15.25,No,Valid
PFXC-001802,TXN-0005022,2026-02-03T19:39:19,Call Centre,Standard,2025-12-18T15:11:19,Cash Withdrawal,48.43,Retail,Other,Neutral,Complete,2,Low,Customer Service,Rejected,2026-02-04T21:56:11,2026-02-05T07:53:52,168,0,0,2,3,No,No,No,No Refund,0.00,36.24,26.28,No,Valid
PFXC-001803,TXN-0007285,2025-08-24T11:16:14,Mobile,Standard,2025-07-17T18:12:14,Cash Withdrawal,14.80,Other,Incorrect Amount,Frustrated,Complete,3,Standard,Payment Operations,Resolved,2025-08-24T23:38:30,2025-08-29T09:38:50,120,1,1,2,3,No,No,No,Full Refund,14.80,118.38,12.37,No,Valid
PFXC-001804,TXN-0008370,2025-02-12T14:45:40,Email,Standard,2025-01-12T09:26:40,Wallet Payment,210.86,Subscription,Subscription Dispute,Frustrated,Missing,0,Standard,Customer Service,Awaiting Evidence,2025-02-13T01:16:28,,120,1,2,2,3,No,Yes,No,Pending,0.00,,10.51,No,Valid
PFXC-001805,TXN-0007511,2025-06-27T01:03:07,Web,Standard,2025-05-04T11:51:07,Bank Transfer,133.36,Other,Unauthorised Transaction,Neutral,Complete,2,Low,Customer Service,Awaiting Evidence,2025-06-28T06:23:11,,168,1,1,1,5,No,No,No,Pending,0.00,,29.33,No,Valid
PFXC-001806,TXN-0002237,2025-06-25T10:31:54,Email,Standard,2025-05-21T06:41:54,Card Purchase,140.36,Other,Incorrect Amount,Frustrated,Partial,1,Standard,Payment Operations,Rejected,2025-06-26T14:31:49,2025-07-02T02:14:11,120,2,1,3,4,No,No,No,No Refund,0.00,159.70,28.00,Yes,Valid
PFXC-001807,TXN-0003363,2025-07-17T14:00:03,Mobile,Vulnerable Support,2025-06-17T10:25:03,Card Purchase,134.82,Retail,Other,Neutral,Complete,4,High,Customer Service,Resolved,2025-07-17T21:04:11,2025-07-20T10:22:52,72,0,0,1,2,No,No,No,Full Refund,134.82,68.38,7.07,No,Valid
PFXC-001808,TXN-0005552,2025-01-18T20:12:44,Email,Assisted Digital,2024-12-23T12:42:44,Card Purchase,112.26,Retail,Failed Payment,Frustrated,Partial,1,Standard,Technical Support,Rejected,2025-01-19T09:37:40,2025-01-23T14:35:15,120,1,1,2,2,No,No,Yes,No Refund,0.00,114.38,13.42,No,Valid
PFXC-001809,TXN-0011469,2026-03-17T12:39:51,Web,Standard,2026-02-14T16:02:51,Card Purchase,97.49,Cash Withdrawal,Cash Withdrawal Dispute,Positive,Complete,4,Standard,Customer Service,Rejected,2026-03-18T08:27:46,2026-03-21T04:57:05,120,1,0,0,3,No,No,No,No Refund,0.00,88.29,19.80,No,Valid
PFXC-001810,TXN-0002864,2025-03-29T23:32:05,Email,Standard,2025-02-24T18:29:05,Cash Withdrawal,74.06,Cash Withdrawal,Incorrect Amount,Neutral,Complete,4,Standard,Payment Operations,Rejected,2025-03-30T19:48:40,2025-03-31T17:39:30,120,0,0,1,2,No,No,Yes,No Refund,0.00,42.12,20.28,No,Valid
PFXC-001811,TXN-0002097,2025-08-11T04:15:36,Web,Standard,2025-08-08T09:41:36,Card Purchase,91.04,Travel,Delayed Refund,Neutral,Complete,4,Standard,Refund Approval,Resolved,2025-08-12T03:30:00,2025-08-13T21:23:10,120,0,0,1,3,No,No,No,Full Refund,91.04,65.13,23.24,No,Valid
PFXC-001812,TXN-0009014,2025-06-14T04:27:21,Email,Standard,2025-06-02T10:07:21,Card Purchase,34.95,Digital Services,Unauthorised Transaction,Distressed,Complete,2,Standard,Fraud Review,Resolved,2025-06-14T21:31:28,2025-06-23T01:22:31,120,4,0,4,4,Yes,Yes,Yes,Full Refund,34.95,212.92,17.07,Yes,Valid
PFXC-001813,TXN-0004164,2025-12-15T16:00:33,Web,Standard,2025-12-06T16:23:33,Card Purchase,133.70,Travel,Other,Positive,Partial,2,Low,Fraud Review,Resolved,2025-12-16T23:00:59,2025-12-22T14:34:46,168,3,0,0,5,Yes,Yes,No,Full Refund,133.70,166.57,31.01,No,Valid
PFXC-001814,TXN-0003845,2025-06-10T07:05:07,Email,Standard,2025-04-20T23:18:07,Card Purchase,50.32,Retail,Other,Positive,Partial,1,Standard,Customer Service,Awaiting Evidence,2025-06-11T00:00:08,,120,0,0,1,3,No,No,No,Pending,0.00,,16.92,No,Valid
PFXC-001815,TXN-0008810,2026-06-15T07:08:47,Mobile,Standard,2026-05-08T03:16:47,Bank Transfer,191.16,Retail,Delayed Refund,Neutral,Partial,2,Low,Payment Operations,Rejected,2026-06-16T16:18:51,2026-06-21T12:11:24,168,0,2,1,3,No,No,No,No Refund,0.00,149.04,33.17,No,Valid
PFXC-001816,TXN-0001380,2025-08-23T12:34:31,Mobile,Vulnerable Support,2025-07-16T06:14:31,Wallet Payment,321.45,Digital Services,Failed Payment,Neutral,Complete,2,Standard,Fraud Review,Pending Merchant,2025-08-24T06:25:11,,120,1,2,2,3,Yes,No,No,Pending,0.00,,17.84,No,Valid
PFXC-001817,TXN-0011211,2025-11-19T07:06:51,Web,Standard,2025-10-30T09:22:51,Wallet Payment,30.82,Subscription,Unauthorised Transaction,Frustrated,Complete,2,Standard,Refund Approval,Resolved,2025-11-19T20:47:45,2025-11-24T19:01:29,120,3,0,3,4,No,Yes,No,Full Refund,30.82,131.91,13.68,Yes,Valid
PFXC-001818,TXN-0009710,2025-11-10T13:16:09,Mobile,Vulnerable Support,2025-10-04T19:14:09,Card Purchase,12.81,Utilities,Unauthorised Transaction,Frustrated,Complete,2,High,Fraud Review,Rejected,2025-11-10T15:52:07,2025-11-20T01:22:35,72,4,0,4,3,Yes,Yes,No,No Refund,0.00,228.11,2.60,Yes,Valid
PFXC-001819,TXN-0006430,2025-08-07T08:04:25,Mobile,Assisted Digital,2025-07-12T08:24:25,Bank Transfer,157.15,Cash Withdrawal,Incorrect Amount,Distressed,Missing,0,Standard,Fraud Review,In Triage,2025-08-07T21:22:56,,120,2,2,3,3,Yes,No,No,Pending,0.00,,13.31,No,Valid
PFXC-001820,TXN-0004769,2025-05-01T04:22:56,Chat,Standard,2025-04-24T14:14:56,Card Purchase,65.05,Subscription,Subscription Dispute,Neutral,Complete,3,Standard,Customer Service,Resolved,2025-05-01T21:55:41,2025-05-04T16:47:47,120,1,0,1,3,No,No,No,Full Refund,65.05,84.41,17.55,No,Valid
PFXC-001821,TXN-0006934,2025-06-24T00:06:35,Web,Standard,2025-04-25T13:13:35,Direct Debit,221.69,Other,Failed Payment,Frustrated,Missing,0,Standard,Technical Support,Resolved,2025-06-24T08:58:19,2025-06-28T23:01:21,120,2,1,1,2,No,No,No,Full Refund,221.69,118.91,8.86,No,Valid
PFXC-001822,TXN-0004610,2026-02-26T08:29:41,Mobile,Standard,2026-02-01T00:17:41,Card Purchase,435.56,Retail,Incorrect Amount,Neutral,Complete,3,Standard,Payment Operations,Rejected,2026-02-27T05:58:36,2026-03-01T21:23:18,120,2,0,1,1,No,No,No,No Refund,0.00,84.89,21.48,No,Valid
PFXC-001823,TXN-0000295,2025-05-28T12:21:19,Mobile,Standard,2025-05-25T16:29:19,Wallet Payment,38.44,Cash Withdrawal,Delayed Refund,Frustrated,Complete,2,Standard,Payment Operations,Rejected,2025-05-29T01:06:45,2025-06-02T04:27:23,120,2,0,2,3,No,No,No,No Refund,0.00,112.10,12.76,No,Valid
PFXC-001824,TXN-0008500,2025-02-10T16:07:10,Chat,Assisted Digital,2025-02-09T07:20:10,Wallet Payment,25.07,Digital Services,Delayed Refund,Frustrated,Complete,4,Low,Payment Operations,Resolved,2025-02-11T22:05:14,2025-02-14T20:27:41,168,3,0,2,2,No,Yes,Yes,Full Refund,25.07,100.34,29.97,No,Valid
PFXC-001825,TXN-0003292,2025-06-29T17:09:50,Mobile,Standard,2025-06-10T01:53:50,Card Purchase,130.27,Utilities,Unauthorised Transaction,Distressed,Missing,0,High,Complaints,Resolved,2025-06-30T02:42:40,2025-07-07T12:52:47,72,1,1,3,3,No,Yes,Yes,Full Refund,130.27,187.72,9.55,Yes,Valid
PFXC-001826,TXN-0006989,2025-06-12T21:56:56,Email,Assisted Digital,2025-06-03T12:01:56,Card Purchase,42.08,Travel,Incorrect Amount,Positive,Partial,1,Standard,Payment Operations,Resolved,2025-06-13T16:43:49,2025-06-17T20:32:40,120,2,0,1,2,No,No,Yes,Full Refund,42.08,118.60,18.78,No,Valid
PFXC-001827,TXN-0010293,2026-05-11T04:32:16,Web,Standard,2026-04-27T13:25:16,Direct Debit,113.86,Retail,Unauthorised Transaction,Frustrated,Complete,3,Standard,Customer Service,Resolved,2026-05-11T20:04:30,2026-05-15T14:02:30,120,1,1,2,3,No,No,No,Full Refund,113.86,105.50,15.54,No,Valid
PFXC-001828,TXN-0001421,2026-01-11T18:05:29,Call Centre,Standard,2025-11-22T06:41:29,Card Purchase,85.47,Digital Services,Failed Payment,Frustrated,Complete,2,Standard,Refund Approval,Resolved,2026-01-12T12:42:51,2026-01-14T23:23:57,120,2,0,1,2,No,No,No,Full Refund,85.47,77.31,18.62,No,Valid
PFXC-001829,TXN-0006919,2025-01-31T10:01:49,Mobile,Assisted Digital,2025-01-18T12:57:49,Bank Transfer,133.25,Retail,Failed Payment,Frustrated,Partial,2,Standard,Technical Support,Resolved,2025-02-01T04:21:55,2025-02-05T07:36:47,120,1,1,2,5,No,No,No,Full Refund,133.25,117.58,18.34,No,Valid
PFXC-001830,TXN-0011580,2025-12-19T05:00:47,Web,Standard,2025-12-16T02:40:47,Card Purchase,28.95,Digital Services,Delayed Refund,Neutral,Complete,2,Standard,Refund Approval,Resolved,2025-12-20T02:35:38,2025-12-23T06:52:18,120,0,0,1,3,No,Yes,No,Full Refund,28.95,97.86,21.58,No,Valid
PFXC-001831,TXN-0003621,2025-08-18T06:48:06,Web,Standard,2025-08-05T05:54:06,Bank Transfer,21.09,Digital Services,Duplicate Debit,Frustrated,Complete,3,Standard,Payment Operations,Cancelled,2025-08-19T04:42:13,2025-08-22T14:16:03,120,2,0,2,1,No,Yes,No,Duplicate Case,0.00,103.47,21.90,No,Valid
PFXC-001832,TXN-0009483,2025-02-02T20:52:05,Call Centre,Standard,2025-01-27T18:29:05,Direct Debit,18.60,Retail,Merchant Non-confirmation,Frustrated,Partial,2,Standard,Complaints,Rejected,2025-02-03T16:15:36,2025-02-10T05:17:38,120,2,0,3,4,No,Yes,Yes,No Refund,0.00,176.43,19.39,Yes,Valid
PFXC-001833,TXN-0008928,2026-02-15T06:28:28,Email,Assisted Digital,2026-02-05T23:56:28,Bank Transfer,1090.26,Subscription,Subscription Dispute,Frustrated,Complete,2,High,Fraud Review,Rejected,2026-02-15T15:42:24,2026-02-24T07:49:17,72,2,3,4,4,Yes,Yes,No,No Refund,0.00,217.35,9.23,Yes,Valid
PFXC-001834,TXN-0008409,2025-06-27T12:04:04,Web,Standard,2025-05-30T06:41:04,Cash Withdrawal,121.86,Retail,Merchant Non-confirmation,Frustrated,Partial,1,Standard,Technical Support,Rejected,2025-06-27T20:00:44,2025-07-04T00:16:38,120,3,1,3,2,No,Yes,No,No Refund,0.00,156.21,7.94,Yes,Valid
PFXC-001835,TXN-0002441,2025-04-13T01:08:19,Call Centre,Standard,2025-03-14T05:56:19,Card Purchase,9.50,Travel,Merchant Non-confirmation,Frustrated,Complete,2,Standard,Technical Support,Pending Approval,2025-04-13T22:09:42,,120,1,1,3,2,No,No,No,Pending,0.00,,21.02,No,Valid
PFXC-001836,TXN-0010465,2025-10-31T01:46:56,Web,Assisted Digital,2025-09-30T17:53:56,Card Purchase,31.73,Retail,Merchant Non-confirmation,Frustrated,Partial,2,Standard,Technical Support,Rejected,2025-10-31T20:04:01,2025-11-06T01:30:11,120,2,0,1,4,No,Yes,No,No Refund,0.00,143.72,18.28,Yes,Valid
PFXC-001837,TXN-0010486,2026-03-30T22:31:03,Mobile,Standard,2026-03-12T19:10:03,Card Purchase,127.52,Subscription,Incorrect Amount,Neutral,Complete,2,Standard,Payment Operations,Rejected,2026-04-01T00:15:47,2026-04-03T14:38:47,120,0,0,1,3,No,No,No,No Refund,0.00,88.13,25.75,No,Valid
PFXC-001838,TXN-0004704,2026-05-19T09:33:26,Chat,Vulnerable Support,2026-05-11T17:08:26,Bank Transfer,201.53,Utilities,Unauthorised Transaction,Distressed,Complete,4,High,Customer Service,Resolved,2026-05-19T15:55:35,2026-05-24T04:28:25,72,2,0,2,4,No,No,No,Full Refund,201.53,114.92,6.37,Yes,Valid
PFXC-001839,TXN-0001594,2026-03-21T17:14:40,Web,Standard,2026-01-31T04:58:40,Bank Transfer,14.33,Utilities,Merchant Non-confirmation,Neutral,Complete,3,Standard,Technical Support,Resolved,2026-03-22T09:07:06,2026-03-26T02:30:22,120,2,0,1,4,No,No,No,Full Refund,14.33,105.26,15.87,No,Valid
PFXC-001840,TXN-0001024,2025-12-14T19:09:47,Web,Standard,2025-10-26T11:47:47,Direct Debit,10.20,Subscription,Incorrect Amount,Distressed,Partial,2,Standard,Payment Operations,Resolved,2025-12-15T13:24:02,2025-12-20T20:02:04,120,3,1,5,3,No,No,No,Full Refund,10.20,144.87,18.24,Yes,Valid
PFXC-001841,TXN-0008273,2025-11-06T14:59:13,Call Centre,Standard,2025-09-28T17:08:13,Card Purchase,26.66,Digital Services,Unauthorised Transaction,Frustrated,Partial,1,Standard,Customer Service,Pending Approval,2025-11-07T14:23:23,,120,1,2,4,5,No,No,No,Pending,0.00,,23.40,No,Valid
PFXC-001842,TXN-0001125,2025-09-27T20:02:03,Chat,Standard,2025-08-18T10:55:03,Card Purchase,67.23,Travel,Merchant Non-confirmation,Frustrated,Partial,1,Standard,Technical Support,Resolved,2025-09-28T16:50:07,2025-10-05T03:59:07,120,2,1,3,5,No,No,No,Full Refund,67.23,175.95,20.80,Yes,Valid
PFXC-001843,TXN-0011142,2026-05-29T10:30:25,Mobile,Standard,2026-04-09T22:19:25,Cash Withdrawal,30.95,Retail,Failed Payment,Frustrated,Complete,4,Standard,Technical Support,Resolved,2026-05-30T10:22:31,2026-05-30T20:32:26,120,1,0,2,2,No,No,No,Full Refund,30.95,34.03,23.87,No,Valid
PFXC-001844,TXN-0003591,2025-02-02T18:10:46,Chat,Standard,2025-01-23T23:36:46,Cash Withdrawal,141.51,Travel,Incorrect Amount,Frustrated,Complete,3,Standard,Refund Approval,Resolved,2025-02-03T13:13:26,2025-02-08T14:14:31,120,5,0,4,4,No,No,Yes,Partial Refund,103.06,140.06,19.04,Yes,Valid
PFXC-001845,TXN-0011843,2025-09-06T08:53:09,Web,Standard,2025-07-18T09:59:09,Wallet Payment,31.70,Subscription,Failed Payment,Neutral,Complete,3,Standard,Technical Support,Resolved,2025-09-07T12:52:54,2025-09-10T22:57:16,120,1,0,1,2,No,No,No,Full Refund,31.70,110.07,28.00,No,Valid
PFXC-001846,TXN-0003737,2026-02-03T01:39:39,Web,Vulnerable Support,2026-01-21T21:31:39,Wallet Payment,201.49,Travel,Unauthorised Transaction,Frustrated,Partial,2,High,Customer Service,Rejected,2026-02-03T07:01:46,2026-02-11T03:24:16,72,2,1,3,3,No,Yes,No,No Refund,0.00,193.74,5.37,Yes,Valid
PFXC-001847,TXN-0002344,2025-04-25T06:33:18,Mobile,Vulnerable Support,2025-03-10T01:45:18,Bank Transfer,109.98,Retail,Failed Payment,Distressed,Missing,0,Standard,Refund Approval,Resolved,2025-04-26T07:17:13,2025-04-30T22:29:51,120,0,0,2,4,No,Yes,No,Full Refund,109.98,135.94,24.73,Yes,Valid
PFXC-001848,TXN-0004435,2025-06-26T02:30:00,Mobile,Standard,2025-05-25T13:31:00,Cash Withdrawal,52.46,Retail,Delayed Refund,Neutral,Partial,1,Standard,Payment Operations,Resolved,2025-06-26T21:20:56,2025-07-02T04:28:28,120,1,1,1,2,No,No,Yes,Full Refund,52.46,145.97,18.85,Yes,Valid
PFXC-001849,TXN-0001240,2026-06-15T21:48:26,Web,Assisted Digital,2026-05-25T07:10:26,Card Purchase,34.47,Travel,Incorrect Amount,Frustrated,Complete,4,Standard,Payment Operations,In Investigation,2026-06-16T12:27:51,,120,0,1,1,0,No,No,No,Pending,0.00,,14.66,No,Valid
PFXC-001850,TXN-0003190,2025-03-27T16:13:15,Mobile,Standard,2025-02-06T08:17:15,Card Purchase,61.43,Other,Delayed Refund,Frustrated,Partial,2,Standard,Payment Operations,Resolved,2025-03-28T14:29:32,2025-03-31T10:10:36,120,0,1,3,3,No,No,No,Full Refund,61.43,89.96,22.27,No,Valid
PFXC-001851,TXN-0010272,2026-02-19T20:05:26,Web,Standard,2026-02-07T08:20:26,Card Purchase,277.28,Digital Services,Failed Payment,Neutral,Complete,4,Standard,Refund Approval,Resolved,2026-02-20T08:24:01,2026-02-22T02:18:07,120,2,0,0,3,No,Yes,No,Full Refund,277.28,54.21,12.31,No,Valid
PFXC-001852,TXN-0002589,2026-06-28T13:39:14,Call Centre,Standard,2026-06-15T16:18:14,Card Purchase,144.70,Retail,Other,Distressed,Missing,0,Low,Customer Service,Rejected,2026-06-29T16:14:54,2026-07-07T02:09:00,168,1,1,2,4,No,Yes,No,No Refund,0.00,204.50,26.59,Yes,Valid
PFXC-001853,TXN-0005828,2025-12-10T15:08:30,Mobile,Standard,2025-11-28T21:57:30,Bank Transfer,11.31,Utilities,Delayed Refund,Frustrated,Complete,2,Low,Payment Operations,Pending Customer,2025-12-11T18:13:46,,168,2,0,3,2,No,No,No,Pending,0.00,,27.09,No,Valid
PFXC-001854,TXN-0005398,2025-11-29T02:33:10,Mobile,Assisted Digital,2025-11-20T01:59:10,Bank Transfer,13.53,Retail,Duplicate Debit,Neutral,Complete,4,Low,Refund Approval,Resolved,2025-11-30T07:16:38,2025-12-01T13:02:20,168,2,1,4,2,No,Yes,No,Full Refund,13.53,58.49,28.72,No,Valid
PFXC-001855,TXN-0011852,2026-03-09T19:21:00,Web,Standard,2026-03-08T14:25:00,Card Purchase,177.12,Digital Services,Unauthorised Transaction,Distressed,Partial,2,High,Customer Service,Resolved,2026-03-10T17:59:33,2026-03-16T13:27:36,72,1,2,4,3,No,No,No,Full Refund,177.12,162.11,22.64,Yes,Valid
PFXC-001856,TXN-0007216,2025-09-01T20:13:00,Call Centre,Standard,2025-08-05T15:31:00,Wallet Payment,71.74,Travel,Delayed Refund,Frustrated,Missing,0,Low,Payment Operations,Pending Customer,2025-09-03T14:24:41,,168,0,1,1,3,No,No,No,Pending,0.00,,42.19,No,Valid
PFXC-001857,TXN-0011033,2025-10-07T22:00:51,Email,Standard,2025-09-14T00:21:51,Direct Debit,107.76,Retail,Incorrect Amount,Frustrated,Complete,3,Standard,Fraud Review,In Triage,2025-10-08T14:30:12,,120,2,1,2,3,Yes,Yes,No,Pending,0.00,,16.49,No,Valid
PFXC-001858,TXN-0004853,2025-02-22T10:58:02,Mobile,Vulnerable Support,2024-12-23T19:14:02,Card Purchase,97.22,Utilities,Failed Payment,Neutral,Complete,3,Low,Technical Support,Rejected,2025-02-23T14:05:14,2025-02-24T19:46:47,168,1,1,2,2,No,No,No,No Refund,0.00,56.81,27.12,No,Valid
PFXC-001859,TXN-0005132,2025-06-19T16:59:28,Mobile,Standard,2025-05-01T09:26:28,Direct Debit,279.63,Travel,Incorrect Amount,Positive,Complete,4,Standard,Payment Operations,Rejected,2025-06-20T08:27:49,2025-06-23T21:29:46,120,0,0,0,2,No,Yes,No,No Refund,0.00,100.51,15.47,No,Valid
PFXC-001860,TXN-0004463,2026-05-25T19:21:45,Mobile,Standard,2026-04-04T11:27:45,Card Purchase,644.52,Retail,Merchant Non-confirmation,Neutral,Complete,4,Standard,Technical Support,Pending Customer,2026-05-26T11:48:30,,120,1,1,1,2,No,No,No,Pending,0.00,,16.45,No,Valid
PFXC-001861,TXN-0002205,2025-01-20T00:31:14,Call Centre,Standard,2024-11-20T22:30:14,Card Purchase,53.28,Cash Withdrawal,Subscription Dispute,Neutral,Complete,3,Low,Customer Service,Rejected,2025-01-21T00:29:08,2025-01-25T08:40:49,168,2,1,1,3,No,No,No,No Refund,0.00,128.16,23.97,No,Valid
PFXC-001862,TXN-0007569,2025-07-24T06:27:05,Email,Standard,2025-07-18T19:17:05,Wallet Payment,13.30,Subscription,Merchant Non-confirmation,Neutral,Complete,4,Low,Technical Support,Rejected,2025-07-25T13:51:59,2025-07-29T05:11:54,168,0,1,0,1,No,No,No,No Refund,0.00,118.75,31.42,No,Valid
PFXC-001863,TXN-0006689,2025-08-06T08:19:47,Mobile,Standard,2025-07-26T20:05:47,Bank Transfer,26.04,Utilities,Subscription Dispute,Positive,Complete,2,Standard,Customer Service,Rejected,2025-08-07T01:29:17,2025-08-10T02:31:10,120,1,0,0,1,No,Yes,No,No Refund,0.00,90.19,17.16,No,Valid
PFXC-001864,TXN-0001519,2025-10-04T21:01:07,Web,Standard,2025-08-09T11:31:07,Card Purchase,135.46,Retail,Delayed Refund,Distressed,Partial,1,Standard,Payment Operations,Resolved,2025-10-05T22:48:53,2025-10-09T10:20:16,120,2,1,2,3,No,No,No,Full Refund,135.46,109.32,25.80,No,Valid
PFXC-001865,TXN-0009919,2025-04-12T07:06:11,Mobile,Assisted Digital,2025-03-20T00:00:11,Bank Transfer,1380.17,Subscription,Merchant Non-confirmation,Frustrated,Partial,2,Standard,Technical Support,Awaiting Evidence,2025-04-13T03:16:18,,120,1,0,2,2,No,No,Yes,Pending,0.00,,20.17,No,Valid
PFXC-001866,TXN-0002473,2025-10-24T09:19:57,Call Centre,Standard,2025-09-18T16:00:57,Bank Transfer,9.42,Utilities,Delayed Refund,Neutral,Partial,2,Standard,Payment Operations,Pending Customer,2025-10-25T10:31:40,,120,1,1,2,3,No,No,No,Pending,0.00,,25.20,No,Valid
PFXC-001867,TXN-0001843,2025-12-03T01:26:27,Email,Standard,2025-10-29T20:41:27,Bank Transfer,13.21,Utilities,Unauthorised Transaction,Frustrated,Complete,4,Standard,Customer Service,Resolved,2025-12-03T23:02:54,2025-12-06T09:15:13,120,0,0,2,2,No,No,No,Full Refund,13.21,79.81,21.61,No,Valid
PFXC-001868,TXN-0008494,2026-05-26T04:24:52,Chat,Standard,2026-04-18T05:52:52,Card Purchase,115.20,Other,Unauthorised Transaction,Distressed,Complete,4,Standard,Customer Service,Pending Customer,2026-05-27T01:31:45,,120,1,1,2,2,No,No,No,Pending,0.00,,21.11,No,Valid
PFXC-001869,TXN-0001073,2026-02-25T08:40:47,Mobile,Standard,2026-01-26T04:23:47,Card Purchase,16.56,Subscription,Subscription Dispute,Frustrated,Partial,2,Standard,Customer Service,Resolved,2026-02-26T01:56:45,2026-03-01T13:56:47,120,0,1,2,3,No,No,No,Full Refund,16.56,101.27,17.27,No,Valid
PFXC-001870,TXN-0005143,2025-01-05T22:56:29,Call Centre,Standard,2024-11-19T19:26:29,Card Purchase,95.79,Digital Services,Incorrect Amount,Frustrated,Complete,4,Low,Payment Operations,Rejected,2025-01-07T02:22:48,2025-01-09T00:33:31,168,3,0,3,2,No,No,No,No Refund,0.00,73.62,27.44,No,Valid
PFXC-001871,TXN-0004968,2025-08-27T00:16:39,Web,Standard,2025-07-30T23:15:39,Card Purchase,35.43,Utilities,Failed Payment,Distressed,Partial,2,Standard,Technical Support,Rejected,2025-08-27T17:32:35,2025-09-02T23:16:44,120,3,2,5,3,No,Yes,No,No Refund,0.00,167.00,17.27,Yes,Valid
PFXC-001872,TXN-0010107,2025-04-04T18:35:33,Mobile,Assisted Digital,2025-02-14T06:41:33,Card Purchase,27.03,Retail,Unauthorised Transaction,Distressed,Partial,1,Standard,Customer Service,Rejected,2025-04-05T10:09:11,2025-04-11T17:29:44,120,2,1,3,3,No,No,Yes,No Refund,0.00,166.90,15.56,Yes,Valid
PFXC-001873,TXN-0010572,2025-03-13T01:31:00,Mobile,Standard,2025-03-08T20:14:00,Cash Withdrawal,16.87,Digital Services,Other,Frustrated,Complete,3,Standard,Customer Service,Rejected,2025-03-13T23:43:09,2025-03-18T06:12:33,120,2,0,1,2,No,Yes,No,No Refund,0.00,124.69,22.20,Yes,Valid
PFXC-001874,TXN-0001772,2026-02-22T12:13:49,Web,Standard,2026-01-25T03:47:49,Card Purchase,203.86,Retail,Incorrect Amount,Frustrated,Complete,4,Standard,Payment Operations,Cancelled,2026-02-23T02:36:48,2026-02-25T11:44:01,120,2,1,4,3,No,Yes,No,Customer Withdrawn,0.00,71.50,14.38,No,Valid
PFXC-001875,TXN-0009327,2026-04-28T06:16:11,Call Centre,Standard,2026-03-31T23:35:11,Card Purchase,71.57,Retail,Other,Neutral,Partial,2,Low,Customer Service,Resolved,2026-04-29T10:34:18,2026-05-02T10:42:24,168,0,1,0,3,No,No,No,Partial Refund,51.73,100.44,28.30,No,Valid
PFXC-001876,TXN-0004912,2025-03-05T14:16:05,Chat,Standard,2025-01-24T17:18:05,Card Purchase,47.81,Utilities,Cash Withdrawal Dispute,Distressed,Partial,2,Standard,Customer Service,Resolved,2025-03-06T10:48:39,2025-03-13T04:27:28,120,1,1,4,4,No,No,No,Full Refund,47.81,182.19,20.54,Yes,Valid
PFXC-001877,TXN-0012049,2025-03-07T20:33:23,Call Centre,Standard,2025-01-08T22:02:23,Bank Transfer,23.66,Other,Subscription Dispute,Neutral,Partial,1,Standard,Refund Approval,Resolved,2025-03-08T18:09:17,2025-03-12T17:37:01,120,2,1,1,1,No,No,Yes,Full Refund,23.66,117.06,21.60,No,Valid
PFXC-001878,TXN-0005238,2025-06-11T03:51:14,Call Centre,Standard,2025-04-16T22:50:14,Card Purchase,200.82,Digital Services,Cash Withdrawal Dispute,Frustrated,Partial,1,Standard,Customer Service,Resolved,2025-06-11T18:49:58,2025-06-17T14:45:53,120,2,0,3,4,No,No,Yes,Partial Refund,149.43,154.91,14.98,Yes,Valid
PFXC-001879,TXN-0012079,2025-02-17T01:01:55,Email,Standard,2024-12-26T23:58:55,Card Purchase,157.53,Subscription,Unauthorised Transaction,Frustrated,Complete,4,High,Fraud Review,Resolved,2025-02-17T09:14:36,2025-02-24T21:02:14,72,2,0,3,3,Yes,No,No,Fraud Referral,0.00,188.01,8.21,Yes,Valid
PFXC-001880,TXN-0011657,2026-02-09T16:00:25,Mobile,Standard,2026-01-09T04:59:25,Direct Debit,163.63,Digital Services,Incorrect Amount,Frustrated,Complete,4,Standard,Payment Operations,Rejected,2026-02-10T09:03:35,2026-02-15T15:05:37,120,3,1,3,4,No,Yes,Yes,No Refund,0.00,143.09,17.05,Yes,Valid
PFXC-001881,TXN-0009514,2026-05-09T23:14:16,Mobile,Standard,2026-03-11T14:04:16,Bank Transfer,24.35,Subscription,Cash Withdrawal Dispute,Frustrated,Complete,3,Standard,Fraud Review,Resolved,2026-05-10T22:06:47,2026-05-18T01:49:55,120,3,0,3,3,Yes,Yes,No,Fraud Referral,0.00,194.59,22.88,Yes,Valid
PFXC-001882,TXN-0005065,2026-01-07T18:29:25,Email,Standard,2025-12-22T04:48:25,Direct Debit,42.74,Retail,Cash Withdrawal Dispute,Frustrated,Missing,0,Low,Customer Service,Rejected,2026-01-08T22:39:01,2026-01-17T21:26:06,168,2,2,3,4,No,Yes,No,No Refund,0.00,242.94,28.16,Yes,Valid
PFXC-001883,TXN-0008817,2025-06-01T23:19:38,Call Centre,Standard,2025-05-21T17:22:38,Bank Transfer,87.29,Travel,Subscription Dispute,Neutral,Complete,2,Standard,Customer Service,Rejected,2025-06-02T18:23:12,2025-06-06T12:11:30,120,2,1,1,2,No,Yes,No,No Refund,0.00,108.86,19.06,No,Valid
PFXC-001884,TXN-0002440,2025-04-30T14:17:34,Email,Standard,2025-03-17T05:56:34,Card Purchase,13.45,Subscription,Incorrect Amount,Frustrated,Complete,4,Standard,Payment Operations,Rejected,2025-05-01T08:58:31,2025-05-04T03:41:54,120,2,0,2,2,No,No,No,No Refund,0.00,85.41,18.68,No,Valid
PFXC-001885,TXN-0012308,2026-02-28T17:37:26,Mobile,Standard,2026-02-14T05:40:26,Bank Transfer,705.67,Digital Services,Delayed Refund,Frustrated,Complete,4,High,Payment Operations,Rejected,2026-02-28T18:50:53,2026-03-04T02:04:32,72,1,0,3,3,No,No,No,No Refund,0.00,80.45,1.22,Yes,Valid
PFXC-001886,TXN-0000123,2025-07-22T03:19:07,Call Centre,Standard,2025-07-01T16:26:07,Card Purchase,44.36,Digital Services,Merchant Non-confirmation,Neutral,Complete,2,Standard,Refund Approval,Resolved,2025-07-22T20:53:49,2025-07-26T09:11:38,120,0,0,0,1,No,No,No,Full Refund,44.36,101.88,17.58,No,Valid
PFXC-001887,TXN-0005929,2025-08-04T10:10:12,Web,Standard,2025-07-03T11:58:12,Bank Transfer,339.74,Digital Services,Other,Frustrated,Missing,0,Standard,Customer Service,Resolved,2025-08-05T07:07:39,2025-08-11T05:46:36,120,0,1,3,4,No,Yes,No,Full Refund,339.74,163.61,20.96,Yes,Valid
PFXC-001888,TXN-0005854,2025-12-16T10:46:38,Chat,Standard,2025-10-17T18:04:38,Wallet Payment,14.84,Cash Withdrawal,Unauthorised Transaction,Frustrated,Missing,0,Standard,Customer Service,Rejected,2025-12-17T01:35:23,2025-12-22T20:31:11,120,0,1,2,0,No,Yes,Yes,No Refund,0.00,153.74,14.81,Yes,Valid
PFXC-001889,TXN-0002368,2025-01-25T05:09:15,Mobile,Standard,2024-12-16T23:22:15,Card Purchase,35.65,Utilities,Merchant Non-confirmation,Neutral,Complete,4,Low,Technical Support,In Triage,2025-01-26T07:06:50,,168,1,0,3,3,No,No,No,Pending,0.00,,25.96,No,Valid
PFXC-001890,TXN-0006498,2025-06-05T16:14:42,Web,Standard,2025-05-08T02:54:42,Card Purchase,40.51,Retail,Incorrect Amount,Neutral,Partial,2,Low,Payment Operations,Resolved,2025-06-06T07:48:13,2025-06-09T16:15:53,168,1,0,0,3,No,No,No,Partial Refund,17.18,96.02,15.56,No,Valid
PFXC-001891,TXN-0001413,2025-06-07T14:19:13,Call Centre,Standard,2025-05-25T04:43:13,Bank Transfer,226.05,Cash Withdrawal,Merchant Non-confirmation,Frustrated,Complete,3,Standard,Technical Support,Awaiting Evidence,2025-06-08T05:31:22,,120,0,0,3,3,No,No,No,Pending,0.00,,15.20,No,Valid
PFXC-001892,TXN-0011233,2025-09-05T03:56:34,Mobile,Standard,2025-07-22T17:27:34,Card Purchase,15.07,Digital Services,Incorrect Amount,Neutral,Complete,3,Low,Payment Operations,Rejected,2025-09-06T06:11:21,2025-09-09T18:33:51,168,1,1,2,2,No,No,No,No Refund,0.00,110.62,26.25,No,Valid
PFXC-001893,TXN-0011080,2025-03-24T14:18:50,Mobile,Standard,2025-02-25T23:47:50,Bank Transfer,11.58,Retail,Subscription Dispute,Positive,Partial,1,Standard,Customer Service,Resolved,2025-03-24T22:44:57,2025-03-29T12:55:58,120,1,1,1,3,No,No,No,Full Refund,11.58,118.62,8.44,No,Valid
PFXC-001894,TXN-0009307,2026-01-23T13:46:48,Web,Standard,2025-12-30T04:14:48,Card Purchase,37.81,Utilities,Subscription Dispute,Frustrated,Complete,3,Standard,Fraud Review,Resolved,2026-01-24T03:33:58,2026-02-01T15:52:23,120,4,0,3,4,Yes,Yes,No,Fraud Referral,0.00,218.09,13.79,Yes,Valid
PFXC-001895,TXN-0003346,2026-04-21T23:24:27,Email,Standard,2026-03-02T13:29:27,Cash Withdrawal,292.31,Travel,Delayed Refund,Neutral,Complete,3,Low,Payment Operations,Rejected,2026-04-23T05:19:11,2026-04-25T20:48:29,168,1,1,2,4,No,No,No,No Refund,0.00,93.40,29.91,No,Valid
PFXC-001896,TXN-0005160,2025-03-11T22:31:56,Mobile,Standard,2025-02-15T21:30:56,Card Purchase,101.27,Cash Withdrawal,Subscription Dispute,Frustrated,Complete,2,Standard,Customer Service,Rejected,2025-03-12T16:42:12,2025-03-15T22:23:39,120,2,0,2,2,No,No,Yes,No Refund,0.00,95.86,18.17,No,Valid
PFXC-001897,TXN-0005715,2025-02-09T15:47:26,Call Centre,Standard,2024-12-17T21:58:26,Card Purchase,9.00,Retail,Merchant Non-confirmation,Frustrated,Partial,2,Standard,Technical Support,Resolved,2025-02-10T07:44:49,2025-02-16T00:54:34,120,1,1,3,2,No,No,No,Full Refund,9.00,153.12,15.96,Yes,Valid
PFXC-001898,TXN-0010148,2026-01-10T15:24:30,Call Centre,Assisted Digital,2025-11-12T01:03:30,Direct Debit,14.60,Retail,Unauthorised Transaction,Frustrated,Complete,4,Standard,Refund Approval,Resolved,2026-01-11T03:46:33,2026-01-16T16:55:33,120,0,2,2,2,No,Yes,Yes,Full Refund,14.60,145.52,12.37,Yes,Valid
PFXC-001899,TXN-0011684,2026-04-14T16:53:44,Mobile,Assisted Digital,2026-04-04T13:13:44,Direct Debit,7.52,Utilities,Cash Withdrawal Dispute,Distressed,Complete,2,High,Refund Approval,Resolved,2026-04-15T03:15:52,2026-04-19T09:23:17,72,2,0,0,2,No,Yes,No,Full Refund,7.52,112.49,10.37,Yes,Valid
PFXC-001900,TXN-0008661,2025-04-05T14:23:50,Call Centre,Standard,2025-02-18T22:47:50,Card Purchase,63.66,Utilities,Unauthorised Transaction,Frustrated,Complete,4,Standard,Customer Service,Resolved,2025-04-06T08:54:43,2025-04-11T05:04:31,120,0,0,1,3,No,No,No,Fraud Referral,0.00,134.68,18.51,Yes,Valid
PFXC-001901,TXN-0002878,2026-06-21T14:56:13,Mobile,Standard,2026-05-16T05:37:13,Direct Debit,75.15,Cash Withdrawal,Unauthorised Transaction,Distressed,Complete,3,Standard,Fraud Review,Resolved,2026-06-22T04:24:01,2026-06-30T03:51:46,120,3,1,4,5,Yes,No,No,Full Refund,75.15,204.93,13.46,Yes,Valid
PFXC-001902,TXN-0002781,2026-02-14T16:47:20,Web,Vulnerable Support,2026-01-06T18:19:20,Card Purchase,10.19,Travel,Merchant Non-confirmation,Frustrated,Complete,4,High,Technical Support,Resolved,2026-02-15T05:32:15,2026-02-18T10:43:49,72,1,1,3,2,No,Yes,No,Full Refund,10.19,89.94,12.75,Yes,Valid
PFXC-001903,TXN-0007926,2026-01-21T12:10:21,Web,Standard,2025-12-31T10:17:21,Card Purchase,68.73,Travel,Merchant Non-confirmation,Neutral,Complete,2,Standard,Technical Support,Rejected,2026-01-22T12:57:21,2026-01-25T12:56:40,120,1,0,1,2,No,No,No,No Refund,0.00,96.77,24.78,No,Valid
PFXC-001904,TXN-0005384,2025-11-28T12:58:43,Email,Vulnerable Support,2025-11-04T14:16:43,Bank Transfer,169.99,Retail,Failed Payment,Frustrated,Partial,2,Standard,Refund Approval,Resolved,2025-11-29T02:53:57,2025-12-01T14:16:12,120,2,0,2,2,No,No,No,Partial Refund,47.69,73.29,13.92,No,Valid
PFXC-001905,TXN-0002845,2025-05-13T05:12:12,Mobile,Standard,2025-03-17T06:33:12,Card Purchase,131.80,Other,Merchant Non-confirmation,Distressed,Complete,2,Standard,Technical Support,Rejected,2025-05-13T21:12:42,2025-05-16T20:43:23,120,1,0,2,3,No,No,No,No Refund,0.00,87.52,16.01,No,Valid
PFXC-001906,TXN-0001641,2025-07-14T00:13:35,Mobile,Standard,2025-06-01T14:48:35,Card Purchase,48.20,Subscription,Unauthorised Transaction,Distressed,Partial,1,Standard,Customer Service,Rejected,2025-07-14T14:38:36,2025-07-19T15:51:27,120,1,0,3,2,No,No,No,No Refund,0.00,135.63,14.42,Yes,Valid
PFXC-001907,TXN-0009747,2025-10-01T17:06:46,Call Centre,Standard,2025-08-31T06:22:46,Wallet Payment,517.84,Subscription,Subscription Dispute,Frustrated,Partial,1,Standard,Customer Service,Cancelled,2025-10-02T08:10:57,2025-10-05T20:23:57,120,1,1,3,1,No,No,No,Customer Withdrawn,0.00,99.29,15.07,No,Valid
PFXC-001908,TXN-0008136,2025-01-15T17:10:24,Email,Standard,2024-11-16T08:53:24,Wallet Payment,34.05,Utilities,Unauthorised Transaction,Frustrated,Complete,2,Standard,Fraud Review,Rejected,2025-01-16T06:53:29,2025-01-25T19:23:14,120,2,0,4,4,Yes,Yes,No,No Refund,0.00,242.21,13.72,Yes,Valid
PFXC-001909,TXN-0007366,2025-06-08T14:22:18,Web,Standard,2025-05-11T12:22:18,Wallet Payment,114.04,Subscription,Other,Frustrated,Partial,2,Standard,Complaints,Resolved,2025-06-09T08:28:37,2025-06-13T17:30:48,120,1,0,3,2,No,Yes,Yes,Partial Refund,54.87,123.14,18.11,Yes,Valid
PFXC-001910,TXN-0011902,2026-03-16T03:05:52,Mobile,Standard,2026-03-11T02:06:52,Direct Debit,391.22,Other,Duplicate Debit,Frustrated,Missing,0,Standard,Payment Operations,Resolved,2026-03-16T19:38:02,2026-03-21T20:34:28,120,1,1,3,2,No,Yes,No,Full Refund,391.22,137.48,16.54,Yes,Valid
PFXC-001911,TXN-0007450,2025-06-29T08:25:29,Mobile,Standard,2025-06-17T05:35:29,Card Purchase,81.45,Subscription,Incorrect Amount,Frustrated,Partial,2,Standard,Payment Operations,Rejected,2025-06-30T07:32:32,2025-07-07T06:53:12,120,3,2,5,4,No,Yes,No,No Refund,0.00,190.46,23.12,Yes,Valid
PFXC-001912,TXN-0000009,2025-09-16T09:47:00,Call Centre,Vulnerable Support,2025-08-13T20:34:00,Direct Debit,67.86,Retail,Incorrect Amount,Frustrated,Complete,3,Standard,Payment Operations,Rejected,2025-09-16T21:16:35,2025-09-19T13:44:24,120,2,1,3,1,No,Yes,Yes,No Refund,0.00,75.96,11.49,No,Valid
PFXC-001913,TXN-0003171,2025-04-17T05:22:05,Mobile,Standard,2025-02-26T20:57:05,Card Purchase,146.31,Utilities,Duplicate Debit,Frustrated,Partial,2,Low,Payment Operations,Pending Merchant,2025-04-18T13:17:23,,168,2,2,3,4,No,No,No,Pending,0.00,,31.92,No,Valid
PFXC-001914,TXN-0004456,2026-06-17T04:25:07,Email,Standard,2026-04-30T05:43:07,Bank Transfer,28.76,Other,Failed Payment,Frustrated,Complete,3,Standard,Technical Support,Resolved,2026-06-17T21:26:03,2026-06-19T10:15:05,120,1,1,4,1,No,No,No,Full Refund,28.76,53.83,17.02,No,Valid
PFXC-001915,TXN-0000132,2025-04-21T06:10:42,Call Centre,Standard,2025-03-07T16:45:42,Card Purchase,99.75,Subscription,Failed Payment,Neutral,Complete,2,Standard,Technical Support,Resolved,2025-04-22T03:02:04,2025-04-24T21:48:36,120,1,1,1,4,No,No,No,Full Refund,99.75,87.63,20.86,No,Valid
PFXC-001916,TXN-0004305,2025-01-13T23:37:16,Web,Standard,2025-01-02T04:18:16,Bank Transfer,155.61,Utilities,Delayed Refund,Distressed,Missing,0,Standard,Payment Operations,Resolved,2025-01-14T23:35:03,2025-01-22T11:22:56,120,1,2,3,3,No,Yes,No,Full Refund,155.61,203.76,23.96,Yes,Valid
PFXC-001917,TXN-0009088,2026-01-17T05:43:41,Mobile,Standard,2025-12-28T22:42:41,Direct Debit,15.69,Retail,Merchant Non-confirmation,Neutral,Partial,1,Standard,Technical Support,Cancelled,2026-01-18T01:42:16,2026-01-22T20:44:40,120,1,1,1,2,No,No,No,Customer Withdrawn,0.00,135.02,19.98,Yes,Valid
PFXC-001918,TXN-0001087,2026-06-14T23:51:33,Mobile,Assisted Digital,2026-04-30T14:14:33,Direct Debit,134.49,Digital Services,Failed Payment,Neutral,Complete,4,Low,Technical Support,Rejected,2026-06-16T05:27:17,2026-06-18T16:12:21,168,2,0,1,3,No,Yes,No,No Refund,0.00,88.35,29.60,No,Valid
PFXC-001919,TXN-0002551,2025-02-28T11:52:26,Mobile,Assisted Digital,2025-02-17T04:13:26,Bank Transfer,79.80,Cash Withdrawal,Unauthorised Transaction,Positive,Partial,2,Low,Refund Approval,Resolved,2025-03-01T19:01:00,2025-03-06T12:49:06,168,1,1,0,3,No,No,No,Full Refund,79.80,144.94,31.14,No,Valid
PFXC-001920,TXN-0009629,2026-03-24T02:54:50,Mobile,Standard,2026-01-30T21:11:50,Bank Transfer,19.88,Retail,Incorrect Amount,Frustrated,Complete,3,Low,Payment Operations,Cancelled,2026-03-24T20:54:07,2026-03-26T10:33:59,168,2,1,2,1,No,Yes,Yes,Customer Withdrawn,0.00,55.65,17.99,No,Valid
PFXC-001921,TXN-0003914,2026-03-14T05:45:35,Chat,Standard,2026-01-13T12:02:35,Cash Withdrawal,553.85,Retail,Failed Payment,Frustrated,Partial,2,Standard,Technical Support,Resolved,2026-03-15T00:35:17,2026-03-21T08:41:42,120,1,2,2,1,No,No,No,Full Refund,553.85,170.94,18.83,Yes,Valid
PFXC-001922,TXN-0010365,2025-01-31T10:31:48,Mobile,Assisted Digital,2024-12-22T23:32:48,Card Purchase,62.65,Other,Unauthorised Transaction,Distressed,Partial,1,Standard,Customer Service,Rejected,2025-02-01T09:03:17,2025-02-07T21:19:27,120,1,0,4,3,No,No,Yes,No Refund,0.00,178.79,22.52,Yes,Valid
PFXC-001923,TXN-0009320,2026-01-29T09:19:11,Call Centre,Assisted Digital,2026-01-14T16:10:11,Card Purchase,55.28,Travel,Subscription Dispute,Frustrated,Complete,2,Standard,Fraud Review,In Investigation,2026-01-29T23:17:36,,120,3,0,2,2,Yes,No,No,Pending,0.00,,13.97,No,Valid
PFXC-001924,TXN-0003466,2025-03-26T04:17:57,Mobile,Assisted Digital,2025-01-26T19:13:57,Bank Transfer,90.73,Cash Withdrawal,Failed Payment,Frustrated,Complete,3,Standard,Fraud Review,Rejected,2025-03-26T21:03:17,2025-03-30T16:15:58,120,1,0,2,1,Yes,Yes,No,No Refund,0.00,107.97,16.76,No,Valid
PFXC-001925,TXN-0009397,2025-06-25T08:48:18,Call Centre,Standard,2025-06-01T18:51:18,Card Purchase,879.89,Utilities,Failed Payment,Neutral,Complete,2,Standard,Technical Support,Resolved,2025-06-25T20:55:13,2025-06-26T10:32:16,120,0,0,0,1,No,No,No,Partial Refund,554.55,25.73,12.12,No,Valid
PFXC-001926,TXN-0009661,2026-03-08T21:42:42,Mobile,Standard,2026-02-25T12:43:42,Wallet Payment,164.54,Utilities,Duplicate Debit,Distressed,Partial,2,Standard,Payment Operations,Resolved,2026-03-09T22:38:49,2026-03-14T20:35:58,120,2,1,4,6,No,Yes,Yes,Full Refund,164.54,142.89,24.94,Yes,Valid
PFXC-001927,TXN-0012446,2025-03-11T10:52:45,Mobile,Assisted Digital,2025-01-22T11:22:45,Card Purchase,124.91,Utilities,Cash Withdrawal Dispute,Frustrated,Partial,1,Standard,Fraud Review,Rejected,2025-03-12T10:04:49,2025-03-21T10:28:59,120,2,1,3,2,Yes,Yes,No,No Refund,0.00,239.60,23.20,Yes,Valid
PFXC-001928,TXN-0006382,2025-01-05T06:21:05,Email,Standard,2024-11-16T03:35:05,Cash Withdrawal,50.46,Digital Services,Unauthorised Transaction,Frustrated,Missing,0,Standard,Fraud Review,Rejected,2025-01-06T06:11:35,2025-01-14T00:56:41,120,3,0,2,5,Yes,No,No,No Refund,0.00,210.59,23.84,Yes,Valid
PFXC-001929,TXN-0009516,2025-04-23T19:26:30,Web,Standard,2025-04-06T00:45:30,Direct Debit,66.33,Travel,Unauthorised Transaction,Frustrated,Partial,1,Standard,Fraud Review,Rejected,2025-04-24T14:32:58,2025-05-01T08:54:47,120,1,1,3,4,Yes,Yes,Yes,No Refund,0.00,181.47,19.11,Yes,Valid
PFXC-001930,TXN-0007654,2025-04-03T17:15:46,Email,Standard,2025-03-01T22:37:46,Bank Transfer,241.69,Retail,Duplicate Debit,Frustrated,Partial,2,Standard,Payment Operations,Resolved,2025-04-04T21:29:34,2025-04-08T19:21:24,120,1,1,2,2,No,Yes,No,Full Refund,241.69,122.09,28.23,Yes,Valid
PFXC-001931,TXN-0000725,2025-01-11T19:21:54,Web,Standard,2024-11-17T13:38:54,Card Purchase,34.10,Retail,Unauthorised Transaction,Neutral,Partial,2,Standard,Fraud Review,In Investigation,2025-01-12T11:04:49,,120,1,1,1,3,Yes,No,No,Pending,0.00,,15.72,No,Valid
PFXC-001932,TXN-0006948,2026-06-16T21:52:31,Mobile,Standard,2026-04-26T13:02:31,Card Purchase,112.71,Retail,Subscription Dispute,Neutral,Complete,3,Standard,Customer Service,Cancelled,2026-06-17T16:48:24,2026-06-20T22:31:54,120,1,0,1,1,No,No,No,Customer Withdrawn,0.00,96.66,18.93,No,Valid
PFXC-001933,TXN-0010560,2026-02-04T07:03:03,Mobile,Standard,2025-12-29T08:38:03,Wallet Payment,63.15,Subscription,Unauthorised Transaction,Distressed,Complete,2,Standard,Fraud Review,Rejected,2026-02-04T21:58:14,2026-02-11T10:31:53,120,2,0,2,3,Yes,Yes,Yes,No Refund,0.00,171.48,14.92,Yes,Valid
PFXC-001934,TXN-0005943,2025-05-15T14:49:29,Call Centre,Standard,2025-05-02T10:17:29,Card Purchase,61.51,Retail,Delayed Refund,Frustrated,Complete,3,Low,Payment Operations,Resolved,2025-05-16T16:59:47,2025-05-21T00:14:23,168,3,0,3,3,No,No,No,Full Refund,61.51,129.42,26.17,No,Valid
PFXC-001935,TXN-0009993,2026-03-20T01:09:51,Mobile,Assisted Digital,2026-01-30T02:55:51,Direct Debit,47.63,Utilities,Failed Payment,Frustrated,Complete,2,Standard,Technical Support,Rejected,2026-03-21T00:51:27,2026-03-21T18:33:36,120,0,0,2,1,No,No,No,No Refund,0.00,41.40,23.69,No,Valid
PFXC-001936,TXN-0004791,2025-12-07T22:02:19,Web,Standard,2025-12-05T00:51:19,Bank Transfer,229.18,Travel,Failed Payment,Frustrated,Complete,2,Standard,Refund Approval,Resolved,2025-12-08T12:57:56,2025-12-14T13:24:55,120,2,1,4,2,No,No,Yes,Full Refund,229.18,159.38,14.93,Yes,Valid
PFXC-001937,TXN-0004317,2026-05-14T04:33:49,Mobile,Standard,2026-04-02T20:36:49,Card Purchase,67.51,Utilities,Failed Payment,Frustrated,Complete,3,Standard,Technical Support,Rejected,2026-05-14T19:28:18,2026-05-17T03:05:21,120,2,0,3,1,No,No,No,No Refund,0.00,70.53,14.91,No,Valid
PFXC-001938,TXN-0001844,2025-04-05T18:01:29,Mobile,Standard,2025-04-03T09:21:29,Card Purchase,56.05,Subscription,Incorrect Amount,Neutral,Partial,2,Standard,Payment Operations,Cancelled,2025-04-06T17:56:37,2025-04-10T07:01:04,120,2,0,1,4,No,No,No,Customer Withdrawn,0.00,108.99,23.92,No,Valid
PFXC-001939,TXN-0009579,2025-12-13T06:40:20,Call Centre,Standard,2025-11-11T23:35:20,Card Purchase,17.82,Retail,Cash Withdrawal Dispute,Distressed,Complete,2,High,Customer Service,Rejected,2025-12-13T21:48:04,2025-12-17T20:50:42,72,0,1,3,2,No,No,No,No Refund,0.00,110.17,15.13,Yes,Valid
PFXC-001940,TXN-0006576,2026-03-01T00:56:40,Mobile,Standard,2026-02-03T19:07:40,Bank Transfer,36.76,Utilities,Delayed Refund,Positive,Partial,1,Standard,Payment Operations,Pending Customer,2026-03-01T18:15:01,,120,1,1,1,1,No,No,No,Pending,0.00,,17.31,No,Valid
PFXC-001941,TXN-0012014,2025-11-04T03:04:40,Web,Standard,2025-10-07T07:36:40,Card Purchase,26.32,Other,Duplicate Debit,Neutral,Partial,2,Standard,Payment Operations,Resolved,2025-11-04T20:49:22,2025-11-08T03:57:53,120,2,1,1,4,No,No,No,Full Refund,26.32,96.89,17.75,No,Valid
PFXC-001942,TXN-0000140,2025-10-19T03:06:39,Call Centre,Assisted Digital,2025-08-30T01:07:39,Direct Debit,76.53,Subscription,Unauthorised Transaction,Frustrated,Complete,4,High,Fraud Review,Resolved,2025-10-19T04:07:10,2025-10-27T10:23:27,72,3,1,3,3,Yes,No,No,Full Refund,76.53,199.28,1.01,Yes,Valid
PFXC-001943,TXN-0000901,2025-04-11T03:48:47,Call Centre,Standard,2025-03-22T18:14:47,Bank Transfer,59.01,Travel,Merchant Non-confirmation,Frustrated,Complete,4,Standard,Technical Support,Resolved,2025-04-11T19:41:15,2025-04-15T21:06:28,120,0,1,0,3,No,Yes,No,Full Refund,59.01,113.29,15.87,No,Valid
PFXC-001944,TXN-0005131,2025-09-16T14:51:56,Call Centre,Vulnerable Support,2025-07-21T18:20:56,Direct Debit,31.21,Cash Withdrawal,Unauthorised Transaction,Frustrated,Missing,0,High,Customer Service,Resolved,2025-09-17T04:51:30,2025-09-24T13:20:21,72,1,2,4,3,No,No,Yes,Partial Refund,16.60,190.47,13.99,Yes,Valid
PFXC-001945,TXN-0008848,2025-01-27T15:34:05,Chat,Standard,2024-12-23T21:29:05,Wallet Payment,102.61,Retail,Incorrect Amount,Frustrated,Partial,2,Standard,Refund Approval,Resolved,2025-01-28T03:20:53,2025-01-31T13:20:12,120,1,3,2,4,No,No,No,Full Refund,102.61,93.77,11.78,No,Valid
PFXC-001946,TXN-0010218,2025-12-26T23:42:08,Mobile,Standard,2025-11-13T03:45:08,Card Purchase,25.70,Utilities,Duplicate Debit,Frustrated,Complete,4,Standard,Fraud Review,Cancelled,2025-12-28T02:39:26,2025-12-31T22:49:14,120,1,1,3,3,Yes,No,No,Duplicate Case,0.00,119.12,26.96,No,Valid
PFXC-001947,TXN-0001356,2025-04-27T23:17:02,Mobile,Standard,2025-04-01T03:41:02,Card Purchase,65.11,Travel,Duplicate Debit,Frustrated,Complete,4,Standard,Refund Approval,Resolved,2025-04-28T21:37:15,2025-05-01T13:54:20,120,1,0,3,3,No,No,No,Full Refund,65.11,86.62,22.34,No,Valid
PFXC-001948,TXN-0001381,2025-07-16T18:34:23,Web,Standard,2025-06-13T22:57:23,Direct Debit,386.00,Utilities,Failed Payment,Distressed,Partial,2,Standard,Technical Support,Resolved,2025-07-17T08:17:35,2025-07-19T23:04:22,120,0,1,2,3,No,No,No,Full Refund,386.00,76.50,13.72,No,Valid
PFXC-001949,TXN-0007760,2025-12-15T11:13:02,Web,Standard,2025-11-04T01:25:02,Direct Debit,15.21,Retail,Unauthorised Transaction,Frustrated,Complete,4,Standard,Customer Service,Resolved,2025-12-16T05:37:12,2025-12-21T04:16:25,120,2,1,2,2,No,No,Yes,Full Refund,15.21,137.06,18.40,Yes,Valid
PFXC-001950,TXN-0005887,2026-03-05T10:53:20,Mobile,Assisted Digital,2026-02-15T19:16:20,Direct Debit,33.27,Travel,Subscription Dispute,Neutral,Partial,1,Standard,Customer Service,Rejected,2026-03-05T23:23:25,2026-03-09T18:50:28,120,1,1,1,4,No,No,No,No Refund,0.00,103.95,12.50,No,Valid
PFXC-001951,TXN-0010253,2026-05-15T05:30:14,Mobile,Standard,2026-03-16T04:46:14,Card Purchase,33.59,Retail,Duplicate Debit,Frustrated,Missing,0,Standard,Payment Operations,Rejected,2026-05-15T21:10:59,2026-05-21T23:44:47,120,2,2,5,3,No,No,Yes,No Refund,0.00,162.24,15.68,Yes,Valid
PFXC-001952,TXN-0009854,2025-02-03T10:30:44,Call Centre,Standard,2025-01-07T23:39:44,Card Purchase,367.37,Subscription,Merchant Non-confirmation,Neutral,Complete,4,Low,Technical Support,Resolved,2025-02-04T15:43:18,2025-02-07T18:04:58,168,0,0,1,5,No,No,No,Full Refund,367.37,103.57,29.21,No,Valid
PFXC-001953,TXN-0008887,2025-01-07T22:18:14,Mobile,Standard,2024-12-26T00:28:14,Card Purchase,139.27,Retail,Other,Frustrated,Complete,2,Standard,Fraud Review,Resolved,2025-01-08T15:52:04,2025-01-15T10:26:01,120,4,0,5,5,Yes,Yes,Yes,Full Refund,139.27,180.13,17.56,Yes,Valid
PFXC-001954,TXN-0010824,2026-02-05T05:47:22,Web,Standard,2026-02-03T20:06:22,Card Purchase,66.41,Subscription,Subscription Dispute,Frustrated,Missing,0,Low,Customer Service,Pending Merchant,2026-02-06T02:30:55,,168,0,1,1,2,No,No,Yes,Pending,0.00,,20.73,No,Valid
PFXC-001955,TXN-0000682,2026-04-01T08:50:42,Call Centre,Standard,2026-03-14T07:17:42,Card Purchase,470.01,Travel,Merchant Non-confirmation,Frustrated,Partial,2,Standard,Technical Support,Pending Customer,2026-04-02T10:57:49,,120,1,0,1,1,No,No,No,Pending,0.00,,26.12,No,Valid
PFXC-001956,TXN-0000265,2025-05-28T05:34:28,Web,Standard,2025-04-16T21:25:28,Card Purchase,117.52,Other,Delayed Refund,Neutral,Partial,2,Standard,Payment Operations,Pending Customer,2025-05-29T01:44:27,,120,2,1,1,1,No,No,No,Pending,0.00,,20.17,No,Valid
PFXC-001957,TXN-0002751,2025-12-16T14:44:53,Mobile,Standard,2025-10-30T18:41:53,Direct Debit,11.00,Subscription,Duplicate Debit,Distressed,Partial,2,Low,Payment Operations,In Investigation,2025-12-17T19:06:48,,168,1,1,3,1,No,No,No,Pending,0.00,,28.37,No,Valid
PFXC-001958,TXN-0005248,2025-09-02T04:03:09,Web,Standard,2025-07-13T23:30:09,Direct Debit,60.92,Utilities,Incorrect Amount,Positive,Complete,4,Standard,Payment Operations,Rejected,2025-09-02T20:12:46,2025-09-04T23:31:17,120,1,0,1,2,No,No,No,No Refund,0.00,67.47,16.16,No,Valid
PFXC-001959,TXN-0000518,2026-04-01T15:47:32,Email,Standard,2026-03-02T17:54:32,Cash Withdrawal,267.45,Utilities,Delayed Refund,Frustrated,Complete,3,Standard,Payment Operations,Pending Merchant,2026-04-02T06:14:05,,120,1,0,2,3,No,No,No,Pending,0.00,,14.44,No,Valid
PFXC-001960,TXN-0010863,2025-11-22T19:38:52,Mobile,Standard,2025-09-26T16:10:52,Cash Withdrawal,39.08,Cash Withdrawal,Duplicate Debit,Neutral,Complete,3,Standard,Payment Operations,Resolved,2025-11-23T14:32:24,2025-11-26T19:48:36,120,2,1,1,1,No,No,No,Full Refund,39.08,96.16,18.89,No,Valid
PFXC-001961,TXN-0001971,2025-05-30T11:58:30,Web,Vulnerable Support,2025-04-13T11:50:30,Cash Withdrawal,43.83,Retail,Duplicate Debit,Neutral,Complete,4,High,Refund Approval,Resolved,2025-05-30T18:40:26,2025-06-02T11:57:43,72,3,0,1,2,No,No,Yes,Full Refund,43.83,71.99,6.70,No,Valid
PFXC-001962,TXN-0005660,2025-12-31T02:20:22,Web,Standard,2025-11-09T23:09:22,Card Purchase,255.35,Other,Incorrect Amount,Frustrated,Partial,2,Standard,Fraud Review,Resolved,2025-12-31T23:47:21,2026-01-07T14:01:08,120,1,2,3,4,Yes,No,No,Fraud Referral,0.00,179.68,21.45,Yes,Valid
PFXC-001963,TXN-0001753,2026-06-12T04:20:29,Call Centre,Assisted Digital,2026-06-06T08:34:29,Cash Withdrawal,155.59,Retail,Unauthorised Transaction,Frustrated,Complete,2,High,Fraud Review,Resolved,2026-06-12T14:53:14,2026-06-17T21:13:35,72,1,0,2,2,Yes,Yes,Yes,Fraud Referral,0.00,136.89,10.55,Yes,Valid
PFXC-001964,TXN-0001173,2025-06-26T16:19:30,Mobile,Standard,2025-05-28T03:43:30,Card Purchase,170.77,Utilities,Delayed Refund,Frustrated,Partial,1,Standard,Payment Operations,Resolved,2025-06-27T05:45:14,2025-07-02T02:28:48,120,1,1,2,3,No,No,Yes,Full Refund,170.77,130.16,13.43,Yes,Valid
PFXC-001965,TXN-0005363,2025-08-13T19:25:25,Email,Standard,2025-07-01T06:48:25,Direct Debit,70.50,Retail,Delayed Refund,Positive,Partial,2,Standard,Refund Approval,Resolved,2025-08-14T12:18:43,2025-08-18T08:22:17,120,0,0,0,2,No,No,No,Full Refund,70.50,108.95,16.89,No,Valid
PFXC-001966,TXN-0012292,2026-03-10T11:14:19,Email,Standard,2026-02-07T18:58:19,Card Purchase,139.09,Travel,Other,Distressed,Partial,2,Standard,Refund Approval,Resolved,2026-03-11T01:50:35,2026-03-15T11:26:04,120,1,1,4,3,No,Yes,Yes,Partial Refund,41.62,120.20,14.60,Yes,Valid
PFXC-001967,TXN-0009728,2025-06-09T01:41:38,Mobile,Standard,2025-04-29T11:08:38,Card Purchase,125.52,Retail,Duplicate Debit,Distressed,Missing,0,Low,Payment Operations,Resolved,2025-06-10T07:03:57,2025-06-16T05:00:59,168,2,2,4,2,No,No,No,Full Refund,125.52,171.32,29.37,Yes,Valid
PFXC-001968,TXN-0009245,2025-03-24T19:05:49,Email,Standard,2025-02-22T09:49:49,Wallet Payment,113.15,Travel,Unauthorised Transaction,Distressed,Complete,4,Standard,Customer Service,Resolved,2025-03-25T13:43:02,2025-03-31T15:36:43,120,2,1,3,2,No,Yes,No,Full Refund,113.15,164.52,18.62,Yes,Valid
PFXC-001969,TXN-0010865,2026-05-18T21:19:06,Chat,Standard,2026-04-17T20:12:06,Card Purchase,151.83,Digital Services,Duplicate Debit,Distressed,Complete,3,Standard,Refund Approval,Resolved,2026-05-19T16:03:16,2026-05-20T18:28:02,120,0,0,2,2,No,No,Yes,Full Refund,151.83,45.15,18.74,No,Valid
PFXC-001970,TXN-0006184,2025-03-16T14:24:11,Mobile,Standard,2025-01-15T13:41:11,Card Purchase,31.87,Travel,Unauthorised Transaction,Distressed,Complete,2,High,Customer Service,Rejected,2025-03-16T14:39:11,2025-03-20T08:15:54,72,0,1,3,3,No,No,No,No Refund,0.00,89.86,0.25,Yes,Valid
PFXC-001971,TXN-0003997,2025-06-04T02:32:40,Chat,Standard,2025-05-13T04:29:40,Wallet Payment,91.88,Subscription,Failed Payment,Neutral,Partial,1,Standard,Technical Support,Resolved,2025-06-04T18:26:55,2025-06-07T22:48:33,120,1,0,0,2,No,No,No,Full Refund,91.88,92.26,15.90,No,Valid
PFXC-001972,TXN-0008356,2026-04-14T21:48:57,Web,Assisted Digital,2026-03-08T02:03:57,Cash Withdrawal,57.71,Retail,Cash Withdrawal Dispute,Frustrated,Complete,2,High,Fraud Review,Awaiting Evidence,2026-04-15T19:02:55,,72,2,1,4,4,Yes,No,No,Pending,0.00,,21.23,No,Valid
PFXC-001973,TXN-0002514,2025-04-30T01:56:10,Web,Standard,2025-03-21T01:59:10,Direct Debit,94.96,Digital Services,Failed Payment,Positive,Complete,3,Low,Technical Support,Rejected,2025-05-01T01:43:22,2025-05-02T07:35:39,168,1,0,0,5,No,No,No,No Refund,0.00,53.66,23.79,No,Valid
PFXC-001974,TXN-0007538,2025-03-29T17:56:05,Email,Standard,2025-03-25T07:08:05,Bank Transfer,208.91,Subscription,Incorrect Amount,Frustrated,Complete,4,Standard,Payment Operations,Resolved,2025-03-30T09:32:33,2025-04-02T15:55:38,120,2,1,2,1,No,No,No,Partial Refund,111.40,93.99,15.61,No,Valid
PFXC-001975,TXN-0007508,2026-04-09T12:16:20,Web,Standard,2026-02-08T02:20:20,Wallet Payment,253.95,Subscription,Unauthorised Transaction,Distressed,Partial,1,High,Customer Service,Resolved,2026-04-10T01:40:49,2026-04-15T03:46:41,72,1,0,3,3,No,Yes,No,Full Refund,253.95,135.51,13.41,Yes,Valid
PFXC-001976,TXN-0010512,2026-03-08T02:16:49,Mobile,Standard,2026-01-11T19:31:49,Card Purchase,58.72,Other,Subscription Dispute,Positive,Complete,4,Standard,Customer Service,Rejected,2026-03-08T17:18:22,2026-03-11T06:05:59,120,2,0,1,3,No,Yes,No,No Refund,0.00,75.82,15.03,No,Valid
PFXC-001977,TXN-0007774,2025-01-20T17:30:42,Web,Standard,2025-01-16T17:11:42,Card Purchase,94.87,Travel,Unauthorised Transaction,Frustrated,Complete,2,Standard,Fraud Review,Pending Customer,2025-01-21T13:51:17,,120,3,1,3,2,Yes,No,No,Pending,0.00,,20.34,No,Valid
PFXC-001978,TXN-0012062,2026-06-08T04:25:01,Web,Standard,2026-05-20T05:36:01,Bank Transfer,56.86,Retail,Delayed Refund,Neutral,Partial,1,Low,Refund Approval,Resolved,2026-06-09T15:07:09,2026-06-12T21:00:11,168,0,0,1,2,No,No,No,Full Refund,56.86,112.59,34.70,No,Valid
PFXC-001979,TXN-0010438,2025-08-28T03:39:53,Web,Standard,2025-07-09T05:46:53,Direct Debit,59.45,Retail,Unauthorised Transaction,Neutral,Partial,2,Standard,Customer Service,In Triage,2025-08-29T00:23:04,,120,1,1,1,1,No,No,No,Pending,0.00,,20.72,No,Valid
PFXC-001980,TXN-0010042,2025-01-02T17:30:57,Call Centre,Standard,2024-12-17T05:44:57,Card Purchase,207.29,Retail,Other,Frustrated,Complete,3,Standard,Customer Service,Resolved,2025-01-03T10:40:23,2025-01-08T07:16:39,120,1,0,4,3,No,Yes,Yes,Full Refund,207.29,133.76,17.16,Yes,Valid
PFXC-001981,TXN-0003121,2025-05-08T12:54:44,Chat,Standard,2025-04-26T13:55:44,Card Purchase,15.76,Retail,Failed Payment,Positive,Partial,1,Low,Technical Support,Rejected,2025-05-09T20:15:34,2025-05-11T10:08:11,168,0,0,1,1,No,No,No,No Refund,0.00,69.22,31.35,No,Valid
PFXC-001982,TXN-0000537,2025-09-12T08:25:33,Chat,Standard,2025-08-18T18:22:33,Cash Withdrawal,66.27,Retail,Duplicate Debit,Frustrated,Partial,1,Standard,Payment Operations,Resolved,2025-09-13T03:08:37,2025-09-17T05:53:23,120,0,2,2,3,No,No,No,Full Refund,66.27,117.46,18.72,No,Valid
PFXC-001983,TXN-0003707,2026-06-08T15:12:14,Email,Assisted Digital,2026-05-14T22:58:14,Card Purchase,154.09,Utilities,Delayed Refund,Neutral,Complete,3,Standard,Payment Operations,Resolved,2026-06-09T06:43:11,2026-06-13T13:02:48,120,2,0,1,3,No,Yes,No,Full Refund,154.09,117.84,15.52,No,Valid
PFXC-001984,TXN-0010271,2025-02-07T16:52:59,Call Centre,Standard,2025-02-05T08:48:59,Card Purchase,124.55,Retail,Incorrect Amount,Frustrated,Complete,3,Standard,Fraud Review,Pending Customer,2025-02-08T05:46:04,,120,3,0,2,3,Yes,No,No,Pending,0.00,,12.88,No,Valid
PFXC-001985,TXN-0000697,2025-03-26T03:05:41,Mobile,Standard,2025-03-14T08:52:41,Wallet Payment,19.75,Digital Services,Duplicate Debit,Frustrated,Partial,2,Standard,Payment Operations,Rejected,2025-03-27T04:37:50,2025-03-29T10:21:26,120,1,0,2,3,No,No,No,No Refund,0.00,79.26,25.54,No,Valid
PFXC-001986,TXN-0001947,2025-10-04T12:44:30,Web,Standard,2025-09-26T01:27:30,Cash Withdrawal,65.31,Digital Services,Cash Withdrawal Dispute,Frustrated,Complete,4,High,Customer Service,Rejected,2025-10-04T18:27:58,2025-10-10T08:10:59,72,2,1,3,2,No,No,No,No Refund,0.00,139.44,5.72,Yes,Valid
PFXC-001987,TXN-0005606,2025-07-06T07:24:31,Mobile,Vulnerable Support,2025-05-26T13:39:31,Card Purchase,40.12,Retail,Cash Withdrawal Dispute,Frustrated,Complete,4,Standard,Customer Service,Pending Customer,2025-07-06T19:13:58,,120,2,0,2,4,No,No,No,Pending,0.00,,11.82,No,Valid
PFXC-001988,TXN-0011077,2026-06-25T09:42:11,Call Centre,Assisted Digital,2026-05-13T10:49:11,Card Purchase,29.98,Subscription,Merchant Non-confirmation,Neutral,Partial,2,Standard,Technical Support,Pending Merchant,2026-06-26T08:49:20,,120,2,1,2,2,No,No,Yes,Pending,0.00,,23.12,No,Valid
PFXC-001989,TXN-0001171,2025-08-27T18:22:33,Mobile,Standard,2025-08-04T02:32:33,Bank Transfer,131.85,Cash Withdrawal,Duplicate Debit,Frustrated,Partial,2,Standard,Payment Operations,Rejected,2025-08-28T15:43:02,2025-09-01T04:39:19,120,2,1,3,1,No,No,No,No Refund,0.00,106.28,21.34,No,Valid
PFXC-001990,TXN-0002053,2026-03-19T20:54:10,Web,Standard,2026-03-01T05:46:10,Card Purchase,224.14,Travel,Unauthorised Transaction,Positive,Complete,2,Standard,Customer Service,Resolved,2026-03-20T14:44:25,2026-03-24T16:28:01,120,1,0,1,3,No,No,Yes,Full Refund,224.14,115.56,17.84,No,Valid
PFXC-001991,TXN-0011021,2025-04-21T07:48:20,Web,Standard,2025-03-31T06:34:20,Card Purchase,53.03,Travel,Duplicate Debit,Frustrated,Missing,0,Standard,Payment Operations,Rejected,2025-04-21T21:02:09,2025-04-27T21:32:58,120,1,2,5,2,No,No,Yes,No Refund,0.00,157.74,13.23,Yes,Valid
PFXC-001992,TXN-0000968,2025-03-17T04:05:46,Web,Standard,2025-01-22T21:01:46,Card Purchase,54.45,Travel,Unauthorised Transaction,Frustrated,Partial,1,High,Customer Service,Awaiting Evidence,2025-03-17T14:50:49,,72,3,1,2,1,No,No,No,Pending,0.00,,10.75,No,Valid
PFXC-001993,TXN-0001222,2025-08-17T04:20:03,Call Centre,Vulnerable Support,2025-07-10T13:17:03,Direct Debit,42.30,Retail,Subscription Dispute,Neutral,Complete,3,Standard,Customer Service,Rejected,2025-08-17T22:46:21,2025-08-20T16:53:22,120,2,0,2,1,No,No,No,No Refund,0.00,84.56,18.44,No,Valid
PFXC-001994,TXN-0012254,2025-08-15T03:33:46,Web,Standard,2025-07-22T16:34:46,Direct Debit,71.82,Subscription,Merchant Non-confirmation,Neutral,Complete,4,Standard,Technical Support,Rejected,2025-08-16T01:41:07,2025-08-19T07:28:10,120,2,0,0,2,No,Yes,No,No Refund,0.00,99.91,22.12,No,Valid
PFXC-001995,TXN-0002204,2025-02-23T17:41:21,Mobile,Standard,2025-01-16T04:44:21,Direct Debit,7.45,Other,Subscription Dispute,Frustrated,Partial,1,Standard,Customer Service,Resolved,2025-02-24T13:22:03,2025-03-01T11:57:21,120,3,0,2,4,No,Yes,Yes,Full Refund,7.45,138.27,19.68,Yes,Valid
PFXC-001996,TXN-0005254,2026-05-05T08:30:46,Mobile,Vulnerable Support,2026-04-29T09:09:46,Card Purchase,218.43,Other,Duplicate Debit,Neutral,Complete,2,High,Payment Operations,Resolved,2026-05-05T20:09:36,2026-05-07T08:13:37,72,1,0,1,2,No,No,No,Full Refund,218.43,47.71,11.65,No,Valid
PFXC-001997,TXN-0009361,2025-06-07T13:47:51,Web,Standard,2025-04-23T00:08:51,Card Purchase,87.57,Retail,Incorrect Amount,Neutral,Partial,1,Standard,Payment Operations,Rejected,2025-06-08T07:11:34,2025-06-11T21:36:01,120,2,0,0,5,No,No,No,No Refund,0.00,103.80,17.40,No,Valid
PFXC-001998,TXN-0010483,2025-03-09T06:34:19,Mobile,Standard,2025-02-18T21:02:19,Card Purchase,32.19,Cash Withdrawal,Delayed Refund,Neutral,Partial,1,Low,Payment Operations,In Investigation,2025-03-10T16:56:49,,168,2,0,1,3,No,No,No,Pending,0.00,,34.38,No,Valid
PFXC-001999,TXN-0010951,2025-01-14T13:54:42,Web,Standard,2024-12-20T19:13:42,Direct Debit,13.42,Digital Services,Subscription Dispute,Distressed,Partial,1,Standard,Customer Service,Rejected,2025-01-15T12:02:11,2025-01-20T21:44:23,120,1,1,3,2,No,No,No,No Refund,0.00,151.83,22.12,Yes,Valid
PFXC-002000,TXN-0009067,2026-03-19T04:54:29,Mobile,Vulnerable Support,2026-03-11T14:49:29,Card Purchase,61.53,Digital Services,Unauthorised Transaction,Distressed,Missing,0,Standard,Refund Approval,Resolved,2026-03-20T03:49:30,2026-03-28T02:41:12,120,1,1,2,4,No,Yes,No,Partial Refund,41.54,213.78,22.92,Yes,Valid
PFXC-002001,TXN-0010069,2025-07-13T08:15:31,Web,Standard,2025-05-30T21:30:31,Wallet Payment,32.21,Digital Services,Failed Payment,Frustrated,Complete,4,Standard,Technical Support,Rejected,2025-07-14T01:16:01,2025-07-15T06:19:06,120,0,0,2,2,No,No,No,No Refund,0.00,46.06,17.01,No,Valid
PFXC-002002,TXN-0004219,2025-02-23T02:50:32,Web,Vulnerable Support,2024-12-28T03:50:32,Card Purchase,36.81,Other,Failed Payment,Frustrated,Complete,3,High,Fraud Review,Resolved,2025-02-23T11:26:28,2025-02-28T15:36:27,72,1,1,3,4,Yes,No,No,Full Refund,36.81,132.77,8.60,Yes,Valid
PFXC-002003,TXN-0001422,2025-03-21T02:03:12,Mobile,Assisted Digital,2025-02-02T18:56:12,Card Purchase,73.04,Retail,Unauthorised Transaction,Positive,Missing,0,Standard,Customer Service,In Triage,2025-03-21T18:46:30,,120,2,0,0,3,No,No,No,Pending,0.00,,16.72,No,Valid
PFXC-002004,TXN-0010052,2026-02-14T11:46:53,Web,Assisted Digital,2025-12-26T11:05:53,Card Purchase,56.50,Other,Failed Payment,Neutral,Partial,1,Standard,Technical Support,Cancelled,2026-02-15T14:01:13,2026-02-17T14:23:01,120,1,2,3,2,No,No,No,Customer Withdrawn,0.00,74.60,26.24,No,Valid
PFXC-002005,TXN-0002994,2026-06-16T08:04:00,Mobile,Standard,2026-05-29T18:47:00,Wallet Payment,549.12,Other,Incorrect Amount,Distressed,Complete,3,High,Payment Operations,Resolved,2026-06-16T15:12:11,2026-06-20T19:55:55,72,1,0,2,3,No,No,No,Full Refund,549.12,107.87,7.14,Yes,Valid
PFXC-002006,TXN-0003559,2026-04-03T09:49:58,Chat,Standard,2026-02-18T01:27:58,Card Purchase,191.01,Travel,Merchant Non-confirmation,Frustrated,Complete,2,Standard,Complaints,Cancelled,2026-04-04T02:27:59,2026-04-08T03:59:22,120,1,1,4,5,No,No,Yes,Customer Withdrawn,0.00,114.16,16.63,No,Valid
PFXC-002007,TXN-0006139,2025-05-18T01:39:28,Web,Vulnerable Support,2025-04-21T22:21:28,Cash Withdrawal,81.48,Utilities,Delayed Refund,Distressed,Partial,2,Standard,Payment Operations,Resolved,2025-05-18T17:25:05,2025-05-22T13:45:13,120,0,1,2,3,No,No,No,Full Refund,81.48,108.10,15.76,No,Valid
PFXC-002008,TXN-0004784,2025-04-20T12:42:31,Mobile,Standard,2025-04-06T01:03:31,Card Purchase,16.46,Travel,Duplicate Debit,Frustrated,Complete,3,Low,Refund Approval,Resolved,2025-04-21T11:24:14,2025-04-21T20:59:13,168,2,0,2,1,No,No,No,Full Refund,16.46,32.28,22.70,No,Valid
PFXC-002009,TXN-0004679,2025-09-04T14:26:49,Web,Standard,2025-07-13T20:46:49,Bank Transfer,34.10,Travel,Unauthorised Transaction,Frustrated,Missing,0,Standard,Refund Approval,Resolved,2025-09-05T13:44:56,2025-09-10T08:13:44,120,1,1,2,3,No,Yes,No,Full Refund,34.10,137.78,23.30,Yes,Valid
PFXC-002010,TXN-0010013,2026-05-13T12:21:07,Web,Standard,2026-04-21T22:37:07,Direct Debit,99.32,Digital Services,Incorrect Amount,Frustrated,Partial,2,Low,Payment Operations,Rejected,2026-05-14T17:35:27,2026-05-18T16:35:42,168,1,1,2,2,No,No,No,No Refund,0.00,124.24,29.24,No,Valid
PFXC-002011,TXN-0003355,2025-04-06T00:06:06,Mobile,Standard,2025-02-09T15:01:06,Bank Transfer,5.86,Other,Failed Payment,Frustrated,Complete,4,Standard,Technical Support,Pending Customer,2025-04-06T18:26:46,,120,2,2,4,3,No,No,No,Pending,0.00,,18.34,No,Valid
PFXC-002012,TXN-0010341,2026-03-22T09:55:18,Mobile,Assisted Digital,2026-02-13T06:39:18,Direct Debit,487.86,Retail,Delayed Refund,Frustrated,Partial,2,Standard,Complaints,Pending Customer,2026-03-23T01:44:41,,120,2,1,3,2,No,No,Yes,Pending,0.00,,15.82,No,Valid
PFXC-002013,TXN-0011858,2026-01-12T14:03:17,Web,Standard,2025-11-17T21:41:17,Card Purchase,227.51,Travel,Unauthorised Transaction,Frustrated,Partial,2,Standard,Fraud Review,Rejected,2026-01-13T07:42:48,2026-01-21T02:00:18,120,3,2,3,3,Yes,No,No,No Refund,0.00,203.95,17.66,Yes,Valid
PFXC-002014,TXN-0009175,2025-08-01T15:43:14,Web,Assisted Digital,2025-07-14T18:20:14,Wallet Payment,111.21,Subscription,Other,Neutral,Complete,3,Standard,Customer Service,Resolved,2025-08-02T03:43:41,2025-08-04T14:38:50,120,2,0,1,2,No,No,No,Partial Refund,27.88,70.93,12.01,No,Valid
PFXC-002015,TXN-0010970,2025-11-08T02:36:07,Web,Standard,2025-09-12T16:16:07,Bank Transfer,519.42,Retail,Failed Payment,Frustrated,Partial,2,Standard,Technical Support,Rejected,2025-11-08T20:15:24,2025-11-11T19:59:03,120,1,1,2,3,No,No,No,No Refund,0.00,89.38,17.65,No,Valid
PFXC-002016,TXN-0009805,2025-11-16T14:26:55,Call Centre,Assisted Digital,2025-10-29T05:37:55,Card Purchase,30.83,Utilities,Delayed Refund,Frustrated,Complete,3,Standard,Fraud Review,Resolved,2025-11-17T12:29:21,2025-11-22T17:53:01,120,3,0,3,4,Yes,Yes,Yes,Fraud Referral,0.00,147.44,22.04,Yes,Valid
PFXC-002017,TXN-0008467,2025-10-30T21:05:20,Web,Standard,2025-10-01T15:35:20,Direct Debit,51.71,Travel,Duplicate Debit,Distressed,Complete,3,Standard,Payment Operations,Rejected,2025-10-31T21:08:21,2025-11-01T21:15:02,120,1,0,2,1,No,No,No,No Refund,0.00,48.16,24.05,No,Valid
PFXC-002018,TXN-0002273,2025-04-21T21:26:34,Call Centre,Assisted Digital,2025-03-04T11:06:34,Card Purchase,115.56,Retail,Subscription Dispute,Neutral,Complete,4,Standard,Customer Service,Resolved,2025-04-22T21:05:22,2025-04-24T07:39:02,120,0,0,1,2,No,No,No,Full Refund,115.56,58.21,23.65,No,Valid
PFXC-002019,TXN-0010548,2025-07-19T20:13:11,Mobile,Standard,2025-05-24T22:04:11,Card Purchase,63.27,Digital Services,Delayed Refund,Distressed,Missing,0,Standard,Payment Operations,Resolved,2025-07-20T11:43:28,2025-07-28T20:28:23,120,2,2,4,4,No,Yes,No,Full Refund,63.27,216.25,15.50,Yes,Valid
PFXC-002020,TXN-0010831,2026-06-13T00:05:57,Web,Standard,2026-04-19T14:49:57,Card Purchase,30.45,Travel,Cash Withdrawal Dispute,Frustrated,Partial,1,Standard,Customer Service,Resolved,2026-06-13T15:00:05,2026-06-18T22:26:20,120,2,0,3,3,No,No,Yes,Full Refund,30.45,142.34,14.90,Yes,Valid
PFXC-002021,TXN-0001700,2025-07-14T10:06:42,Mobile,Standard,2025-07-06T10:36:42,Direct Debit,149.33,Other,Unauthorised Transaction,Distressed,Complete,3,Standard,Fraud Review,Resolved,2025-07-14T22:22:32,2025-07-21T10:18:59,120,2,1,2,4,Yes,No,No,Fraud Referral,0.00,168.20,12.26,Yes,Valid
PFXC-002022,TXN-0003351,2026-03-12T19:46:50,Mobile,Standard,2026-03-07T21:58:50,Cash Withdrawal,16.42,Retail,Merchant Non-confirmation,Frustrated,Partial,2,Standard,Technical Support,Resolved,2026-03-13T17:21:08,2026-03-18T14:06:21,120,1,1,4,4,No,No,No,Partial Refund,4.71,138.33,21.57,Yes,Valid
PFXC-002023,TXN-0006662,2025-11-03T22:06:15,Chat,Standard,2025-10-17T00:45:15,Card Purchase,24.50,Other,Subscription Dispute,Frustrated,Partial,1,Low,Fraud Review,Resolved,2025-11-04T22:17:24,2025-11-12T00:50:12,168,3,1,3,3,Yes,Yes,No,Full Refund,24.50,194.73,24.19,Yes,Valid
PFXC-002024,TXN-0000215,2025-07-20T03:57:36,Mobile,Standard,2025-07-09T02:33:36,Wallet Payment,117.37,Utilities,Subscription Dispute,Frustrated,Complete,4,Low,Fraud Review,Resolved,2025-07-21T11:40:28,2025-07-28T01:30:40,168,3,1,3,2,Yes,No,Yes,Fraud Referral,0.00,189.55,31.71,Yes,Valid
PFXC-002025,TXN-0000279,2025-02-13T21:57:02,Web,Standard,2025-01-23T19:11:02,Card Purchase,66.41,Other,Other,Positive,Complete,2,Low,Customer Service,Rejected,2025-02-15T05:45:00,2025-02-18T11:08:10,168,1,0,1,2,No,No,No,No Refund,0.00,109.19,31.80,No,Valid
PFXC-002026,TXN-0002089,2026-02-09T11:53:14,Call Centre,Assisted Digital,2025-12-16T18:59:14,Card Purchase,110.62,Travel,Failed Payment,Frustrated,Complete,2,Standard,Technical Support,Resolved,2026-02-10T04:19:25,2026-02-12T21:06:51,120,2,0,2,3,No,No,No,Partial Refund,36.28,81.23,16.44,No,Valid
PFXC-002027,TXN-0000234,2025-05-15T04:52:04,Mobile,Standard,2025-05-08T05:57:04,Direct Debit,155.32,Other,Incorrect Amount,Positive,Partial,1,Standard,Payment Operations,Resolved,2025-05-16T02:28:02,2025-05-19T13:06:40,120,1,1,1,3,No,No,Yes,Full Refund,155.32,104.24,21.60,No,Valid
PFXC-002028,TXN-0001070,2025-05-03T00:35:21,Call Centre,Standard,2025-03-30T16:48:21,Wallet Payment,18.09,Travel,Delayed Refund,Frustrated,Partial,1,Low,Payment Operations,In Investigation,2025-05-04T04:01:48,,168,1,0,3,2,No,No,Yes,Pending,0.00,,27.44,No,Valid
PFXC-002029,TXN-0011315,2025-05-16T22:58:01,Web,Standard,2025-04-06T19:34:01,Card Purchase,207.11,Cash Withdrawal,Delayed Refund,Neutral,Partial,1,Standard,Payment Operations,In Investigation,2025-05-17T19:53:29,,120,2,0,3,2,No,No,No,Pending,0.00,,20.92,No,Valid
PFXC-002030,TXN-0007760,2026-05-18T05:01:52,Mobile,Assisted Digital,2026-05-07T21:26:52,Card Purchase,33.96,Retail,Duplicate Debit,Frustrated,Complete,4,Standard,Payment Operations,Rejected,2026-05-18T22:26:28,2026-05-21T01:00:16,120,1,0,2,3,No,No,No,No Refund,0.00,67.97,17.41,No,Valid
PFXC-002031,TXN-0002973,2025-08-28T15:37:54,Web,Standard,2025-07-20T08:55:54,Wallet Payment,47.36,Cash Withdrawal,Unauthorised Transaction,Frustrated,Missing,0,Standard,Fraud Review,Resolved,2025-08-29T01:21:12,2025-09-05T03:27:45,120,2,0,3,4,Yes,No,No,Full Refund,47.36,179.83,9.72,Yes,Valid
PFXC-002032,TXN-0001311,2025-09-09T23:06:24,Mobile,Assisted Digital,2025-07-22T16:34:24,Card Purchase,157.43,Utilities,Delayed Refund,Neutral,Complete,3,Standard,Payment Operations,Awaiting Evidence,2025-09-10T12:02:04,,120,0,2,3,3,No,No,No,Pending,0.00,,12.93,No,Valid
PFXC-002033,TXN-0011093,2026-05-07T18:54:29,Mobile,Standard,2026-03-25T09:23:29,Card Purchase,102.00,Subscription,Duplicate Debit,Neutral,Partial,2,Standard,Refund Approval,Resolved,2026-05-08T07:15:20,2026-05-09T14:21:19,120,1,0,0,1,No,No,No,Full Refund,102.00,43.45,12.35,No,Valid
PFXC-002034,TXN-0003343,2025-09-02T16:38:54,Mobile,Standard,2025-08-16T04:27:54,Bank Transfer,106.28,Travel,Incorrect Amount,Frustrated,Partial,1,Low,Payment Operations,Rejected,2025-09-03T18:47:22,2025-09-04T16:47:53,168,1,0,1,1,No,No,No,No Refund,0.00,48.15,26.14,No,Valid
PFXC-002035,TXN-0007944,2025-03-22T17:14:13,Call Centre,Standard,2025-02-26T01:47:13,Bank Transfer,140.27,Retail,Failed Payment,Frustrated,Complete,4,Standard,Technical Support,Resolved,2025-03-23T09:57:33,2025-03-26T10:19:19,120,1,0,2,2,No,No,No,Full Refund,140.27,89.09,16.72,No,Valid
PFXC-002036,TXN-0004627,2025-05-25T12:38:43,Mobile,Assisted Digital,2025-05-01T00:00:43,Card Purchase,221.76,Travel,Delayed Refund,Frustrated,Complete,4,Low,Payment Operations,Resolved,2025-05-26T17:54:26,2025-05-30T02:58:18,168,0,2,2,3,No,No,Yes,Full Refund,221.76,110.33,29.26,No,Valid
PFXC-002037,TXN-0004679,2025-10-17T02:18:03,Mobile,Standard,2025-10-09T08:42:03,Card Purchase,62.88,Retail,Merchant Non-confirmation,Positive,Complete,4,Standard,Technical Support,Resolved,2025-10-18T02:45:43,2025-10-21T17:05:19,120,2,1,0,4,No,No,No,Full Refund,62.88,110.79,24.46,No,Valid
PFXC-002038,TXN-0002584,2025-07-07T12:09:36,Chat,Standard,2025-06-19T14:13:36,Card Purchase,708.81,Cash Withdrawal,Other,Distressed,Partial,2,Standard,Refund Approval,Resolved,2025-07-08T01:23:05,2025-07-11T20:47:46,120,1,1,2,1,No,No,No,Full Refund,708.81,104.64,13.22,No,Valid
PFXC-002039,TXN-0006508,2025-06-06T16:48:38,Call Centre,Standard,2025-06-05T00:42:38,Bank Transfer,305.10,Other,Failed Payment,Distressed,Complete,2,Standard,Technical Support,Rejected,2025-06-07T02:58:29,2025-06-09T01:53:10,120,2,1,2,1,No,No,No,No Refund,0.00,57.08,10.16,No,Valid
PFXC-002040,TXN-0008065,2026-02-13T14:57:47,Web,Standard,2026-01-27T10:51:47,Card Purchase,68.09,Travel,Merchant Non-confirmation,Frustrated,Missing,0,Standard,Refund Approval,Resolved,2026-02-14T17:26:51,2026-02-20T22:08:19,120,1,2,3,3,No,Yes,Yes,Partial Refund,28.83,175.18,26.48,Yes,Valid
PFXC-002041,TXN-0008794,2025-11-11T16:37:43,Call Centre,Vulnerable Support,2025-10-25T13:01:43,Direct Debit,116.73,Retail,Failed Payment,Neutral,Complete,4,High,Technical Support,Resolved,2025-11-11T22:17:29,2025-11-13T19:00:16,72,1,0,1,3,No,No,No,Partial Refund,92.38,50.38,5.66,No,Valid
PFXC-002042,TXN-0001124,2026-04-01T17:30:43,Mobile,Standard,2026-01-30T18:30:43,Bank Transfer,46.03,Retail,Delayed Refund,Frustrated,Partial,1,Standard,Payment Operations,Resolved,2026-04-02T15:02:32,2026-04-05T22:53:41,120,2,0,2,1,No,No,No,Full Refund,46.03,101.38,21.53,No,Valid
PFXC-002043,TXN-0010600,2025-03-12T20:22:05,Mobile,Assisted Digital,2025-01-12T12:39:05,Card Purchase,30.21,Utilities,Incorrect Amount,Frustrated,Complete,4,Standard,Payment Operations,Resolved,2025-03-13T07:19:41,2025-03-18T00:02:33,120,0,2,5,4,No,Yes,No,Full Refund,30.21,123.67,10.96,Yes,Valid
PFXC-002044,TXN-0002066,2026-03-27T15:14:04,Web,Standard,2026-02-16T04:18:04,Card Purchase,318.97,Travel,Delayed Refund,Distressed,Missing,0,Standard,Payment Operations,Resolved,2026-03-28T14:56:21,2026-04-03T05:09:18,120,0,1,3,3,No,Yes,No,Full Refund,318.97,157.92,23.70,Yes,Valid
PFXC-002045,TXN-0004325,2025-11-09T11:10:37,Web,Standard,2025-09-13T05:13:37,Card Purchase,81.31,Retail,Merchant Non-confirmation,Frustrated,Missing,0,Standard,Complaints,Rejected,2025-11-09T23:55:21,2025-11-17T08:45:05,120,3,1,4,5,No,No,Yes,No Refund,0.00,189.57,12.75,Yes,Valid
PFXC-002046,TXN-0010357,2025-07-22T19:41:25,Call Centre,Standard,2025-06-02T23:08:25,Card Purchase,20.32,Retail,Merchant Non-confirmation,Frustrated,Partial,1,Low,Refund Approval,Resolved,2025-07-24T00:03:59,2025-07-27T22:56:19,168,2,1,3,3,No,No,No,Full Refund,20.32,123.25,28.38,No,Valid
PFXC-002047,TXN-0005446,2026-04-24T23:20:02,Email,Standard,2026-03-17T04:38:02,Card Purchase,232.99,Retail,Delayed Refund,Distressed,Partial,1,Low,Payment Operations,Resolved,2026-04-25T23:47:19,2026-05-02T19:50:30,168,2,1,2,3,No,Yes,No,Full Refund,232.99,188.51,24.45,Yes,Valid
PFXC-002048,TXN-0006488,2026-06-25T07:34:43,Chat,Assisted Digital,2026-06-04T22:47:43,Bank Transfer,76.09,Retail,Unauthorised Transaction,Frustrated,Complete,4,Standard,Customer Service,Awaiting Evidence,2026-06-26T00:11:38,,120,1,1,3,1,No,Yes,No,Pending,0.00,,16.62,No,Valid
PFXC-002049,TXN-0005240,2026-02-05T17:47:25,Web,Standard,2026-01-30T03:02:25,Card Purchase,185.27,Utilities,Subscription Dispute,Neutral,Complete,4,Standard,Customer Service,Rejected,2026-02-06T12:02:18,2026-02-09T16:28:03,120,1,1,1,3,No,No,No,No Refund,0.00,94.68,18.25,No,Valid
PFXC-002050,TXN-0010358,2026-06-08T23:58:01,Web,Standard,2026-05-01T05:52:01,Card Purchase,91.64,Subscription,Merchant Non-confirmation,Neutral,Complete,3,Standard,Technical Support,In Triage,2026-06-09T21:20:41,,120,2,1,1,4,No,Yes,No,Pending,0.00,,21.38,No,Valid
PFXC-002051,TXN-0007749,2025-03-12T21:52:47,Mobile,Standard,2025-01-13T09:10:47,Card Purchase,17.61,Cash Withdrawal,Other,Distressed,Missing,0,Standard,Customer Service,Rejected,2025-03-13T22:49:57,2025-03-19T05:31:20,120,0,1,3,2,No,No,No,No Refund,0.00,151.64,24.95,Yes,Valid
PFXC-002052,TXN-0008523,2025-10-24T07:43:06,Web,Standard,2025-08-27T19:53:06,Card Purchase,60.67,Retail,Merchant Non-confirmation,Frustrated,Partial,1,Standard,Fraud Review,Resolved,2025-10-25T00:13:49,2025-11-01T19:08:04,120,2,1,4,4,Yes,No,Yes,Fraud Referral,0.00,203.42,16.51,Yes,Valid
PFXC-002053,TXN-0005366,2025-08-23T02:17:05,Mobile,Standard,2025-07-19T08:10:05,Direct Debit,180.89,Digital Services,Unauthorised Transaction,Frustrated,Missing,0,High,Fraud Review,Resolved,2025-08-23T15:06:10,2025-09-02T10:39:13,72,4,1,4,5,Yes,Yes,No,Full Refund,180.89,248.37,12.82,Yes,Valid
PFXC-002054,TXN-0010947,2025-09-27T08:35:19,Mobile,Standard,2025-08-01T21:32:19,Wallet Payment,85.87,Retail,Failed Payment,Distressed,Missing,0,Standard,Technical Support,In Triage,2025-09-28T04:06:07,,120,0,2,1,3,No,No,No,Pending,0.00,,19.51,No,Valid
PFXC-002055,TXN-0006301,2025-01-17T21:46:40,Chat,Standard,2025-01-06T17:18:40,Wallet Payment,200.50,Retail,Unauthorised Transaction,Frustrated,Complete,4,Standard,Customer Service,Resolved,2025-01-18T16:24:20,2025-01-22T05:35:06,120,0,1,2,3,No,No,No,Full Refund,200.50,103.81,18.63,No,Valid
PFXC-002056,TXN-0003754,2025-09-13T12:51:01,Web,Standard,2025-08-22T21:47:01,Cash Withdrawal,506.62,Retail,Merchant Non-confirmation,Positive,Partial,1,Standard,Technical Support,Pending Approval,2025-09-14T08:08:27,,120,1,0,0,4,No,No,Yes,Pending,0.00,,19.29,No,Valid
PFXC-002057,TXN-0004833,2025-03-23T09:09:16,Mobile,Standard,2025-03-13T01:55:16,Direct Debit,141.12,Travel,Duplicate Debit,Neutral,Partial,1,Standard,Payment Operations,Resolved,2025-03-24T06:36:07,2025-03-27T17:48:56,120,3,1,0,3,No,Yes,No,Partial Refund,81.20,104.66,21.45,No,Valid
PFXC-002058,TXN-0011149,2025-02-28T16:39:05,Web,Standard,2025-02-23T06:12:05,Card Purchase,249.81,Digital Services,Subscription Dispute,Positive,Partial,2,Standard,Customer Service,Rejected,2025-03-01T08:12:07,2025-03-05T11:08:27,120,2,1,0,3,No,No,No,No Refund,0.00,114.49,15.55,No,Valid
PFXC-002059,TXN-0012268,2025-11-01T14:33:20,Call Centre,Standard,2025-10-06T09:28:20,Card Purchase,50.93,Other,Duplicate Debit,Distressed,Missing,0,Low,Payment Operations,Resolved,2025-11-02T20:28:04,2025-11-07T18:40:55,168,2,1,2,3,No,Yes,No,Full Refund,50.93,148.13,29.91,No,Valid
PFXC-002060,TXN-0003628,2025-03-25T02:39:31,Mobile,Standard,2025-01-24T14:33:31,Card Purchase,19.24,Retail,Failed Payment,Neutral,Partial,1,Standard,Technical Support,In Triage,2025-03-25T23:34:28,,120,1,1,0,1,No,Yes,No,Pending,0.00,,20.92,No,Valid
PFXC-002061,TXN-0012092,2026-05-23T01:39:15,Web,Assisted Digital,2026-05-07T15:55:15,Cash Withdrawal,894.37,Retail,Cash Withdrawal Dispute,Neutral,Complete,3,High,Fraud Review,Resolved,2026-05-23T01:54:15,2026-05-31T23:51:56,72,2,1,1,3,Yes,Yes,No,Full Refund,894.37,214.21,0.25,Yes,Valid
PFXC-002062,TXN-0000505,2025-07-07T04:27:23,Mobile,Standard,2025-07-02T10:14:23,Direct Debit,55.37,Retail,Cash Withdrawal Dispute,Frustrated,Partial,2,Low,Customer Service,In Investigation,2025-07-08T11:43:57,,168,1,2,3,2,No,No,No,Pending,0.00,,31.28,No,Valid
PFXC-002063,TXN-0004570,2025-08-28T03:56:10,Mobile,Standard,2025-07-09T04:13:10,Direct Debit,60.31,Travel,Duplicate Debit,Frustrated,Partial,1,Standard,Fraud Review,Resolved,2025-08-29T01:00:21,2025-09-04T20:37:58,120,1,2,2,1,Yes,No,Yes,Full Refund,60.31,184.70,21.07,Yes,Valid
PFXC-002064,TXN-0008760,2025-12-28T05:10:30,Call Centre,Assisted Digital,2025-11-18T04:45:30,Bank Transfer,331.49,Digital Services,Incorrect Amount,Neutral,Complete,3,Standard,Payment Operations,Rejected,2025-12-29T03:01:29,2025-12-30T23:58:51,120,1,0,0,2,No,No,No,No Refund,0.00,66.81,21.85,No,Valid
PFXC-002065,TXN-0011510,2025-09-11T00:52:31,Call Centre,Standard,2025-08-16T05:48:31,Card Purchase,220.82,Cash Withdrawal,Failed Payment,Distressed,Partial,1,Standard,Complaints,Pending Approval,2025-09-11T23:00:33,,120,1,2,3,2,No,No,Yes,Pending,0.00,,22.13,No,Valid
PFXC-002066,TXN-0002695,2025-05-23T04:22:01,Chat,Vulnerable Support,2025-04-22T12:33:01,Card Purchase,54.97,Retail,Other,Neutral,Complete,3,Standard,Customer Service,Resolved,2025-05-24T02:14:23,2025-05-26T08:41:48,120,0,0,1,2,No,No,No,Full Refund,54.97,76.33,21.87,No,Valid
PFXC-002067,TXN-0011475,2025-04-19T00:47:50,Mobile,Standard,2025-03-09T20:54:50,Card Purchase,82.91,Travel,Subscription Dispute,Neutral,Partial,1,Low,Customer Service,In Investigation,2025-04-20T01:55:10,,168,2,0,1,4,No,Yes,No,Pending,0.00,,25.12,No,Valid
PFXC-002068,TXN-0005482,2025-08-06T19:23:23,Web,Standard,2025-08-02T16:07:23,Bank Transfer,86.84,Travel,Duplicate Debit,Frustrated,Partial,1,Standard,Payment Operations,Rejected,2025-08-07T15:56:49,2025-08-12T20:19:10,120,3,1,3,4,No,No,No,No Refund,0.00,144.93,20.56,Yes,Valid
PFXC-002069,TXN-0007046,2025-05-19T05:55:00,Web,Standard,2025-05-02T16:15:00,Wallet Payment,18.14,Subscription,Subscription Dispute,Frustrated,Partial,1,Standard,Customer Service,Resolved,2025-05-19T13:46:10,2025-05-24T23:39:15,120,1,1,2,4,No,Yes,No,Full Refund,18.14,137.74,7.85,Yes,Valid
PFXC-002070,TXN-0001419,2026-02-01T00:59:05,Mobile,Standard,2026-01-13T07:42:05,Card Purchase,682.24,Subscription,Delayed Refund,Neutral,Complete,2,Standard,Payment Operations,Resolved,2026-02-01T17:52:28,2026-02-05T00:59:25,120,2,1,1,2,No,Yes,No,Full Refund,682.24,96.01,16.89,No,Valid
PFXC-002071,TXN-0005198,2025-12-16T04:18:23,Call Centre,Standard,2025-10-16T07:06:23,Card Purchase,167.53,Digital Services,Subscription Dispute,Positive,Complete,4,Standard,Customer Service,Resolved,2025-12-16T15:47:23,2025-12-18T13:23:06,120,0,0,1,2,No,No,No,Full Refund,167.53,57.08,11.48,No,Valid
PFXC-002072,TXN-0011139,2025-07-05T04:53:10,Mobile,Standard,2025-05-19T14:42:10,Card Purchase,122.57,Retail,Unauthorised Transaction,Frustrated,Complete,2,High,Fraud Review,Awaiting Evidence,2025-07-05T16:19:37,,72,3,0,2,3,Yes,No,No,Pending,0.00,,11.44,No,Valid
PFXC-002073,TXN-0004252,2026-02-12T10:19:38,Mobile,Standard,2026-01-26T02:10:38,Bank Transfer,16.80,Other,Unauthorised Transaction,Frustrated,Complete,3,Standard,Customer Service,Resolved,2026-02-13T03:10:41,2026-02-17T13:57:17,120,2,2,2,2,No,No,No,Fraud Referral,0.00,123.63,16.85,Yes,Valid
PFXC-002074,TXN-0006396,2025-03-16T00:49:51,Web,Standard,2025-03-06T08:21:51,Card Purchase,20.48,Digital Services,Merchant Non-confirmation,Frustrated,Complete,4,Low,Fraud Review,Cancelled,2025-03-17T13:39:03,2025-03-22T13:03:02,168,2,1,3,2,Yes,No,No,Customer Withdrawn,0.00,156.22,36.82,No,Valid
PFXC-002075,TXN-0005720,2026-06-23T06:26:27,Mobile,Standard,2026-04-30T10:18:27,Direct Debit,22.49,Digital Services,Other,Neutral,Partial,2,Standard,Customer Service,Resolved,2026-06-24T07:58:03,2026-06-28T05:00:50,120,1,1,1,3,No,No,No,Partial Refund,11.70,118.57,25.53,No,Valid
PFXC-002076,TXN-0004877,2026-01-07T17:56:20,Web,Vulnerable Support,2026-01-01T12:20:20,Bank Transfer,73.26,Digital Services,Incorrect Amount,Frustrated,Complete,4,Standard,Payment Operations,In Investigation,2026-01-08T06:13:14,,120,1,2,2,4,No,No,No,Pending,0.00,,12.28,No,Valid
PFXC-002077,TXN-0005456,2025-04-03T06:52:35,Web,Standard,2025-03-13T01:16:35,Direct Debit,166.91,Utilities,Incorrect Amount,Frustrated,Complete,3,Standard,Payment Operations,Resolved,2025-04-03T23:12:21,2025-04-06T04:51:53,120,2,0,2,3,No,No,No,Partial Refund,130.67,69.99,16.33,No,Valid
PFXC-002078,TXN-0000405,2025-05-23T15:47:23,Email,Standard,2025-03-31T18:36:23,Card Purchase,21.32,Travel,Delayed Refund,Neutral,Complete,4,Low,Payment Operations,Resolved,2025-05-25T04:06:46,2025-05-26T22:33:45,168,0,0,0,2,No,No,No,Full Refund,21.32,78.77,36.32,No,Valid
PFXC-002079,TXN-0000363,2025-01-09T15:22:11,Mobile,Standard,2024-11-23T19:41:11,Wallet Payment,238.69,Travel,Unauthorised Transaction,Frustrated,Missing,0,High,Customer Service,In Investigation,2025-01-10T02:31:17,,72,1,2,2,4,No,No,No,Pending,0.00,,11.15,No,Valid
PFXC-002080,TXN-0007016,2025-05-01T20:38:48,Mobile,Assisted Digital,2025-04-12T01:33:48,Direct Debit,39.54,Utilities,Delayed Refund,Positive,Complete,2,Standard,Refund Approval,Resolved,2025-05-02T22:13:57,2025-05-06T19:21:38,120,2,0,1,3,No,No,No,Full Refund,39.54,118.71,25.59,No,Valid
PFXC-002081,TXN-0004775,2025-07-27T08:33:58,Email,Standard,2025-07-09T21:27:58,Wallet Payment,41.27,Retail,Duplicate Debit,Neutral,Complete,2,Standard,Payment Operations,Resolved,2025-07-27T19:03:20,2025-07-29T23:30:26,120,1,0,0,2,No,No,No,Full Refund,41.27,62.94,10.49,No,Valid
PFXC-002082,TXN-0009637,2025-08-31T05:36:08,Web,Standard,2025-08-06T07:50:08,Card Purchase,90.94,Retail,Incorrect Amount,Distressed,Partial,2,Standard,Complaints,Rejected,2025-08-31T17:03:13,2025-09-05T00:26:33,120,3,0,3,1,No,No,Yes,No Refund,0.00,114.84,11.45,No,Valid
PFXC-002083,TXN-0009169,2026-06-28T04:42:19,Web,Standard,2026-06-12T01:06:19,Card Purchase,154.39,Retail,Merchant Non-confirmation,Neutral,Complete,3,Low,Refund Approval,Resolved,2026-06-29T15:17:58,2026-06-30T18:52:18,168,1,0,0,2,No,No,No,Full Refund,154.39,62.17,34.59,No,Valid
PFXC-002084,TXN-0001149,2026-06-24T03:47:30,Web,Assisted Digital,2026-05-11T02:25:30,Wallet Payment,27.17,Digital Services,Failed Payment,Frustrated,Complete,4,Standard,Technical Support,Pending Approval,2026-06-25T00:18:53,,120,2,0,1,2,No,No,No,Pending,0.00,,20.52,No,Valid
PFXC-002085,TXN-0002598,2025-03-21T01:22:08,Call Centre,Standard,2025-01-23T07:51:08,Cash Withdrawal,56.77,Digital Services,Duplicate Debit,Frustrated,Partial,2,Low,Payment Operations,Cancelled,2025-03-22T03:16:44,2025-03-26T15:41:10,168,1,2,2,1,No,No,No,Duplicate Case,0.00,134.32,25.91,No,Valid
PFXC-002086,TXN-0007283,2025-12-21T16:20:03,Web,Standard,2025-11-17T19:48:03,Direct Debit,50.65,Subscription,Subscription Dispute,Neutral,Partial,2,Standard,Customer Service,In Triage,2025-12-22T13:32:23,,120,3,0,1,3,No,No,No,Pending,0.00,,21.21,No,Valid
PFXC-002087,TXN-0001556,2026-03-23T06:52:20,Mobile,Standard,2026-03-03T08:12:20,Direct Debit,130.32,Digital Services,Subscription Dispute,Neutral,Partial,1,Low,Customer Service,Resolved,2026-03-24T12:47:22,2026-03-28T01:19:34,168,1,0,1,2,No,No,No,Partial Refund,86.70,114.45,29.92,No,Valid
PFXC-002088,TXN-0000538,2025-07-14T07:11:48,Email,Standard,2025-06-21T08:34:48,Cash Withdrawal,70.12,Retail,Subscription Dispute,Neutral,Complete,3,Standard,Fraud Review,Resolved,2025-07-15T00:41:54,2025-07-18T01:55:23,120,2,0,2,1,Yes,Yes,No,Fraud Referral,0.00,90.73,17.50,No,Valid
PFXC-002089,TXN-0010709,2026-03-17T06:51:13,Chat,Assisted Digital,2026-03-15T23:24:13,Card Purchase,177.45,Other,Subscription Dispute,Frustrated,Complete,4,Standard,Customer Service,Resolved,2026-03-17T23:40:54,2026-03-21T00:37:08,120,0,0,0,1,No,No,No,Full Refund,177.45,89.77,16.83,No,Valid
PFXC-002090,TXN-0010848,2025-09-02T19:26:56,Email,Assisted Digital,2025-07-18T23:02:56,Card Purchase,170.23,Subscription,Duplicate Debit,Positive,Complete,2,Low,Fraud Review,Cancelled,2025-09-03T20:10:11,2025-09-07T09:26:59,168,3,0,0,2,Yes,No,No,Duplicate Case,0.00,110.00,24.72,No,Valid
PFXC-002091,TXN-0004643,2026-01-01T08:07:34,Email,Standard,2025-12-30T01:48:34,Cash Withdrawal,31.60,Retail,Incorrect Amount,Neutral,Complete,2,Standard,Payment Operations,Resolved,2026-01-02T07:16:24,2026-01-04T05:41:15,120,2,0,0,2,No,No,No,Full Refund,31.60,69.56,23.15,No,Valid
PFXC-002092,TXN-0006953,2026-02-25T07:37:58,Mobile,Standard,2026-02-17T13:03:58,Direct Debit,61.20,Retail,Delayed Refund,Frustrated,Partial,1,Standard,Payment Operations,Resolved,2026-02-25T20:18:01,2026-03-02T10:00:14,120,1,1,4,1,No,No,No,Full Refund,61.20,122.37,12.67,Yes,Valid
PFXC-002093,TXN-0011267,2026-03-29T11:53:27,Email,Standard,2026-02-18T02:05:27,Card Purchase,3.91,Retail,Unauthorised Transaction,Distressed,Complete,2,Low,Fraud Review,Rejected,2026-03-30T14:22:29,2026-04-06T20:20:07,168,3,0,3,6,Yes,Yes,Yes,No Refund,0.00,200.44,26.48,Yes,Valid
PFXC-002094,TXN-0002143,2026-05-11T06:01:06,Web,Standard,2026-03-12T19:47:06,Card Purchase,152.42,Subscription,Unauthorised Transaction,Frustrated,Partial,2,High,Fraud Review,Resolved,2026-05-11T21:34:11,2026-05-18T06:40:49,72,1,0,1,1,Yes,No,No,Fraud Referral,0.00,168.66,15.55,Yes,Valid
PFXC-002095,TXN-0011590,2025-07-04T05:37:21,Web,Standard,2025-06-30T11:52:21,Direct Debit,51.81,Cash Withdrawal,Other,Neutral,Partial,2,Standard,Customer Service,Resolved,2025-07-05T02:04:18,2025-07-08T23:00:25,120,2,0,3,2,No,Yes,No,Full Refund,51.81,113.38,20.45,No,Valid
PFXC-002096,TXN-0008121,2026-06-06T04:41:36,Web,Standard,2026-04-10T14:23:36,Bank Transfer,25.41,Utilities,Cash Withdrawal Dispute,Frustrated,Missing,0,Standard,Customer Service,Resolved,2026-06-06T21:56:47,2026-06-16T13:30:44,120,1,2,2,3,No,No,No,Full Refund,25.41,248.82,17.25,Yes,Valid
PFXC-002097,TXN-0003165,2026-01-22T19:49:58,Web,Standard,2026-01-15T13:14:58,Bank Transfer,30.86,Retail,Cash Withdrawal Dispute,Frustrated,Complete,3,Standard,Refund Approval,Resolved,2026-01-23T11:13:28,2026-01-30T05:04:20,120,2,1,3,4,No,No,No,Full Refund,30.86,177.24,15.39,Yes,Valid
PFXC-002098,TXN-0007865,2025-12-10T18:47:30,Call Centre,Standard,2025-12-02T12:13:30,Card Purchase,69.06,Travel,Duplicate Debit,Neutral,Complete,3,Standard,Payment Operations,Resolved,2025-12-11T14:44:53,2025-12-14T03:25:42,120,2,0,2,3,No,Yes,No,Full Refund,69.06,80.64,19.96,No,Valid
PFXC-002099,TXN-0006887,2025-05-28T09:21:43,Call Centre,Assisted Digital,2025-05-22T11:42:43,Card Purchase,59.39,Digital Services,Delayed Refund,Neutral,Partial,1,Low,Refund Approval,Resolved,2025-05-29T04:12:04,2025-05-31T01:30:31,168,2,0,2,2,No,No,No,Full Refund,59.39,64.15,18.84,No,Valid
PFXC-002100,TXN-0003012,2025-07-18T19:23:13,Call Centre,Standard,2025-05-25T10:41:13,Wallet Payment,79.21,Travel,Merchant Non-confirmation,Frustrated,Partial,2,Standard,Refund Approval,Resolved,2025-07-19T12:27:52,2025-07-24T22:24:01,120,1,2,3,3,No,Yes,No,Full Refund,79.21,147.01,17.08,Yes,Valid
PFXC-002101,TXN-0005031,2025-11-26T20:55:18,Web,Standard,2025-09-27T07:48:18,Direct Debit,385.45,Retail,Failed Payment,Neutral,Partial,2,Standard,Technical Support,Rejected,2025-11-27T17:55:23,2025-12-01T03:50:25,120,0,2,1,2,No,No,No,No Refund,0.00,102.92,21.00,No,Valid
PFXC-002102,TXN-0009946,2025-12-31T07:33:53,Call Centre,Standard,2025-11-11T10:29:53,Card Purchase,123.60,Digital Services,Failed Payment,Frustrated,Complete,4,Standard,Fraud Review,Awaiting Evidence,2026-01-01T05:29:42,,120,3,0,2,4,Yes,No,No,Pending,0.00,,21.93,No,Valid
PFXC-002103,TXN-0008877,2025-02-06T21:45:54,Web,Standard,2024-12-31T21:55:54,Bank Transfer,99.69,Retail,Failed Payment,Frustrated,Partial,2,Low,Technical Support,Cancelled,2025-02-07T21:47:12,2025-02-10T01:38:44,168,1,2,2,3,No,No,No,Customer Withdrawn,0.00,75.88,24.02,No,Valid
PFXC-002104,TXN-0005328,2026-06-06T00:23:44,Mobile,Standard,2026-04-08T19:06:44,Card Purchase,28.96,Retail,Subscription Dispute,Frustrated,Complete,2,Standard,Customer Service,Resolved,2026-06-06T11:46:40,2026-06-08T23:04:06,120,1,0,2,2,No,No,Yes,Full Refund,28.96,70.67,11.38,No,Valid
PFXC-002105,TXN-0002235,2025-02-20T18:36:15,Web,Standard,2025-02-08T17:00:15,Card Purchase,26.50,Subscription,Subscription Dispute,Frustrated,Partial,2,Low,Refund Approval,Resolved,2025-02-21T21:10:58,2025-02-27T09:54:37,168,1,2,2,3,No,Yes,No,Full Refund,26.50,159.31,26.58,No,Valid
PFXC-002106,TXN-0007353,2025-10-13T15:44:09,Web,Standard,2025-09-19T16:29:09,Card Purchase,416.40,Digital Services,Failed Payment,Frustrated,Complete,2,Standard,Technical Support,Resolved,2025-10-14T09:35:41,2025-10-17T21:08:47,120,2,0,2,3,No,No,No,Full Refund,416.40,101.41,17.86,No,Valid
PFXC-002107,TXN-0007938,2025-05-24T21:57:35,Call Centre,Standard,2025-05-17T06:01:35,Card Purchase,52.72,Retail,Delayed Refund,Frustrated,Complete,4,Standard,Payment Operations,Resolved,2025-05-25T20:21:09,2025-05-29T03:15:19,120,2,1,2,3,No,Yes,No,Full Refund,52.72,101.30,22.39,No,Valid
PFXC-002108,TXN-0003271,2025-08-13T15:05:46,Chat,Standard,2025-07-20T02:05:46,Card Purchase,37.28,Retail,Unauthorised Transaction,Frustrated,Complete,4,High,Customer Service,Rejected,2025-08-14T04:00:26,2025-08-17T04:41:11,72,2,0,0,2,No,Yes,No,No Refund,0.00,85.59,12.91,Yes,Valid
PFXC-002109,TXN-0004326,2025-01-26T09:36:51,Mobile,Standard,2024-12-12T01:06:51,Direct Debit,30.30,Cash Withdrawal,Subscription Dispute,Frustrated,Complete,4,Low,Customer Service,Rejected,2025-01-27T13:04:14,2025-01-30T14:52:13,168,0,2,3,3,No,No,No,No Refund,0.00,101.26,27.46,No,Valid
PFXC-002110,TXN-0003302,2025-07-12T16:15:15,Web,Standard,2025-06-14T14:13:15,Bank Transfer,105.53,Digital Services,Incorrect Amount,Frustrated,Complete,3,Standard,Payment Operations,Rejected,2025-07-13T15:15:50,2025-07-15T23:08:19,120,2,0,2,3,No,Yes,No,No Refund,0.00,78.88,23.01,No,Valid
PFXC-002111,TXN-0009186,2025-11-11T11:05:06,Email,Standard,2025-10-11T02:44:06,Bank Transfer,46.72,Utilities,Incorrect Amount,Frustrated,Complete,4,Standard,Payment Operations,Resolved,2025-11-12T10:23:42,2025-11-15T19:24:04,120,1,1,2,1,No,Yes,No,Full Refund,46.72,104.32,23.31,No,Valid
PFXC-002112,TXN-0000036,2025-03-26T13:43:45,Web,Standard,2025-03-07T05:31:45,Bank Transfer,21.31,Travel,Delayed Refund,Neutral,Partial,2,Standard,Refund Approval,Resolved,2025-03-27T10:33:31,2025-03-30T12:28:58,120,0,1,1,3,No,No,No,Full Refund,21.31,94.75,20.83,No,Valid
PFXC-002113,TXN-0008714,2026-01-25T02:10:06,Call Centre,Standard,2025-12-05T00:56:06,Card Purchase,34.35,Retail,Unauthorised Transaction,Distressed,Partial,1,Standard,Customer Service,Resolved,2026-01-26T00:18:59,2026-01-30T08:47:04,120,0,0,2,2,No,No,Yes,Full Refund,34.35,126.62,22.15,Yes,Valid
PFXC-002114,TXN-0002478,2025-10-27T05:51:08,Call Centre,Standard,2025-10-07T21:40:08,Direct Debit,60.35,Digital Services,Unauthorised Transaction,Distressed,Partial,1,Standard,Fraud Review,Resolved,2025-10-27T22:00:46,2025-11-05T09:19:15,120,4,1,3,4,Yes,Yes,Yes,Fraud Referral,0.00,219.47,16.16,Yes,Valid
PFXC-002115,TXN-0000657,2025-10-22T15:55:41,Mobile,Standard,2025-09-28T05:01:41,Card Purchase,106.79,Retail,Delayed Refund,Neutral,Complete,2,Standard,Refund Approval,Resolved,2025-10-23T12:01:07,2025-10-26T14:31:02,120,2,0,2,2,No,No,Yes,Full Refund,106.79,94.59,20.09,No,Valid
PFXC-002116,TXN-0001835,2026-06-16T19:18:18,Email,Standard,2026-05-16T15:14:18,Direct Debit,36.75,Subscription,Unauthorised Transaction,Distressed,Complete,3,Standard,Customer Service,Resolved,2026-06-17T17:41:08,2026-06-22T05:43:40,120,2,0,3,3,No,Yes,No,Full Refund,36.75,130.42,22.38,Yes,Valid
PFXC-002117,TXN-0009791,2026-01-11T04:32:59,Mobile,Standard,2025-11-30T01:10:59,Direct Debit,10.51,Digital Services,Cash Withdrawal Dispute,Frustrated,Partial,2,Standard,Fraud Review,Rejected,2026-01-12T01:03:00,2026-01-20T07:01:34,120,3,1,4,4,Yes,Yes,Yes,No Refund,0.00,218.48,20.50,Yes,Valid
PFXC-002118,TXN-0011385,2026-06-16T21:57:16,Mobile,Standard,2026-06-05T20:22:16,Bank Transfer,310.56,Subscription,Unauthorised Transaction,Frustrated,Partial,2,High,Fraud Review,Resolved,2026-06-17T06:57:34,2026-06-24T04:42:09,72,2,0,4,4,Yes,Yes,No,Full Refund,310.56,174.75,9.01,Yes,Valid
PFXC-002119,TXN-0011873,2026-03-03T13:12:33,Mobile,Assisted Digital,2026-02-19T16:38:33,Wallet Payment,56.68,Subscription,Subscription Dispute,Frustrated,Partial,2,Standard,Refund Approval,Resolved,2026-03-04T11:08:36,2026-03-10T06:07:24,120,1,1,2,4,No,Yes,Yes,Partial Refund,40.68,160.91,21.93,Yes,Valid
PFXC-002120,TXN-0008288,2025-07-25T00:33:29,Web,Assisted Digital,2025-07-01T00:32:29,Bank Transfer,74.68,Retail,Failed Payment,Frustrated,Complete,2,Standard,Technical Support,Resolved,2025-07-25T21:40:27,2025-07-27T04:35:38,120,0,1,2,3,No,No,No,Full Refund,74.68,52.04,21.12,No,Valid
PFXC-002121,TXN-0008931,2026-05-22T02:08:47,Web,Vulnerable Support,2026-05-18T12:53:47,Wallet Payment,280.07,Digital Services,Delayed Refund,Frustrated,Partial,2,Standard,Payment Operations,Resolved,2026-05-22T16:40:27,2026-05-27T07:21:56,120,0,1,3,1,No,Yes,No,Full Refund,280.07,125.22,14.53,Yes,Valid
PFXC-002122,TXN-0012003,2025-01-19T02:29:53,Chat,Assisted Digital,2024-12-20T04:47:53,Card Purchase,22.64,Other,Incorrect Amount,Neutral,Complete,2,Standard,Payment Operations,In Investigation,2025-01-19T17:56:29,,120,0,0,0,1,No,No,No,Pending,0.00,,15.44,No,Valid
PFXC-002123,TXN-0003426,2025-08-10T09:00:53,Web,Standard,2025-07-29T16:11:53,Card Purchase,258.50,Retail,Failed Payment,Neutral,Partial,1,Standard,Technical Support,In Investigation,2025-08-10T21:30:40,,120,2,1,1,3,No,Yes,No,Pending,0.00,,12.50,No,Valid
PFXC-002124,TXN-0010650,2025-03-22T15:35:16,Web,Standard,2025-02-08T04:48:16,Wallet Payment,157.49,Retail,Merchant Non-confirmation,Frustrated,Complete,4,Low,Technical Support,In Investigation,2025-03-23T15:40:09,,168,1,0,1,3,No,No,No,Pending,0.00,,24.08,No,Valid
PFXC-002125,TXN-0010789,2025-10-11T10:26:35,Mobile,Standard,2025-09-02T00:17:35,Card Purchase,140.30,Retail,Unauthorised Transaction,Neutral,Complete,4,Standard,Fraud Review,In Investigation,2025-10-12T05:48:40,,120,2,0,2,4,Yes,No,No,Pending,0.00,,19.37,No,Valid
PFXC-002126,TXN-0012375,2026-06-23T20:45:44,Mobile,Vulnerable Support,2026-06-22T11:35:44,Wallet Payment,7.27,Retail,Incorrect Amount,Neutral,Complete,2,Standard,Payment Operations,Rejected,2026-06-24T17:14:59,2026-06-27T21:18:35,120,0,0,1,1,No,No,No,No Refund,0.00,96.55,20.49,No,Valid
PFXC-002127,TXN-0006948,2025-02-09T09:54:03,Web,Standard,2024-12-30T15:52:03,Card Purchase,58.46,Travel,Other,Positive,Complete,3,Standard,Customer Service,Awaiting Evidence,2025-02-10T02:32:34,,120,1,1,1,3,No,No,No,Pending,0.00,,16.64,No,Valid
PFXC-002128,TXN-0004082,2026-02-17T09:39:28,Web,Standard,2026-01-15T06:03:28,Wallet Payment,136.38,Utilities,Delayed Refund,Neutral,Partial,2,Standard,Payment Operations,Rejected,2026-02-18T05:13:36,2026-02-21T18:45:10,120,1,0,0,2,No,No,No,No Refund,0.00,105.10,19.57,No,Valid
PFXC-002129,TXN-0003438,2026-02-18T20:18:32,Call Centre,Standard,2026-02-10T08:15:32,Card Purchase,1000.14,Retail,Incorrect Amount,Frustrated,Partial,2,Standard,Payment Operations,Rejected,2026-02-19T15:45:17,2026-02-24T19:40:22,120,2,1,3,3,No,No,No,No Refund,0.00,143.36,19.45,Yes,Valid
PFXC-002130,TXN-0010022,2025-05-31T10:02:18,Email,Standard,2025-04-16T05:18:18,Card Purchase,10.05,Retail,Unauthorised Transaction,Frustrated,Complete,4,High,Fraud Review,Rejected,2025-05-31T18:23:25,2025-06-07T16:44:45,72,2,0,3,3,Yes,No,No,No Refund,0.00,174.71,8.35,Yes,Valid
PFXC-002131,TXN-0001539,2025-05-30T23:46:56,Call Centre,Standard,2025-05-21T01:47:56,Bank Transfer,34.54,Retail,Unauthorised Transaction,Frustrated,Partial,1,Low,Fraud Review,Awaiting Evidence,2025-05-31T20:18:22,,168,3,1,3,4,Yes,Yes,No,Pending,0.00,,20.52,No,Valid
PFXC-002132,TXN-0006945,2025-09-17T11:00:30,Web,Standard,2025-07-24T20:57:30,Bank Transfer,45.16,Other,Delayed Refund,Neutral,Complete,2,Standard,Payment Operations,Resolved,2025-09-18T05:46:18,2025-09-20T08:22:18,120,1,0,0,1,No,No,No,Full Refund,45.16,69.36,18.76,No,Valid
PFXC-002133,TXN-0006020,2025-06-26T05:22:26,Email,Standard,2025-04-28T03:44:26,Cash Withdrawal,295.17,Retail,Unauthorised Transaction,Neutral,Complete,2,High,Customer Service,Awaiting Evidence,2025-06-26T13:30:53,,72,0,0,1,3,No,No,No,Pending,0.00,,8.14,No,Valid
PFXC-002134,TXN-0009453,2025-10-17T14:06:05,Call Centre,Standard,2025-08-27T06:16:05,Bank Transfer,63.34,Digital Services,Cash Withdrawal Dispute,Frustrated,Partial,2,Standard,Customer Service,Rejected,2025-10-18T04:45:22,2025-10-25T00:33:53,120,0,1,4,2,No,No,No,No Refund,0.00,178.46,14.65,Yes,Valid
PFXC-002135,TXN-0011743,2026-06-05T08:55:08,Web,Vulnerable Support,2026-05-14T08:05:08,Bank Transfer,116.75,Other,Incorrect Amount,Frustrated,Partial,2,High,Payment Operations,Cancelled,2026-06-05T12:50:06,2026-06-10T10:05:49,72,1,1,3,2,No,No,No,Customer Withdrawn,0.00,121.18,3.92,Yes,Valid
PFXC-002136,TXN-0005355,2025-08-09T02:24:03,Chat,Standard,2025-07-12T02:29:03,Wallet Payment,104.21,Retail,Delayed Refund,Positive,Complete,4,Standard,Payment Operations,Rejected,2025-08-09T21:09:16,2025-08-12T16:36:36,120,1,1,1,4,No,Yes,No,No Refund,0.00,86.21,18.75,No,Valid
PFXC-002137,TXN-0009117,2025-07-24T15:58:14,Mobile,Assisted Digital,2025-05-30T00:54:14,Bank Transfer,47.78,Retail,Duplicate Debit,Neutral,Partial,1,Low,Payment Operations,Resolved,2025-07-25T15:49:49,2025-07-29T17:01:02,168,3,0,1,3,No,No,No,Full Refund,47.78,121.05,23.86,No,Valid
PFXC-002138,TXN-0009307,2025-12-17T08:41:03,Email,Standard,2025-10-26T10:37:03,Card Purchase,64.99,Other,Incorrect Amount,Neutral,Partial,2,Standard,Payment Operations,Rejected,2025-12-18T01:12:55,2025-12-21T20:30:57,120,1,1,2,2,No,No,No,No Refund,0.00,107.83,16.53,No,Valid
PFXC-002139,TXN-0001330,2025-05-30T17:49:43,Email,Standard,2025-05-25T21:55:43,Card Purchase,589.63,Subscription,Other,Frustrated,Complete,3,Standard,Customer Service,Rejected,2025-05-31T13:36:55,2025-06-06T00:18:05,120,3,0,1,3,No,No,No,No Refund,0.00,150.47,19.79,Yes,Valid
PFXC-002140,TXN-0008377,2025-03-07T00:28:20,Web,Standard,2025-01-25T22:22:20,Bank Transfer,55.21,Digital Services,Delayed Refund,Neutral,Complete,3,Standard,Payment Operations,Resolved,2025-03-07T23:58:26,2025-03-11T05:32:25,120,1,1,2,4,No,No,No,Full Refund,55.21,101.07,23.50,No,Valid
PFXC-002141,TXN-0010603,2026-01-13T03:04:50,Chat,Standard,2025-12-21T06:23:50,Card Purchase,59.12,Travel,Delayed Refund,Frustrated,Complete,4,Standard,Payment Operations,Rejected,2026-01-13T23:58:24,2026-01-16T08:37:20,120,1,1,2,2,No,No,No,No Refund,0.00,77.54,20.89,No,Valid
PFXC-002142,TXN-0010074,2025-11-15T09:49:34,Mobile,Standard,2025-10-16T08:27:34,Card Purchase,263.74,Utilities,Unauthorised Transaction,Frustrated,Partial,2,High,Fraud Review,Resolved,2025-11-15T15:37:18,2025-11-24T09:02:16,72,2,2,4,3,Yes,Yes,No,Full Refund,263.74,215.21,5.80,Yes,Valid
PFXC-002143,TXN-0005366,2025-06-26T22:39:13,Web,Assisted Digital,2025-06-08T05:23:13,Bank Transfer,100.44,Cash Withdrawal,Unauthorised Transaction,Neutral,Complete,4,Low,Refund Approval,Resolved,2025-06-27T16:54:59,2025-06-30T17:55:07,168,2,0,1,3,No,Yes,No,Partial Refund,36.09,91.27,18.26,No,Valid
PFXC-002144,TXN-0011986,2025-08-11T15:17:36,Mobile,Standard,2025-06-12T16:09:36,Bank Transfer,647.92,Digital Services,Unauthorised Transaction,Frustrated,Partial,2,High,Fraud Review,Resolved,2025-08-11T21:37:41,2025-08-19T05:00:32,72,2,0,2,4,Yes,No,No,Fraud Referral,0.00,181.72,6.33,Yes,Valid
PFXC-002145,TXN-0010952,2026-03-06T09:04:29,Mobile,Assisted Digital,2026-02-14T17:06:29,Card Purchase,87.63,Utilities,Subscription Dispute,Neutral,Complete,4,Low,Customer Service,In Investigation,2026-03-07T07:55:18,,168,1,0,1,1,No,No,No,Pending,0.00,,22.85,No,Valid
PFXC-002146,TXN-0008376,2026-02-09T11:12:30,Mobile,Standard,2025-12-18T04:58:30,Bank Transfer,19.75,Travel,Unauthorised Transaction,Positive,Complete,3,High,Customer Service,Pending Approval,2026-02-10T02:38:24,,72,0,0,0,2,No,No,No,Pending,0.00,,15.43,No,Valid
PFXC-002147,TXN-0006706,2025-06-24T07:44:53,Web,Standard,2025-05-28T05:02:53,Bank Transfer,26.36,Utilities,Failed Payment,Neutral,Complete,2,Standard,Refund Approval,Resolved,2025-06-25T03:02:33,2025-06-25T18:50:46,120,1,0,0,2,No,No,No,Full Refund,26.36,35.10,19.29,No,Valid
PFXC-002148,TXN-0004235,2026-01-27T01:48:29,Mobile,Assisted Digital,2025-11-28T23:24:29,Bank Transfer,123.01,Retail,Failed Payment,Frustrated,Partial,2,Standard,Technical Support,In Investigation,2026-01-27T20:10:36,,120,2,1,2,3,No,No,No,Pending,0.00,,18.37,No,Valid
PFXC-002149,TXN-0005744,2025-02-25T02:06:07,Call Centre,Assisted Digital,2025-02-20T13:43:07,Card Purchase,31.83,Utilities,Other,Distressed,Missing,0,Standard,Customer Service,Rejected,2025-02-26T00:35:18,2025-03-06T20:54:24,120,2,2,4,3,No,Yes,No,No Refund,0.00,234.80,22.49,Yes,Valid
PFXC-002150,TXN-0000668,2025-10-26T10:07:23,Mobile,Assisted Digital,2025-10-07T09:17:23,Bank Transfer,13.90,Subscription,Delayed Refund,Frustrated,Complete,2,Standard,Payment Operations,Resolved,2025-10-27T15:50:59,2025-10-29T20:01:55,120,1,0,3,2,No,No,No,Partial Refund,6.02,81.91,29.73,No,Valid
PFXC-002151,TXN-0000645,2025-06-06T12:23:19,Mobile,Standard,2025-04-16T10:45:19,Direct Debit,76.13,Digital Services,Cash Withdrawal Dispute,Frustrated,Partial,2,High,Fraud Review,Rejected,2025-06-06T12:38:19,2025-06-15T23:13:40,72,4,0,3,4,Yes,No,No,No Refund,0.00,226.84,0.25,Yes,Valid
PFXC-002152,TXN-0000956,2025-04-16T23:52:00,Web,Standard,2025-02-21T10:41:00,Card Purchase,79.50,Digital Services,Unauthorised Transaction,Frustrated,Complete,3,Standard,Fraud Review,Rejected,2025-04-17T23:36:59,2025-04-23T19:56:24,120,2,1,3,3,Yes,No,No,No Refund,0.00,164.07,23.75,Yes,Valid
PFXC-002153,TXN-0001545,2025-03-22T02:08:30,Web,Standard,2025-01-22T12:21:30,Direct Debit,8.11,Digital Services,Subscription Dispute,Frustrated,Missing,0,Standard,Customer Service,Rejected,2025-03-22T18:49:00,2025-03-30T15:28:46,120,3,1,3,2,No,Yes,Yes,No Refund,0.00,205.34,16.68,Yes,Valid
PFXC-002154,TXN-0008263,2025-07-16T02:35:53,Email,Standard,2025-05-25T16:00:53,Card Purchase,634.21,Retail,Unauthorised Transaction,Frustrated,Partial,1,Standard,Customer Service,Rejected,2025-07-16T20:07:28,2025-07-23T10:55:24,120,2,1,4,3,No,Yes,Yes,No Refund,0.00,176.33,17.53,Yes,Valid
PFXC-002155,TXN-0006562,2025-07-28T10:47:45,Mobile,Assisted Digital,2025-07-06T20:20:45,Card Purchase,41.49,Travel,Duplicate Debit,Frustrated,Partial,2,Standard,Payment Operations,Resolved,2025-07-29T00:51:09,2025-08-02T12:16:54,120,2,2,4,2,No,No,No,Full Refund,41.49,121.49,14.06,Yes,Valid
PFXC-002156,TXN-0004024,2025-05-08T13:40:54,Mobile,Standard,2025-04-29T02:13:54,Direct Debit,60.10,Retail,Cash Withdrawal Dispute,Frustrated,Partial,2,Standard,Customer Service,Resolved,2025-05-09T18:51:52,2025-05-15T10:08:27,120,1,1,2,4,No,No,No,Full Refund,60.10,164.46,29.18,Yes,Valid
PFXC-002157,TXN-0002127,2026-04-24T17:01:11,Email,Standard,2026-04-03T21:14:11,Cash Withdrawal,50.34,Travel,Delayed Refund,Frustrated,Complete,2,Standard,Fraud Review,Resolved,2026-04-25T10:16:02,2026-04-30T10:30:58,120,2,1,4,2,Yes,Yes,No,Full Refund,50.34,137.50,17.25,Yes,Valid
PFXC-002158,TXN-0010076,2026-03-10T16:21:27,Web,Standard,2026-01-09T14:58:27,Card Purchase,82.43,Subscription,Delayed Refund,Neutral,Complete,4,Low,Payment Operations,Resolved,2026-03-11T22:58:59,2026-03-14T16:48:01,168,1,1,2,2,No,No,Yes,Full Refund,82.43,96.44,30.63,No,Valid
PFXC-002159,TXN-0003164,2025-06-11T00:30:01,Mobile,Standard,2025-06-06T03:07:01,Bank Transfer,11.49,Retail,Duplicate Debit,Neutral,Complete,3,Standard,Payment Operations,Resolved,2025-06-11T18:05:05,2025-06-12T14:23:52,120,0,0,1,2,No,No,No,Full Refund,11.49,37.90,17.58,No,Valid
PFXC-002160,TXN-0010615,2025-02-28T16:59:42,Mobile,Standard,2025-01-24T21:27:42,Card Purchase,53.05,Utilities,Failed Payment,Neutral,Partial,2,Low,Technical Support,Cancelled,2025-03-01T17:50:12,2025-03-03T10:41:54,168,1,1,1,0,No,No,No,Customer Withdrawn,0.00,65.70,24.84,No,Valid
PFXC-002161,TXN-0000040,2025-03-30T03:42:52,Web,Standard,2025-03-07T02:59:52,Card Purchase,38.48,Subscription,Delayed Refund,Frustrated,Missing,0,Standard,Payment Operations,Resolved,2025-03-31T00:23:09,2025-04-04T06:12:13,120,0,1,1,2,No,No,No,Full Refund,38.48,122.49,20.67,Yes,Valid
PFXC-002162,TXN-0008684,2026-03-21T21:36:39,Email,Standard,2026-01-22T11:45:39,Bank Transfer,54.19,Utilities,Cash Withdrawal Dispute,Frustrated,Complete,2,Standard,Customer Service,Rejected,2026-03-22T16:25:58,2026-03-28T23:06:17,120,2,1,2,1,No,No,No,No Refund,0.00,169.49,18.82,Yes,Valid
PFXC-002163,TXN-0004538,2025-07-20T20:29:00,Call Centre,Standard,2025-06-17T03:31:00,Card Purchase,87.84,Subscription,Failed Payment,Frustrated,Missing,0,Standard,Technical Support,Rejected,2025-07-21T11:31:57,2025-07-25T17:42:46,120,1,2,1,5,No,No,No,No Refund,0.00,117.23,15.05,No,Valid
PFXC-002164,TXN-0002404,2025-04-01T00:09:16,Chat,Standard,2025-02-25T19:07:16,Bank Transfer,64.47,Travel,Delayed Refund,Neutral,Partial,1,Standard,Payment Operations,Resolved,2025-04-01T22:12:22,2025-04-05T08:17:43,120,1,0,1,2,No,Yes,No,Partial Refund,28.84,104.14,22.05,No,Valid
PFXC-002165,TXN-0009452,2025-01-01T08:26:22,Call Centre,Assisted Digital,2024-11-24T01:51:22,Card Purchase,491.69,Retail,Other,Frustrated,Complete,3,Standard,Fraud Review,Resolved,2025-01-02T05:13:21,2025-01-09T22:47:13,120,3,1,3,3,Yes,No,No,Full Refund,491.69,206.35,20.78,Yes,Valid
PFXC-002166,TXN-0003560,2026-03-20T05:08:31,Web,Standard,2026-02-10T14:20:31,Card Purchase,115.15,Digital Services,Duplicate Debit,Neutral,Complete,3,Low,Payment Operations,Rejected,2026-03-21T09:41:50,2026-03-23T16:11:52,168,1,2,3,3,No,No,No,No Refund,0.00,83.06,28.56,No,Valid
PFXC-002167,TXN-0001840,2026-04-09T17:25:58,Call Centre,Standard,2026-03-07T13:53:58,Card Purchase,51.19,Retail,Delayed Refund,Frustrated,Complete,4,Standard,Payment Operations,Rejected,2026-04-10T16:09:30,2026-04-13T08:50:37,120,1,0,2,4,No,No,No,No Refund,0.00,87.41,22.73,No,Valid
PFXC-002168,TXN-0001083,2025-07-09T20:57:58,Email,Standard,2025-05-10T17:01:58,Card Purchase,284.33,Cash Withdrawal,Unauthorised Transaction,Frustrated,Complete,2,Standard,Customer Service,Pending Customer,2025-07-10T15:22:34,,120,2,0,3,3,No,No,No,Pending,0.00,,18.41,No,Valid
PFXC-002169,TXN-0003417,2026-02-12T17:47:45,Mobile,Standard,2026-01-17T02:43:45,Card Purchase,74.48,Digital Services,Unauthorised Transaction,Neutral,Partial,1,Standard,Customer Service,Pending Customer,2026-02-13T13:21:40,,120,1,0,1,2,No,No,No,Pending,0.00,,19.57,No,Valid
PFXC-002170,TXN-0011717,2026-02-18T20:17:10,Mobile,Standard,2025-12-26T00:44:10,Direct Debit,87.52,Subscription,Delayed Refund,Neutral,Partial,1,Standard,Payment Operations,In Investigation,2026-02-19T06:28:37,,120,1,1,0,4,No,No,No,Pending,0.00,,10.19,No,Valid
PFXC-002171,TXN-0011330,2025-02-03T00:14:08,Web,Standard,2024-12-11T10:53:08,Bank Transfer,79.44,Subscription,Delayed Refund,Frustrated,Complete,2,Standard,Complaints,In Triage,2025-02-03T17:24:56,,120,2,0,3,3,No,No,Yes,Pending,0.00,,17.18,No,Valid
PFXC-002172,TXN-0006330,2026-03-18T13:07:20,Email,Standard,2026-02-20T10:55:20,Bank Transfer,93.62,Retail,Unauthorised Transaction,Frustrated,Complete,3,Standard,Fraud Review,Resolved,2026-03-19T01:53:46,2026-03-27T02:39:45,120,2,1,3,4,Yes,Yes,No,Full Refund,93.62,205.54,12.77,Yes,Valid
PFXC-002173,TXN-0010687,2026-05-19T16:26:19,Email,Standard,2026-04-23T14:17:19,Direct Debit,21.31,Retail,Unauthorised Transaction,Frustrated,Complete,4,High,Fraud Review,Resolved,2026-05-19T23:32:31,2026-05-26T17:07:04,72,3,1,5,2,Yes,No,No,Fraud Referral,0.00,168.68,7.10,Yes,Valid
PFXC-002174,TXN-0004725,2026-05-03T03:45:11,Email,Standard,2026-04-06T16:10:11,Card Purchase,70.31,Cash Withdrawal,Delayed Refund,Neutral,Complete,2,Low,Refund Approval,Resolved,2026-05-04T07:33:34,2026-05-07T08:56:12,168,1,1,3,3,No,No,No,Full Refund,70.31,101.18,27.81,No,Valid
PFXC-002175,TXN-0008627,2025-08-18T09:35:30,Chat,Standard,2025-07-17T10:06:30,Bank Transfer,1330.51,Utilities,Other,Frustrated,Partial,1,Standard,Customer Service,Resolved,2025-08-19T05:16:40,2025-08-23T17:41:27,120,0,1,4,5,No,No,No,Full Refund,1330.51,128.10,19.69,Yes,Valid
PFXC-002176,TXN-0004779,2025-03-26T19:28:11,Web,Standard,2025-03-06T06:32:11,Card Purchase,36.60,Utilities,Failed Payment,Frustrated,Partial,2,Standard,Technical Support,Resolved,2025-03-27T11:02:26,2025-03-31T16:33:04,120,3,1,2,3,No,No,No,Full Refund,36.60,117.08,15.57,No,Valid
PFXC-002177,TXN-0010553,2025-02-07T23:09:49,Web,Standard,2025-01-27T20:11:49,Card Purchase,11.11,Subscription,Merchant Non-confirmation,Neutral,Partial,2,Standard,Technical Support,Rejected,2025-02-08T21:00:45,2025-02-11T21:38:50,120,1,0,1,4,No,No,No,No Refund,0.00,94.48,21.85,No,Valid
PFXC-002178,TXN-0005607,2025-05-31T05:23:49,Mobile,Standard,2025-05-06T09:54:49,Card Purchase,16.21,Retail,Incorrect Amount,Frustrated,Complete,2,Standard,Payment Operations,Rejected,2025-06-01T00:18:31,2025-06-02T17:04:29,120,0,0,2,3,No,No,No,No Refund,0.00,59.68,18.91,No,Valid
PFXC-002179,TXN-0001110,2025-05-24T10:14:26,Web,Standard,2025-05-01T21:43:26,Card Purchase,134.83,Digital Services,Failed Payment,Positive,Complete,2,Standard,Technical Support,Rejected,2025-05-25T07:04:26,2025-05-28T23:43:09,120,0,0,1,1,No,No,No,No Refund,0.00,109.48,20.83,No,Valid
PFXC-002180,TXN-0001030,2025-01-18T03:28:21,Web,Standard,2025-01-03T06:36:21,Cash Withdrawal,75.16,Digital Services,Delayed Refund,Neutral,Complete,4,Standard,Payment Operations,Resolved,2025-01-18T22:03:00,2025-01-21T21:25:05,120,1,1,2,2,No,No,No,Full Refund,75.16,89.95,18.58,No,Valid
PFXC-002181,TXN-0010104,2025-03-20T14:49:15,Call Centre,Standard,2025-02-12T20:34:15,Wallet Payment,48.68,Subscription,Merchant Non-confirmation,Neutral,Partial,2,Standard,Technical Support,Rejected,2025-03-21T07:57:43,2025-03-24T11:47:00,120,0,1,1,3,No,No,No,No Refund,0.00,92.96,17.14,No,Valid
PFXC-002182,TXN-0010551,2025-05-29T21:46:43,Call Centre,Standard,2025-04-29T02:28:43,Card Purchase,63.27,Subscription,Merchant Non-confirmation,Frustrated,Missing,0,Standard,Technical Support,Rejected,2025-05-30T17:41:01,2025-06-06T21:46:21,120,0,1,3,4,No,No,No,No Refund,0.00,191.99,19.91,Yes,Valid
PFXC-002183,TXN-0002039,2026-03-27T14:26:00,Mobile,Vulnerable Support,2026-02-07T05:49:00,Bank Transfer,14.06,Digital Services,Subscription Dispute,Neutral,Complete,4,Low,Customer Service,Resolved,2026-03-28T20:30:59,2026-04-01T07:17:29,168,2,1,1,3,No,No,No,Full Refund,14.06,112.86,30.08,No,Valid
PFXC-002184,TXN-0011385,2025-10-17T11:24:58,Web,Standard,2025-09-10T06:20:58,Card Purchase,32.10,Retail,Delayed Refund,Frustrated,Complete,3,Standard,Payment Operations,Resolved,2025-10-18T09:02:49,2025-10-21T10:20:21,120,1,0,1,2,No,No,No,Full Refund,32.10,94.92,21.63,No,Valid
PFXC-002185,TXN-0006638,2025-06-27T13:10:05,Web,Standard,2025-05-22T19:07:05,Card Purchase,19.38,Retail,Failed Payment,Frustrated,Missing,0,Standard,Technical Support,Resolved,2025-06-28T03:20:03,2025-07-04T04:52:20,120,3,1,3,2,No,Yes,No,Partial Refund,7.04,159.70,14.17,Yes,Valid
PFXC-002186,TXN-0008740,2025-11-15T14:09:56,Mobile,Standard,2025-10-07T05:32:56,Card Purchase,69.58,Travel,Unauthorised Transaction,Distressed,Partial,1,Standard,Fraud Review,Resolved,2025-11-16T08:41:53,2025-11-24T11:59:11,120,3,1,3,4,Yes,No,No,Fraud Referral,0.00,213.82,18.53,Yes,Valid
PFXC-002187,TXN-0005357,2026-01-25T10:03:13,Mobile,Standard,2025-12-31T20:53:13,Cash Withdrawal,27.58,Subscription,Duplicate Debit,Frustrated,Complete,4,Standard,Complaints,Cancelled,2026-01-25T21:53:36,2026-01-29T20:56:05,120,2,1,2,3,No,Yes,Yes,Duplicate Case,0.00,106.88,11.84,No,Valid
PFXC-002188,TXN-0000853,2025-08-14T06:44:11,Web,Standard,2025-06-23T20:17:11,Card Purchase,539.77,Utilities,Delayed Refund,Distressed,Complete,4,High,Payment Operations,Resolved,2025-08-14T13:34:40,2025-08-17T22:48:27,72,0,0,2,2,No,No,No,Full Refund,539.77,88.07,6.84,Yes,Valid
PFXC-002189,TXN-0002089,2025-11-08T22:20:40,Chat,Standard,2025-09-27T20:25:40,Bank Transfer,118.54,Retail,Unauthorised Transaction,Frustrated,Complete,3,High,Customer Service,Rejected,2025-11-09T04:43:10,2025-11-13T19:08:20,72,1,0,2,3,No,No,Yes,No Refund,0.00,116.79,6.38,Yes,Valid
PFXC-002190,TXN-0005096,2025-05-05T17:09:36,Mobile,Standard,2025-03-31T07:34:36,Direct Debit,336.19,Utilities,Failed Payment,Distressed,Complete,2,Standard,Fraud Review,Resolved,2025-05-06T09:38:24,2025-05-10T21:37:22,120,3,0,4,2,Yes,No,Yes,Full Refund,336.19,124.46,16.48,Yes,Valid
PFXC-002191,TXN-0000241,2025-01-18T11:50:28,Mobile,Standard,2025-01-03T09:12:28,Wallet Payment,24.96,Travel,Merchant Non-confirmation,Neutral,Missing,0,Low,Technical Support,Rejected,2025-01-19T16:54:11,2025-01-24T15:06:19,168,1,1,0,3,No,No,No,No Refund,0.00,147.26,29.06,No,Valid
PFXC-002192,TXN-0011011,2026-06-24T15:17:08,Call Centre,Assisted Digital,2026-04-27T20:56:08,Card Purchase,6.37,Subscription,Incorrect Amount,Frustrated,Complete,2,Standard,Payment Operations,Cancelled,2026-06-25T10:10:31,2026-06-29T12:22:42,120,1,1,2,4,No,No,No,Customer Withdrawn,0.00,117.09,18.89,No,Valid
PFXC-002193,TXN-0000472,2026-05-27T11:00:05,Mobile,Standard,2026-05-08T20:15:05,Card Purchase,28.66,Utilities,Subscription Dispute,Positive,Complete,3,Standard,Customer Service,Pending Customer,2026-05-28T07:21:14,,120,1,1,1,3,No,No,No,Pending,0.00,,20.35,No,Valid
PFXC-002194,TXN-0006882,2026-05-08T10:26:13,Chat,Assisted Digital,2026-04-17T22:04:13,Card Purchase,354.88,Other,Merchant Non-confirmation,Frustrated,Missing,0,Low,Refund Approval,Resolved,2026-05-09T09:55:29,2026-05-17T09:40:20,168,2,1,2,2,No,No,No,Full Refund,354.88,215.24,23.49,Yes,Valid
PFXC-002195,TXN-0009228,2025-11-14T22:54:35,Call Centre,Vulnerable Support,2025-09-24T04:32:35,Direct Debit,60.62,Digital Services,Cash Withdrawal Dispute,Frustrated,Partial,2,Standard,Customer Service,Resolved,2025-11-15T11:15:01,2025-11-22T09:12:09,120,1,1,3,3,No,No,No,Partial Refund,16.96,178.29,12.34,Yes,Valid
PFXC-002196,TXN-0001539,2025-01-23T11:13:02,Email,Standard,2025-01-03T20:53:02,Card Purchase,276.20,Retail,Cash Withdrawal Dispute,Frustrated,Complete,2,Standard,Refund Approval,Resolved,2025-01-23T23:22:00,2025-01-29T02:21:46,120,1,0,2,3,No,Yes,No,Full Refund,276.20,135.15,12.15,Yes,Valid
PFXC-002197,TXN-0006750,2026-05-20T23:12:16,Mobile,Assisted Digital,2026-03-30T18:31:16,Card Purchase,66.48,Subscription,Failed Payment,Frustrated,Complete,4,Standard,Technical Support,Resolved,2026-05-21T21:50:59,2026-05-23T17:23:34,120,1,1,3,2,No,Yes,No,Full Refund,66.48,66.19,22.65,No,Valid
PFXC-002198,TXN-0000473,2026-04-06T03:54:22,Mobile,Assisted Digital,2026-03-27T17:55:22,Direct Debit,24.02,Retail,Failed Payment,Neutral,Complete,3,Standard,Technical Support,Rejected,2026-04-06T23:41:00,2026-04-08T10:37:09,120,1,0,1,1,No,No,No,No Refund,0.00,54.71,19.78,No,Valid
PFXC-002199,TXN-0005610,2025-11-16T19:48:11,Chat,Standard,2025-10-02T16:32:11,Card Purchase,22.38,Subscription,Merchant Non-confirmation,Neutral,Complete,2,Standard,Technical Support,Resolved,2025-11-17T18:20:25,2025-11-21T17:39:40,120,2,1,1,0,No,No,No,Partial Refund,11.56,117.86,22.54,No,Valid
PFXC-002200,TXN-0001275,2026-03-10T09:16:12,Call Centre,Standard,2026-02-17T06:55:12,Card Purchase,26.79,Subscription,Failed Payment,Distressed,Complete,3,Standard,Technical Support,Resolved,2026-03-10T20:58:30,2026-03-15T14:33:32,120,3,1,3,1,No,No,No,Full Refund,26.79,125.29,11.71,Yes,Valid
PFXC-002201,TXN-0001248,2026-01-16T23:29:06,Web,Standard,2025-11-18T20:42:06,Card Purchase,76.02,Retail,Unauthorised Transaction,Neutral,Complete,4,Low,Customer Service,In Triage,2026-01-18T05:34:03,,168,1,0,2,2,No,No,No,Pending,0.00,,30.08,No,Valid
PFXC-002202,TXN-0002626,2026-04-21T13:35:56,Email,Standard,2026-03-25T17:02:56,Card Purchase,73.73,Retail,Unauthorised Transaction,Distressed,Complete,4,Standard,Customer Service,Rejected,2026-04-22T08:22:40,2026-04-26T23:45:11,120,2,0,2,2,No,Yes,Yes,No Refund,0.00,130.15,18.78,Yes,Valid
PFXC-002203,TXN-0002151,2026-03-05T04:35:32,Web,Standard,2026-02-03T07:21:32,Card Purchase,65.17,Utilities,Unauthorised Transaction,Frustrated,Partial,1,Standard,Fraud Review,Awaiting Evidence,2026-03-05T22:55:41,,120,4,0,3,4,Yes,No,Yes,Pending,0.00,,18.34,No,Valid
PFXC-002204,TXN-0011675,2025-05-31T14:26:07,Email,Vulnerable Support,2025-05-16T15:21:07,Card Purchase,246.07,Digital Services,Cash Withdrawal Dispute,Distressed,Complete,2,High,Customer Service,Resolved,2025-06-01T05:52:38,2025-06-06T05:18:34,72,1,1,3,3,No,No,No,Full Refund,246.07,134.87,15.44,Yes,Valid
PFXC-002205,TXN-0011593,2026-02-22T17:06:29,Web,Standard,2026-01-14T21:35:29,Card Purchase,49.54,Travel,Unauthorised Transaction,Frustrated,Partial,2,Standard,Fraud Review,Pending Customer,2026-02-23T03:27:00,,120,3,0,3,4,Yes,Yes,No,Pending,0.00,,10.34,No,Valid
PFXC-002206,TXN-0002061,2026-05-13T02:41:25,Email,Assisted Digital,2026-05-11T16:27:25,Card Purchase,84.64,Digital Services,Failed Payment,Frustrated,Partial,1,Standard,Technical Support,Resolved,2026-05-13T19:22:29,2026-05-18T12:12:47,120,2,1,4,1,No,No,No,Full Refund,84.64,129.52,16.68,Yes,Valid
PFXC-002207,TXN-0000207,2025-05-11T16:49:29,Chat,Standard,2025-03-27T23:53:29,Card Purchase,67.90,Travel,Delayed Refund,Frustrated,Missing,0,Standard,Payment Operations,Rejected,2025-05-12T14:38:17,2025-05-17T16:42:23,120,2,1,3,3,No,Yes,Yes,No Refund,0.00,143.88,21.81,Yes,Valid
PFXC-002208,TXN-0004699,2026-06-05T08:03:48,Call Centre,Standard,2026-05-12T08:22:48,Bank Transfer,36.88,Retail,Unauthorised Transaction,Neutral,Partial,2,Standard,Customer Service,Resolved,2026-06-06T11:21:55,2026-06-09T15:30:20,120,1,0,1,5,No,No,No,Full Refund,36.88,103.44,27.30,No,Valid
PFXC-002209,TXN-0012175,2026-01-26T01:01:13,Web,Vulnerable Support,2025-12-26T13:18:13,Direct Debit,43.05,Retail,Unauthorised Transaction,Frustrated,Complete,4,High,Fraud Review,Rejected,2026-01-26T12:40:35,2026-02-02T21:34:44,72,3,0,3,3,Yes,Yes,No,No Refund,0.00,188.56,11.66,Yes,Valid
PFXC-002210,TXN-0004284,2025-07-04T07:01:58,Email,Vulnerable Support,2025-06-28T22:31:58,Bank Transfer,27.86,Subscription,Cash Withdrawal Dispute,Frustrated,Partial,1,High,Fraud Review,Resolved,2025-07-04T14:09:14,2025-07-13T21:31:41,72,4,1,5,4,Yes,No,Yes,Partial Refund,10.28,230.50,7.12,Yes,Valid
PFXC-002211,TXN-0010059,2026-03-06T13:24:57,Web,Standard,2026-02-24T00:14:57,Card Purchase,69.91,Retail,Subscription Dispute,Distressed,Partial,2,Standard,Customer Service,Rejected,2026-03-07T04:45:48,2026-03-13T16:23:50,120,2,1,2,3,No,Yes,Yes,No Refund,0.00,170.98,15.35,Yes,Valid
PFXC-002212,TXN-0000950,2026-03-13T01:35:16,Email,Standard,2026-02-10T18:33:16,Direct Debit,135.24,Retail,Delayed Refund,Frustrated,Partial,1,Standard,Payment Operations,Pending Customer,2026-03-13T17:18:45,,120,1,0,1,2,No,No,No,Pending,0.00,,15.72,No,Valid
PFXC-002213,TXN-0009751,2026-05-03T10:35:17,Call Centre,Standard,2026-03-10T22:01:17,Cash Withdrawal,79.05,Digital Services,Unauthorised Transaction,Frustrated,Missing,0,High,Fraud Review,Resolved,2026-05-03T19:17:23,2026-05-13T02:55:36,72,2,0,2,4,Yes,No,Yes,Fraud Referral,0.00,232.34,8.70,Yes,Valid
PFXC-002214,TXN-0003755,2025-03-09T22:47:17,Mobile,Standard,2025-02-08T18:55:17,Bank Transfer,73.89,Retail,Other,Distressed,Complete,4,Standard,Customer Service,Resolved,2025-03-11T03:12:02,2025-03-14T23:38:14,120,1,0,2,3,No,Yes,Yes,Full Refund,73.89,120.85,28.41,Yes,Valid
PFXC-002215,TXN-0006541,2025-07-06T00:31:31,Web,Standard,2025-05-13T22:59:31,Card Purchase,91.19,Retail,Incorrect Amount,Neutral,Complete,4,Standard,Payment Operations,Awaiting Evidence,2025-07-07T00:21:22,,120,1,0,0,3,No,No,No,Pending,0.00,,23.83,No,Valid
PFXC-002216,TXN-0002086,2025-11-15T19:33:01,Call Centre,Standard,2025-10-06T15:25:01,Direct Debit,108.52,Retail,Other,Frustrated,Complete,3,Low,Customer Service,Resolved,2025-11-16T19:30:14,2025-11-20T07:52:10,168,2,0,2,2,No,No,No,Full Refund,108.52,108.32,23.95,No,Valid
PFXC-002217,TXN-0011136,2025-09-20T05:44:41,Web,Standard,2025-08-18T11:16:41,Wallet Payment,41.95,Subscription,Delayed Refund,Positive,Complete,4,Standard,Payment Operations,Rejected,2025-09-20T22:08:19,2025-09-22T17:39:12,120,2,0,1,1,No,Yes,No,No Refund,0.00,59.91,16.39,No,Valid
PFXC-002218,TXN-0008056,2025-07-27T12:25:59,Web,Assisted Digital,2025-07-12T14:34:59,Bank Transfer,170.41,Travel,Merchant Non-confirmation,Frustrated,Missing,0,Low,Fraud Review,Resolved,2025-07-28T17:51:31,2025-08-06T23:10:42,168,0,1,1,2,Yes,No,No,Partial Refund,83.17,250.75,29.43,Yes,Valid
PFXC-002219,TXN-0005050,2025-05-29T02:40:43,Call Centre,Standard,2025-04-16T17:32:43,Wallet Payment,126.79,Retail,Subscription Dispute,Frustrated,Partial,2,Standard,Complaints,Rejected,2025-05-29T12:01:49,2025-06-03T17:16:21,120,1,1,3,2,No,No,Yes,No Refund,0.00,134.59,9.35,Yes,Valid
PFXC-002220,TXN-0009880,2026-05-14T02:56:58,Call Centre,Standard,2026-04-15T08:53:58,Bank Transfer,85.49,Digital Services,Subscription Dispute,Neutral,Complete,2,Standard,Customer Service,Resolved,2026-05-14T18:05:15,2026-05-18T09:10:07,120,2,0,2,1,No,No,No,Partial Refund,41.19,102.22,15.14,No,Valid
PFXC-002221,TXN-0012183,2025-10-12T01:25:41,Web,Standard,2025-09-12T03:30:41,Cash Withdrawal,867.86,Utilities,Subscription Dispute,Positive,Complete,4,Standard,Customer Service,Rejected,2025-10-12T13:54:24,2025-10-15T20:02:03,120,1,0,1,1,No,No,No,No Refund,0.00,90.61,12.48,No,Valid
PFXC-002222,TXN-0011450,2025-08-05T10:29:45,Chat,Standard,2025-06-15T16:13:45,Card Purchase,360.36,Retail,Unauthorised Transaction,Frustrated,Partial,1,Standard,Fraud Review,Resolved,2025-08-06T06:48:58,2025-08-13T17:25:36,120,2,1,3,3,Yes,No,Yes,Full Refund,360.36,198.93,20.32,Yes,Valid
PFXC-002223,TXN-0003106,2026-02-21T18:53:44,Email,Standard,2026-02-18T01:13:44,Card Purchase,37.31,Retail,Subscription Dispute,Positive,Partial,1,Standard,Customer Service,Rejected,2026-02-22T15:51:58,2026-02-25T05:27:29,120,0,1,0,0,No,No,No,No Refund,0.00,82.56,20.97,No,Valid
PFXC-002224,TXN-0012269,2025-01-07T12:07:02,Call Centre,Standard,2024-12-03T08:42:02,Card Purchase,28.10,Utilities,Merchant Non-confirmation,Frustrated,Complete,4,Standard,Refund Approval,Resolved,2025-01-08T02:59:21,2025-01-12T15:08:44,120,1,0,3,3,No,No,No,Full Refund,28.10,123.03,14.87,Yes,Valid
PFXC-002225,TXN-0009542,2025-09-19T20:28:22,Mobile,Standard,2025-07-27T09:02:22,Card Purchase,56.09,Cash Withdrawal,Unauthorised Transaction,Frustrated,Complete,2,Standard,Fraud Review,Resolved,2025-09-20T12:15:52,2025-09-29T08:58:41,120,3,2,6,4,Yes,Yes,No,Fraud Referral,0.00,228.51,15.79,Yes,Valid
PFXC-002226,TXN-0006539,2026-05-28T21:58:55,Mobile,Standard,2026-04-06T03:44:55,Cash Withdrawal,191.31,Digital Services,Merchant Non-confirmation,Frustrated,Complete,2,Standard,Refund Approval,Resolved,2026-05-29T07:55:00,2026-06-02T23:56:36,120,2,0,3,3,No,No,No,Full Refund,191.31,121.96,9.93,Yes,Valid
PFXC-002227,TXN-0002694,2026-05-30T03:01:09,Mobile,Standard,2026-04-27T09:24:09,Wallet Payment,42.56,Retail,Subscription Dispute,Distressed,Complete,2,Standard,Customer Service,Rejected,2026-05-30T21:32:48,2026-06-05T01:41:24,120,0,0,2,2,No,No,No,No Refund,0.00,142.67,18.53,Yes,Valid
PFXC-002228,TXN-0011320,2026-06-07T07:32:47,Mobile,Standard,2026-04-28T22:54:47,Wallet Payment,299.12,Subscription,Cash Withdrawal Dispute,Neutral,Complete,3,Standard,Complaints,Cancelled,2026-06-08T03:11:47,2026-06-11T05:15:38,120,0,0,1,2,No,No,Yes,Customer Withdrawn,0.00,93.71,19.65,No,Valid
PFXC-002229,TXN-0010565,2025-06-18T02:43:33,Chat,Standard,2025-04-26T03:45:33,Card Purchase,34.02,Other,Unauthorised Transaction,Frustrated,Partial,1,Standard,Fraud Review,Resolved,2025-06-18T21:18:59,2025-06-27T03:02:50,120,2,1,3,3,Yes,No,Yes,Full Refund,34.02,216.32,18.59,Yes,Valid
PFXC-002230,TXN-0001148,2025-11-01T20:09:57,Call Centre,Standard,2025-10-18T16:53:57,Direct Debit,203.75,Digital Services,Unauthorised Transaction,Neutral,Complete,4,Standard,Fraud Review,Pending Customer,2025-11-02T14:00:30,,120,1,0,1,2,Yes,No,No,Pending,0.00,,17.84,No,Valid
PFXC-002231,TXN-0004584,2025-11-12T19:08:23,Call Centre,Standard,2025-10-04T20:00:23,Card Purchase,12.79,Retail,Delayed Refund,Distressed,Missing,0,Low,Payment Operations,Resolved,2025-11-14T02:50:48,2025-11-19T16:58:43,168,0,2,1,2,No,No,No,Full Refund,12.79,165.84,31.71,No,Valid
PFXC-002232,TXN-0005366,2025-09-06T09:35:54,Mobile,Standard,2025-07-19T04:27:54,Bank Transfer,19.34,Travel,Subscription Dispute,Frustrated,Complete,3,Standard,Customer Service,Resolved,2025-09-06T23:24:28,2025-09-10T03:04:33,120,1,0,1,1,No,No,No,Full Refund,19.34,89.48,13.81,No,Valid
PFXC-002233,TXN-0004200,2025-04-20T15:00:59,Web,Standard,2025-04-16T17:56:59,Card Purchase,38.05,Digital Services,Delayed Refund,Neutral,Complete,4,Standard,Payment Operations,Rejected,2025-04-21T11:55:06,2025-04-23T07:57:27,120,1,0,1,2,No,No,No,No Refund,0.00,64.94,20.90,No,Valid
PFXC-002234,TXN-0003429,2025-12-27T10:20:57,Mobile,Standard,2025-10-27T23:48:57,Wallet Payment,46.80,Utilities,Delayed Refund,Frustrated,Complete,3,Standard,Payment Operations,Rejected,2025-12-28T10:18:15,2025-12-30T02:03:24,120,1,1,3,2,No,No,No,No Refund,0.00,63.71,23.96,No,Valid
PFXC-002235,TXN-0001942,2025-10-30T01:57:14,Web,Standard,2025-10-11T11:27:14,Direct Debit,38.85,Travel,Subscription Dispute,Frustrated,Partial,1,Standard,Customer Service,Resolved,2025-10-30T23:27:03,2025-11-05T12:42:21,120,3,0,4,1,No,Yes,Yes,Full Refund,38.85,154.75,21.50,Yes,Valid
PFXC-002236,TXN-0003461,2026-06-20T13:18:45,Web,Vulnerable Support,2026-04-28T20:06:45,Cash Withdrawal,167.66,Subscription,Duplicate Debit,Distressed,Missing,0,High,Refund Approval,Resolved,2026-06-21T02:02:53,2026-06-27T15:54:40,72,2,2,4,4,No,Yes,Yes,Full Refund,167.66,170.60,12.74,Yes,Valid
PFXC-002237,TXN-0007980,2025-03-04T00:30:44,Mobile,Standard,2025-02-03T14:51:44,Bank Transfer,176.27,Digital Services,Cash Withdrawal Dispute,Frustrated,Complete,3,High,Customer Service,Rejected,2025-03-04T07:59:18,2025-03-08T22:48:04,72,1,0,2,2,No,No,No,No Refund,0.00,118.29,7.48,Yes,Valid
PFXC-002238,TXN-0006726,2025-12-11T12:02:26,Web,Assisted Digital,2025-12-09T20:48:26,Card Purchase,69.81,Cash Withdrawal,Subscription Dispute,Frustrated,Complete,2,Standard,Customer Service,Resolved,2025-12-12T03:10:58,2025-12-18T17:42:38,120,3,0,2,4,No,No,No,Full Refund,69.81,173.67,15.14,Yes,Valid
PFXC-002239,TXN-0000438,2025-05-28T04:46:30,Web,Assisted Digital,2025-03-30T21:08:30,Card Purchase,104.91,Travel,Merchant Non-confirmation,Frustrated,Missing,0,Standard,Fraud Review,Resolved,2025-05-28T22:37:23,2025-06-07T06:56:03,120,2,0,2,4,Yes,Yes,No,Fraud Referral,0.00,242.16,17.85,Yes,Valid
PFXC-002240,TXN-0002239,2026-03-14T18:11:20,Mobile,Standard,2026-01-12T18:15:20,Card Purchase,8.71,Retail,Other,Frustrated,Missing,0,Standard,Customer Service,Rejected,2026-03-15T14:43:38,2026-03-21T13:23:20,120,3,0,1,2,No,Yes,No,No Refund,0.00,163.20,20.54,Yes,Valid
PFXC-002241,TXN-0003758,2025-08-06T16:00:20,Web,Standard,2025-08-04T22:15:20,Card Purchase,148.66,Retail,Other,Frustrated,Complete,2,Standard,Customer Service,Pending Approval,2025-08-07T10:15:58,,120,1,0,2,2,No,No,No,Pending,0.00,,18.26,No,Valid
PFXC-002242,TXN-0006147,2026-02-16T20:40:07,Email,Standard,2026-01-15T14:13:07,Card Purchase,60.62,Utilities,Merchant Non-confirmation,Frustrated,Complete,3,Standard,Technical Support,Resolved,2026-02-17T11:17:40,2026-02-22T22:37:58,120,0,0,0,4,No,No,No,Full Refund,60.62,145.96,14.63,Yes,Valid
PFXC-002243,TXN-0003559,2025-06-22T04:42:14,Email,Standard,2025-05-05T11:57:14,Bank Transfer,55.76,Utilities,Cash Withdrawal Dispute,Frustrated,Complete,3,Standard,Refund Approval,Resolved,2025-06-22T15:50:42,2025-06-28T11:56:09,120,2,0,1,2,No,No,Yes,Full Refund,55.76,151.23,11.14,Yes,Valid
PFXC-002244,TXN-0003580,2025-02-27T14:14:44,Mobile,Standard,2025-01-17T01:12:44,Direct Debit,75.17,Utilities,Unauthorised Transaction,Frustrated,Partial,2,Standard,Fraud Review,Resolved,2025-02-28T11:15:37,2025-03-09T13:09:25,120,3,1,4,4,Yes,Yes,No,Full Refund,75.17,238.91,21.01,Yes,Valid
PFXC-002245,TXN-0008852,2025-01-07T17:47:46,Web,Standard,2024-11-13T03:51:46,Card Purchase,641.93,Other,Delayed Refund,Frustrated,Complete,3,Standard,Payment Operations,Rejected,2025-01-08T07:07:21,2025-01-10T14:10:54,120,0,0,2,3,No,No,No,No Refund,0.00,68.39,13.33,No,Valid
PFXC-002246,TXN-0012083,2025-06-03T23:50:34,Call Centre,Standard,2025-05-19T16:55:34,Cash Withdrawal,21.03,Cash Withdrawal,Failed Payment,Positive,Partial,2,Low,Refund Approval,Resolved,2025-06-05T03:45:24,2025-06-08T14:37:16,168,1,1,1,3,No,No,No,Full Refund,21.03,110.78,27.91,No,Valid
PFXC-002247,TXN-0008378,2025-07-23T14:13:53,Chat,Standard,2025-06-22T16:24:53,Direct Debit,23.87,Cash Withdrawal,Subscription Dispute,Frustrated,Partial,2,Standard,Customer Service,Rejected,2025-07-23T23:30:04,2025-07-28T12:54:43,120,1,0,2,5,No,No,No,No Refund,0.00,118.68,9.27,No,Valid
PFXC-002248,TXN-0003013,2025-09-11T09:48:03,Email,Standard,2025-07-12T12:01:03,Card Purchase,15.26,Retail,Delayed Refund,Neutral,Partial,1,Standard,Payment Operations,Pending Merchant,2025-09-12T03:49:33,,120,2,0,0,2,No,No,No,Pending,0.00,,18.03,No,Valid
PFXC-002249,TXN-0000086,2025-03-07T14:08:14,Call Centre,Vulnerable Support,2025-02-08T02:14:14,Bank Transfer,552.38,Digital Services,Cash Withdrawal Dispute,Neutral,Partial,2,High,Customer Service,Pending Customer,2025-03-07T20:50:13,,72,0,0,1,2,No,No,No,Pending,0.00,,6.70,No,Valid
PFXC-002250,TXN-0011714,2026-03-27T09:16:10,Web,Standard,2026-02-24T12:39:10,Bank Transfer,412.07,Other,Other,Frustrated,Complete,2,Standard,Fraud Review,Awaiting Evidence,2026-03-28T13:06:01,,120,3,0,3,5,Yes,No,No,Pending,0.00,,27.83,No,Valid
PFXC-002251,TXN-0001502,2025-03-27T00:02:18,Mobile,Standard,2025-02-16T08:19:18,Direct Debit,50.66,Travel,Delayed Refund,Positive,Complete,2,Standard,Refund Approval,Resolved,2025-03-27T19:34:36,2025-03-29T20:20:36,120,1,0,1,2,No,No,No,Full Refund,50.66,68.31,19.54,No,Valid
PFXC-002252,TXN-0005251,2025-02-14T21:30:01,Mobile,Standard,2025-01-05T04:18:01,Card Purchase,79.54,Travel,Delayed Refund,Frustrated,Complete,4,Low,Payment Operations,Resolved,2025-02-15T17:30:33,2025-02-20T14:31:43,168,2,2,2,2,No,No,Yes,Partial Refund,53.13,137.03,20.01,No,Valid
PFXC-002253,TXN-0001882,2025-06-26T18:44:38,Web,Standard,2025-05-15T09:12:38,Bank Transfer,218.28,Cash Withdrawal,Merchant Non-confirmation,Frustrated,Partial,1,Standard,Technical Support,Resolved,2025-06-27T13:08:20,2025-07-02T07:32:21,120,0,1,2,3,No,Yes,No,Full Refund,218.28,132.80,18.40,Yes,Valid
PFXC-002254,TXN-0010586,2026-02-01T09:49:43,Call Centre,Standard,2026-01-01T05:40:43,Direct Debit,57.20,Digital Services,Cash Withdrawal Dispute,Frustrated,Complete,3,Standard,Refund Approval,Resolved,2026-02-02T05:09:28,2026-02-05T17:48:41,120,2,0,2,3,No,No,No,Full Refund,57.20,103.98,19.33,No,Valid
PFXC-002255,TXN-0006122,2026-05-06T11:02:36,Call Centre,Standard,2026-05-03T19:29:36,Wallet Payment,163.46,Retail,Delayed Refund,Frustrated,Complete,4,Low,Payment Operations,Resolved,2026-05-07T17:32:19,2026-05-09T21:23:10,168,2,0,0,1,No,Yes,No,Full Refund,163.46,82.34,30.50,No,Valid
PFXC-002256,TXN-0012413,2025-05-24T00:18:39,Email,Standard,2025-04-14T12:29:39,Card Purchase,29.63,Retail,Failed Payment,Frustrated,Missing,0,Standard,Refund Approval,Resolved,2025-05-24T23:07:21,2025-05-29T09:14:15,120,1,1,3,4,No,Yes,No,Full Refund,29.63,128.93,22.81,Yes,Valid
PFXC-002257,TXN-0010229,2025-06-03T21:40:00,Call Centre,Standard,2025-04-15T11:55:00,Card Purchase,93.59,Retail,Failed Payment,Frustrated,Complete,4,Standard,Fraud Review,Cancelled,2025-06-04T11:47:39,2025-06-09T00:04:38,120,1,1,3,2,Yes,Yes,No,Customer Withdrawn,0.00,122.41,14.13,Yes,Valid
PFXC-002258,TXN-0012365,2025-06-13T12:37:16,Chat,Standard,2025-05-05T03:28:16,Card Purchase,292.67,Digital Services,Other,Frustrated,Partial,2,Standard,Customer Service,Rejected,2025-06-14T05:34:01,2025-06-19T22:58:24,120,2,1,3,2,No,No,No,No Refund,0.00,154.35,16.95,Yes,Valid
PFXC-002259,TXN-0000639,2025-03-19T16:15:33,Mobile,Standard,2025-01-22T14:18:33,Wallet Payment,19.94,Retail,Unauthorised Transaction,Distressed,Partial,1,Standard,Customer Service,Rejected,2025-03-20T04:07:01,2025-03-25T22:44:21,120,1,1,2,2,No,No,No,No Refund,0.00,150.48,11.86,Yes,Valid
PFXC-002260,TXN-0007790,2025-01-23T08:58:26,Mobile,Standard,2024-11-24T16:13:26,Card Purchase,37.29,Retail,Cash Withdrawal Dispute,Distressed,Partial,2,High,Customer Service,Resolved,2025-01-23T12:43:56,2025-01-28T09:10:13,72,1,0,2,4,No,Yes,No,Full Refund,37.29,120.20,3.76,Yes,Valid
PFXC-002261,TXN-0007408,2025-12-09T20:50:19,Mobile,Standard,2025-11-20T22:07:19,Card Purchase,104.45,Travel,Subscription Dispute,Frustrated,Complete,2,Standard,Customer Service,Rejected,2025-12-10T14:11:53,2025-12-14T18:22:04,120,3,0,2,0,No,Yes,No,No Refund,0.00,117.53,17.36,No,Valid
PFXC-002262,TXN-0007887,2025-09-17T23:01:23,Mobile,Standard,2025-09-16T02:18:23,Card Purchase,79.04,Subscription,Incorrect Amount,Frustrated,Complete,3,Standard,Payment Operations,In Triage,2025-09-18T14:03:40,,120,2,1,2,2,No,No,No,Pending,0.00,,15.04,No,Valid
PFXC-002263,TXN-0010326,2025-03-31T12:58:38,Web,Standard,2025-03-09T12:54:38,Card Purchase,40.52,Retail,Incorrect Amount,Frustrated,Partial,2,Standard,Complaints,Resolved,2025-04-01T04:55:54,2025-04-06T03:13:21,120,3,1,3,4,No,No,Yes,Partial Refund,26.42,134.25,15.95,Yes,Valid
PFXC-002264,TXN-0007365,2025-04-30T07:23:46,Mobile,Standard,2025-03-11T10:23:46,Wallet Payment,50.14,Utilities,Duplicate Debit,Positive,Complete,4,Low,Payment Operations,Rejected,2025-05-01T10:32:54,2025-05-03T19:50:29,168,1,1,1,3,No,No,No,No Refund,0.00,84.45,27.15,No,Valid
PFXC-002265,TXN-0006122,2025-12-28T02:58:46,Email,Standard,2025-12-12T20:45:46,Card Purchase,220.70,Retail,Delayed Refund,Frustrated,Complete,2,Standard,Payment Operations,Rejected,2025-12-29T06:36:36,2025-12-31T12:16:20,120,1,1,2,1,No,No,Yes,No Refund,0.00,81.29,27.63,No,Valid
PFXC-002266,TXN-0002633,2025-08-28T09:46:09,Mobile,Standard,2025-06-30T20:04:09,Bank Transfer,96.33,Utilities,Delayed Refund,Frustrated,Missing,0,Standard,Refund Approval,Resolved,2025-08-28T22:07:57,2025-09-02T17:02:00,120,0,1,4,3,No,Yes,Yes,Full Refund,96.33,127.26,12.36,Yes,Valid
PFXC-002267,TXN-0000703,2026-03-25T12:51:59,Mobile,Assisted Digital,2026-01-27T18:25:59,Direct Debit,15.36,Retail,Duplicate Debit,Neutral,Partial,2,Low,Payment Operations,Cancelled,2026-03-26T20:24:20,2026-03-29T20:46:02,168,2,1,1,2,No,No,No,Duplicate Case,0.00,103.90,31.54,No,Valid
PFXC-002268,TXN-0009137,2025-11-30T20:51:18,Web,Standard,2025-10-27T17:02:18,Direct Debit,18.73,Digital Services,Failed Payment,Neutral,Complete,2,Standard,Technical Support,Rejected,2025-12-01T17:50:39,2025-12-04T19:01:59,120,1,0,0,4,No,No,No,No Refund,0.00,94.18,20.99,No,Valid
PFXC-002269,TXN-0001282,2026-06-13T17:58:13,Web,Standard,2026-04-16T01:04:13,Wallet Payment,597.63,Subscription,Failed Payment,Neutral,Complete,4,Standard,Refund Approval,Resolved,2026-06-14T11:27:49,2026-06-15T05:48:26,120,0,0,0,0,No,No,No,Full Refund,597.63,35.84,17.49,No,Valid
PFXC-002270,TXN-0000284,2025-08-07T11:11:22,Web,Standard,2025-07-15T12:50:22,Card Purchase,118.83,Utilities,Unauthorised Transaction,Distressed,Partial,2,Standard,Customer Service,Rejected,2025-08-08T04:44:37,2025-08-13T01:15:21,120,1,1,3,3,No,Yes,No,No Refund,0.00,134.07,17.55,Yes,Valid
PFXC-002271,TXN-0000383,2026-02-10T05:59:01,Web,Standard,2026-01-18T01:21:01,Card Purchase,34.24,Subscription,Unauthorised Transaction,Frustrated,Complete,3,Standard,Refund Approval,Resolved,2026-02-11T00:28:07,2026-02-15T06:17:23,120,1,1,4,4,No,No,No,Full Refund,34.24,120.31,18.49,Yes,Valid
PFXC-002272,TXN-0002205,2026-03-29T08:45:15,Web,Assisted Digital,2026-02-20T07:06:15,Cash Withdrawal,247.06,Other,Subscription Dispute,Frustrated,Partial,1,Standard,Customer Service,Resolved,2026-03-30T07:37:43,2026-04-05T03:46:09,120,1,1,1,2,No,No,No,Full Refund,247.06,163.02,22.87,Yes,Valid
PFXC-002273,TXN-0002244,2025-04-18T15:10:01,Mobile,Standard,2025-04-03T05:12:01,Cash Withdrawal,205.89,Utilities,Delayed Refund,Neutral,Complete,3,Standard,Payment Operations,Pending Merchant,2025-04-19T02:27:07,,120,1,0,0,1,No,Yes,No,Pending,0.00,,11.29,No,Valid
PFXC-002274,TXN-0011592,2025-12-03T07:05:22,Mobile,Standard,2025-10-31T23:37:22,Wallet Payment,132.68,Retail,Subscription Dispute,Frustrated,Missing,0,Low,Refund Approval,Resolved,2025-12-04T11:17:55,2025-12-10T00:49:57,168,2,1,1,4,No,No,No,Partial Refund,99.16,161.74,28.21,No,Valid
PFXC-002275,TXN-0003495,2026-02-13T23:22:43,Mobile,Standard,2025-12-30T09:49:43,Bank Transfer,96.21,Digital Services,Duplicate Debit,Neutral,Partial,2,Standard,Payment Operations,Resolved,2026-02-14T17:24:36,2026-02-18T02:59:41,120,2,1,1,3,No,Yes,No,Full Refund,96.21,99.62,18.03,No,Valid
PFXC-002276,TXN-0009952,2025-08-17T23:55:08,Mobile,Standard,2025-07-17T06:11:08,Card Purchase,696.71,Utilities,Duplicate Debit,Positive,Complete,2,Low,Payment Operations,Cancelled,2025-08-18T22:37:30,2025-08-19T13:56:10,168,0,1,0,2,No,No,No,Duplicate Case,0.00,38.02,22.71,No,Valid
PFXC-002277,TXN-0009737,2025-12-18T01:06:11,Email,Standard,2025-11-20T07:17:11,Bank Transfer,20.96,Subscription,Merchant Non-confirmation,Neutral,Complete,2,Low,Technical Support,Pending Customer,2025-12-19T08:48:17,,168,0,0,0,3,No,No,No,Pending,0.00,,31.70,No,Valid
PFXC-002278,TXN-0011668,2025-11-10T18:00:15,Email,Standard,2025-11-08T18:52:15,Card Purchase,50.19,Utilities,Merchant Non-confirmation,Frustrated,Complete,2,Standard,Refund Approval,Resolved,2025-11-11T09:25:22,2025-11-15T00:42:37,120,1,0,3,3,No,No,No,Full Refund,50.19,102.71,15.42,No,Valid
PFXC-002279,TXN-0007508,2025-10-08T05:42:05,Call Centre,Standard,2025-09-29T12:05:05,Wallet Payment,26.49,Subscription,Failed Payment,Neutral,Complete,2,Standard,Technical Support,Pending Customer,2025-10-09T03:25:07,,120,0,0,0,2,No,No,No,Pending,0.00,,21.72,No,Valid
PFXC-002280,TXN-0010339,2025-08-12T03:17:28,Web,Assisted Digital,2025-08-03T13:30:28,Bank Transfer,64.92,Digital Services,Delayed Refund,Neutral,Complete,3,Standard,Payment Operations,Resolved,2025-08-13T03:48:34,2025-08-15T18:11:58,120,2,1,1,1,No,No,No,Full Refund,64.92,86.91,24.52,No,Valid
PFXC-002281,TXN-0002532,2026-04-27T10:49:33,Mobile,Standard,2026-03-22T19:15:33,Card Purchase,131.06,Retail,Unauthorised Transaction,Distressed,Partial,2,Standard,Customer Service,Resolved,2026-04-28T05:26:32,2026-05-02T07:47:57,120,1,0,2,3,No,No,No,Full Refund,131.06,116.97,18.62,No,Valid
PFXC-002282,TXN-0003193,2026-02-01T17:31:53,Call Centre,Standard,2025-12-20T16:49:53,Bank Transfer,152.53,Digital Services,Duplicate Debit,Positive,Complete,2,Standard,Payment Operations,Resolved,2026-02-02T07:55:23,2026-02-04T06:30:26,120,0,0,0,1,No,No,No,Full Refund,152.53,60.98,14.39,No,Valid
PFXC-002283,TXN-0011108,2025-05-06T16:09:27,Call Centre,Standard,2025-03-31T06:28:27,Card Purchase,63.39,Retail,Other,Frustrated,Complete,3,Standard,Refund Approval,Resolved,2025-05-07T09:04:56,2025-05-12T00:40:28,120,1,0,3,2,No,Yes,Yes,Full Refund,63.39,128.52,16.92,Yes,Valid
PFXC-002284,TXN-0005370,2026-02-13T19:37:46,Call Centre,Assisted Digital,2026-01-09T12:19:46,Card Purchase,56.93,Other,Unauthorised Transaction,Neutral,Complete,3,Standard,Customer Service,Resolved,2026-02-14T20:27:18,2026-02-18T10:27:21,120,1,1,1,4,No,No,No,Fraud Referral,0.00,110.83,24.83,No,Valid
PFXC-002285,TXN-0004745,2025-07-15T03:45:45,Mobile,Standard,2025-07-12T08:25:45,Direct Debit,215.68,Subscription,Unauthorised Transaction,Distressed,Complete,3,High,Customer Service,Rejected,2025-07-15T13:35:24,2025-07-19T17:40:47,72,0,1,2,0,No,No,No,No Refund,0.00,109.92,9.83,Yes,Valid
PFXC-002286,TXN-0000539,2025-05-31T21:32:42,Call Centre,Assisted Digital,2025-05-09T06:34:42,Bank Transfer,118.90,Utilities,Merchant Non-confirmation,Neutral,Complete,3,Standard,Refund Approval,Resolved,2025-06-01T22:54:22,2025-06-04T22:32:35,120,1,1,3,3,No,Yes,No,Full Refund,118.90,97.00,25.36,No,Valid
PFXC-002287,TXN-0012309,2025-04-13T23:12:59,Email,Standard,2025-03-10T20:35:59,Card Purchase,109.07,Travel,Duplicate Debit,Frustrated,Partial,1,Low,Payment Operations,Pending Approval,2025-04-15T05:18:20,,168,1,1,2,1,No,No,No,Pending,0.00,,30.09,No,Valid
PFXC-002288,TXN-0003223,2025-05-22T14:44:52,Mobile,Assisted Digital,2025-05-10T22:11:52,Card Purchase,66.04,Subscription,Delayed Refund,Neutral,Missing,0,Standard,Payment Operations,Pending Customer,2025-05-23T10:14:14,,120,2,1,2,2,No,No,No,Pending,0.00,,19.49,No,Valid
PFXC-002289,TXN-0008251,2026-03-04T09:57:39,Mobile,Standard,2026-01-10T18:20:39,Direct Debit,827.75,Retail,Duplicate Debit,Frustrated,Partial,1,Standard,Refund Approval,Resolved,2026-03-05T04:38:45,2026-03-08T10:38:49,120,1,1,2,4,No,No,No,Full Refund,827.75,96.69,18.69,No,Valid
PFXC-002290,TXN-0012357,2025-05-14T00:03:35,Mobile,Standard,2025-03-25T01:46:35,Bank Transfer,56.04,Digital Services,Unauthorised Transaction,Distressed,Partial,1,Standard,Refund Approval,Resolved,2025-05-14T18:07:34,2025-05-20T21:29:53,120,2,1,4,2,No,Yes,No,Full Refund,56.04,165.44,18.07,Yes,Valid
PFXC-002291,TXN-0007386,2025-02-06T15:59:45,Web,Standard,2025-01-15T12:28:45,Wallet Payment,266.06,Cash Withdrawal,Incorrect Amount,Positive,Partial,2,Standard,Payment Operations,Rejected,2025-02-07T07:50:28,2025-02-10T17:16:19,120,1,1,1,2,No,No,No,No Refund,0.00,97.28,15.85,No,Valid
PFXC-002292,TXN-0004700,2026-03-09T03:33:27,Web,Vulnerable Support,2026-02-15T22:26:27,Card Purchase,37.25,Retail,Merchant Non-confirmation,Positive,Complete,3,Standard,Refund Approval,Resolved,2026-03-09T23:56:15,2026-03-12T17:49:27,120,1,0,0,3,No,No,Yes,Partial Refund,23.93,86.27,20.38,No,Valid
PFXC-002293,TXN-0008010,2025-11-27T05:40:32,Web,Standard,2025-11-12T11:32:32,Direct Debit,66.56,Retail,Incorrect Amount,Neutral,Partial,1,Standard,Payment Operations,Resolved,2025-11-27T21:47:49,2025-12-01T02:35:13,120,0,1,2,2,No,No,No,Full Refund,66.56,92.91,16.12,No,Valid
PFXC-002294,TXN-0008914,2025-01-09T03:01:58,Web,Standard,2024-11-22T17:33:58,Card Purchase,31.95,Travel,Merchant Non-confirmation,Distressed,Complete,3,Standard,Refund Approval,Resolved,2025-01-09T17:13:26,2025-01-16T01:37:15,120,2,1,4,5,No,No,No,Full Refund,31.95,166.59,14.19,Yes,Valid
PFXC-002295,TXN-0004738,2025-12-13T09:29:05,Mobile,Standard,2025-10-31T03:58:05,Direct Debit,174.93,Digital Services,Unauthorised Transaction,Frustrated,Complete,4,High,Fraud Review,Pending Approval,2025-12-13T19:35:12,,72,3,1,2,4,Yes,No,Yes,Pending,0.00,,10.10,No,Valid
PFXC-002296,TXN-0006084,2025-03-04T18:54:07,Chat,Standard,2025-01-03T00:41:07,Direct Debit,10.55,Retail,Merchant Non-confirmation,Neutral,Complete,4,Standard,Technical Support,Cancelled,2025-03-05T10:12:43,2025-03-08T05:23:05,120,2,0,1,3,No,No,No,Customer Withdrawn,0.00,82.48,15.31,No,Valid
PFXC-002297,TXN-0002665,2025-12-12T08:16:06,Mobile,Standard,2025-11-16T02:00:06,Direct Debit,46.43,Subscription,Delayed Refund,Distressed,Missing,0,Standard,Payment Operations,Rejected,2025-12-13T02:21:38,2025-12-18T18:25:43,120,1,1,3,4,No,No,No,No Refund,0.00,154.16,18.09,Yes,Valid
PFXC-002298,TXN-0000450,2025-10-16T14:10:06,Call Centre,Standard,2025-08-25T23:48:06,Direct Debit,4.40,Digital Services,Unauthorised Transaction,Frustrated,Complete,4,High,Customer Service,Rejected,2025-10-17T02:19:28,2025-10-22T14:47:20,72,1,1,3,2,No,Yes,No,No Refund,0.00,144.62,12.16,Yes,Valid
PFXC-002299,TXN-0007433,2026-03-02T03:24:29,Web,Standard,2026-02-26T15:47:29,Direct Debit,47.33,Retail,Unauthorised Transaction,Frustrated,Partial,2,Standard,Fraud Review,In Investigation,2026-03-03T03:04:18,,120,2,0,3,1,Yes,No,No,Pending,0.00,,23.66,No,Valid
PFXC-002300,TXN-0005733,2025-08-29T08:56:14,Mobile,Standard,2025-07-03T01:43:14,Bank Transfer,37.64,Utilities,Unauthorised Transaction,Frustrated,Partial,1,Standard,Fraud Review,Resolved,2025-08-30T00:00:00,2025-09-08T00:28:18,120,3,1,3,3,Yes,No,No,Fraud Referral,0.00,231.53,15.06,Yes,Valid
PFXC-002301,TXN-0010850,2025-09-23T07:01:42,Mobile,Standard,2025-07-29T19:08:42,Card Purchase,18.46,Retail,Unauthorised Transaction,Distressed,Partial,1,Standard,Fraud Review,Resolved,2025-09-23T14:06:09,2025-10-02T19:08:16,120,2,0,3,6,Yes,Yes,No,Fraud Referral,0.00,228.11,7.07,Yes,Valid
PFXC-002302,TXN-0008145,2026-02-14T04:45:27,Mobile,Assisted Digital,2026-01-04T11:52:27,Bank Transfer,63.93,Subscription,Delayed Refund,Positive,Complete,3,Standard,Refund Approval,Resolved,2026-02-14T22:06:53,2026-02-18T16:59:33,120,0,0,1,2,No,No,No,Full Refund,63.93,108.24,17.36,No,Valid
PFXC-002303,TXN-0009514,2026-05-09T01:15:50,Call Centre,Standard,2026-03-29T17:55:50,Wallet Payment,41.20,Digital Services,Subscription Dispute,Neutral,Partial,1,Standard,Customer Service,In Investigation,2026-05-10T03:01:51,,120,1,0,1,4,No,No,No,Pending,0.00,,25.77,No,Valid
PFXC-002304,TXN-0006269,2026-02-04T16:13:32,Mobile,Vulnerable Support,2025-12-21T15:32:32,Cash Withdrawal,115.61,Utilities,Delayed Refund,Frustrated,Complete,3,Standard,Payment Operations,Rejected,2026-02-05T18:55:33,2026-02-08T09:34:45,120,1,0,2,3,No,Yes,No,No Refund,0.00,89.35,26.70,No,Valid
PFXC-002305,TXN-0012443,2025-03-19T21:40:50,Web,Standard,2025-02-11T07:26:50,Direct Debit,36.37,Retail,Delayed Refund,Frustrated,Complete,4,Standard,Payment Operations,Resolved,2025-03-20T17:32:36,2025-03-25T06:20:33,120,2,1,2,3,No,No,No,Full Refund,36.37,128.66,19.86,Yes,Valid
PFXC-002306,TXN-0007441,2025-06-13T20:17:02,Web,Standard,2025-05-10T01:38:02,Card Purchase,56.04,Retail,Merchant Non-confirmation,Distressed,Partial,2,Low,Refund Approval,Resolved,2025-06-14T20:07:28,2025-06-18T12:03:47,168,1,1,3,3,No,Yes,No,Partial Refund,27.61,111.78,23.84,No,Valid
PFXC-002307,TXN-0000123,2025-07-03T05:16:26,Web,Assisted Digital,2025-06-27T18:14:26,Wallet Payment,162.86,Travel,Failed Payment,Neutral,Complete,3,Standard,Technical Support,Resolved,2025-07-04T04:46:30,2025-07-05T10:59:22,120,0,0,1,2,No,No,No,Full Refund,162.86,53.72,23.50,No,Valid
PFXC-002308,TXN-0005550,2025-11-08T15:00:50,Web,Standard,2025-11-03T23:39:50,Cash Withdrawal,31.92,Utilities,Cash Withdrawal Dispute,Frustrated,Complete,2,Low,Customer Service,Resolved,2025-11-09T15:56:04,2025-11-16T06:01:28,168,2,1,4,2,No,No,No,Partial Refund,24.26,183.01,24.92,Yes,Valid
PFXC-002309,TXN-0001000,2026-03-30T10:54:57,Mobile,Standard,2026-03-15T14:16:57,Card Purchase,43.38,Digital Services,Delayed Refund,Frustrated,Partial,2,Standard,Refund Approval,Resolved,2026-03-31T02:02:42,2026-04-05T09:44:09,120,1,2,3,2,No,Yes,No,Full Refund,43.38,142.82,15.13,Yes,Valid
PFXC-002310,TXN-0003919,2025-08-08T02:52:41,Web,Standard,2025-07-03T14:33:41,Direct Debit,117.64,Other,Delayed Refund,Distressed,Missing,0,Low,Fraud Review,Rejected,2025-08-09T09:17:32,2025-08-18T15:53:38,168,2,2,4,4,Yes,Yes,Yes,No Refund,0.00,253.02,30.41,Yes,Valid
PFXC-002311,TXN-0008325,2026-03-06T04:20:28,Mobile,Standard,2026-01-12T09:49:28,Card Purchase,566.02,Utilities,Delayed Refund,Frustrated,Complete,3,Standard,Refund Approval,Resolved,2026-03-06T20:00:21,2026-03-09T17:09:28,120,1,1,2,4,No,No,No,Full Refund,566.02,84.82,15.66,No,Valid
PFXC-002312,TXN-0008866,2026-05-24T19:02:15,Email,Standard,2026-04-27T06:06:15,Card Purchase,81.10,Utilities,Merchant Non-confirmation,Frustrated,Complete,3,Standard,Refund Approval,Resolved,2026-05-25T11:59:22,2026-05-30T07:31:01,120,0,1,2,3,No,No,No,Partial Refund,54.27,132.48,16.95,Yes,Valid
PFXC-002313,TXN-0012287,2025-03-24T12:22:15,Web,Standard,2025-02-26T15:55:15,Bank Transfer,118.34,Travel,Incorrect Amount,Distressed,Partial,2,Standard,Refund Approval,Resolved,2025-03-25T05:50:13,2025-03-31T09:04:24,120,3,1,4,2,No,Yes,Yes,Partial Refund,63.95,164.70,17.47,Yes,Valid
PFXC-002314,TXN-0007432,2025-08-04T19:17:32,Mobile,Assisted Digital,2025-06-12T21:35:32,Card Purchase,20.41,Retail,Duplicate Debit,Neutral,Complete,4,Standard,Payment Operations,Resolved,2025-08-05T14:36:12,2025-08-08T23:06:36,120,2,1,1,2,No,No,No,Full Refund,20.41,99.82,19.31,No,Valid
PFXC-002315,TXN-0009729,2025-03-11T11:36:32,Mobile,Standard,2025-02-26T21:30:32,Card Purchase,66.80,Cash Withdrawal,Delayed Refund,Positive,Complete,4,Standard,Payment Operations,Resolved,2025-03-12T05:54:32,2025-03-15T03:08:04,120,0,1,1,1,No,No,No,Full Refund,66.80,87.53,18.30,No,Valid
PFXC-002316,TXN-0003311,2025-04-06T08:05:37,Web,Standard,2025-03-20T10:16:37,Direct Debit,356.86,Retail,Failed Payment,Frustrated,Complete,2,Standard,Technical Support,Pending Customer,2025-04-07T03:10:39,,120,2,0,2,2,No,Yes,No,Pending,0.00,,19.08,No,Valid
PFXC-002317,TXN-0003756,2026-06-11T17:35:57,Web,Standard,2026-05-13T21:28:57,Card Purchase,16.24,Subscription,Delayed Refund,Frustrated,Complete,3,Standard,Payment Operations,Resolved,2026-06-12T06:57:03,2026-06-16T17:42:50,120,3,1,4,4,No,No,No,Partial Refund,8.44,120.11,13.35,Yes,Valid
PFXC-002318,TXN-0003079,2026-05-24T09:35:21,Chat,Standard,2026-04-04T10:51:21,Wallet Payment,42.47,Travel,Other,Distressed,Missing,0,Standard,Customer Service,Rejected,2026-05-25T04:46:57,2026-06-02T17:41:10,120,1,1,3,4,No,No,No,No Refund,0.00,224.10,19.19,Yes,Valid
PFXC-002319,TXN-0007992,2025-04-13T05:59:29,Email,Standard,2025-03-15T20:31:29,Card Purchase,82.62,Travel,Incorrect Amount,Frustrated,Complete,3,Standard,Payment Operations,Resolved,2025-04-14T11:43:00,2025-04-15T11:16:16,120,1,0,2,1,No,No,No,Full Refund,82.62,53.28,29.73,No,Valid
PFXC-002320,TXN-0002158,2026-03-06T04:03:12,Call Centre,Standard,2026-01-29T08:42:12,Card Purchase,55.60,Retail,Failed Payment,Frustrated,Partial,1,Standard,Complaints,Resolved,2026-03-07T08:42:04,2026-03-11T11:08:39,120,2,0,3,3,No,Yes,Yes,Full Refund,55.60,127.09,28.65,Yes,Valid
PFXC-002321,TXN-0009471,2025-01-04T03:18:26,Mobile,Standard,2024-12-14T13:43:26,Wallet Payment,269.32,Cash Withdrawal,Merchant Non-confirmation,Frustrated,Complete,4,Standard,Technical Support,Rejected,2025-01-04T23:57:41,2025-01-08T14:05:01,120,0,2,2,2,No,No,No,No Refund,0.00,106.78,20.65,No,Valid
PFXC-002322,TXN-0000693,2025-02-25T17:40:38,Mobile,Standard,2025-01-27T04:14:38,Direct Debit,211.12,Digital Services,Duplicate Debit,Neutral,Complete,2,Standard,Payment Operations,Resolved,2025-02-26T07:20:56,2025-02-28T10:52:31,120,2,0,2,2,No,No,No,Full Refund,211.12,65.20,13.67,No,Valid
PFXC-002323,TXN-0001208,2025-03-02T15:46:09,Web,Standard,2025-01-01T12:28:09,Wallet Payment,69.54,Utilities,Incorrect Amount,Neutral,Complete,2,Standard,Payment Operations,In Triage,2025-03-03T11:39:59,,120,2,0,1,2,No,No,No,Pending,0.00,,19.90,No,Valid
PFXC-002324,TXN-0003565,2025-02-15T06:13:30,Mobile,Standard,2025-01-01T19:58:30,Card Purchase,88.65,Digital Services,Cash Withdrawal Dispute,Frustrated,Complete,4,Standard,Customer Service,Rejected,2025-02-16T05:00:32,2025-02-20T13:02:46,120,2,1,4,1,No,No,Yes,No Refund,0.00,126.82,22.78,Yes,Valid
PFXC-002325,TXN-0005215,2026-06-05T04:33:49,Chat,Standard,2026-04-08T15:28:49,Bank Transfer,433.13,Retail,Merchant Non-confirmation,Frustrated,Complete,2,Standard,Technical Support,Pending Customer,2026-06-05T11:19:04,,120,2,0,2,3,No,No,No,Pending,0.00,,6.75,No,Valid
PFXC-002326,TXN-0002653,2026-05-29T06:30:35,Mobile,Assisted Digital,2026-04-10T03:32:35,Direct Debit,21.34,Utilities,Failed Payment,Frustrated,Complete,4,Standard,Technical Support,Rejected,2026-05-30T07:52:12,2026-06-01T01:26:13,120,2,0,3,3,No,No,No,No Refund,0.00,66.93,25.36,No,Valid
PFXC-002327,TXN-0001665,2026-03-10T11:52:33,Call Centre,Standard,2026-02-21T23:26:33,Card Purchase,124.68,Travel,Incorrect Amount,Frustrated,Missing,0,Standard,Complaints,Rejected,2026-03-11T04:40:59,2026-03-17T00:41:04,120,2,1,4,3,No,No,Yes,No Refund,0.00,156.81,16.81,Yes,Valid
PFXC-002328,TXN-0003721,2025-02-23T01:12:36,Mobile,Assisted Digital,2025-01-20T13:01:36,Bank Transfer,69.36,Digital Services,Failed Payment,Neutral,Partial,1,Low,Technical Support,Resolved,2025-02-24T03:17:24,2025-02-26T15:05:05,168,0,0,0,3,No,No,No,Full Refund,69.36,85.87,26.08,No,Valid
PFXC-002329,TXN-0011765,2026-01-28T08:18:24,Call Centre,Standard,2025-12-15T18:44:24,Bank Transfer,55.70,Retail,Incorrect Amount,Distressed,Partial,1,Standard,Payment Operations,Pending Approval,2026-01-28T23:44:23,,120,1,0,2,2,No,No,No,Pending,0.00,,15.43,No,Valid
PFXC-002330,TXN-0005874,2026-03-26T06:15:05,Web,Standard,2026-02-06T13:57:05,Card Purchase,253.33,Other,Merchant Non-confirmation,Frustrated,Complete,2,Standard,Technical Support,Rejected,2026-03-27T00:33:54,2026-03-29T22:57:41,120,2,1,3,3,No,Yes,No,No Refund,0.00,88.71,18.31,No,Valid
PFXC-002331,TXN-0001152,2025-01-26T21:16:30,Mobile,Standard,2025-01-08T20:01:30,Card Purchase,54.46,Cash Withdrawal,Other,Frustrated,Partial,2,Low,Customer Service,Resolved,2025-01-28T06:07:35,2025-02-01T02:20:04,168,2,1,2,4,No,Yes,No,Partial Refund,31.03,125.06,32.85,No,Valid
PFXC-002332,TXN-0000154,2026-02-20T08:10:28,Mobile,Standard,2026-01-23T03:42:28,Bank Transfer,31.66,Digital Services,Unauthorised Transaction,Frustrated,Complete,2,Standard,Customer Service,Resolved,2026-02-21T01:39:23,2026-02-24T21:19:42,120,2,2,2,2,No,No,No,Full Refund,31.66,109.15,17.48,No,Valid
PFXC-002333,TXN-0006625,2025-09-13T05:58:18,Web,Vulnerable Support,2025-09-01T02:20:18,Card Purchase,1432.96,Retail,Failed Payment,Neutral,Partial,2,Standard,Technical Support,Pending Merchant,2025-09-13T17:20:12,,120,2,2,1,3,No,No,No,Pending,0.00,,11.37,No,Valid
PFXC-002334,TXN-0007232,2025-06-06T03:05:46,Mobile,Standard,2025-06-01T13:59:46,Card Purchase,44.02,Retail,Unauthorised Transaction,Frustrated,Complete,3,Standard,Fraud Review,In Investigation,2025-06-06T19:36:45,,120,2,0,1,5,Yes,Yes,No,Pending,0.00,,16.52,No,Valid
PFXC-002335,TXN-0008593,2025-11-30T10:20:13,Mobile,Standard,2025-10-07T03:32:13,Card Purchase,81.13,Utilities,Cash Withdrawal Dispute,Frustrated,Complete,4,Standard,Customer Service,Rejected,2025-12-01T09:47:56,2025-12-04T09:03:42,120,0,1,2,3,No,No,No,No Refund,0.00,94.72,23.46,No,Valid
PFXC-002336,TXN-0011467,2025-06-24T16:42:13,Mobile,Standard,2025-06-16T04:39:13,Wallet Payment,504.12,Digital Services,Duplicate Debit,Frustrated,Missing,0,High,Payment Operations,Rejected,2025-06-24T22:36:35,2025-07-01T01:56:03,72,0,1,2,6,No,Yes,No,No Refund,0.00,153.23,5.91,Yes,Valid
PFXC-002337,TXN-0009513,2025-11-23T09:19:40,Mobile,Vulnerable Support,2025-10-28T03:37:40,Card Purchase,14.52,Subscription,Duplicate Debit,Frustrated,Complete,4,Standard,Payment Operations,Resolved,2025-11-24T04:57:26,2025-11-27T23:18:20,120,2,1,2,4,No,No,No,Partial Refund,3.96,109.98,19.63,No,Valid
PFXC-002338,TXN-0000266,2025-08-24T08:31:56,Mobile,Standard,2025-08-04T18:11:56,Card Purchase,85.85,Cash Withdrawal,Unauthorised Transaction,Distressed,Complete,4,High,Fraud Review,Pending Merchant,2025-08-25T00:52:11,,72,4,0,2,3,Yes,No,No,Pending,0.00,,16.34,No,Valid
PFXC-002339,TXN-0009889,2025-08-14T19:33:56,Web,Standard,2025-08-08T12:06:56,Card Purchase,27.76,Retail,Failed Payment,Frustrated,Partial,2,Standard,Technical Support,Rejected,2025-08-15T17:43:35,2025-08-19T04:16:30,120,1,1,3,1,No,No,No,No Refund,0.00,104.71,22.16,No,Valid
PFXC-002340,TXN-0008229,2025-03-26T09:50:03,Web,Standard,2025-02-01T02:46:03,Card Purchase,89.71,Retail,Unauthorised Transaction,Distressed,Complete,4,High,Refund Approval,Resolved,2025-03-26T14:21:11,2025-03-30T13:58:03,72,1,0,3,1,No,No,No,Partial Refund,49.92,100.13,4.52,Yes,Valid
PFXC-002341,TXN-0001174,2025-11-21T14:25:32,Call Centre,Standard,2025-11-17T22:40:32,Bank Transfer,76.57,Digital Services,Failed Payment,Distressed,Complete,4,Standard,Refund Approval,Resolved,2025-11-22T08:12:33,2025-11-24T06:36:43,120,1,0,2,1,No,Yes,No,Partial Refund,55.27,64.19,17.78,No,Valid
PFXC-002342,TXN-0007484,2026-06-23T05:31:32,Mobile,Standard,2026-05-15T11:56:32,Bank Transfer,61.44,Digital Services,Merchant Non-confirmation,Positive,Complete,4,Standard,Technical Support,In Triage,2026-06-24T02:21:37,,120,2,1,1,3,No,No,No,Pending,0.00,,20.83,No,Valid
PFXC-002343,TXN-0003513,2025-03-24T05:31:57,Web,Standard,2025-03-10T01:02:57,Card Purchase,16.13,Retail,Cash Withdrawal Dispute,Frustrated,Complete,4,High,Customer Service,Resolved,2025-03-24T15:45:36,2025-03-31T17:47:18,72,2,0,3,3,No,No,No,Full Refund,16.13,180.26,10.23,Yes,Valid
PFXC-002344,TXN-0001094,2026-06-07T00:36:28,Chat,Assisted Digital,2026-05-14T12:44:28,Card Purchase,64.49,Retail,Failed Payment,Frustrated,Complete,4,Standard,Technical Support,Rejected,2026-06-07T16:26:20,2026-06-10T00:26:36,120,0,2,1,3,No,No,No,No Refund,0.00,71.84,15.83,No,Valid
PFXC-002345,TXN-0009882,2026-04-07T01:58:17,Call Centre,Assisted Digital,2026-02-08T23:49:17,Bank Transfer,421.15,Retail,Unauthorised Transaction,Frustrated,Partial,1,Standard,Fraud Review,Resolved,2026-04-07T20:37:08,2026-04-16T02:56:24,120,2,0,2,1,Yes,No,No,Fraud Referral,0.00,216.97,18.65,Yes,Valid
PFXC-002346,TXN-0011560,2026-05-09T18:09:00,Web,Standard,2026-03-30T15:07:00,Card Purchase,65.54,Travel,Failed Payment,Neutral,Partial,2,Standard,Technical Support,Resolved,2026-05-10T15:15:43,2026-05-12T12:40:24,120,1,0,0,3,No,No,No,Full Refund,65.54,66.52,21.11,No,Valid
PFXC-002347,TXN-0010320,2025-12-02T01:27:00,Web,Vulnerable Support,2025-10-17T01:32:00,Card Purchase,17.39,Retail,Unauthorised Transaction,Frustrated,Partial,2,Standard,Customer Service,Resolved,2025-12-02T16:30:51,2025-12-08T14:30:23,120,2,0,2,5,No,No,Yes,Full Refund,17.39,157.06,15.06,Yes,Valid
PFXC-002348,TXN-0009816,2026-05-27T21:35:22,Chat,Standard,2026-04-20T06:57:22,Wallet Payment,85.41,Digital Services,Duplicate Debit,Distressed,Partial,2,Standard,Payment Operations,Resolved,2026-05-28T16:14:44,2026-05-31T08:16:00,120,2,1,2,4,No,No,No,Full Refund,85.41,82.68,18.66,No,Valid
PFXC-002349,TXN-0005256,2026-03-29T14:20:56,Web,Standard,2026-02-24T01:05:56,Card Purchase,109.28,Cash Withdrawal,Cash Withdrawal Dispute,Neutral,Complete,2,Low,Customer Service,Resolved,2026-03-30T09:30:54,2026-04-03T11:54:06,168,1,0,0,3,No,Yes,No,Full Refund,109.28,117.55,19.17,No,Valid
PFXC-002350,TXN-0005274,2026-01-25T05:06:28,Web,Standard,2025-11-27T07:26:28,Card Purchase,35.96,Cash Withdrawal,Unauthorised Transaction,Frustrated,Partial,2,Standard,Customer Service,Resolved,2026-01-26T05:30:52,2026-01-31T23:59:09,120,1,1,3,5,No,Yes,Yes,Full Refund,35.96,162.88,24.41,Yes,Valid
PFXC-002351,TXN-0008272,2025-04-28T02:22:45,Web,Standard,2025-04-22T21:40:45,Card Purchase,131.65,Utilities,Subscription Dispute,Frustrated,Missing,0,Standard,Customer Service,Rejected,2025-04-28T19:11:02,2025-05-08T23:47:26,120,3,2,4,3,No,No,Yes,No Refund,0.00,261.41,16.80,Yes,Valid
PFXC-002352,TXN-0004570,2025-02-09T17:36:44,Web,Standard,2025-01-02T03:22:44,Direct Debit,3.04,Subscription,Failed Payment,Neutral,Partial,2,Low,Technical Support,In Investigation,2025-02-10T20:25:44,,168,1,1,1,1,No,No,No,Pending,0.00,,26.82,No,Valid
PFXC-002353,TXN-0010739,2025-11-17T20:04:44,Mobile,Standard,2025-11-11T09:59:44,Card Purchase,26.22,Cash Withdrawal,Subscription Dispute,Frustrated,Complete,3,Standard,Customer Service,Resolved,2025-11-18T04:47:55,2025-11-20T22:40:32,120,0,0,2,2,No,No,No,Full Refund,26.22,74.60,8.72,No,Valid
PFXC-002354,TXN-0001748,2025-12-31T19:36:22,Chat,Standard,2025-12-14T01:29:22,Direct Debit,200.08,Utilities,Duplicate Debit,Neutral,Partial,2,Standard,Payment Operations,Resolved,2026-01-01T09:37:17,2026-01-02T22:38:09,120,1,0,0,0,No,No,No,Full Refund,200.08,51.03,14.02,No,Valid
PFXC-002355,TXN-0002457,2025-03-10T18:37:19,Web,Standard,2025-01-30T07:58:19,Direct Debit,70.27,Utilities,Merchant Non-confirmation,Neutral,Partial,2,Standard,Technical Support,In Investigation,2025-03-11T15:24:05,,120,0,1,0,5,No,No,No,Pending,0.00,,20.78,No,Valid
PFXC-002356,TXN-0005039,2025-03-13T08:58:21,Web,Standard,2025-02-04T19:20:21,Card Purchase,108.96,Retail,Incorrect Amount,Frustrated,Partial,2,Standard,Payment Operations,Pending Customer,2025-03-14T07:35:21,,120,2,0,2,2,No,No,No,Pending,0.00,,22.62,No,Valid
PFXC-002357,TXN-0003027,2025-06-05T16:01:27,Mobile,Standard,2025-04-07T01:36:27,Bank Transfer,120.39,Other,Duplicate Debit,Neutral,Partial,1,Low,Refund Approval,Resolved,2025-06-06T20:23:19,2025-06-09T12:38:22,168,1,0,2,3,No,Yes,No,Full Refund,120.39,92.62,28.36,No,Valid
PFXC-002358,TXN-0009861,2026-06-29T06:47:39,Mobile,Standard,2026-05-01T17:53:39,Card Purchase,68.75,Retail,Duplicate Debit,Distressed,Complete,3,Standard,Payment Operations,Rejected,2026-06-29T23:09:35,2026-07-02T15:28:50,120,2,1,3,4,No,Yes,No,No Refund,0.00,80.69,16.37,No,Valid
PFXC-002359,TXN-0004585,2025-04-15T09:01:18,Email,Standard,2025-02-16T07:31:18,Bank Transfer,79.38,Travel,Incorrect Amount,Neutral,Complete,3,Standard,Payment Operations,Resolved,2025-04-16T00:57:28,2025-04-17T11:44:29,120,1,1,1,2,No,No,No,Full Refund,79.38,50.72,15.94,No,Valid
PFXC-002360,TXN-0010957,2025-03-06T01:52:43,Call Centre,Standard,2025-02-04T03:37:43,Card Purchase,30.03,Retail,Incorrect Amount,Frustrated,Partial,1,Standard,Payment Operations,Resolved,2025-03-06T20:01:38,2025-03-11T02:34:34,120,2,1,4,2,No,No,No,Full Refund,30.03,120.70,18.15,Yes,Valid
PFXC-002361,TXN-0004060,2025-09-18T11:55:13,Web,Standard,2025-08-31T19:01:13,Cash Withdrawal,149.77,Digital Services,Subscription Dispute,Neutral,Complete,2,Standard,Refund Approval,Resolved,2025-09-19T19:36:37,2025-09-22T13:41:14,120,1,1,1,2,No,No,No,Full Refund,149.77,97.77,31.69,No,Valid
PFXC-002362,TXN-0008340,2026-01-19T01:41:53,Mobile,Assisted Digital,2025-12-15T11:27:53,Wallet Payment,40.66,Retail,Delayed Refund,Frustrated,Partial,1,Low,Payment Operations,Resolved,2026-01-20T07:38:35,2026-01-26T05:28:42,168,3,0,3,4,No,No,No,Full Refund,40.66,171.78,29.95,Yes,Valid
PFXC-002363,TXN-0003951,2025-10-08T12:24:50,Mobile,Standard,2025-08-27T17:39:50,Wallet Payment,23.04,Retail,Unauthorised Transaction,Frustrated,Complete,4,High,Customer Service,Resolved,2025-10-08T21:07:35,2025-10-13T22:14:04,72,2,0,2,4,No,No,No,Fraud Referral,0.00,129.82,8.71,Yes,Valid
PFXC-002364,TXN-0002150,2025-02-03T02:53:09,Web,Standard,2025-01-07T05:46:09,Card Purchase,36.93,Retail,Cash Withdrawal Dispute,Frustrated,Complete,4,High,Fraud Review,Resolved,2025-02-03T09:06:33,2025-02-10T01:20:23,72,0,1,3,3,Yes,Yes,Yes,Full Refund,36.93,166.45,6.22,Yes,Valid
PFXC-002365,TXN-0008830,2025-12-29T07:09:52,Web,Standard,2025-12-23T01:29:52,Card Purchase,69.44,Travel,Incorrect Amount,Frustrated,Complete,4,Standard,Payment Operations,Resolved,2025-12-30T09:25:01,2026-01-03T16:40:00,120,1,1,4,2,No,No,No,Partial Refund,47.17,129.50,26.25,Yes,Valid
PFXC-002366,TXN-0002227,2025-11-04T09:41:37,Web,Standard,2025-10-23T12:40:37,Wallet Payment,188.32,Retail,Delayed Refund,Frustrated,Complete,2,Standard,Payment Operations,Awaiting Evidence,2025-11-05T00:40:25,,120,2,1,2,1,No,No,No,Pending,0.00,,14.98,No,Valid
PFXC-002367,TXN-0009736,2026-01-27T19:13:46,Mobile,Standard,2026-01-13T19:01:46,Card Purchase,115.50,Travel,Delayed Refund,Frustrated,Partial,2,Standard,Payment Operations,Resolved,2026-01-28T13:15:34,2026-02-04T09:37:25,120,4,1,4,2,No,Yes,Yes,Full Refund,115.50,182.39,18.03,Yes,Valid
PFXC-002368,TXN-0003354,2026-05-07T04:42:51,Call Centre,Vulnerable Support,2026-03-22T12:12:51,Direct Debit,30.99,Retail,Other,Distressed,Missing,0,Standard,Customer Service,Resolved,2026-05-07T22:16:01,2026-05-13T23:50:22,120,2,1,3,5,No,No,No,Full Refund,30.99,163.13,17.55,Yes,Valid
PFXC-002369,TXN-0009357,2026-06-20T19:47:42,Web,Standard,2026-06-04T07:29:42,Direct Debit,262.33,Cash Withdrawal,Subscription Dispute,Frustrated,Missing,0,Standard,Customer Service,Pending Customer,2026-06-21T18:21:52,,120,0,1,2,3,No,No,No,Pending,0.00,,22.57,No,Valid
PFXC-002370,TXN-0010833,2025-08-03T09:59:11,Call Centre,Standard,2025-07-11T11:52:11,Bank Transfer,116.04,Retail,Duplicate Debit,Frustrated,Complete,4,Standard,Payment Operations,Cancelled,2025-08-04T09:48:47,2025-08-05T13:56:06,120,1,0,1,2,No,No,No,Duplicate Case,0.00,51.95,23.83,No,Valid
PFXC-002371,TXN-0002528,2025-09-24T16:07:07,Call Centre,Standard,2025-08-03T02:35:07,Card Purchase,131.98,Travel,Duplicate Debit,Positive,Complete,3,Standard,Refund Approval,Resolved,2025-09-25T06:54:06,2025-09-28T07:47:32,120,3,0,1,4,No,No,No,Full Refund,131.98,87.67,14.78,No,Valid
PFXC-002372,TXN-0011698,2025-02-26T02:06:37,Call Centre,Standard,2025-01-11T21:18:37,Card Purchase,122.08,Utilities,Failed Payment,Neutral,Complete,4,Standard,Technical Support,Rejected,2025-02-26T23:21:39,2025-03-02T00:36:54,120,2,0,2,2,No,Yes,No,No Refund,0.00,94.50,21.25,No,Valid
PFXC-002373,TXN-0010922,2026-06-30T00:18:40,Mobile,Standard,2026-05-19T09:06:40,Cash Withdrawal,53.23,Retail,Subscription Dispute,Frustrated,Complete,4,Standard,Customer Service,In Investigation,2026-06-30T19:38:49,,120,1,1,2,3,No,No,No,Pending,0.00,,19.34,No,Valid
PFXC-002374,TXN-0010551,2025-01-25T20:26:33,Mobile,Standard,2024-12-01T17:00:33,Wallet Payment,219.26,Utilities,Merchant Non-confirmation,Positive,Complete,4,Standard,Technical Support,Resolved,2025-01-26T12:20:58,2025-01-30T12:43:34,120,1,0,0,4,No,No,No,Full Refund,219.26,112.28,15.91,No,Valid
PFXC-002375,TXN-0007218,2025-08-30T17:35:23,Mobile,Vulnerable Support,2025-07-23T23:56:23,Direct Debit,77.71,Travel,Duplicate Debit,Frustrated,Missing,0,Standard,Complaints,Resolved,2025-08-31T14:32:41,2025-09-07T08:23:55,120,2,1,3,3,No,No,Yes,Full Refund,77.71,182.81,20.96,Yes,Valid
PFXC-002376,TXN-0011520,2025-12-02T23:53:09,Web,Standard,2025-11-15T12:30:09,Card Purchase,239.56,Cash Withdrawal,Delayed Refund,Neutral,Partial,2,Standard,Payment Operations,Resolved,2025-12-03T17:34:44,2025-12-07T20:32:09,120,2,1,3,2,No,No,No,Full Refund,239.56,116.65,17.69,No,Valid
PFXC-002377,TXN-0006175,2025-06-28T02:17:13,Mobile,Assisted Digital,2025-05-31T08:58:13,Card Purchase,44.09,Retail,Failed Payment,Frustrated,Missing,0,Standard,Technical Support,Resolved,2025-06-28T16:29:48,2025-07-04T15:05:10,120,1,2,4,3,No,No,Yes,Partial Refund,29.05,156.80,14.21,Yes,Valid
PFXC-002378,TXN-0001097,2026-02-10T02:52:04,Web,Standard,2026-01-31T00:28:04,Bank Transfer,61.69,Subscription,Delayed Refund,Neutral,Complete,3,Low,Fraud Review,Resolved,2026-02-11T00:07:07,2026-02-16T07:03:08,168,2,0,0,3,Yes,No,No,Fraud Referral,0.00,148.18,21.25,No,Valid
PFXC-002379,TXN-0000262,2026-01-16T07:44:07,Mobile,Assisted Digital,2025-12-02T05:21:07,Card Purchase,26.62,Subscription,Failed Payment,Distressed,Partial,2,Standard,Fraud Review,Resolved,2026-01-17T05:32:49,2026-01-22T12:52:16,120,2,0,2,3,Yes,No,Yes,Partial Refund,9.81,149.14,21.81,Yes,Valid
PFXC-002380,TXN-0004941,2025-09-06T23:44:08,Mobile,Standard,2025-07-11T01:37:08,Direct Debit,110.31,Utilities,Failed Payment,Frustrated,Complete,4,Standard,Technical Support,Resolved,2025-09-07T14:39:50,2025-09-10T09:04:27,120,1,1,3,2,No,No,No,Full Refund,110.31,81.34,14.93,No,Valid
PFXC-002381,TXN-0010724,2026-05-22T01:06:54,Mobile,Standard,2026-04-19T22:36:54,Bank Transfer,149.67,Cash Withdrawal,Delayed Refund,Frustrated,Complete,4,Standard,Payment Operations,Rejected,2026-05-22T14:09:36,2026-05-25T15:43:32,120,1,1,3,1,No,No,No,No Refund,0.00,86.61,13.05,No,Valid
PFXC-002382,TXN-0001914,2025-11-08T22:14:03,Web,Standard,2025-10-10T17:15:03,Card Purchase,71.80,Subscription,Subscription Dispute,Neutral,Partial,1,Standard,Customer Service,Cancelled,2025-11-09T15:54:11,2025-11-13T04:42:19,120,2,1,1,2,No,No,No,Customer Withdrawn,0.00,102.47,17.67,No,Valid
PFXC-002383,TXN-0009890,2025-04-18T18:14:43,Mobile,Standard,2025-03-17T23:35:43,Bank Transfer,48.51,Utilities,Failed Payment,Frustrated,Complete,4,Low,Complaints,Resolved,2025-04-20T04:03:01,2025-04-23T06:47:43,168,2,0,2,3,No,No,Yes,Full Refund,48.51,108.55,33.81,No,Valid
PFXC-002384,TXN-0010655,2025-01-04T02:09:17,Web,Assisted Digital,2024-12-29T21:34:17,Card Purchase,286.12,Cash Withdrawal,Duplicate Debit,Neutral,Complete,3,Standard,Payment Operations,Resolved,2025-01-04T17:09:05,2025-01-07T01:44:19,120,1,0,2,1,No,No,No,Full Refund,286.12,71.58,15.00,No,Valid
PFXC-002385,TXN-0003114,2025-06-09T02:13:05,Chat,Standard,2025-05-16T02:12:05,Bank Transfer,56.87,Utilities,Subscription Dispute,Frustrated,Complete,4,Standard,Customer Service,Resolved,2025-06-09T22:20:38,2025-06-12T13:07:19,120,4,0,2,2,No,No,No,Full Refund,56.87,82.90,20.13,No,Valid
PFXC-002386,TXN-0006083,2025-12-04T18:15:40,Email,Standard,2025-10-09T00:52:40,Bank Transfer,6.94,Retail,Merchant Non-confirmation,Neutral,Complete,3,Low,Technical Support,Pending Customer,2025-12-06T02:38:20,,168,0,1,3,3,No,No,Yes,Pending,0.00,,32.38,No,Valid
PFXC-002387,TXN-0002179,2025-10-30T04:40:41,Call Centre,Standard,2025-09-27T10:20:41,Card Purchase,220.07,Subscription,Merchant Non-confirmation,Positive,Complete,2,Low,Technical Support,Rejected,2025-10-30T22:13:34,2025-11-01T11:40:24,168,0,0,0,2,No,No,No,No Refund,0.00,55.00,17.55,No,Valid
PFXC-002388,TXN-0010878,2025-11-16T23:10:55,Mobile,Vulnerable Support,2025-10-04T01:55:55,Card Purchase,57.17,Retail,Duplicate Debit,Positive,Partial,2,Standard,Payment Operations,Cancelled,2025-11-17T13:36:37,2025-11-20T07:08:28,120,1,0,1,4,No,No,No,Duplicate Case,0.00,79.96,14.43,No,Valid
PFXC-002389,TXN-0011930,2025-09-08T18:20:38,Chat,Standard,2025-07-21T22:16:38,Direct Debit,110.76,Digital Services,Incorrect Amount,Neutral,Complete,3,Standard,Payment Operations,Resolved,2025-09-09T13:30:10,2025-09-11T08:32:32,120,0,1,1,2,No,No,No,Full Refund,110.76,62.20,19.16,No,Valid
PFXC-002390,TXN-0004739,2025-01-28T10:27:24,Call Centre,Standard,2024-12-23T22:04:24,Card Purchase,8.77,Digital Services,Failed Payment,Frustrated,Partial,2,Standard,Technical Support,Rejected,2025-01-29T13:00:45,2025-02-01T18:15:13,120,2,1,3,2,No,No,No,No Refund,0.00,103.80,26.56,No,Valid
PFXC-002391,TXN-0000961,2026-05-08T13:46:41,Mobile,Vulnerable Support,2026-03-27T02:24:41,Direct Debit,40.28,Travel,Unauthorised Transaction,Frustrated,Complete,3,High,Fraud Review,Resolved,2026-05-09T04:19:21,2026-05-15T11:21:34,72,1,0,1,1,Yes,No,No,Fraud Referral,0.00,165.58,14.54,Yes,Valid
PFXC-002392,TXN-0002983,2025-06-29T08:23:57,Mobile,Standard,2025-05-18T15:14:57,Cash Withdrawal,107.77,Utilities,Incorrect Amount,Frustrated,Missing,0,Standard,Fraud Review,Resolved,2025-06-29T19:11:18,2025-07-10T07:10:05,120,2,3,6,5,Yes,Yes,No,Full Refund,107.77,262.77,10.79,Yes,Valid
PFXC-002393,TXN-0003181,2026-02-14T08:13:16,Mobile,Vulnerable Support,2026-01-14T16:05:16,Card Purchase,323.68,Digital Services,Unauthorised Transaction,Frustrated,Complete,2,High,Customer Service,Resolved,2026-02-14T13:44:52,2026-02-19T20:27:18,72,3,0,4,3,No,Yes,Yes,Full Refund,323.68,132.23,5.53,Yes,Valid
PFXC-002394,TXN-0008616,2025-03-03T23:26:08,Call Centre,Standard,2025-02-17T15:51:08,Card Purchase,63.27,Other,Subscription Dispute,Distressed,Missing,0,Low,Customer Service,Rejected,2025-03-04T23:31:13,2025-03-12T02:16:42,168,1,1,3,4,No,Yes,No,No Refund,0.00,194.84,24.08,Yes,Valid
PFXC-002395,TXN-0011904,2026-06-19T04:27:51,Web,Standard,2026-05-03T05:51:51,Bank Transfer,28.81,Travel,Subscription Dispute,Distressed,Partial,1,Standard,Complaints,Resolved,2026-06-19T13:16:22,2026-06-24T11:01:58,120,0,1,5,0,No,Yes,Yes,Full Refund,28.81,126.57,8.81,Yes,Valid
PFXC-002396,TXN-0010259,2025-12-23T16:23:52,Call Centre,Assisted Digital,2025-11-11T21:24:52,Wallet Payment,97.17,Cash Withdrawal,Failed Payment,Distressed,Missing,0,Standard,Technical Support,Resolved,2025-12-24T02:47:28,2025-12-30T12:49:13,120,1,1,3,3,No,No,Yes,Full Refund,97.17,164.42,10.39,Yes,Valid
PFXC-002397,TXN-0008445,2025-03-10T22:25:14,Web,Standard,2025-01-30T13:21:14,Card Purchase,494.60,Subscription,Duplicate Debit,Frustrated,Complete,3,Standard,Payment Operations,Resolved,2025-03-11T11:18:25,2025-03-11T23:08:26,120,2,0,0,2,No,No,No,Full Refund,494.60,24.72,12.89,No,Valid
PFXC-002398,TXN-0009227,2025-01-04T07:38:25,Call Centre,Standard,2024-12-31T02:09:25,Cash Withdrawal,265.61,Subscription,Delayed Refund,Neutral,Complete,2,Standard,Payment Operations,Resolved,2025-01-04T20:03:09,2025-01-08T17:59:01,120,1,0,1,2,No,Yes,No,Full Refund,265.61,106.34,12.41,No,Valid
PFXC-002399,TXN-0002867,2025-03-12T23:17:32,Web,Standard,2025-03-06T23:56:32,Bank Transfer,67.49,Subscription,Incorrect Amount,Frustrated,Complete,3,Low,Payment Operations,Cancelled,2025-03-13T22:30:06,2025-03-15T13:10:15,168,1,0,2,0,No,Yes,No,Customer Withdrawn,0.00,61.88,23.21,No,Valid
PFXC-002400,TXN-0005184,2026-04-02T02:53:20,Email,Standard,2026-02-24T06:56:20,Card Purchase,6.20,Digital Services,Unauthorised Transaction,Distressed,Complete,2,Standard,Customer Service,Resolved,2026-04-02T20:49:56,2026-04-08T01:57:54,120,0,2,5,2,No,No,Yes,Fraud Referral,0.00,143.08,17.94,Yes,Valid
PFXC-002401,TXN-0003384,2025-01-27T19:36:59,Mobile,Standard,2025-01-24T09:26:59,Bank Transfer,171.92,Cash Withdrawal,Other,Frustrated,Partial,1,Standard,Customer Service,Resolved,2025-01-28T23:29:38,2025-02-02T01:06:28,120,0,1,3,3,No,Yes,No,Full Refund,171.92,125.49,27.88,Yes,Valid
PFXC-002402,TXN-0006944,2025-01-03T18:44:45,Chat,Standard,2024-12-15T11:13:45,Card Purchase,36.91,Utilities,Merchant Non-confirmation,Frustrated,Partial,2,Standard,Refund Approval,Resolved,2025-01-04T17:13:37,2025-01-09T03:45:20,120,0,0,3,2,No,No,No,Full Refund,36.91,129.01,22.48,Yes,Valid
PFXC-002403,TXN-0007750,2026-06-27T06:01:09,Web,Standard,2026-06-05T06:31:09,Direct Debit,30.05,Retail,Incorrect Amount,Distressed,Complete,3,Low,Refund Approval,Resolved,2026-06-28T09:53:46,2026-07-01T20:54:00,168,2,1,2,3,No,No,No,Partial Refund,21.23,110.88,27.88,No,Valid
PFXC-002404,TXN-0010563,2025-12-24T12:59:48,Chat,Standard,2025-11-29T09:31:48,Card Purchase,25.21,Other,Unauthorised Transaction,Frustrated,Partial,2,Standard,Customer Service,Pending Approval,2025-12-25T06:36:45,,120,0,1,2,3,No,No,No,Pending,0.00,,17.62,No,Valid
PFXC-002405,TXN-0004957,2025-08-28T20:23:25,Call Centre,Standard,2025-08-02T23:55:25,Bank Transfer,56.30,Cash Withdrawal,Delayed Refund,Neutral,Complete,4,Standard,Payment Operations,Resolved,2025-08-30T00:02:31,2025-09-01T04:19:32,120,1,0,0,2,No,No,No,Full Refund,56.30,79.94,27.65,No,Valid
PFXC-002406,TXN-0007291,2025-11-07T11:04:47,Chat,Standard,2025-09-17T23:21:47,Card Purchase,152.15,Retail,Delayed Refund,Frustrated,Partial,2,Standard,Payment Operations,Resolved,2025-11-08T08:53:44,2025-11-10T22:18:40,120,2,1,3,3,No,No,No,Full Refund,152.15,83.23,21.82,No,Valid
PFXC-002407,TXN-0006537,2025-09-12T17:32:13,Email,Vulnerable Support,2025-09-01T06:45:13,Bank Transfer,53.50,Retail,Duplicate Debit,Distressed,Missing,0,Standard,Refund Approval,Resolved,2025-09-13T03:32:03,2025-09-19T00:28:20,120,2,1,3,1,No,Yes,No,Full Refund,53.50,150.94,10.00,Yes,Valid
PFXC-002408,TXN-0001960,2025-03-16T10:23:09,Mobile,Standard,2025-01-25T20:14:09,Card Purchase,23.25,Digital Services,Unauthorised Transaction,Distressed,Complete,2,Standard,Customer Service,Pending Customer,2025-03-16T21:01:05,,120,1,1,3,2,No,No,No,Pending,0.00,,10.63,No,Valid
PFXC-002409,TXN-0004529,2025-07-29T10:06:33,Mobile,Standard,2025-07-19T10:24:33,Direct Debit,168.47,Retail,Failed Payment,Frustrated,Missing,0,Low,Technical Support,Awaiting Evidence,2025-07-30T18:30:49,,168,0,3,3,3,No,No,No,Pending,0.00,,32.40,No,Valid
PFXC-002410,TXN-0008487,2025-04-29T21:22:12,Web,Standard,2025-04-01T21:30:12,Bank Transfer,581.89,Retail,Duplicate Debit,Frustrated,Partial,2,Standard,Fraud Review,Resolved,2025-05-01T03:46:34,2025-05-05T07:59:57,120,2,1,2,3,Yes,No,No,Full Refund,581.89,130.63,30.41,Yes,Valid
PFXC-002411,TXN-0007870,2025-08-26T02:52:34,Mobile,Standard,2025-06-26T19:22:34,Bank Transfer,17.97,Retail,Delayed Refund,Frustrated,Missing,0,Standard,Payment Operations,Resolved,2025-08-26T22:05:37,2025-09-01T07:23:37,120,0,1,3,3,No,No,No,Full Refund,17.97,148.52,19.22,Yes,Valid
PFXC-002412,TXN-0008117,2026-04-15T03:39:02,Chat,Standard,2026-02-25T19:49:02,Bank Transfer,23.09,Travel,Incorrect Amount,Frustrated,Complete,2,Standard,Payment Operations,Pending Customer,2026-04-15T20:04:15,,120,1,0,0,2,No,No,No,Pending,0.00,,16.42,No,Valid
PFXC-002413,TXN-0006187,2025-04-01T12:48:58,Mobile,Vulnerable Support,2025-03-17T04:33:58,Bank Transfer,63.73,Utilities,Subscription Dispute,Positive,Complete,4,Low,Customer Service,Resolved,2025-04-02T12:48:42,2025-04-06T14:58:03,168,2,0,1,4,No,No,No,Full Refund,63.73,122.15,24.00,No,Valid
PFXC-002414,TXN-0004796,2026-04-24T03:10:14,Mobile,Standard,2026-02-22T13:34:14,Bank Transfer,168.29,Retail,Unauthorised Transaction,Frustrated,Complete,3,Standard,Fraud Review,Rejected,2026-04-24T16:24:22,2026-05-02T06:03:54,120,3,0,3,4,Yes,Yes,No,No Refund,0.00,194.89,13.24,Yes,Valid
PFXC-002415,TXN-0011117,2026-05-19T13:23:28,Web,Standard,2026-04-15T15:46:28,Bank Transfer,80.22,Travel,Cash Withdrawal Dispute,Frustrated,Missing,0,Standard,Fraud Review,Resolved,2026-05-20T10:30:03,2026-05-31T03:38:00,120,4,2,4,5,Yes,No,Yes,Partial Refund,54.76,278.24,21.11,Yes,Valid
PFXC-002416,TXN-0004606,2025-10-08T22:01:19,Call Centre,Vulnerable Support,2025-09-16T19:21:19,Card Purchase,48.05,Retail,Unauthorised Transaction,Neutral,Complete,3,Standard,Customer Service,Resolved,2025-10-09T13:38:58,2025-10-12T18:34:41,120,1,0,0,2,No,No,No,Partial Refund,29.04,92.56,15.63,No,Valid
PFXC-002417,TXN-0004548,2025-08-25T20:09:38,Web,Standard,2025-07-17T06:33:38,Card Purchase,108.97,Retail,Other,Frustrated,Partial,2,Standard,Customer Service,Rejected,2025-08-26T18:21:55,2025-09-02T04:50:56,120,3,1,4,3,No,No,No,No Refund,0.00,176.69,22.20,Yes,Valid
PFXC-002418,TXN-0001366,2026-06-25T00:02:46,Web,Vulnerable Support,2026-06-08T21:34:46,Wallet Payment,13.49,Retail,Merchant Non-confirmation,Frustrated,Partial,1,High,Technical Support,Pending Customer,2026-06-25T00:17:46,,72,1,3,3,3,No,No,Yes,Pending,0.00,,0.25,No,Valid
PFXC-002419,TXN-0006659,2026-01-09T00:33:01,Web,Standard,2026-01-07T15:40:01,Card Purchase,62.25,Retail,Failed Payment,Frustrated,Partial,1,Low,Technical Support,Rejected,2026-01-10T10:05:14,2026-01-13T11:16:19,168,1,1,1,2,No,No,No,No Refund,0.00,106.72,33.54,No,Valid
PFXC-002420,TXN-0007341,2025-01-24T07:55:59,Call Centre,Assisted Digital,2024-11-29T20:13:59,Direct Debit,20.61,Digital Services,Duplicate Debit,Frustrated,Missing,0,Standard,Payment Operations,Resolved,2025-01-25T05:33:44,2025-01-29T20:37:15,120,0,2,3,3,No,No,No,Full Refund,20.61,132.69,21.63,Yes,Valid
PFXC-002421,TXN-0008513,2026-02-03T06:56:37,Web,Standard,2026-01-08T12:45:37,Wallet Payment,112.11,Retail,Unauthorised Transaction,Frustrated,Missing,0,Standard,Customer Service,Awaiting Evidence,2026-02-04T02:56:14,,120,1,1,3,4,No,No,Yes,Pending,0.00,,19.99,No,Valid
PFXC-002422,TXN-0001837,2026-04-02T04:25:53,Email,Standard,2026-02-22T18:07:53,Wallet Payment,102.61,Retail,Failed Payment,Frustrated,Complete,3,Standard,Technical Support,Rejected,2026-04-03T00:48:56,2026-04-07T07:43:32,120,2,2,5,0,No,Yes,No,No Refund,0.00,123.29,20.38,Yes,Valid
PFXC-002423,TXN-0003695,2026-02-11T15:41:49,Call Centre,Standard,2026-01-29T00:42:49,Card Purchase,93.66,Other,Merchant Non-confirmation,Frustrated,Partial,2,Standard,Technical Support,Resolved,2026-02-12T11:11:15,2026-02-18T05:15:17,120,1,1,3,2,No,No,No,Full Refund,93.66,157.56,19.49,Yes,Valid
PFXC-002424,TXN-0009417,2025-02-04T13:06:32,Mobile,Standard,2025-02-01T00:45:32,Card Purchase,422.35,Retail,Delayed Refund,Distressed,Complete,3,Standard,Payment Operations,Resolved,2025-02-05T09:20:29,2025-02-09T21:05:56,120,1,0,2,3,No,Yes,No,Full Refund,422.35,127.99,20.23,Yes,Valid
PFXC-002425,TXN-0006714,2025-05-16T05:04:51,Web,Standard,2025-03-26T19:34:51,Cash Withdrawal,34.28,Digital Services,Subscription Dispute,Frustrated,Partial,2,Standard,Customer Service,Rejected,2025-05-16T19:07:52,2025-05-21T13:00:56,120,1,0,2,4,No,No,No,No Refund,0.00,127.93,14.05,Yes,Valid
PFXC-002426,TXN-0001551,2025-11-06T23:41:27,Web,Vulnerable Support,2025-10-25T23:08:27,Wallet Payment,42.60,Other,Cash Withdrawal Dispute,Frustrated,Partial,1,Standard,Customer Service,Rejected,2025-11-07T17:28:09,2025-11-14T12:27:24,120,3,0,3,5,No,Yes,Yes,No Refund,0.00,180.77,17.78,Yes,Valid
PFXC-002427,TXN-0002663,2025-05-13T04:36:57,Email,Standard,2025-03-21T13:56:57,Cash Withdrawal,11.34,Travel,Other,Frustrated,Complete,3,Standard,Customer Service,Resolved,2025-05-13T19:51:44,2025-05-18T17:26:47,120,0,2,4,3,No,Yes,No,Full Refund,11.34,132.83,15.25,Yes,Valid
PFXC-002428,TXN-0001049,2025-12-24T13:36:52,Chat,Standard,2025-12-16T23:02:52,Bank Transfer,89.47,Digital Services,Unauthorised Transaction,Distressed,Complete,3,Standard,Fraud Review,Rejected,2025-12-25T05:47:23,2026-01-01T18:06:35,120,2,2,4,4,Yes,No,No,No Refund,0.00,196.50,16.18,Yes,Valid
PFXC-002429,TXN-0001677,2025-09-05T17:59:40,Web,Standard,2025-07-08T21:50:40,Bank Transfer,7.00,Digital Services,Failed Payment,Frustrated,Missing,0,Standard,Refund Approval,Resolved,2025-09-06T11:34:49,2025-09-11T14:46:02,120,0,1,1,3,No,No,Yes,Full Refund,7.00,140.77,17.59,Yes,Valid
PFXC-002430,TXN-0003894,2026-04-07T02:16:43,Web,Standard,2026-02-19T06:10:43,Card Purchase,35.25,Other,Incorrect Amount,Neutral,Complete,2,Low,Payment Operations,Cancelled,2026-04-08T08:48:28,2026-04-09T23:25:09,168,0,0,1,3,No,Yes,No,Customer Withdrawn,0.00,69.14,30.53,No,Valid
PFXC-002431,TXN-0010191,2025-10-12T09:35:31,Mobile,Standard,2025-09-17T18:22:31,Bank Transfer,247.03,Travel,Merchant Non-confirmation,Frustrated,Missing,0,Standard,Technical Support,Rejected,2025-10-13T03:57:25,2025-10-20T18:09:39,120,2,2,5,4,No,No,No,No Refund,0.00,200.57,18.37,Yes,Valid
PFXC-002432,TXN-0004455,2025-05-26T15:56:21,Call Centre,Standard,2025-04-21T13:39:21,Direct Debit,267.65,Digital Services,Incorrect Amount,Frustrated,Complete,4,Standard,Payment Operations,Cancelled,2025-05-27T08:04:44,2025-05-29T04:13:34,120,1,0,4,2,No,No,No,Customer Withdrawn,0.00,60.29,16.14,No,Valid
PFXC-002433,TXN-0004127,2025-07-21T15:14:33,Call Centre,Standard,2025-06-21T22:18:33,Bank Transfer,146.85,Retail,Merchant Non-confirmation,Frustrated,Complete,2,Standard,Technical Support,Rejected,2025-07-22T06:40:24,2025-07-26T04:37:34,120,0,1,0,2,No,No,No,No Refund,0.00,109.38,15.43,No,Valid
PFXC-002434,TXN-0009817,2025-01-11T21:37:30,Web,Standard,2024-11-24T20:53:30,Card Purchase,228.16,Retail,Unauthorised Transaction,Frustrated,Missing,0,High,Fraud Review,Resolved,2025-01-12T01:00:41,2025-01-22T12:14:06,72,0,1,2,3,Yes,Yes,No,Fraud Referral,0.00,254.61,3.39,Yes,Valid
PFXC-002435,TXN-0009005,2025-04-06T22:08:11,Email,Assisted Digital,2025-02-16T15:01:11,Card Purchase,118.36,Retail,Other,Frustrated,Complete,2,Standard,Customer Service,Resolved,2025-04-08T03:27:57,2025-04-11T16:41:06,120,0,1,2,3,No,No,No,Full Refund,118.36,114.55,29.33,No,Valid
PFXC-002436,TXN-0010493,2025-07-13T16:31:07,Mobile,Assisted Digital,2025-07-09T16:45:07,Bank Transfer,81.28,Other,Incorrect Amount,Frustrated,Complete,2,Standard,Fraud Review,Resolved,2025-07-14T08:29:41,2025-07-18T00:00:27,120,3,0,2,2,Yes,No,No,Full Refund,81.28,103.49,15.98,No,Valid
PFXC-002437,TXN-0011029,2025-01-23T07:08:27,Call Centre,Assisted Digital,2024-12-03T16:18:27,Wallet Payment,121.34,Retail,Duplicate Debit,Frustrated,Complete,3,Standard,Payment Operations,Resolved,2025-01-24T03:21:18,2025-01-26T19:24:14,120,1,1,2,3,No,No,No,Full Refund,121.34,84.26,20.21,No,Valid
PFXC-002438,TXN-0000112,2025-06-01T20:46:33,Web,Standard,2025-04-23T02:16:33,Wallet Payment,91.02,Retail,Subscription Dispute,Distressed,Complete,4,Standard,Customer Service,Resolved,2025-06-02T10:50:07,2025-06-06T04:17:37,120,3,1,2,2,No,No,Yes,Full Refund,91.02,103.52,14.06,No,Valid
PFXC-002439,TXN-0012016,2026-06-04T03:38:53,Call Centre,Standard,2026-05-21T15:55:53,Bank Transfer,27.02,Digital Services,Other,Frustrated,Complete,3,Standard,Customer Service,Pending Customer,2026-06-04T22:35:25,,120,0,1,2,1,No,No,No,Pending,0.00,,18.94,No,Valid
PFXC-002440,TXN-0004510,2025-06-20T03:07:01,Email,Standard,2025-04-20T03:22:01,Card Purchase,26.31,Digital Services,Subscription Dispute,Frustrated,Missing,0,Standard,Customer Service,Resolved,2025-06-21T02:26:42,2025-06-28T19:06:44,120,1,2,3,3,No,Yes,No,Partial Refund,17.11,208.00,23.33,Yes,Valid
PFXC-002441,TXN-0006754,2026-02-24T05:23:03,Web,Standard,2026-02-07T02:08:03,Direct Debit,24.59,Retail,Merchant Non-confirmation,Frustrated,Partial,2,Low,Technical Support,Pending Approval,2026-02-25T12:53:36,,168,2,1,2,3,No,No,No,Pending,0.00,,31.51,No,Valid
PFXC-002442,TXN-0010752,2025-04-10T10:49:18,Web,Standard,2025-03-22T12:13:18,Card Purchase,25.27,Travel,Unauthorised Transaction,Frustrated,Complete,2,Standard,Fraud Review,Resolved,2025-04-11T11:05:14,2025-04-18T16:44:34,120,2,0,3,4,Yes,Yes,Yes,Fraud Referral,0.00,197.92,24.27,Yes,Valid
PFXC-002443,TXN-0001072,2026-02-10T21:53:56,Mobile,Standard,2026-01-03T23:06:56,Wallet Payment,41.91,Utilities,Cash Withdrawal Dispute,Frustrated,Complete,4,High,Fraud Review,Resolved,2026-02-11T00:19:58,2026-02-18T05:52:06,72,2,0,3,5,Yes,Yes,Yes,Full Refund,41.91,175.97,2.43,Yes,Valid
PFXC-002444,TXN-0010742,2025-06-16T07:11:30,Email,Standard,2025-04-30T12:31:30,Direct Debit,111.67,Retail,Cash Withdrawal Dispute,Frustrated,Complete,3,Standard,Customer Service,Resolved,2025-06-17T06:58:12,2025-06-23T21:14:43,120,2,0,4,2,No,No,No,Full Refund,111.67,182.05,23.78,Yes,Valid
PFXC-002445,TXN-0012478,2026-02-28T09:07:41,Mobile,Standard,2026-02-22T05:53:41,Wallet Payment,50.71,Subscription,Failed Payment,Frustrated,Complete,4,Standard,Technical Support,Resolved,2026-03-01T11:29:24,2026-03-04T08:07:42,120,3,0,1,1,No,No,No,Full Refund,50.71,95.00,26.36,No,Valid
PFXC-002446,TXN-0008899,2026-03-28T20:34:28,Mobile,Assisted Digital,2026-03-04T00:34:28,Card Purchase,68.17,Subscription,Merchant Non-confirmation,Frustrated,Partial,2,Standard,Technical Support,Rejected,2026-03-29T15:53:03,2026-04-04T04:59:04,120,1,1,3,1,No,Yes,No,No Refund,0.00,152.41,19.31,Yes,Valid
PFXC-002447,TXN-0010624,2025-09-12T04:51:08,Email,Standard,2025-08-25T22:31:08,Card Purchase,141.47,Retail,Cash Withdrawal Dispute,Frustrated,Complete,4,High,Customer Service,Rejected,2025-09-12T15:16:37,2025-09-16T17:22:03,72,1,0,2,4,No,No,No,No Refund,0.00,108.52,10.42,Yes,Valid
PFXC-002448,TXN-0007204,2025-10-16T21:17:23,Mobile,Standard,2025-08-20T18:44:23,Card Purchase,29.78,Digital Services,Unauthorised Transaction,Frustrated,Complete,4,Standard,Customer Service,Awaiting Evidence,2025-10-17T11:45:14,,120,0,1,3,3,No,No,No,Pending,0.00,,14.46,No,Valid
PFXC-002449,TXN-0004620,2025-04-29T19:22:50,Web,Standard,2025-04-03T00:00:50,Direct Debit,309.07,Cash Withdrawal,Duplicate Debit,Neutral,Complete,2,Standard,Payment Operations,Resolved,2025-04-30T10:49:51,2025-05-01T17:46:55,120,1,1,2,1,No,No,No,Full Refund,309.07,46.40,15.45,No,Valid
PFXC-002450,TXN-0000096,2026-06-06T19:13:46,Call Centre,Standard,2026-04-10T08:18:46,Direct Debit,65.15,Other,Delayed Refund,Frustrated,Partial,2,Standard,Payment Operations,Resolved,2026-06-07T11:23:21,2026-06-11T21:45:07,120,1,1,2,3,No,Yes,No,Full Refund,65.15,122.52,16.16,Yes,Valid
PFXC-002451,TXN-0006795,2025-08-03T06:33:46,Email,Assisted Digital,2025-06-21T00:49:46,Bank Transfer,87.41,Retail,Unauthorised Transaction,Distressed,Partial,2,High,Customer Service,Rejected,2025-08-03T08:55:15,2025-08-10T13:19:05,72,1,1,3,4,No,Yes,Yes,No Refund,0.00,174.76,2.36,Yes,Valid
PFXC-002452,TXN-0008355,2025-09-14T21:04:20,Mobile,Standard,2025-08-02T21:58:20,Bank Transfer,148.40,Subscription,Subscription Dispute,Frustrated,Complete,2,Standard,Customer Service,Resolved,2025-09-15T16:58:52,2025-09-20T16:02:52,120,2,0,3,2,No,No,No,Partial Refund,39.60,138.98,19.91,Yes,Valid
PFXC-002453,TXN-0004074,2026-05-21T01:17:55,Mobile,Standard,2026-05-11T09:05:55,Card Purchase,426.52,Utilities,Cash Withdrawal Dispute,Neutral,Partial,2,High,Customer Service,Pending Customer,2026-05-21T08:26:36,,72,2,0,1,3,No,No,No,Pending,0.00,,7.14,No,Valid
PFXC-002454,TXN-0009980,2025-02-19T14:13:42,Mobile,Standard,2025-02-13T07:32:42,Wallet Payment,60.82,Digital Services,Unauthorised Transaction,Frustrated,Missing,0,High,Customer Service,Resolved,2025-02-20T00:58:11,2025-02-27T07:38:26,72,0,1,2,3,No,No,No,Full Refund,60.82,185.41,10.74,Yes,Valid
PFXC-002455,TXN-0005865,2026-05-02T17:17:08,Mobile,Vulnerable Support,2026-03-12T04:25:08,Direct Debit,74.15,Retail,Merchant Non-confirmation,Frustrated,Partial,2,Standard,Technical Support,Resolved,2026-05-03T11:27:44,2026-05-07T13:47:33,120,1,1,2,2,No,No,No,Full Refund,74.15,116.51,18.18,No,Valid
PFXC-002456,TXN-0009074,2025-09-07T11:41:09,Mobile,Standard,2025-09-05T07:29:09,Card Purchase,26.59,Travel,Other,Distressed,Partial,1,Standard,Customer Service,Resolved,2025-09-08T03:31:21,2025-09-14T01:47:41,120,1,1,3,3,No,Yes,No,Partial Refund,9.63,158.11,15.84,Yes,Valid
PFXC-002457,TXN-0000720,2025-01-26T02:15:55,Mobile,Standard,2025-01-12T12:05:55,Card Purchase,297.66,Digital Services,Unauthorised Transaction,Frustrated,Missing,0,High,Fraud Review,Awaiting Evidence,2025-01-26T05:39:17,,72,1,2,2,5,Yes,No,No,Pending,0.00,,3.39,No,Valid
PFXC-002458,TXN-0010631,2026-02-04T02:18:13,Call Centre,Standard,2025-12-08T05:40:13,Bank Transfer,13.26,Digital Services,Incorrect Amount,Frustrated,Missing,0,Standard,Payment Operations,Pending Approval,2026-02-04T23:51:10,,120,4,2,4,3,No,No,No,Pending,0.00,,21.55,No,Valid
PFXC-002459,TXN-0007589,2025-03-20T16:01:38,Mobile,Vulnerable Support,2025-03-15T10:05:38,Direct Debit,67.22,Retail,Duplicate Debit,Frustrated,Complete,4,High,Payment Operations,Cancelled,2025-03-21T01:45:38,2025-03-23T21:49:48,72,0,0,2,1,No,Yes,Yes,Duplicate Case,0.00,77.80,9.73,Yes,Valid
PFXC-002460,TXN-0000006,2025-12-05T19:11:05,Web,Standard,2025-11-17T08:42:05,Card Purchase,19.67,Retail,Failed Payment,Frustrated,Partial,2,Low,Technical Support,Pending Customer,2025-12-07T00:18:09,,168,2,1,1,2,No,No,No,Pending,0.00,,29.12,No,Valid
PFXC-002461,TXN-0004892,2026-03-11T19:06:05,Web,Standard,2026-02-16T22:40:05,Wallet Payment,172.62,Digital Services,Subscription Dispute,Distressed,Complete,4,Standard,Customer Service,Resolved,2026-03-12T15:10:22,2026-03-18T04:02:27,120,3,2,4,3,No,Yes,No,Full Refund,172.62,152.94,20.07,Yes,Valid
PFXC-002462,TXN-0008756,2025-04-23T05:36:17,Chat,Standard,2025-03-19T16:53:17,Card Purchase,385.98,Cash Withdrawal,Incorrect Amount,Positive,Partial,1,Low,Payment Operations,Resolved,2025-04-24T03:36:07,2025-04-25T08:14:45,168,0,0,0,3,No,No,No,Full Refund,385.98,50.64,22.00,No,Valid
PFXC-002463,TXN-0005049,2025-08-26T10:10:07,Web,Standard,2025-08-18T18:31:07,Bank Transfer,20.24,Digital Services,Unauthorised Transaction,Distressed,Partial,1,High,Fraud Review,Resolved,2025-08-26T21:42:56,2025-09-05T23:38:25,72,3,2,4,2,Yes,Yes,No,Fraud Referral,0.00,253.47,11.55,Yes,Valid
PFXC-002464,TXN-0005823,2025-05-17T06:03:49,Email,Standard,2025-03-26T03:47:49,Direct Debit,34.75,Retail,Merchant Non-confirmation,Frustrated,Complete,2,Standard,Fraud Review,Resolved,2025-05-18T01:44:18,2025-05-25T07:10:52,120,1,1,3,3,Yes,Yes,No,Full Refund,34.75,193.12,19.67,Yes,Valid
PFXC-002465,TXN-0010158,2025-12-03T10:49:23,Mobile,Standard,2025-11-08T21:09:23,Cash Withdrawal,218.10,Travel,Duplicate Debit,Neutral,Complete,2,Standard,Payment Operations,Cancelled,2025-12-04T10:03:22,2025-12-06T20:34:35,120,1,0,1,2,No,No,No,Duplicate Case,0.00,81.75,23.23,No,Valid
PFXC-002466,TXN-0009585,2025-06-14T00:45:02,Mobile,Vulnerable Support,2025-04-27T09:09:02,Bank Transfer,418.66,Digital Services,Subscription Dispute,Frustrated,Partial,2,Standard,Fraud Review,Resolved,2025-06-14T19:58:33,2025-06-23T10:02:40,120,4,0,4,4,Yes,Yes,No,Full Refund,418.66,225.29,19.23,Yes,Valid
PFXC-002467,TXN-0009964,2026-03-01T11:51:52,Mobile,Standard,2026-02-01T06:03:52,Card Purchase,73.79,Utilities,Unauthorised Transaction,Frustrated,Complete,3,Standard,Fraud Review,Resolved,2026-03-02T08:44:33,2026-03-10T06:19:11,120,3,1,4,2,Yes,Yes,Yes,Fraud Referral,0.00,210.46,20.88,Yes,Valid
PFXC-002468,TXN-0007721,2025-12-28T04:34:20,Web,Standard,2025-10-30T07:20:20,Card Purchase,43.94,Retail,Duplicate Debit,Neutral,Complete,3,Low,Payment Operations,Resolved,2025-12-29T12:32:19,2025-12-31T15:24:06,168,2,0,1,3,No,No,No,Full Refund,43.94,82.83,31.97,No,Valid
PFXC-002469,TXN-0007507,2026-01-20T00:41:14,Web,Standard,2025-12-28T02:00:14,Wallet Payment,276.97,Utilities,Subscription Dispute,Frustrated,Complete,3,Standard,Customer Service,Resolved,2026-01-20T12:45:49,2026-01-25T13:45:09,120,2,0,3,2,No,Yes,Yes,Full Refund,276.97,133.07,12.08,Yes,Valid
PFXC-002470,TXN-0005979,2025-07-07T14:09:21,Mobile,Standard,2025-06-16T13:43:21,Card Purchase,65.98,Utilities,Delayed Refund,Neutral,Complete,4,Low,Payment Operations,Pending Merchant,2025-07-08T19:53:47,,168,1,0,1,1,No,No,No,Pending,0.00,,29.74,No,Valid
PFXC-002471,TXN-0003439,2025-05-06T20:48:25,Chat,Standard,2025-05-04T14:40:25,Card Purchase,75.31,Retail,Failed Payment,Neutral,Complete,2,Standard,Technical Support,Resolved,2025-05-07T16:40:55,2025-05-10T00:15:10,120,2,0,0,2,No,No,No,Partial Refund,23.09,75.45,19.88,No,Valid
PFXC-002472,TXN-0011603,2025-04-26T16:18:14,Web,Standard,2025-04-22T12:20:14,Direct Debit,48.59,Other,Failed Payment,Frustrated,Partial,2,Standard,Technical Support,Rejected,2025-04-27T14:08:03,2025-05-02T04:56:53,120,1,1,3,5,No,Yes,No,No Refund,0.00,132.64,21.83,Yes,Valid
PFXC-002473,TXN-0005753,2025-02-03T09:13:52,Web,Standard,2024-12-10T04:51:52,Wallet Payment,23.78,Other,Unauthorised Transaction,Distressed,Missing,0,High,Fraud Review,Resolved,2025-02-03T16:45:53,2025-02-16T10:01:29,72,2,2,2,4,Yes,Yes,Yes,Partial Refund,11.62,312.79,7.53,Yes,Valid
PFXC-002474,TXN-0001268,2025-06-09T18:35:08,Mobile,Vulnerable Support,2025-05-10T20:02:08,Wallet Payment,76.32,Utilities,Duplicate Debit,Frustrated,Complete,3,High,Payment Operations,Awaiting Evidence,2025-06-10T04:06:07,,72,0,1,2,2,No,No,No,Pending,0.00,,9.52,No,Valid
PFXC-002475,TXN-0008685,2025-01-08T07:37:34,Email,Standard,2024-12-23T19:40:34,Card Purchase,41.18,Other,Failed Payment,Frustrated,Partial,1,Standard,Refund Approval,Resolved,2025-01-09T07:08:36,2025-01-15T23:02:08,120,2,2,4,5,No,Yes,No,Partial Refund,32.50,183.41,23.52,Yes,Valid
PFXC-002476,TXN-0005448,2026-04-26T12:40:54,Mobile,Standard,2026-03-31T05:05:54,Card Purchase,30.74,Digital Services,Subscription Dispute,Distressed,Missing,0,Standard,Refund Approval,Resolved,2026-04-27T04:18:16,2026-05-02T18:42:47,120,1,1,2,1,No,No,Yes,Partial Refund,17.52,150.03,15.62,Yes,Valid
PFXC-002477,TXN-0000340,2025-11-29T19:15:47,Call Centre,Standard,2025-10-21T10:06:47,Direct Debit,65.33,Subscription,Subscription Dispute,Frustrated,Missing,0,Standard,Customer Service,Cancelled,2025-11-30T14:20:26,2025-12-06T18:11:35,120,1,1,2,4,No,Yes,No,Customer Withdrawn,0.00,166.93,19.08,Yes,Valid
PFXC-002478,TXN-0006887,2026-05-09T07:53:23,Mobile,Standard,2026-04-07T06:29:23,Card Purchase,196.55,Retail,Merchant Non-confirmation,Frustrated,Partial,1,Low,Technical Support,Rejected,2026-05-10T12:50:12,2026-05-15T16:30:01,168,1,1,2,3,No,No,No,No Refund,0.00,152.61,28.95,No,Valid
PFXC-002479,TXN-0001097,2025-02-04T13:16:13,Mobile,Standard,2025-01-05T17:12:13,Card Purchase,34.57,Other,Delayed Refund,Positive,Complete,2,Standard,Payment Operations,Resolved,2025-02-05T04:04:12,2025-02-08T11:40:01,120,0,1,0,2,No,No,No,Full Refund,34.57,94.40,14.80,No,Valid
PFXC-002480,TXN-0001066,2026-06-03T01:05:40,Call Centre,Standard,2026-05-20T04:48:40,Card Purchase,69.07,Retail,Duplicate Debit,Neutral,Partial,2,Low,Payment Operations,Cancelled,2026-06-04T00:18:19,2026-06-06T21:05:40,168,1,1,1,1,No,No,No,Duplicate Case,0.00,92.00,23.21,No,Valid
PFXC-002481,TXN-0007659,2025-11-14T05:06:06,Mobile,Standard,2025-10-19T12:15:06,Wallet Payment,10.12,Other,Other,Neutral,Complete,4,Standard,Customer Service,In Triage,2025-11-14T17:17:45,,120,0,0,2,3,No,No,No,Pending,0.00,,12.19,No,Valid
PFXC-002482,TXN-0001884,2026-05-22T03:10:03,Web,Standard,2026-04-26T23:04:03,Card Purchase,56.18,Digital Services,Duplicate Debit,Frustrated,Partial,2,Standard,Refund Approval,Resolved,2026-05-23T07:16:23,2026-05-28T13:55:59,120,2,2,6,5,No,No,No,Full Refund,56.18,154.77,28.11,Yes,Valid
PFXC-002483,TXN-0009544,2025-03-11T07:32:34,Web,Standard,2025-02-05T08:34:34,Bank Transfer,14.31,Subscription,Other,Neutral,Partial,1,Standard,Customer Service,Cancelled,2025-03-11T23:58:46,2025-03-16T22:30:10,120,1,0,0,3,No,No,Yes,Customer Withdrawn,0.00,134.96,16.44,Yes,Valid
PFXC-002484,TXN-0001153,2025-09-07T11:42:56,Email,Standard,2025-07-13T13:24:56,Card Purchase,16.43,Cash Withdrawal,Delayed Refund,Neutral,Partial,1,Standard,Payment Operations,Resolved,2025-09-08T04:58:09,2025-09-11T13:04:10,120,0,0,0,2,No,No,No,Full Refund,16.43,97.35,17.25,No,Valid
PFXC-002485,TXN-0005890,2026-01-28T03:53:15,Web,Standard,2025-12-30T12:06:15,Cash Withdrawal,155.96,Retail,Cash Withdrawal Dispute,Frustrated,Complete,2,High,Refund Approval,Resolved,2026-01-28T11:00:11,2026-02-02T23:20:30,72,2,1,4,3,No,No,Yes,Partial Refund,94.04,139.45,7.12,Yes,Valid
PFXC-002486,TXN-0006320,2025-08-08T15:54:23,Mobile,Standard,2025-07-24T06:25:23,Card Purchase,191.05,Retail,Delayed Refund,Positive,Complete,3,Standard,Payment Operations,Resolved,2025-08-09T09:48:35,2025-08-12T07:32:28,120,0,0,1,2,No,Yes,No,Full Refund,191.05,87.63,17.90,No,Valid
PFXC-002487,TXN-0001405,2026-03-04T02:57:27,Chat,Assisted Digital,2026-02-01T08:55:27,Direct Debit,1174.95,Utilities,Delayed Refund,Frustrated,Missing,0,High,Fraud Review,Rejected,2026-03-04T18:51:25,2026-03-13T00:35:22,72,2,0,2,2,Yes,Yes,Yes,No Refund,0.00,213.63,15.90,Yes,Valid
PFXC-002488,TXN-0011140,2026-05-19T18:19:05,Chat,Standard,2026-05-02T15:19:05,Direct Debit,99.55,Retail,Delayed Refund,Positive,Complete,2,Standard,Payment Operations,Awaiting Evidence,2026-05-20T15:03:29,,120,1,0,1,1,No,No,No,Pending,0.00,,20.74,No,Valid
PFXC-002489,TXN-0001331,2025-02-14T10:32:34,Call Centre,Assisted Digital,2025-01-10T17:37:34,Direct Debit,106.45,Retail,Merchant Non-confirmation,Distressed,Missing,0,Standard,Refund Approval,Resolved,2025-02-15T01:33:55,2025-02-23T20:19:51,120,2,2,4,3,No,Yes,No,Full Refund,106.45,225.79,15.02,Yes,Valid
PFXC-002490,TXN-0010204,2026-03-25T17:20:50,Call Centre,Standard,2026-02-24T00:14:50,Cash Withdrawal,62.94,Cash Withdrawal,Merchant Non-confirmation,Neutral,Complete,4,Low,Technical Support,Resolved,2026-03-27T01:58:26,2026-03-29T21:03:33,168,1,0,1,2,No,No,No,Full Refund,62.94,99.71,32.63,No,Valid
PFXC-002491,TXN-0004021,2025-09-06T10:34:14,Mobile,Assisted Digital,2025-08-19T23:48:14,Direct Debit,142.44,Cash Withdrawal,Incorrect Amount,Neutral,Complete,4,Low,Payment Operations,In Investigation,2025-09-07T09:32:26,,168,2,0,0,2,No,No,No,Pending,0.00,,22.97,No,Valid
PFXC-002492,TXN-0002320,2026-01-04T04:57:17,Web,Standard,2025-12-03T05:31:17,Direct Debit,6.57,Retail,Other,Frustrated,Complete,4,Standard,Fraud Review,Cancelled,2026-01-04T20:47:02,2026-01-12T03:48:32,120,4,1,3,3,Yes,No,Yes,Customer Withdrawn,0.00,190.85,15.83,Yes,Valid
PFXC-002493,TXN-0012098,2026-05-05T09:17:29,Call Centre,Standard,2026-03-27T09:37:29,Wallet Payment,147.92,Cash Withdrawal,Cash Withdrawal Dispute,Frustrated,Complete,2,Standard,Customer Service,Resolved,2026-05-06T03:29:32,2026-05-11T06:38:44,120,2,1,3,4,No,Yes,No,Partial Refund,88.16,141.35,18.20,Yes,Valid
PFXC-002494,TXN-0008592,2025-11-03T21:14:41,Chat,Standard,2025-10-27T05:42:41,Cash Withdrawal,285.91,Retail,Cash Withdrawal Dispute,Frustrated,Complete,3,High,Complaints,Rejected,2025-11-03T21:29:41,2025-11-09T18:18:55,72,2,0,3,2,No,No,Yes,No Refund,0.00,141.07,0.25,Yes,Valid
PFXC-002495,TXN-0006183,2025-09-03T11:11:53,Web,Standard,2025-07-15T03:13:53,Card Purchase,164.07,Retail,Subscription Dispute,Neutral,Partial,1,Standard,Customer Service,Rejected,2025-09-04T15:46:38,2025-09-07T21:58:19,120,1,0,0,2,No,No,No,No Refund,0.00,106.77,28.58,No,Valid
PFXC-002496,TXN-0010281,2025-10-12T23:29:39,Web,Standard,2025-09-28T17:19:39,Card Purchase,117.14,Digital Services,Delayed Refund,Positive,Complete,3,Low,Payment Operations,Resolved,2025-10-14T02:46:16,2025-10-17T08:13:17,168,1,0,1,4,No,No,No,Full Refund,117.14,104.73,27.28,No,Valid
PFXC-002497,TXN-0008139,2025-02-03T20:10:42,Call Centre,Standard,2025-01-15T14:50:42,Card Purchase,14.99,Retail,Incorrect Amount,Frustrated,Complete,3,Standard,Payment Operations,Resolved,2025-02-04T16:23:11,2025-02-10T17:06:15,120,3,1,5,3,No,No,Yes,Full Refund,14.99,164.93,20.21,Yes,Valid
PFXC-002498,TXN-0009848,2026-04-19T21:24:15,Web,Standard,2026-04-17T18:28:15,Card Purchase,21.18,Subscription,Unauthorised Transaction,Frustrated,Complete,2,High,Fraud Review,Resolved,2026-04-20T06:08:42,2026-04-27T07:52:44,72,5,0,4,4,Yes,No,Yes,Full Refund,21.18,178.47,8.74,Yes,Valid
PFXC-002499,TXN-0012387,2025-02-09T05:46:50,Call Centre,Standard,2025-01-11T23:32:50,Card Purchase,30.32,Retail,Unauthorised Transaction,Positive,Complete,3,Standard,Customer Service,Rejected,2025-02-10T01:24:26,2025-02-13T09:21:50,120,1,1,1,3,No,No,No,No Refund,0.00,99.58,19.63,No,Valid
PFXC-002500,TXN-0003054,2025-11-09T12:40:45,Web,Assisted Digital,2025-10-29T17:05:45,Card Purchase,196.20,Utilities,Other,Neutral,Complete,3,Standard,Customer Service,In Investigation,2025-11-10T05:57:56,,120,0,0,1,2,No,No,No,Pending,0.00,,17.29,No,Valid
